[2026-09-23 23:09:58:713] INFO No private key provided, auto-generating one for block signing
[2026-09-23 23:09:58:713] INFO 🥷  Madara Node
[2026-09-23 23:09:58:713] INFO 💁 Support URL: https://github.com/madara-alliance/madara/issues
[2026-09-23 23:09:58:713] INFO 🏷  Node Name: MadaraAlphaDrone4
[2026-09-23 23:09:58:713] INFO 👤 Role: Full Node
[2026-09-23 23:09:58:713] INFO 🌐 Network: Madara (chain id `convoy_alpha`)
[2026-09-23 23:09:58:719] INFO 💻 Operating system: Linux 12 Debian GNU/Linux
[2026-09-23 23:09:58:719] INFO 💻 CPU architecture: x86_64
[2026-09-23 23:09:58:719] INFO 💻 CPU: Intel(R) Core(TM) Ultra 9 285H
[2026-09-23 23:09:58:719] INFO 💻 CPU cores: 16
[2026-09-23 23:09:58:719] INFO 💻 Memory: 24032MiB
[2026-09-23 23:09:58:719] INFO 💻 Kernel: 6.6.87.2-microsoft-standard-WSL2
[2026-09-23 23:09:58:719] INFO Cairo native disabled - all contracts will use Cairo VM
[2026-09-23 23:09:58:720] INFO 💾 Opening database at: /madara_db
[2026-09-23 23:09:58:720] INFO 💾  Preconfirmed blocks will be saved to database
[2026-09-23 23:09:58:720] INFO 📦 Creating new database at version 8
[2026-09-23 23:09:58:935] INFO 📝 Database write mode: WAL enabled, fsync disabled (recommended)
[2026-09-23 23:09:58:935] INFO 💼 Starting chain with block: empty state
[2026-09-23 23:09:58:982] INFO 📱 Running JSON-RPC server at http://0.0.0.0:9944/rpc/v0.9.0/ (allowed origins=["*"], supported versions=["/rpc/v0.7.1/", "/rpc/v0.8.1/", "/rpc/v0.9.0/"])
[2026-09-23 23:09:59:039] INFO 🌐 Initializing sync from gateway
[2026-09-23 23:09:59:039] INFO 📊 Database head status: latest_full_block=0, starting sync from block #0
[2026-09-23 23:09:59:043] WARN mc_gateway_client::methods Failed to get with StarknetError(StarknetError { code: BlockNotFound, message: "Pre-confirmed block with number 0 was not found. Current pre-confirmed block number is 1." }), retrying
[2026-09-23 23:09:59:243] WARN mc_gateway_client::methods Failed to get with StarknetError(StarknetError { code: BlockNotFound, message: "Pre-confirmed block with number 1 was not found. Current pre-confirmed block number is 2." }), retrying
[2026-09-23 23:09:59:345] WARN mc_gateway_client::methods Failed to get with StarknetError(StarknetError { code: BlockNotFound, message: "Pre-confirmed block with number 1 was not found. Current pre-confirmed block number is 2." }), retrying
[2026-09-23 23:09:59:547] WARN mc_gateway_client::methods Failed to get with StarknetError(StarknetError { code: BlockNotFound, message: "Pre-confirmed block with number 1 was not found. Current pre-confirmed block number is 2." }), retrying
[2026-09-23 23:09:59:950] WARN mc_gateway_client::methods Failed to get with StarknetError(StarknetError { code: BlockNotFound, message: "Pre-confirmed block with number 1 was not found. Current pre-confirmed block number is 2." }), retrying
[2026-09-23 23:10:02:041] INFO 📥 Blocks: 1 [0] | Classes: 1 [0] | State: 1 [0]
[2026-09-23 23:10:02:041] INFO 🔗 Sync is at 1/1 [0.67 blocks/s]
[2026-09-23 23:10:05:041] INFO 📥 Blocks: 1 [0] | Classes: 1 [0] | State: 1 [0]
[2026-09-23 23:10:05:042] INFO 🔗 Sync is at 1/1 [0.33 blocks/s]
[2026-09-23 23:10:05:066] WARN mc_gateway_client::methods Failed to get with StarknetError(StarknetError { code: BlockNotFound, message: "Pre-confirmed block with number 2 was not found. Current pre-confirmed block number is 3." }), retrying
[2026-09-23 23:10:05:167] WARN mc_gateway_client::methods Failed to get with StarknetError(StarknetError { code: BlockNotFound, message: "Pre-confirmed block with number 2 was not found. Current pre-confirmed block number is 3." }), retrying
[2026-09-23 23:10:05:368] WARN mc_gateway_client::methods Failed to get with StarknetError(StarknetError { code: BlockNotFound, message: "Pre-confirmed block with number 2 was not found. Current pre-confirmed block number is 3." }), retrying
[2026-09-23 23:10:05:771] WARN mc_gateway_client::methods Failed to get with StarknetError(StarknetError { code: BlockNotFound, message: "Pre-confirmed block with number 2 was not found. Current pre-confirmed block number is 3." }), retrying
[2026-09-23 23:10:08:041] INFO 📥 Blocks: 2 [0] | Classes: 2 [0] | State: 2 [0]
[2026-09-23 23:10:08:041] INFO 🔗 Sync is at 2/2 [0.33 blocks/s]
[2026-09-23 23:10:11:041] INFO 📥 Blocks: 2 [0] | Classes: 2 [0] | State: 2 [0]
[2026-09-23 23:10:11:041] INFO 🔗 Sync is at 2/2 [0.25 blocks/s]
[2026-09-23 23:10:14:040] INFO 📥 Blocks: 3 [0] | Classes: 3 [0] | State: 3 [0]
[2026-09-23 23:10:14:041] INFO 🔗 Sync is at 3/3 [0.27 blocks/s]
[2026-09-23 23:10:17:040] INFO 📥 Blocks: 3 [0] | Classes: 3 [0] | State: 3 [0]
[2026-09-23 23:10:17:041] INFO 🔗 Sync is at 3/3 [0.22 blocks/s]
[2026-09-23 23:10:20:041] INFO 📥 Blocks: 4 [0] | Classes: 4 [0] | State: 4 [0]
[2026-09-23 23:10:20:041] INFO 🔗 Sync is at 4/4 [0.24 blocks/s]
[2026-09-23 23:10:23:041] INFO 📥 Blocks: 4 [0] | Classes: 4 [0] | State: 4 [0]
[2026-09-23 23:10:23:041] INFO 🔗 Sync is at 4/4 [0.21 blocks/s]
[2026-09-23 23:10:26:041] INFO 📥 Blocks: 5 [0] | Classes: 5 [0] | State: 5 [0]
[2026-09-23 23:10:26:041] INFO 🔗 Sync is at 5/5 [0.22 blocks/s]
[2026-09-23 23:10:29:059] INFO 📥 Blocks: 5 [0] | Classes: 5 [0] | State: 5 [0]
[2026-09-23 23:10:29:059] INFO 🔗 Sync is at 5/5 [0.20 blocks/s]
[2026-09-23 23:10:32:059] INFO 📥 Blocks: 6 [0] | Classes: 6 [0] | State: 6 [0]
[2026-09-23 23:10:32:059] INFO 🔗 Sync is at 6/6 [0.21 blocks/s]
[2026-09-23 23:10:35:059] INFO 📥 Blocks: 6 [0] | Classes: 6 [0] | State: 6 [0]
[2026-09-23 23:10:35:059] INFO 🔗 Sync is at 6/6 [0.19 blocks/s]
[2026-09-23 23:10:38:059] INFO 📥 Blocks: 7 [0] | Classes: 7 [0] | State: 7 [0]
[2026-09-23 23:10:38:060] INFO 🔗 Sync is at 7/7 [0.21 blocks/s]
[2026-09-23 23:10:41:059] INFO 📥 Blocks: 7 [0] | Classes: 7 [0] | State: 7 [0]
[2026-09-23 23:10:41:059] INFO 🔗 Sync is at 7/7 [0.19 blocks/s]
[2026-09-23 23:10:44:059] INFO 📥 Blocks: 8 [0] | Classes: 8 [0] | State: 8 [0]
[2026-09-23 23:10:44:060] INFO 🔗 Sync is at 8/8 [0.20 blocks/s]
[2026-09-23 23:10:47:059] INFO 📥 Blocks: 8 [0] | Classes: 8 [0] | State: 8 [0]
[2026-09-23 23:10:47:059] INFO 🔗 Sync is at 8/8 [0.19 blocks/s]
[2026-09-23 23:10:50:059] INFO 📥 Blocks: 9 [0] | Classes: 9 [0] | State: 9 [0]
[2026-09-23 23:10:50:059] INFO 🔗 Sync is at 9/9 [0.20 blocks/s]
[2026-09-23 23:10:53:059] INFO 📥 Blocks: 9 [0] | Classes: 9 [0] | State: 9 [0]
[2026-09-23 23:10:53:059] INFO 🔗 Sync is at 9/9 [0.19 blocks/s]
[2026-09-23 23:10:56:059] INFO 📥 Blocks: 10 [0] | Classes: 10 [0] | State: 10 [0]
[2026-09-23 23:10:56:059] INFO 🔗 Sync is at 10/10 [0.19 blocks/s]
[2026-09-23 23:10:59:079] INFO 📥 Blocks: 10 [0] | Classes: 10 [0] | State: 10 [0]
[2026-09-23 23:10:59:079] INFO 🔗 Sync is at 10/10 [0.18 blocks/s]
[2026-09-23 23:11:02:078] INFO 📥 Blocks: 11 [0] | Classes: 11 [0] | State: 11 [0]
[2026-09-23 23:11:02:078] INFO 🔗 Sync is at 11/11 [0.19 blocks/s]
[2026-09-23 23:11:05:078] INFO 📥 Blocks: 11 [0] | Classes: 11 [0] | State: 11 [0]
[2026-09-23 23:11:05:078] INFO 🔗 Sync is at 11/11 [0.18 blocks/s]
[2026-09-23 23:11:08:078] INFO 📥 Blocks: 12 [0] | Classes: 12 [0] | State: 12 [0]
[2026-09-23 23:11:08:079] INFO 🔗 Sync is at 12/12 [0.19 blocks/s]
[2026-09-23 23:11:11:078] INFO 📥 Blocks: 12 [0] | Classes: 12 [0] | State: 12 [0]
[2026-09-23 23:11:11:078] INFO 🔗 Sync is at 12/12 [0.18 blocks/s]
[2026-09-23 23:11:14:079] INFO 📥 Blocks: 13 [0] | Classes: 13 [0] | State: 13 [0]
[2026-09-23 23:11:14:079] INFO 🔗 Sync is at 13/13 [0.19 blocks/s]
[2026-09-23 23:11:17:079] INFO 📥 Blocks: 13 [0] | Classes: 13 [0] | State: 13 [0]
[2026-09-23 23:11:17:079] INFO 🔗 Sync is at 13/13 [0.18 blocks/s]
[2026-09-23 23:11:20:078] INFO 📥 Blocks: 14 [0] | Classes: 14 [0] | State: 14 [0]
[2026-09-23 23:11:20:078] INFO 🔗 Sync is at 14/14 [0.19 blocks/s]
[2026-09-23 23:11:23:079] INFO 📥 Blocks: 14 [0] | Classes: 14 [0] | State: 14 [0]
[2026-09-23 23:11:23:079] INFO 🔗 Sync is at 14/14 [0.18 blocks/s]
[2026-09-23 23:11:26:079] INFO 📥 Blocks: 15 [0] | Classes: 15 [0] | State: 15 [0]
[2026-09-23 23:11:26:079] INFO 🔗 Sync is at 15/15 [0.18 blocks/s]
[2026-09-23 23:11:29:095] INFO 📥 Blocks: 15 [0] | Classes: 15 [0] | State: 15 [0]
[2026-09-23 23:11:29:095] INFO 🔗 Sync is at 15/15 [0.18 blocks/s]
[2026-09-23 23:11:32:095] INFO 📥 Blocks: 16 [0] | Classes: 16 [0] | State: 16 [0]
[2026-09-23 23:11:32:095] INFO 🔗 Sync is at 16/16 [0.18 blocks/s]
[2026-09-23 23:11:35:094] INFO 📥 Blocks: 16 [0] | Classes: 16 [0] | State: 16 [0]
[2026-09-23 23:11:35:094] INFO 🔗 Sync is at 16/16 [0.18 blocks/s]
[2026-09-23 23:11:38:095] INFO 📥 Blocks: 17 [0] | Classes: 17 [0] | State: 17 [0]
[2026-09-23 23:11:38:095] INFO 🔗 Sync is at 17/17 [0.18 blocks/s]
[2026-09-23 23:11:41:094] INFO 📥 Blocks: 17 [0] | Classes: 17 [0] | State: 17 [0]
[2026-09-23 23:11:41:094] INFO 🔗 Sync is at 17/17 [0.18 blocks/s]
[2026-09-23 23:11:44:095] INFO 📥 Blocks: 18 [0] | Classes: 18 [0] | State: 18 [0]
[2026-09-23 23:11:44:095] INFO 🔗 Sync is at 18/18 [0.18 blocks/s]
[2026-09-23 23:11:47:094] INFO 📥 Blocks: 18 [0] | Classes: 18 [0] | State: 18 [0]
[2026-09-23 23:11:47:094] INFO 🔗 Sync is at 18/18 [0.18 blocks/s]
[2026-09-23 23:11:50:094] INFO 📥 Blocks: 19 [0] | Classes: 19 [0] | State: 19 [0]
[2026-09-23 23:11:50:094] INFO 🔗 Sync is at 19/19 [0.18 blocks/s]
[2026-09-23 23:11:53:095] INFO 📥 Blocks: 19 [0] | Classes: 19 [0] | State: 19 [0]
[2026-09-23 23:11:53:095] INFO 🔗 Sync is at 19/19 [0.18 blocks/s]
[2026-09-23 23:11:56:094] INFO 📥 Blocks: 20 [0] | Classes: 20 [0] | State: 20 [0]
[2026-09-23 23:11:56:094] INFO 🔗 Sync is at 20/20 [0.18 blocks/s]
[2026-09-23 23:11:59:108] INFO 📥 Blocks: 20 [0] | Classes: 20 [0] | State: 20 [0]
[2026-09-23 23:11:59:108] INFO 🔗 Sync is at 20/20 [0.17 blocks/s]
[2026-09-23 23:12:02:108] INFO 📥 Blocks: 21 [0] | Classes: 21 [0] | State: 21 [0]
[2026-09-23 23:12:02:108] INFO 🔗 Sync is at 21/21 [0.18 blocks/s]
[2026-09-23 23:12:05:108] INFO 📥 Blocks: 21 [0] | Classes: 21 [0] | State: 21 [0]
[2026-09-23 23:12:05:108] INFO 🔗 Sync is at 21/21 [0.17 blocks/s]
[2026-09-23 23:12:08:108] INFO 📥 Blocks: 22 [0] | Classes: 22 [0] | State: 22 [0]
[2026-09-23 23:12:08:108] INFO 🔗 Sync is at 22/22 [0.18 blocks/s]
[2026-09-23 23:12:11:108] INFO 📥 Blocks: 22 [0] | Classes: 22 [0] | State: 22 [0]
[2026-09-23 23:12:11:108] INFO 🔗 Sync is at 22/22 [0.17 blocks/s]
[2026-09-23 23:12:14:108] INFO 📥 Blocks: 23 [0] | Classes: 23 [0] | State: 23 [0]
[2026-09-23 23:12:14:108] INFO 🔗 Sync is at 23/23 [0.18 blocks/s]
[2026-09-23 23:12:17:108] INFO 📥 Blocks: 23 [0] | Classes: 23 [0] | State: 23 [0]
[2026-09-23 23:12:17:108] INFO 🔗 Sync is at 23/23 [0.17 blocks/s]
[2026-09-23 23:12:20:108] INFO 📥 Blocks: 24 [0] | Classes: 24 [0] | State: 24 [0]
[2026-09-23 23:12:20:108] INFO 🔗 Sync is at 24/24 [0.18 blocks/s]
[2026-09-23 23:12:23:108] INFO 📥 Blocks: 24 [0] | Classes: 24 [0] | State: 24 [0]
[2026-09-23 23:12:23:108] INFO 🔗 Sync is at 24/24 [0.17 blocks/s]
[2026-09-23 23:12:26:108] INFO 📥 Blocks: 25 [0] | Classes: 25 [0] | State: 25 [0]
[2026-09-23 23:12:26:108] INFO 🔗 Sync is at 25/25 [0.18 blocks/s]
[2026-09-23 23:12:29:125] INFO 📥 Blocks: 25 [0] | Classes: 25 [0] | State: 25 [0]
[2026-09-23 23:12:29:125] INFO 🔗 Sync is at 25/25 [0.17 blocks/s]
[2026-09-23 23:12:32:126] INFO 📥 Blocks: 26 [0] | Classes: 26 [0] | State: 26 [0]
[2026-09-23 23:12:32:126] INFO 🔗 Sync is at 26/26 [0.18 blocks/s]
[2026-09-23 23:12:35:126] INFO 📥 Blocks: 26 [0] | Classes: 26 [0] | State: 26 [0]
[2026-09-23 23:12:35:126] INFO 🔗 Sync is at 26/26 [0.17 blocks/s]
[2026-09-23 23:12:38:126] INFO 📥 Blocks: 27 [0] | Classes: 27 [0] | State: 27 [0]
[2026-09-23 23:12:38:126] INFO 🔗 Sync is at 27/27 [0.18 blocks/s]
[2026-09-23 23:12:41:125] INFO 📥 Blocks: 27 [0] | Classes: 27 [0] | State: 27 [0]
[2026-09-23 23:12:41:125] INFO 🔗 Sync is at 27/27 [0.17 blocks/s]
[2026-09-23 23:12:41:188] WARN mc_gateway_client::methods Failed to get with StarknetError(StarknetError { code: BlockNotFound, message: "Pre-confirmed block with number 28 was not found. Current pre-confirmed block number is 29." }), retrying
[2026-09-23 23:12:41:289] WARN mc_gateway_client::methods Failed to get with StarknetError(StarknetError { code: BlockNotFound, message: "Pre-confirmed block with number 28 was not found. Current pre-confirmed block number is 29." }), retrying
[2026-09-23 23:12:44:125] INFO 📥 Blocks: 28 [0] | Classes: 28 [0] | State: 28 [0]
[2026-09-23 23:12:44:125] INFO 🔗 Sync is at 28/28 [0.18 blocks/s]
[2026-09-23 23:12:47:126] INFO 📥 Blocks: 28 [0] | Classes: 28 [0] | State: 28 [0]
[2026-09-23 23:12:47:126] INFO 🔗 Sync is at 28/28 [0.17 blocks/s]
[2026-09-23 23:12:50:126] INFO 📥 Blocks: 29 [0] | Classes: 29 [0] | State: 29 [0]
[2026-09-23 23:12:50:126] INFO 🔗 Sync is at 29/29 [0.18 blocks/s]
[2026-09-23 23:12:53:125] INFO 📥 Blocks: 29 [0] | Classes: 29 [0] | State: 29 [0]
[2026-09-23 23:12:53:125] INFO 🔗 Sync is at 29/29 [0.17 blocks/s]
[2026-09-23 23:12:56:126] INFO 📥 Blocks: 30 [0] | Classes: 30 [0] | State: 30 [0]
[2026-09-23 23:12:56:126] INFO 🔗 Sync is at 30/30 [0.18 blocks/s]
[2026-09-23 23:12:59:147] INFO 📥 Blocks: 30 [0] | Classes: 30 [0] | State: 30 [0]
[2026-09-23 23:12:59:147] INFO 🔗 Sync is at 30/30 [0.17 blocks/s]
[2026-09-23 23:13:02:147] INFO 📥 Blocks: 31 [0] | Classes: 31 [0] | State: 31 [0]
[2026-09-23 23:13:02:147] INFO 🔗 Sync is at 31/31 [0.17 blocks/s]
[2026-09-23 23:13:05:147] INFO 📥 Blocks: 31 [0] | Classes: 31 [0] | State: 31 [0]
[2026-09-23 23:13:05:147] INFO 🔗 Sync is at 31/31 [0.17 blocks/s]
[2026-09-23 23:13:08:146] INFO 📥 Blocks: 32 [0] | Classes: 32 [0] | State: 32 [0]
[2026-09-23 23:13:08:146] INFO 🔗 Sync is at 32/32 [0.17 blocks/s]
[2026-09-23 23:13:11:147] INFO 📥 Blocks: 32 [0] | Classes: 32 [0] | State: 32 [0]
[2026-09-23 23:13:11:147] INFO 🔗 Sync is at 32/32 [0.17 blocks/s]
[2026-09-23 23:13:14:147] INFO 📥 Blocks: 33 [0] | Classes: 33 [0] | State: 33 [0]
[2026-09-23 23:13:14:147] INFO 🔗 Sync is at 33/33 [0.17 blocks/s]
[2026-09-23 23:13:17:147] INFO 📥 Blocks: 33 [0] | Classes: 33 [0] | State: 33 [0]
[2026-09-23 23:13:17:147] INFO 🔗 Sync is at 33/33 [0.17 blocks/s]
[2026-09-23 23:13:20:147] INFO 📥 Blocks: 34 [0] | Classes: 34 [0] | State: 34 [0]
[2026-09-23 23:13:20:147] INFO 🔗 Sync is at 34/34 [0.17 blocks/s]
[2026-09-23 23:13:23:146] INFO 📥 Blocks: 34 [0] | Classes: 34 [0] | State: 34 [0]
[2026-09-23 23:13:23:146] INFO 🔗 Sync is at 34/34 [0.17 blocks/s]
[2026-09-23 23:13:26:147] INFO 📥 Blocks: 35 [0] | Classes: 35 [0] | State: 35 [0]
[2026-09-23 23:13:26:147] INFO 🔗 Sync is at 35/35 [0.17 blocks/s]
[2026-09-23 23:13:29:160] INFO 📥 Blocks: 35 [0] | Classes: 35 [0] | State: 35 [0]
[2026-09-23 23:13:29:160] INFO 🔗 Sync is at 35/35 [0.17 blocks/s]
[2026-09-23 23:13:32:160] INFO 📥 Blocks: 36 [0] | Classes: 36 [0] | State: 36 [0]
[2026-09-23 23:13:32:160] INFO 🔗 Sync is at 36/36 [0.17 blocks/s]
[2026-09-23 23:13:35:160] INFO 📥 Blocks: 36 [0] | Classes: 36 [0] | State: 36 [0]
[2026-09-23 23:13:35:160] INFO 🔗 Sync is at 36/36 [0.17 blocks/s]
[2026-09-23 23:13:38:160] INFO 📥 Blocks: 37 [0] | Classes: 37 [0] | State: 37 [0]
[2026-09-23 23:13:38:160] INFO 🔗 Sync is at 37/37 [0.17 blocks/s]
[2026-09-23 23:13:41:160] INFO 📥 Blocks: 37 [0] | Classes: 37 [0] | State: 37 [0]
[2026-09-23 23:13:41:160] INFO 🔗 Sync is at 37/37 [0.17 blocks/s]
[2026-09-23 23:13:44:160] INFO 📥 Blocks: 38 [0] | Classes: 38 [0] | State: 38 [0]
[2026-09-23 23:13:44:160] INFO 🔗 Sync is at 38/38 [0.17 blocks/s]
[2026-09-23 23:13:47:160] INFO 📥 Blocks: 38 [0] | Classes: 38 [0] | State: 38 [0]
[2026-09-23 23:13:47:160] INFO 🔗 Sync is at 38/38 [0.17 blocks/s]
[2026-09-23 23:13:50:160] INFO 📥 Blocks: 39 [0] | Classes: 39 [0] | State: 39 [0]
[2026-09-23 23:13:50:160] INFO 🔗 Sync is at 39/39 [0.17 blocks/s]
[2026-09-23 23:13:53:160] INFO 📥 Blocks: 39 [0] | Classes: 39 [0] | State: 39 [0]
[2026-09-23 23:13:53:160] INFO 🔗 Sync is at 39/39 [0.17 blocks/s]
[2026-09-23 23:13:56:161] INFO 📥 Blocks: 40 [0] | Classes: 40 [0] | State: 40 [0]
[2026-09-23 23:13:56:161] INFO 🔗 Sync is at 40/40 [0.17 blocks/s]
[2026-09-23 23:13:59:175] INFO 📥 Blocks: 40 [0] | Classes: 40 [0] | State: 40 [0]
[2026-09-23 23:13:59:175] INFO 🔗 Sync is at 40/40 [0.17 blocks/s]
[2026-09-23 23:14:02:175] INFO 📥 Blocks: 41 [0] | Classes: 41 [0] | State: 41 [0]
[2026-09-23 23:14:02:175] INFO 🔗 Sync is at 41/41 [0.17 blocks/s]
[2026-09-23 23:14:05:175] INFO 📥 Blocks: 41 [0] | Classes: 41 [0] | State: 41 [0]
[2026-09-23 23:14:05:175] INFO 🔗 Sync is at 41/41 [0.17 blocks/s]
[2026-09-23 23:14:08:175] INFO 📥 Blocks: 42 [0] | Classes: 42 [0] | State: 42 [0]
[2026-09-23 23:14:08:175] INFO 🔗 Sync is at 42/42 [0.17 blocks/s]
[2026-09-23 23:14:11:175] INFO 📥 Blocks: 42 [0] | Classes: 42 [0] | State: 42 [0]
[2026-09-23 23:14:11:175] INFO 🔗 Sync is at 42/42 [0.17 blocks/s]
[2026-09-23 23:14:11:257] WARN mc_gateway_client::methods Failed to get with StarknetError(StarknetError { code: BlockNotFound, message: "Pre-confirmed block with number 43 was not found. Current pre-confirmed block number is 44." }), retrying
[2026-09-23 23:14:11:358] WARN mc_gateway_client::methods Failed to get with StarknetError(StarknetError { code: BlockNotFound, message: "Pre-confirmed block with number 43 was not found. Current pre-confirmed block number is 44." }), retrying
[2026-09-23 23:14:11:559] WARN mc_gateway_client::methods Failed to get with StarknetError(StarknetError { code: BlockNotFound, message: "Pre-confirmed block with number 43 was not found. Current pre-confirmed block number is 44." }), retrying
[2026-09-23 23:14:14:176] INFO 📥 Blocks: 43 [0] | Classes: 43 [0] | State: 43 [0]
[2026-09-23 23:14:14:176] INFO 🔗 Sync is at 43/43 [0.17 blocks/s]
[2026-09-23 23:14:17:175] INFO 📥 Blocks: 43 [0] | Classes: 43 [0] | State: 43 [0]
[2026-09-23 23:14:17:175] INFO 🔗 Sync is at 43/43 [0.17 blocks/s]
[2026-09-23 23:14:20:175] INFO 📥 Blocks: 44 [0] | Classes: 44 [0] | State: 44 [0]
[2026-09-23 23:14:20:175] INFO 🔗 Sync is at 44/44 [0.17 blocks/s]
[2026-09-23 23:14:23:175] INFO 📥 Blocks: 44 [0] | Classes: 44 [0] | State: 44 [0]
[2026-09-23 23:14:23:176] INFO 🔗 Sync is at 44/44 [0.17 blocks/s]
[2026-09-23 23:14:26:175] INFO 📥 Blocks: 45 [0] | Classes: 45 [0] | State: 45 [0]
[2026-09-23 23:14:26:175] INFO 🔗 Sync is at 45/45 [0.17 blocks/s]
[2026-09-23 23:14:29:193] INFO 📥 Blocks: 45 [0] | Classes: 45 [0] | State: 45 [0]
[2026-09-23 23:14:29:193] INFO 🔗 Sync is at 45/45 [0.17 blocks/s]
[2026-09-23 23:14:32:194] INFO 📥 Blocks: 46 [0] | Classes: 46 [0] | State: 46 [0]
[2026-09-23 23:14:32:194] INFO 🔗 Sync is at 46/46 [0.17 blocks/s]
[2026-09-23 23:14:35:193] INFO 📥 Blocks: 46 [0] | Classes: 46 [0] | State: 46 [0]
[2026-09-23 23:14:35:194] INFO 🔗 Sync is at 46/46 [0.17 blocks/s]
[2026-09-23 23:14:38:193] INFO 📥 Blocks: 47 [0] | Classes: 47 [0] | State: 47 [0]
[2026-09-23 23:14:38:193] INFO 🔗 Sync is at 47/47 [0.17 blocks/s]
[2026-09-23 23:14:41:193] INFO 📥 Blocks: 47 [0] | Classes: 47 [0] | State: 47 [0]
[2026-09-23 23:14:41:193] INFO 🔗 Sync is at 47/47 [0.17 blocks/s]
[2026-09-23 23:14:44:194] INFO 📥 Blocks: 48 [0] | Classes: 48 [0] | State: 48 [0]
[2026-09-23 23:14:44:194] INFO 🔗 Sync is at 48/48 [0.17 blocks/s]
[2026-09-23 23:14:47:193] INFO 📥 Blocks: 48 [0] | Classes: 48 [0] | State: 48 [0]
[2026-09-23 23:14:47:193] INFO 🔗 Sync is at 48/48 [0.17 blocks/s]
[2026-09-23 23:14:50:193] INFO 📥 Blocks: 49 [0] | Classes: 49 [0] | State: 49 [0]
[2026-09-23 23:14:50:194] INFO 🔗 Sync is at 49/49 [0.17 blocks/s]
[2026-09-23 23:14:53:193] INFO 📥 Blocks: 49 [0] | Classes: 49 [0] | State: 49 [0]
[2026-09-23 23:14:53:193] INFO 🔗 Sync is at 49/49 [0.17 blocks/s]
[2026-09-23 23:14:53:277] WARN mc_gateway_client::methods Failed to get with StarknetError(StarknetError { code: BlockNotFound, message: "Pre-confirmed block with number 50 was not found. Current pre-confirmed block number is 51." }), retrying
[2026-09-23 23:14:53:379] WARN mc_gateway_client::methods Failed to get with StarknetError(StarknetError { code: BlockNotFound, message: "Pre-confirmed block with number 50 was not found. Current pre-confirmed block number is 51." }), retrying
[2026-09-23 23:14:53:581] WARN mc_gateway_client::methods Failed to get with StarknetError(StarknetError { code: BlockNotFound, message: "Pre-confirmed block with number 50 was not found. Current pre-confirmed block number is 51." }), retrying
[2026-09-23 23:14:56:194] INFO 📥 Blocks: 50 [0] | Classes: 50 [0] | State: 50 [0]
[2026-09-23 23:14:56:194] INFO 🔗 Sync is at 50/50 [0.17 blocks/s]
[2026-09-23 23:14:59:215] INFO 📥 Blocks: 50 [0] | Classes: 50 [0] | State: 50 [0]
[2026-09-23 23:14:59:215] INFO 🔗 Sync is at 50/50 [0.16 blocks/s]
[2026-09-23 23:15:02:215] INFO 📥 Blocks: 51 [0] | Classes: 51 [0] | State: 51 [0]
[2026-09-23 23:15:02:215] INFO 🔗 Sync is at 51/51 [0.17 blocks/s]
[2026-09-23 23:15:05:215] INFO 📥 Blocks: 51 [0] | Classes: 51 [0] | State: 51 [0]
[2026-09-23 23:15:05:215] INFO 🔗 Sync is at 51/51 [0.17 blocks/s]
[2026-09-23 23:15:08:215] INFO 📥 Blocks: 52 [0] | Classes: 52 [0] | State: 52 [0]
[2026-09-23 23:15:08:215] INFO 🔗 Sync is at 52/52 [0.17 blocks/s]
[2026-09-23 23:15:11:215] INFO 📥 Blocks: 52 [0] | Classes: 52 [0] | State: 52 [0]
[2026-09-23 23:15:11:215] INFO 🔗 Sync is at 52/52 [0.17 blocks/s]
[2026-09-23 23:15:14:215] INFO 📥 Blocks: 53 [0] | Classes: 53 [0] | State: 53 [0]
[2026-09-23 23:15:14:215] INFO 🔗 Sync is at 53/53 [0.17 blocks/s]
[2026-09-23 23:15:17:215] INFO 📥 Blocks: 53 [0] | Classes: 53 [0] | State: 53 [0]
[2026-09-23 23:15:17:215] INFO 🔗 Sync is at 53/53 [0.17 blocks/s]
[2026-09-23 23:15:17:306] WARN mc_gateway_client::methods Failed to get with StarknetError(StarknetError { code: BlockNotFound, message: "Pre-confirmed block with number 54 was not found. Current pre-confirmed block number is 55." }), retrying
[2026-09-23 23:15:17:407] WARN mc_gateway_client::methods Failed to get with StarknetError(StarknetError { code: BlockNotFound, message: "Pre-confirmed block with number 54 was not found. Current pre-confirmed block number is 55." }), retrying
[2026-09-23 23:15:17:609] WARN mc_gateway_client::methods Failed to get with StarknetError(StarknetError { code: BlockNotFound, message: "Pre-confirmed block with number 54 was not found. Current pre-confirmed block number is 55." }), retrying
[2026-09-23 23:15:20:215] INFO 📥 Blocks: 54 [0] | Classes: 54 [0] | State: 54 [0]
[2026-09-23 23:15:20:215] INFO 🔗 Sync is at 54/54 [0.17 blocks/s]
[2026-09-23 23:15:23:215] INFO 📥 Blocks: 54 [0] | Classes: 54 [0] | State: 54 [0]
[2026-09-23 23:15:23:215] INFO 🔗 Sync is at 54/54 [0.17 blocks/s]
[2026-09-23 23:15:26:215] INFO 📥 Blocks: 55 [0] | Classes: 55 [0] | State: 55 [0]
[2026-09-23 23:15:26:215] INFO 🔗 Sync is at 55/55 [0.17 blocks/s]
[2026-09-23 23:15:29:229] INFO 📥 Blocks: 55 [0] | Classes: 55 [0] | State: 55 [0]
[2026-09-23 23:15:29:229] INFO 🔗 Sync is at 55/55 [0.17 blocks/s]
[2026-09-23 23:15:29:321] WARN mc_gateway_client::methods Failed to get with StarknetError(StarknetError { code: BlockNotFound, message: "Pre-confirmed block with number 56 was not found. Current pre-confirmed block number is 57." }), retrying
[2026-09-23 23:15:29:423] WARN mc_gateway_client::methods Failed to get with StarknetError(StarknetError { code: BlockNotFound, message: "Pre-confirmed block with number 56 was not found. Current pre-confirmed block number is 57." }), retrying
[2026-09-23 23:15:29:625] WARN mc_gateway_client::methods Failed to get with StarknetError(StarknetError { code: BlockNotFound, message: "Pre-confirmed block with number 56 was not found. Current pre-confirmed block number is 57." }), retrying
[2026-09-23 23:15:32:229] INFO 📥 Blocks: 56 [0] | Classes: 56 [0] | State: 56 [0]
[2026-09-23 23:15:32:229] INFO 🔗 Sync is at 56/56 [0.17 blocks/s]
[2026-09-23 23:15:35:230] INFO 📥 Blocks: 56 [0] | Classes: 56 [0] | State: 56 [0]
[2026-09-23 23:15:35:230] INFO 🔗 Sync is at 56/56 [0.17 blocks/s]
[2026-09-23 23:15:38:229] INFO 📥 Blocks: 57 [0] | Classes: 57 [0] | State: 57 [0]
[2026-09-23 23:15:38:229] INFO 🔗 Sync is at 57/57 [0.17 blocks/s]
[2026-09-23 23:15:41:229] INFO 📥 Blocks: 57 [0] | Classes: 57 [0] | State: 57 [0]
[2026-09-23 23:15:41:229] INFO 🔗 Sync is at 57/57 [0.17 blocks/s]
[2026-09-23 23:15:41:341] WARN mc_gateway_client::methods Failed to get with StarknetError(StarknetError { code: BlockNotFound, message: "Pre-confirmed block with number 58 was not found. Current pre-confirmed block number is 59." }), retrying
[2026-09-23 23:15:41:443] WARN mc_gateway_client::methods Failed to get with StarknetError(StarknetError { code: BlockNotFound, message: "Pre-confirmed block with number 58 was not found. Current pre-confirmed block number is 59." }), retrying
[2026-09-23 23:15:41:645] WARN mc_gateway_client::methods Failed to get with StarknetError(StarknetError { code: BlockNotFound, message: "Pre-confirmed block with number 58 was not found. Current pre-confirmed block number is 59." }), retrying
[2026-09-23 23:15:44:229] INFO 📥 Blocks: 58 [0] | Classes: 58 [0] | State: 58 [0]
[2026-09-23 23:15:44:230] INFO 🔗 Sync is at 58/58 [0.17 blocks/s]
[2026-09-23 23:15:47:229] INFO 📥 Blocks: 58 [0] | Classes: 58 [0] | State: 58 [0]
[2026-09-23 23:15:47:229] INFO 🔗 Sync is at 58/58 [0.17 blocks/s]
[2026-09-23 23:15:47:339] WARN mc_gateway_client::methods Failed to get with StarknetError(StarknetError { code: BlockNotFound, message: "Pre-confirmed block with number 59 was not found. Current pre-confirmed block number is 60." }), retrying
[2026-09-23 23:15:47:441] WARN mc_gateway_client::methods Failed to get with StarknetError(StarknetError { code: BlockNotFound, message: "Pre-confirmed block with number 59 was not found. Current pre-confirmed block number is 60." }), retrying
[2026-09-23 23:15:47:643] WARN mc_gateway_client::methods Failed to get with StarknetError(StarknetError { code: BlockNotFound, message: "Pre-confirmed block with number 59 was not found. Current pre-confirmed block number is 60." }), retrying
[2026-09-23 23:15:50:229] INFO 📥 Blocks: 59 [0] | Classes: 59 [0] | State: 59 [0]
[2026-09-23 23:15:50:230] INFO 🔗 Sync is at 59/59 [0.17 blocks/s]
[2026-09-23 23:15:53:230] INFO 📥 Blocks: 59 [0] | Classes: 59 [0] | State: 59 [0]
[2026-09-23 23:15:53:230] INFO 🔗 Sync is at 59/59 [0.17 blocks/s]
[2026-09-23 23:15:53:348] WARN mc_gateway_client::methods Failed to get with StarknetError(StarknetError { code: BlockNotFound, message: "Pre-confirmed block with number 60 was not found. Current pre-confirmed block number is 61." }), retrying
[2026-09-23 23:15:53:449] WARN mc_gateway_client::methods Failed to get with StarknetError(StarknetError { code: BlockNotFound, message: "Pre-confirmed block with number 60 was not found. Current pre-confirmed block number is 61." }), retrying
[2026-09-23 23:15:53:651] WARN mc_gateway_client::methods Failed to get with StarknetError(StarknetError { code: BlockNotFound, message: "Pre-confirmed block with number 60 was not found. Current pre-confirmed block number is 61." }), retrying
[2026-09-23 23:15:56:229] INFO 📥 Blocks: 60 [0] | Classes: 60 [0] | State: 60 [0]
[2026-09-23 23:15:56:229] INFO 🔗 Sync is at 60/60 [0.17 blocks/s]
[2026-09-23 23:15:59:249] INFO 📥 Blocks: 60 [0] | Classes: 60 [0] | State: 60 [0]
[2026-09-23 23:15:59:249] INFO 🔗 Sync is at 60/60 [0.17 blocks/s]
[2026-09-23 23:15:59:380] WARN mc_gateway_client::methods Failed to get with StarknetError(StarknetError { code: BlockNotFound, message: "Pre-confirmed block with number 61 was not found. Current pre-confirmed block number is 62." }), retrying
[2026-09-23 23:15:59:482] WARN mc_gateway_client::methods Failed to get with StarknetError(StarknetError { code: BlockNotFound, message: "Pre-confirmed block with number 61 was not found. Current pre-confirmed block number is 62." }), retrying
[2026-09-23 23:15:59:683] WARN mc_gateway_client::methods Failed to get with StarknetError(StarknetError { code: BlockNotFound, message: "Pre-confirmed block with number 61 was not found. Current pre-confirmed block number is 62." }), retrying
[2026-09-23 23:16:02:250] INFO 📥 Blocks: 61 [0] | Classes: 61 [0] | State: 61 [0]
[2026-09-23 23:16:02:250] INFO 🔗 Sync is at 61/61 [0.17 blocks/s]
[2026-09-23 23:16:05:249] INFO 📥 Blocks: 61 [0] | Classes: 61 [0] | State: 61 [0]
[2026-09-23 23:16:05:249] INFO 🔗 Sync is at 61/61 [0.17 blocks/s]
[2026-09-23 23:16:05:390] WARN mc_gateway_client::methods Failed to get with StarknetError(StarknetError { code: BlockNotFound, message: "Pre-confirmed block with number 62 was not found. Current pre-confirmed block number is 63." }), retrying
[2026-09-23 23:16:05:492] WARN mc_gateway_client::methods Failed to get with StarknetError(StarknetError { code: BlockNotFound, message: "Pre-confirmed block with number 62 was not found. Current pre-confirmed block number is 63." }), retrying
[2026-09-23 23:16:05:694] WARN mc_gateway_client::methods Failed to get with StarknetError(StarknetError { code: BlockNotFound, message: "Pre-confirmed block with number 62 was not found. Current pre-confirmed block number is 63." }), retrying
[2026-09-23 23:16:08:249] INFO 📥 Blocks: 62 [0] | Classes: 62 [0] | State: 62 [0]
[2026-09-23 23:16:08:249] INFO 🔗 Sync is at 62/62 [0.17 blocks/s]
[2026-09-23 23:16:11:249] INFO 📥 Blocks: 62 [0] | Classes: 62 [0] | State: 62 [0]
[2026-09-23 23:16:11:249] INFO 🔗 Sync is at 62/62 [0.17 blocks/s]
[2026-09-23 23:16:11:400] WARN mc_gateway_client::methods Failed to get with StarknetError(StarknetError { code: BlockNotFound, message: "Pre-confirmed block with number 63 was not found. Current pre-confirmed block number is 64." }), retrying
[2026-09-23 23:16:11:502] WARN mc_gateway_client::methods Failed to get with StarknetError(StarknetError { code: BlockNotFound, message: "Pre-confirmed block with number 63 was not found. Current pre-confirmed block number is 64." }), retrying
[2026-09-23 23:16:11:705] WARN mc_gateway_client::methods Failed to get with StarknetError(StarknetError { code: BlockNotFound, message: "Pre-confirmed block with number 63 was not found. Current pre-confirmed block number is 64." }), retrying
[2026-09-23 23:16:14:249] INFO 📥 Blocks: 63 [0] | Classes: 63 [0] | State: 63 [0]
[2026-09-23 23:16:14:249] INFO 🔗 Sync is at 63/63 [0.17 blocks/s]
[2026-09-23 23:16:17:249] INFO 📥 Blocks: 63 [0] | Classes: 63 [0] | State: 63 [0]
[2026-09-23 23:16:17:249] INFO 🔗 Sync is at 63/63 [0.17 blocks/s]
[2026-09-23 23:16:17:410] WARN mc_gateway_client::methods Failed to get with StarknetError(StarknetError { code: BlockNotFound, message: "Pre-confirmed block with number 64 was not found. Current pre-confirmed block number is 65." }), retrying
[2026-09-23 23:16:17:512] WARN mc_gateway_client::methods Failed to get with StarknetError(StarknetError { code: BlockNotFound, message: "Pre-confirmed block with number 64 was not found. Current pre-confirmed block number is 65." }), retrying
[2026-09-23 23:16:17:713] WARN mc_gateway_client::methods Failed to get with StarknetError(StarknetError { code: BlockNotFound, message: "Pre-confirmed block with number 64 was not found. Current pre-confirmed block number is 65." }), retrying
[2026-09-23 23:16:20:249] INFO 📥 Blocks: 64 [0] | Classes: 64 [0] | State: 64 [0]
[2026-09-23 23:16:20:249] INFO 🔗 Sync is at 64/64 [0.17 blocks/s]
[2026-09-23 23:16:23:249] INFO 📥 Blocks: 64 [0] | Classes: 64 [0] | State: 64 [0]
[2026-09-23 23:16:23:249] INFO 🔗 Sync is at 64/64 [0.17 blocks/s]
[2026-09-23 23:16:23:420] WARN mc_gateway_client::methods Failed to get with StarknetError(StarknetError { code: BlockNotFound, message: "Pre-confirmed block with number 65 was not found. Current pre-confirmed block number is 66." }), retrying
[2026-09-23 23:16:23:522] WARN mc_gateway_client::methods Failed to get with StarknetError(StarknetError { code: BlockNotFound, message: "Pre-confirmed block with number 65 was not found. Current pre-confirmed block number is 66." }), retrying
[2026-09-23 23:16:23:723] WARN mc_gateway_client::methods Failed to get with StarknetError(StarknetError { code: BlockNotFound, message: "Pre-confirmed block with number 65 was not found. Current pre-confirmed block number is 66." }), retrying
[2026-09-23 23:16:26:249] INFO 📥 Blocks: 65 [0] | Classes: 65 [0] | State: 65 [0]
[2026-09-23 23:16:26:250] INFO 🔗 Sync is at 65/65 [0.17 blocks/s]
[2026-09-23 23:16:29:267] INFO 📥 Blocks: 65 [0] | Classes: 65 [0] | State: 65 [0]
[2026-09-23 23:16:29:267] INFO 🔗 Sync is at 65/65 [0.17 blocks/s]
[2026-09-23 23:16:29:449] WARN mc_gateway_client::methods Failed to get with StarknetError(StarknetError { code: BlockNotFound, message: "Pre-confirmed block with number 66 was not found. Current pre-confirmed block number is 67." }), retrying
[2026-09-23 23:16:29:551] WARN mc_gateway_client::methods Failed to get with StarknetError(StarknetError { code: BlockNotFound, message: "Pre-confirmed block with number 66 was not found. Current pre-confirmed block number is 67." }), retrying
[2026-09-23 23:16:29:753] WARN mc_gateway_client::methods Failed to get with StarknetError(StarknetError { code: BlockNotFound, message: "Pre-confirmed block with number 66 was not found. Current pre-confirmed block number is 67." }), retrying
[2026-09-23 23:16:32:267] INFO 📥 Blocks: 66 [0] | Classes: 66 [0] | State: 66 [0]
[2026-09-23 23:16:32:267] INFO 🔗 Sync is at 66/66 [0.17 blocks/s]
[2026-09-23 23:16:35:267] INFO 📥 Blocks: 66 [0] | Classes: 66 [0] | State: 66 [0]
[2026-09-23 23:16:35:267] INFO 🔗 Sync is at 66/66 [0.17 blocks/s]
[2026-09-23 23:16:35:457] WARN mc_gateway_client::methods Failed to get with StarknetError(StarknetError { code: BlockNotFound, message: "Pre-confirmed block with number 67 was not found. Current pre-confirmed block number is 68." }), retrying
[2026-09-23 23:16:35:558] WARN mc_gateway_client::methods Failed to get with StarknetError(StarknetError { code: BlockNotFound, message: "Pre-confirmed block with number 67 was not found. Current pre-confirmed block number is 68." }), retrying
[2026-09-23 23:16:35:760] WARN mc_gateway_client::methods Failed to get with StarknetError(StarknetError { code: BlockNotFound, message: "Pre-confirmed block with number 67 was not found. Current pre-confirmed block number is 68." }), retrying
[2026-09-23 23:16:38:267] INFO 📥 Blocks: 67 [0] | Classes: 67 [0] | State: 67 [0]
[2026-09-23 23:16:38:267] INFO 🔗 Sync is at 67/67 [0.17 blocks/s]
[2026-09-23 23:16:41:267] INFO 📥 Blocks: 67 [0] | Classes: 67 [0] | State: 67 [0]
[2026-09-23 23:16:41:267] INFO 🔗 Sync is at 67/67 [0.17 blocks/s]
[2026-09-23 23:16:41:468] WARN mc_gateway_client::methods Failed to get with StarknetError(StarknetError { code: BlockNotFound, message: "Pre-confirmed block with number 68 was not found. Current pre-confirmed block number is 69." }), retrying
[2026-09-23 23:16:41:570] WARN mc_gateway_client::methods Failed to get with StarknetError(StarknetError { code: BlockNotFound, message: "Pre-confirmed block with number 68 was not found. Current pre-confirmed block number is 69." }), retrying
[2026-09-23 23:16:41:772] WARN mc_gateway_client::methods Failed to get with StarknetError(StarknetError { code: BlockNotFound, message: "Pre-confirmed block with number 68 was not found. Current pre-confirmed block number is 69." }), retrying
[2026-09-23 23:16:44:267] INFO 📥 Blocks: 68 [0] | Classes: 68 [0] | State: 68 [0]
[2026-09-23 23:16:44:267] INFO 🔗 Sync is at 68/68 [0.17 blocks/s]
[2026-09-23 23:16:47:267] INFO 📥 Blocks: 68 [0] | Classes: 68 [0] | State: 68 [0]
[2026-09-23 23:16:47:267] INFO 🔗 Sync is at 68/68 [0.17 blocks/s]
[2026-09-23 23:16:47:483] WARN mc_gateway_client::methods Failed to get with StarknetError(StarknetError { code: BlockNotFound, message: "Pre-confirmed block with number 69 was not found. Current pre-confirmed block number is 70." }), retrying
[2026-09-23 23:16:47:584] WARN mc_gateway_client::methods Failed to get with StarknetError(StarknetError { code: BlockNotFound, message: "Pre-confirmed block with number 69 was not found. Current pre-confirmed block number is 70." }), retrying
[2026-09-23 23:16:47:786] WARN mc_gateway_client::methods Failed to get with StarknetError(StarknetError { code: BlockNotFound, message: "Pre-confirmed block with number 69 was not found. Current pre-confirmed block number is 70." }), retrying
[2026-09-23 23:16:50:267] INFO 📥 Blocks: 69 [0] | Classes: 69 [0] | State: 69 [0]
[2026-09-23 23:16:50:267] INFO 🔗 Sync is at 69/69 [0.17 blocks/s]
[2026-09-23 23:16:53:267] INFO 📥 Blocks: 69 [0] | Classes: 69 [0] | State: 69 [0]
[2026-09-23 23:16:53:267] INFO 🔗 Sync is at 69/69 [0.17 blocks/s]
[2026-09-23 23:16:53:492] WARN mc_gateway_client::methods Failed to get with StarknetError(StarknetError { code: BlockNotFound, message: "Pre-confirmed block with number 70 was not found. Current pre-confirmed block number is 71." }), retrying
[2026-09-23 23:16:53:593] WARN mc_gateway_client::methods Failed to get with StarknetError(StarknetError { code: BlockNotFound, message: "Pre-confirmed block with number 70 was not found. Current pre-confirmed block number is 71." }), retrying
[2026-09-23 23:16:53:795] WARN mc_gateway_client::methods Failed to get with StarknetError(StarknetError { code: BlockNotFound, message: "Pre-confirmed block with number 70 was not found. Current pre-confirmed block number is 71." }), retrying
[2026-09-23 23:16:56:266] INFO 📥 Blocks: 70 [0] | Classes: 70 [0] | State: 70 [0]
[2026-09-23 23:16:56:267] INFO 🔗 Sync is at 70/70 [0.17 blocks/s]
[2026-09-23 23:16:59:294] INFO 📥 Blocks: 70 [0] | Classes: 70 [0] | State: 70 [0]
[2026-09-23 23:16:59:294] INFO 🔗 Sync is at 70/70 [0.17 blocks/s]
[2026-09-23 23:16:59:525] WARN mc_gateway_client::methods Failed to get with StarknetError(StarknetError { code: BlockNotFound, message: "Pre-confirmed block with number 71 was not found. Current pre-confirmed block number is 72." }), retrying
[2026-09-23 23:16:59:627] WARN mc_gateway_client::methods Failed to get with StarknetError(StarknetError { code: BlockNotFound, message: "Pre-confirmed block with number 71 was not found. Current pre-confirmed block number is 72." }), retrying
[2026-09-23 23:16:59:829] WARN mc_gateway_client::methods Failed to get with StarknetError(StarknetError { code: BlockNotFound, message: "Pre-confirmed block with number 71 was not found. Current pre-confirmed block number is 72." }), retrying
[2026-09-23 23:17:02:294] INFO 📥 Blocks: 71 [0] | Classes: 71 [0] | State: 71 [0]
[2026-09-23 23:17:02:294] INFO 🔗 Sync is at 71/71 [0.17 blocks/s]
[2026-09-23 23:17:05:294] INFO 📥 Blocks: 71 [0] | Classes: 71 [0] | State: 71 [0]
[2026-09-23 23:17:05:294] INFO 🔗 Sync is at 71/71 [0.17 blocks/s]
[2026-09-23 23:17:05:542] WARN mc_gateway_client::methods Failed to get with StarknetError(StarknetError { code: BlockNotFound, message: "Pre-confirmed block with number 72 was not found. Current pre-confirmed block number is 73." }), retrying
[2026-09-23 23:17:05:644] WARN mc_gateway_client::methods Failed to get with StarknetError(StarknetError { code: BlockNotFound, message: "Pre-confirmed block with number 72 was not found. Current pre-confirmed block number is 73." }), retrying
[2026-09-23 23:17:05:846] WARN mc_gateway_client::methods Failed to get with StarknetError(StarknetError { code: BlockNotFound, message: "Pre-confirmed block with number 72 was not found. Current pre-confirmed block number is 73." }), retrying
[2026-09-23 23:17:08:294] INFO 📥 Blocks: 72 [0] | Classes: 72 [0] | State: 72 [0]
[2026-09-23 23:17:08:294] INFO 🔗 Sync is at 72/72 [0.17 blocks/s]
[2026-09-23 23:17:11:294] INFO 📥 Blocks: 72 [0] | Classes: 72 [0] | State: 72 [0]
[2026-09-23 23:17:11:294] INFO 🔗 Sync is at 72/72 [0.17 blocks/s]
[2026-09-23 23:17:11:548] WARN mc_gateway_client::methods Failed to get with StarknetError(StarknetError { code: BlockNotFound, message: "Pre-confirmed block with number 73 was not found. Current pre-confirmed block number is 74." }), retrying
[2026-09-23 23:17:11:651] WARN mc_gateway_client::methods Failed to get with StarknetError(StarknetError { code: BlockNotFound, message: "Pre-confirmed block with number 73 was not found. Current pre-confirmed block number is 74." }), retrying
[2026-09-23 23:17:11:853] WARN mc_gateway_client::methods Failed to get with StarknetError(StarknetError { code: BlockNotFound, message: "Pre-confirmed block with number 73 was not found. Current pre-confirmed block number is 74." }), retrying
[2026-09-23 23:17:14:294] INFO 📥 Blocks: 73 [0] | Classes: 73 [0] | State: 73 [0]
[2026-09-23 23:17:14:294] INFO 🔗 Sync is at 73/73 [0.17 blocks/s]
[2026-09-23 23:17:17:294] INFO 📥 Blocks: 73 [0] | Classes: 73 [0] | State: 73 [0]
[2026-09-23 23:17:17:294] INFO 🔗 Sync is at 73/73 [0.17 blocks/s]
[2026-09-23 23:17:17:563] WARN mc_gateway_client::methods Failed to get with StarknetError(StarknetError { code: BlockNotFound, message: "Pre-confirmed block with number 74 was not found. Current pre-confirmed block number is 75." }), retrying
[2026-09-23 23:17:17:665] WARN mc_gateway_client::methods Failed to get with StarknetError(StarknetError { code: BlockNotFound, message: "Pre-confirmed block with number 74 was not found. Current pre-confirmed block number is 75." }), retrying
[2026-09-23 23:17:17:866] WARN mc_gateway_client::methods Failed to get with StarknetError(StarknetError { code: BlockNotFound, message: "Pre-confirmed block with number 74 was not found. Current pre-confirmed block number is 75." }), retrying
[2026-09-23 23:17:20:294] INFO 📥 Blocks: 74 [0] | Classes: 74 [0] | State: 74 [0]
[2026-09-23 23:17:20:294] INFO 🔗 Sync is at 74/74 [0.17 blocks/s]
[2026-09-23 23:17:23:293] INFO 📥 Blocks: 74 [0] | Classes: 74 [0] | State: 74 [0]
[2026-09-23 23:17:23:294] INFO 🔗 Sync is at 74/74 [0.17 blocks/s]
[2026-09-23 23:17:23:568] WARN mc_gateway_client::methods Failed to get with StarknetError(StarknetError { code: BlockNotFound, message: "Pre-confirmed block with number 75 was not found. Current pre-confirmed block number is 76." }), retrying
[2026-09-23 23:17:23:669] WARN mc_gateway_client::methods Failed to get with StarknetError(StarknetError { code: BlockNotFound, message: "Pre-confirmed block with number 75 was not found. Current pre-confirmed block number is 76." }), retrying
[2026-09-23 23:17:23:871] WARN mc_gateway_client::methods Failed to get with StarknetError(StarknetError { code: BlockNotFound, message: "Pre-confirmed block with number 75 was not found. Current pre-confirmed block number is 76." }), retrying
[2026-09-23 23:17:26:294] INFO 📥 Blocks: 75 [0] | Classes: 75 [0] | State: 75 [0]
[2026-09-23 23:17:26:294] INFO 🔗 Sync is at 75/75 [0.17 blocks/s]
[2026-09-23 23:17:29:311] INFO 📥 Blocks: 75 [0] | Classes: 75 [0] | State: 75 [0]
[2026-09-23 23:17:29:311] INFO 🔗 Sync is at 75/75 [0.17 blocks/s]
[2026-09-23 23:17:29:600] WARN mc_gateway_client::methods Failed to get with StarknetError(StarknetError { code: BlockNotFound, message: "Pre-confirmed block with number 76 was not found. Current pre-confirmed block number is 77." }), retrying
[2026-09-23 23:17:29:702] WARN mc_gateway_client::methods Failed to get with StarknetError(StarknetError { code: BlockNotFound, message: "Pre-confirmed block with number 76 was not found. Current pre-confirmed block number is 77." }), retrying
[2026-09-23 23:17:29:904] WARN mc_gateway_client::methods Failed to get with StarknetError(StarknetError { code: BlockNotFound, message: "Pre-confirmed block with number 76 was not found. Current pre-confirmed block number is 77." }), retrying
[2026-09-23 23:17:32:312] INFO 📥 Blocks: 76 [0] | Classes: 76 [0] | State: 76 [0]
[2026-09-23 23:17:32:312] INFO 🔗 Sync is at 76/76 [0.17 blocks/s]
[2026-09-23 23:17:35:311] INFO 📥 Blocks: 76 [0] | Classes: 76 [0] | State: 76 [0]
[2026-09-23 23:17:35:311] INFO 🔗 Sync is at 76/76 [0.17 blocks/s]
[2026-09-23 23:17:35:607] WARN mc_gateway_client::methods Failed to get with StarknetError(StarknetError { code: BlockNotFound, message: "Pre-confirmed block with number 77 was not found. Current pre-confirmed block number is 78." }), retrying
[2026-09-23 23:17:35:709] WARN mc_gateway_client::methods Failed to get with StarknetError(StarknetError { code: BlockNotFound, message: "Pre-confirmed block with number 77 was not found. Current pre-confirmed block number is 78." }), retrying
[2026-09-23 23:17:35:911] WARN mc_gateway_client::methods Failed to get with StarknetError(StarknetError { code: BlockNotFound, message: "Pre-confirmed block with number 77 was not found. Current pre-confirmed block number is 78." }), retrying
[2026-09-23 23:17:38:311] INFO 📥 Blocks: 77 [0] | Classes: 77 [0] | State: 77 [0]
[2026-09-23 23:17:38:311] INFO 🔗 Sync is at 77/77 [0.17 blocks/s]
[2026-09-23 23:17:41:312] INFO 📥 Blocks: 77 [0] | Classes: 77 [0] | State: 77 [0]
[2026-09-23 23:17:41:312] INFO 🔗 Sync is at 77/77 [0.17 blocks/s]
[2026-09-23 23:17:41:621] WARN mc_gateway_client::methods Failed to get with StarknetError(StarknetError { code: BlockNotFound, message: "Pre-confirmed block with number 78 was not found. Current pre-confirmed block number is 79." }), retrying
[2026-09-23 23:17:41:723] WARN mc_gateway_client::methods Failed to get with StarknetError(StarknetError { code: BlockNotFound, message: "Pre-confirmed block with number 78 was not found. Current pre-confirmed block number is 79." }), retrying
[2026-09-23 23:17:41:925] WARN mc_gateway_client::methods Failed to get with StarknetError(StarknetError { code: BlockNotFound, message: "Pre-confirmed block with number 78 was not found. Current pre-confirmed block number is 79." }), retrying
[2026-09-23 23:17:44:311] INFO 📥 Blocks: 78 [0] | Classes: 78 [0] | State: 78 [0]
[2026-09-23 23:17:44:311] INFO 🔗 Sync is at 78/78 [0.17 blocks/s]
[2026-09-23 23:17:47:312] INFO 📥 Blocks: 78 [0] | Classes: 78 [0] | State: 78 [0]
[2026-09-23 23:17:47:312] INFO 🔗 Sync is at 78/78 [0.17 blocks/s]
[2026-09-23 23:17:47:629] WARN mc_gateway_client::methods Failed to get with StarknetError(StarknetError { code: BlockNotFound, message: "Pre-confirmed block with number 79 was not found. Current pre-confirmed block number is 80." }), retrying
[2026-09-23 23:17:47:729] WARN mc_gateway_client::methods Failed to get with StarknetError(StarknetError { code: BlockNotFound, message: "Pre-confirmed block with number 79 was not found. Current pre-confirmed block number is 80." }), retrying
[2026-09-23 23:17:47:931] WARN mc_gateway_client::methods Failed to get with StarknetError(StarknetError { code: BlockNotFound, message: "Pre-confirmed block with number 79 was not found. Current pre-confirmed block number is 80." }), retrying
[2026-09-23 23:17:50:311] INFO 📥 Blocks: 79 [0] | Classes: 79 [0] | State: 79 [0]
[2026-09-23 23:17:50:311] INFO 🔗 Sync is at 79/79 [0.17 blocks/s]
[2026-09-23 23:17:53:311] INFO 📥 Blocks: 79 [0] | Classes: 79 [0] | State: 79 [0]
[2026-09-23 23:17:53:311] INFO 🔗 Sync is at 79/79 [0.17 blocks/s]
[2026-09-23 23:17:53:635] WARN mc_gateway_client::methods Failed to get with StarknetError(StarknetError { code: BlockNotFound, message: "Pre-confirmed block with number 80 was not found. Current pre-confirmed block number is 81." }), retrying
[2026-09-23 23:17:53:737] WARN mc_gateway_client::methods Failed to get with StarknetError(StarknetError { code: BlockNotFound, message: "Pre-confirmed block with number 80 was not found. Current pre-confirmed block number is 81." }), retrying
[2026-09-23 23:17:53:939] WARN mc_gateway_client::methods Failed to get with StarknetError(StarknetError { code: BlockNotFound, message: "Pre-confirmed block with number 80 was not found. Current pre-confirmed block number is 81." }), retrying
[2026-09-23 23:17:56:311] INFO 📥 Blocks: 80 [0] | Classes: 80 [0] | State: 80 [0]
[2026-09-23 23:17:56:311] INFO 🔗 Sync is at 80/80 [0.17 blocks/s]
[2026-09-23 23:17:59:327] INFO 📥 Blocks: 80 [0] | Classes: 80 [0] | State: 80 [0]
[2026-09-23 23:17:59:328] INFO 🔗 Sync is at 80/80 [0.17 blocks/s]
[2026-09-23 23:17:59:664] WARN mc_gateway_client::methods Failed to get with StarknetError(StarknetError { code: BlockNotFound, message: "Pre-confirmed block with number 81 was not found. Current pre-confirmed block number is 82." }), retrying
[2026-09-23 23:17:59:765] WARN mc_gateway_client::methods Failed to get with StarknetError(StarknetError { code: BlockNotFound, message: "Pre-confirmed block with number 81 was not found. Current pre-confirmed block number is 82." }), retrying
[2026-09-23 23:17:59:968] WARN mc_gateway_client::methods Failed to get with StarknetError(StarknetError { code: BlockNotFound, message: "Pre-confirmed block with number 81 was not found. Current pre-confirmed block number is 82." }), retrying
[2026-09-23 23:18:02:328] INFO 📥 Blocks: 81 [0] | Classes: 81 [0] | State: 81 [0]
[2026-09-23 23:18:02:328] INFO 🔗 Sync is at 81/81 [0.17 blocks/s]
[2026-09-23 23:18:05:328] INFO 📥 Blocks: 81 [0] | Classes: 81 [0] | State: 81 [0]
[2026-09-23 23:18:05:328] INFO 🔗 Sync is at 81/81 [0.17 blocks/s]
[2026-09-23 23:18:05:677] WARN mc_gateway_client::methods Failed to get with StarknetError(StarknetError { code: BlockNotFound, message: "Pre-confirmed block with number 82 was not found. Current pre-confirmed block number is 83." }), retrying
[2026-09-23 23:18:05:779] WARN mc_gateway_client::methods Failed to get with StarknetError(StarknetError { code: BlockNotFound, message: "Pre-confirmed block with number 82 was not found. Current pre-confirmed block number is 83." }), retrying
[2026-09-23 23:18:05:980] WARN mc_gateway_client::methods Failed to get with StarknetError(StarknetError { code: BlockNotFound, message: "Pre-confirmed block with number 82 was not found. Current pre-confirmed block number is 83." }), retrying
[2026-09-23 23:18:08:328] INFO 📥 Blocks: 82 [0] | Classes: 82 [0] | State: 82 [0]
[2026-09-23 23:18:08:328] INFO 🔗 Sync is at 82/82 [0.17 blocks/s]
[2026-09-23 23:18:11:328] INFO 📥 Blocks: 82 [0] | Classes: 82 [0] | State: 82 [0]
[2026-09-23 23:18:11:328] INFO 🔗 Sync is at 82/82 [0.17 blocks/s]
[2026-09-23 23:18:11:687] WARN mc_gateway_client::methods Failed to get with StarknetError(StarknetError { code: BlockNotFound, message: "Pre-confirmed block with number 83 was not found. Current pre-confirmed block number is 84." }), retrying
[2026-09-23 23:18:11:792] WARN mc_gateway_client::methods Failed to get with StarknetError(StarknetError { code: BlockNotFound, message: "Pre-confirmed block with number 83 was not found. Current pre-confirmed block number is 84." }), retrying
[2026-09-23 23:18:11:993] WARN mc_gateway_client::methods Failed to get with StarknetError(StarknetError { code: BlockNotFound, message: "Pre-confirmed block with number 83 was not found. Current pre-confirmed block number is 84." }), retrying
[2026-09-23 23:18:14:328] INFO 📥 Blocks: 83 [0] | Classes: 83 [0] | State: 83 [0]
[2026-09-23 23:18:14:328] INFO 🔗 Sync is at 83/83 [0.17 blocks/s]
[2026-09-23 23:18:17:327] INFO 📥 Blocks: 83 [0] | Classes: 83 [0] | State: 83 [0]
[2026-09-23 23:18:17:328] INFO 🔗 Sync is at 83/83 [0.17 blocks/s]
[2026-09-23 23:18:17:705] WARN mc_gateway_client::methods Failed to get with StarknetError(StarknetError { code: BlockNotFound, message: "Pre-confirmed block with number 84 was not found. Current pre-confirmed block number is 85." }), retrying
[2026-09-23 23:18:17:806] WARN mc_gateway_client::methods Failed to get with StarknetError(StarknetError { code: BlockNotFound, message: "Pre-confirmed block with number 84 was not found. Current pre-confirmed block number is 85." }), retrying
[2026-09-23 23:18:18:008] WARN mc_gateway_client::methods Failed to get with StarknetError(StarknetError { code: BlockNotFound, message: "Pre-confirmed block with number 84 was not found. Current pre-confirmed block number is 85." }), retrying
[2026-09-23 23:18:20:327] INFO 📥 Blocks: 84 [0] | Classes: 84 [0] | State: 84 [0]
[2026-09-23 23:18:20:327] INFO 🔗 Sync is at 84/84 [0.17 blocks/s]
[2026-09-23 23:18:23:328] INFO 📥 Blocks: 84 [0] | Classes: 84 [0] | State: 84 [0]
[2026-09-23 23:18:23:328] INFO 🔗 Sync is at 84/84 [0.17 blocks/s]
[2026-09-23 23:18:23:709] WARN mc_gateway_client::methods Failed to get with StarknetError(StarknetError { code: BlockNotFound, message: "Pre-confirmed block with number 85 was not found. Current pre-confirmed block number is 86." }), retrying
[2026-09-23 23:18:23:812] WARN mc_gateway_client::methods Failed to get with StarknetError(StarknetError { code: BlockNotFound, message: "Pre-confirmed block with number 85 was not found. Current pre-confirmed block number is 86." }), retrying
[2026-09-23 23:18:24:014] WARN mc_gateway_client::methods Failed to get with StarknetError(StarknetError { code: BlockNotFound, message: "Pre-confirmed block with number 85 was not found. Current pre-confirmed block number is 86." }), retrying
[2026-09-23 23:18:26:328] INFO 📥 Blocks: 85 [0] | Classes: 85 [0] | State: 85 [0]
[2026-09-23 23:18:26:328] INFO 🔗 Sync is at 85/85 [0.17 blocks/s]
[2026-09-23 23:18:29:348] INFO 📥 Blocks: 85 [0] | Classes: 85 [0] | State: 85 [0]
[2026-09-23 23:18:29:348] INFO 🔗 Sync is at 85/85 [0.17 blocks/s]
[2026-09-23 23:18:29:738] WARN mc_gateway_client::methods Failed to get with StarknetError(StarknetError { code: BlockNotFound, message: "Pre-confirmed block with number 86 was not found. Current pre-confirmed block number is 87." }), retrying
[2026-09-23 23:18:29:839] WARN mc_gateway_client::methods Failed to get with StarknetError(StarknetError { code: BlockNotFound, message: "Pre-confirmed block with number 86 was not found. Current pre-confirmed block number is 87." }), retrying
[2026-09-23 23:18:30:040] WARN mc_gateway_client::methods Failed to get with StarknetError(StarknetError { code: BlockNotFound, message: "Pre-confirmed block with number 86 was not found. Current pre-confirmed block number is 87." }), retrying
[2026-09-23 23:18:32:348] INFO 📥 Blocks: 86 [0] | Classes: 86 [0] | State: 86 [0]
[2026-09-23 23:18:32:348] INFO 🔗 Sync is at 86/86 [0.17 blocks/s]
[2026-09-23 23:18:35:348] INFO 📥 Blocks: 86 [0] | Classes: 86 [0] | State: 86 [0]
[2026-09-23 23:18:35:348] INFO 🔗 Sync is at 86/86 [0.17 blocks/s]
[2026-09-23 23:18:35:747] WARN mc_gateway_client::methods Failed to get with StarknetError(StarknetError { code: BlockNotFound, message: "Pre-confirmed block with number 87 was not found. Current pre-confirmed block number is 88." }), retrying
[2026-09-23 23:18:35:848] WARN mc_gateway_client::methods Failed to get with StarknetError(StarknetError { code: BlockNotFound, message: "Pre-confirmed block with number 87 was not found. Current pre-confirmed block number is 88." }), retrying
[2026-09-23 23:18:36:050] WARN mc_gateway_client::methods Failed to get with StarknetError(StarknetError { code: BlockNotFound, message: "Pre-confirmed block with number 87 was not found. Current pre-confirmed block number is 88." }), retrying
[2026-09-23 23:18:38:349] INFO 📥 Blocks: 87 [0] | Classes: 87 [0] | State: 87 [0]
[2026-09-23 23:18:38:349] INFO 🔗 Sync is at 87/87 [0.17 blocks/s]
[2026-09-23 23:18:41:349] INFO 📥 Blocks: 87 [0] | Classes: 87 [0] | State: 87 [0]
[2026-09-23 23:18:41:349] INFO 🔗 Sync is at 87/87 [0.17 blocks/s]
[2026-09-23 23:18:41:755] WARN mc_gateway_client::methods Failed to get with StarknetError(StarknetError { code: BlockNotFound, message: "Pre-confirmed block with number 88 was not found. Current pre-confirmed block number is 89." }), retrying
[2026-09-23 23:18:41:857] WARN mc_gateway_client::methods Failed to get with StarknetError(StarknetError { code: BlockNotFound, message: "Pre-confirmed block with number 88 was not found. Current pre-confirmed block number is 89." }), retrying
[2026-09-23 23:18:42:059] WARN mc_gateway_client::methods Failed to get with StarknetError(StarknetError { code: BlockNotFound, message: "Pre-confirmed block with number 88 was not found. Current pre-confirmed block number is 89." }), retrying
[2026-09-23 23:18:44:349] INFO 📥 Blocks: 88 [0] | Classes: 88 [0] | State: 88 [0]
[2026-09-23 23:18:44:349] INFO 🔗 Sync is at 88/88 [0.17 blocks/s]
[2026-09-23 23:18:47:348] INFO 📥 Blocks: 88 [0] | Classes: 88 [0] | State: 88 [0]
[2026-09-23 23:18:47:348] INFO 🔗 Sync is at 88/88 [0.17 blocks/s]
[2026-09-23 23:18:47:766] WARN mc_gateway_client::methods Failed to get with StarknetError(StarknetError { code: BlockNotFound, message: "Pre-confirmed block with number 89 was not found. Current pre-confirmed block number is 90." }), retrying
[2026-09-23 23:18:47:868] WARN mc_gateway_client::methods Failed to get with StarknetError(StarknetError { code: BlockNotFound, message: "Pre-confirmed block with number 89 was not found. Current pre-confirmed block number is 90." }), retrying
[2026-09-23 23:18:48:070] WARN mc_gateway_client::methods Failed to get with StarknetError(StarknetError { code: BlockNotFound, message: "Pre-confirmed block with number 89 was not found. Current pre-confirmed block number is 90." }), retrying
[2026-09-23 23:18:50:348] INFO 📥 Blocks: 89 [0] | Classes: 89 [0] | State: 89 [0]
[2026-09-23 23:18:50:348] INFO 🔗 Sync is at 89/89 [0.17 blocks/s]
[2026-09-23 23:18:53:348] INFO 📥 Blocks: 89 [0] | Classes: 89 [0] | State: 89 [0]
[2026-09-23 23:18:53:348] INFO 🔗 Sync is at 89/89 [0.17 blocks/s]
[2026-09-23 23:18:53:779] WARN mc_gateway_client::methods Failed to get with StarknetError(StarknetError { code: BlockNotFound, message: "Pre-confirmed block with number 90 was not found. Current pre-confirmed block number is 91." }), retrying
[2026-09-23 23:18:53:881] WARN mc_gateway_client::methods Failed to get with StarknetError(StarknetError { code: BlockNotFound, message: "Pre-confirmed block with number 90 was not found. Current pre-confirmed block number is 91." }), retrying
[2026-09-23 23:18:54:083] WARN mc_gateway_client::methods Failed to get with StarknetError(StarknetError { code: BlockNotFound, message: "Pre-confirmed block with number 90 was not found. Current pre-confirmed block number is 91." }), retrying
[2026-09-23 23:18:56:348] INFO 📥 Blocks: 90 [0] | Classes: 90 [0] | State: 90 [0]
[2026-09-23 23:18:56:348] INFO 🔗 Sync is at 90/90 [0.17 blocks/s]
[2026-09-23 23:18:59:361] INFO 📥 Blocks: 90 [0] | Classes: 90 [0] | State: 90 [0]
[2026-09-23 23:18:59:362] INFO 🔗 Sync is at 90/90 [0.17 blocks/s]
[2026-09-23 23:18:59:802] WARN mc_gateway_client::methods Failed to get with StarknetError(StarknetError { code: BlockNotFound, message: "Pre-confirmed block with number 91 was not found. Current pre-confirmed block number is 92." }), retrying
[2026-09-23 23:18:59:904] WARN mc_gateway_client::methods Failed to get with StarknetError(StarknetError { code: BlockNotFound, message: "Pre-confirmed block with number 91 was not found. Current pre-confirmed block number is 92." }), retrying
[2026-09-23 23:19:00:106] WARN mc_gateway_client::methods Failed to get with StarknetError(StarknetError { code: BlockNotFound, message: "Pre-confirmed block with number 91 was not found. Current pre-confirmed block number is 92." }), retrying
[2026-09-23 23:19:02:362] INFO 📥 Blocks: 91 [0] | Classes: 91 [0] | State: 91 [0]
[2026-09-23 23:19:02:362] INFO 🔗 Sync is at 91/91 [0.17 blocks/s]
[2026-09-23 23:19:05:362] INFO 📥 Blocks: 91 [0] | Classes: 91 [0] | State: 91 [0]
[2026-09-23 23:19:05:362] INFO 🔗 Sync is at 91/91 [0.17 blocks/s]
[2026-09-23 23:19:05:814] WARN mc_gateway_client::methods Failed to get with StarknetError(StarknetError { code: BlockNotFound, message: "Pre-confirmed block with number 92 was not found. Current pre-confirmed block number is 93." }), retrying
[2026-09-23 23:19:05:915] WARN mc_gateway_client::methods Failed to get with StarknetError(StarknetError { code: BlockNotFound, message: "Pre-confirmed block with number 92 was not found. Current pre-confirmed block number is 93." }), retrying
[2026-09-23 23:19:06:118] WARN mc_gateway_client::methods Failed to get with StarknetError(StarknetError { code: BlockNotFound, message: "Pre-confirmed block with number 92 was not found. Current pre-confirmed block number is 93." }), retrying
[2026-09-23 23:19:08:362] INFO 📥 Blocks: 92 [0] | Classes: 92 [0] | State: 92 [0]
[2026-09-23 23:19:08:362] INFO 🔗 Sync is at 92/92 [0.17 blocks/s]
[2026-09-23 23:19:11:362] INFO 📥 Blocks: 92 [0] | Classes: 92 [0] | State: 92 [0]
[2026-09-23 23:19:11:362] INFO 🔗 Sync is at 92/92 [0.17 blocks/s]
[2026-09-23 23:19:11:825] WARN mc_gateway_client::methods Failed to get with StarknetError(StarknetError { code: BlockNotFound, message: "Pre-confirmed block with number 93 was not found. Current pre-confirmed block number is 94." }), retrying
[2026-09-23 23:19:11:926] WARN mc_gateway_client::methods Failed to get with StarknetError(StarknetError { code: BlockNotFound, message: "Pre-confirmed block with number 93 was not found. Current pre-confirmed block number is 94." }), retrying
[2026-09-23 23:19:12:129] WARN mc_gateway_client::methods Failed to get with StarknetError(StarknetError { code: BlockNotFound, message: "Pre-confirmed block with number 93 was not found. Current pre-confirmed block number is 94." }), retrying
[2026-09-23 23:19:14:362] INFO 📥 Blocks: 93 [0] | Classes: 93 [0] | State: 93 [0]
[2026-09-23 23:19:14:362] INFO 🔗 Sync is at 93/93 [0.17 blocks/s]
[2026-09-23 23:19:17:362] INFO 📥 Blocks: 93 [0] | Classes: 93 [0] | State: 93 [0]
[2026-09-23 23:19:17:362] INFO 🔗 Sync is at 93/93 [0.17 blocks/s]
[2026-09-23 23:19:17:833] WARN mc_gateway_client::methods Failed to get with StarknetError(StarknetError { code: BlockNotFound, message: "Pre-confirmed block with number 94 was not found. Current pre-confirmed block number is 95." }), retrying
[2026-09-23 23:19:17:934] WARN mc_gateway_client::methods Failed to get with StarknetError(StarknetError { code: BlockNotFound, message: "Pre-confirmed block with number 94 was not found. Current pre-confirmed block number is 95." }), retrying
[2026-09-23 23:19:18:135] WARN mc_gateway_client::methods Failed to get with StarknetError(StarknetError { code: BlockNotFound, message: "Pre-confirmed block with number 94 was not found. Current pre-confirmed block number is 95." }), retrying
[2026-09-23 23:19:20:362] INFO 📥 Blocks: 94 [0] | Classes: 94 [0] | State: 94 [0]
[2026-09-23 23:19:20:362] INFO 🔗 Sync is at 94/94 [0.17 blocks/s]
[2026-09-23 23:19:23:362] INFO 📥 Blocks: 94 [0] | Classes: 94 [0] | State: 94 [0]
[2026-09-23 23:19:23:362] INFO 🔗 Sync is at 94/94 [0.17 blocks/s]
[2026-09-23 23:19:23:847] WARN mc_gateway_client::methods Failed to get with StarknetError(StarknetError { code: BlockNotFound, message: "Pre-confirmed block with number 95 was not found. Current pre-confirmed block number is 96." }), retrying
[2026-09-23 23:19:23:948] WARN mc_gateway_client::methods Failed to get with StarknetError(StarknetError { code: BlockNotFound, message: "Pre-confirmed block with number 95 was not found. Current pre-confirmed block number is 96." }), retrying
[2026-09-23 23:19:24:149] WARN mc_gateway_client::methods Failed to get with StarknetError(StarknetError { code: BlockNotFound, message: "Pre-confirmed block with number 95 was not found. Current pre-confirmed block number is 96." }), retrying
[2026-09-23 23:19:26:362] INFO 📥 Blocks: 95 [0] | Classes: 95 [0] | State: 95 [0]
[2026-09-23 23:19:26:362] INFO 🔗 Sync is at 95/95 [0.17 blocks/s]
[2026-09-23 23:19:29:391] INFO 📥 Blocks: 95 [0] | Classes: 95 [0] | State: 95 [0]
[2026-09-23 23:19:29:391] INFO 🔗 Sync is at 95/95 [0.17 blocks/s]
[2026-09-23 23:19:29:882] WARN mc_gateway_client::methods Failed to get with StarknetError(StarknetError { code: BlockNotFound, message: "Pre-confirmed block with number 96 was not found. Current pre-confirmed block number is 97." }), retrying
[2026-09-23 23:19:29:984] WARN mc_gateway_client::methods Failed to get with StarknetError(StarknetError { code: BlockNotFound, message: "Pre-confirmed block with number 96 was not found. Current pre-confirmed block number is 97." }), retrying
[2026-09-23 23:19:30:186] WARN mc_gateway_client::methods Failed to get with StarknetError(StarknetError { code: BlockNotFound, message: "Pre-confirmed block with number 96 was not found. Current pre-confirmed block number is 97." }), retrying
[2026-09-23 23:19:32:390] INFO 📥 Blocks: 96 [0] | Classes: 96 [0] | State: 96 [0]
[2026-09-23 23:19:32:390] INFO 🔗 Sync is at 96/96 [0.17 blocks/s]
[2026-09-23 23:19:35:390] INFO 📥 Blocks: 96 [0] | Classes: 96 [0] | State: 96 [0]
[2026-09-23 23:19:35:390] INFO 🔗 Sync is at 96/96 [0.17 blocks/s]
[2026-09-23 23:19:35:890] WARN mc_gateway_client::methods Failed to get with StarknetError(StarknetError { code: BlockNotFound, message: "Pre-confirmed block with number 97 was not found. Current pre-confirmed block number is 98." }), retrying
[2026-09-23 23:19:35:991] WARN mc_gateway_client::methods Failed to get with StarknetError(StarknetError { code: BlockNotFound, message: "Pre-confirmed block with number 97 was not found. Current pre-confirmed block number is 98." }), retrying
[2026-09-23 23:19:36:193] WARN mc_gateway_client::methods Failed to get with StarknetError(StarknetError { code: BlockNotFound, message: "Pre-confirmed block with number 97 was not found. Current pre-confirmed block number is 98." }), retrying
[2026-09-23 23:19:38:390] INFO 📥 Blocks: 97 [0] | Classes: 97 [0] | State: 97 [0]
[2026-09-23 23:19:38:391] INFO 🔗 Sync is at 97/97 [0.17 blocks/s]
[2026-09-23 23:19:41:390] INFO 📥 Blocks: 97 [0] | Classes: 97 [0] | State: 97 [0]
[2026-09-23 23:19:41:390] INFO 🔗 Sync is at 97/97 [0.17 blocks/s]
[2026-09-23 23:19:41:909] WARN mc_gateway_client::methods Failed to get with StarknetError(StarknetError { code: BlockNotFound, message: "Pre-confirmed block with number 98 was not found. Current pre-confirmed block number is 99." }), retrying
[2026-09-23 23:19:42:013] WARN mc_gateway_client::methods Failed to get with StarknetError(StarknetError { code: BlockNotFound, message: "Pre-confirmed block with number 98 was not found. Current pre-confirmed block number is 99." }), retrying
[2026-09-23 23:19:42:215] WARN mc_gateway_client::methods Failed to get with StarknetError(StarknetError { code: BlockNotFound, message: "Pre-confirmed block with number 98 was not found. Current pre-confirmed block number is 99." }), retrying
[2026-09-23 23:19:44:390] INFO 📥 Blocks: 98 [0] | Classes: 98 [0] | State: 98 [0]
[2026-09-23 23:19:44:390] INFO 🔗 Sync is at 98/98 [0.17 blocks/s]
[2026-09-23 23:19:47:390] INFO 📥 Blocks: 98 [0] | Classes: 98 [0] | State: 98 [0]
[2026-09-23 23:19:47:391] INFO 🔗 Sync is at 98/98 [0.17 blocks/s]
[2026-09-23 23:19:47:911] WARN mc_gateway_client::methods Failed to get with StarknetError(StarknetError { code: BlockNotFound, message: "Pre-confirmed block with number 99 was not found. Current pre-confirmed block number is 100." }), retrying
[2026-09-23 23:19:48:013] WARN mc_gateway_client::methods Failed to get with StarknetError(StarknetError { code: BlockNotFound, message: "Pre-confirmed block with number 99 was not found. Current pre-confirmed block number is 100." }), retrying
[2026-09-23 23:19:48:214] WARN mc_gateway_client::methods Failed to get with StarknetError(StarknetError { code: BlockNotFound, message: "Pre-confirmed block with number 99 was not found. Current pre-confirmed block number is 100." }), retrying
[2026-09-23 23:19:50:390] INFO 📥 Blocks: 99 [0] | Classes: 99 [0] | State: 99 [0]
[2026-09-23 23:19:50:390] INFO 🔗 Sync is at 99/99 [0.17 blocks/s]
[2026-09-23 23:19:53:390] INFO 📥 Blocks: 99 [0] | Classes: 99 [0] | State: 99 [0]
[2026-09-23 23:19:53:390] INFO 🔗 Sync is at 99/99 [0.17 blocks/s]
[2026-09-23 23:19:53:923] WARN mc_gateway_client::methods Failed to get with StarknetError(StarknetError { code: BlockNotFound, message: "Pre-confirmed block with number 100 was not found. Current pre-confirmed block number is 101." }), retrying
[2026-09-23 23:19:54:025] WARN mc_gateway_client::methods Failed to get with StarknetError(StarknetError { code: BlockNotFound, message: "Pre-confirmed block with number 100 was not found. Current pre-confirmed block number is 101." }), retrying
[2026-09-23 23:19:54:227] WARN mc_gateway_client::methods Failed to get with StarknetError(StarknetError { code: BlockNotFound, message: "Pre-confirmed block with number 100 was not found. Current pre-confirmed block number is 101." }), retrying
[2026-09-23 23:19:56:390] INFO 📥 Blocks: 100 [0] | Classes: 100 [0] | State: 100 [0]
[2026-09-23 23:19:56:390] INFO 🔗 Sync is at 100/100 [0.17 blocks/s]
[2026-09-23 23:19:59:406] INFO 📥 Blocks: 100 [0] | Classes: 100 [0] | State: 100 [0]
[2026-09-23 23:19:59:406] INFO 🔗 Sync is at 100/100 [0.17 blocks/s]
[2026-09-23 23:19:59:953] WARN mc_gateway_client::methods Failed to get with StarknetError(StarknetError { code: BlockNotFound, message: "Pre-confirmed block with number 101 was not found. Current pre-confirmed block number is 102." }), retrying
[2026-09-23 23:20:00:054] WARN mc_gateway_client::methods Failed to get with StarknetError(StarknetError { code: BlockNotFound, message: "Pre-confirmed block with number 101 was not found. Current pre-confirmed block number is 102." }), retrying
[2026-09-23 23:20:00:256] WARN mc_gateway_client::methods Failed to get with StarknetError(StarknetError { code: BlockNotFound, message: "Pre-confirmed block with number 101 was not found. Current pre-confirmed block number is 102." }), retrying
[2026-09-23 23:20:02:406] INFO 📥 Blocks: 101 [0] | Classes: 101 [0] | State: 101 [0]
[2026-09-23 23:20:02:406] INFO 🔗 Sync is at 101/101 [0.17 blocks/s]
[2026-09-23 23:20:05:406] INFO 📥 Blocks: 101 [0] | Classes: 101 [0] | State: 101 [0]
[2026-09-23 23:20:05:406] INFO 🔗 Sync is at 101/101 [0.17 blocks/s]
[2026-09-23 23:20:05:957] WARN mc_gateway_client::methods Failed to get with StarknetError(StarknetError { code: BlockNotFound, message: "Pre-confirmed block with number 102 was not found. Current pre-confirmed block number is 103." }), retrying
[2026-09-23 23:20:06:059] WARN mc_gateway_client::methods Failed to get with StarknetError(StarknetError { code: BlockNotFound, message: "Pre-confirmed block with number 102 was not found. Current pre-confirmed block number is 103." }), retrying
[2026-09-23 23:20:06:261] WARN mc_gateway_client::methods Failed to get with StarknetError(StarknetError { code: BlockNotFound, message: "Pre-confirmed block with number 102 was not found. Current pre-confirmed block number is 103." }), retrying
[2026-09-23 23:20:08:406] INFO 📥 Blocks: 102 [0] | Classes: 102 [0] | State: 102 [0]
[2026-09-23 23:20:08:406] INFO 🔗 Sync is at 102/102 [0.17 blocks/s]
[2026-09-23 23:20:11:406] INFO 📥 Blocks: 102 [0] | Classes: 102 [0] | State: 102 [0]
[2026-09-23 23:20:11:406] INFO 🔗 Sync is at 102/102 [0.17 blocks/s]
[2026-09-23 23:20:11:986] WARN mc_gateway_client::methods Failed to get with StarknetError(StarknetError { code: BlockNotFound, message: "Pre-confirmed block with number 103 was not found. Current pre-confirmed block number is 104." }), retrying
[2026-09-23 23:20:12:087] WARN mc_gateway_client::methods Failed to get with StarknetError(StarknetError { code: BlockNotFound, message: "Pre-confirmed block with number 103 was not found. Current pre-confirmed block number is 104." }), retrying
[2026-09-23 23:20:12:289] WARN mc_gateway_client::methods Failed to get with StarknetError(StarknetError { code: BlockNotFound, message: "Pre-confirmed block with number 103 was not found. Current pre-confirmed block number is 104." }), retrying
[2026-09-23 23:20:14:406] INFO 📥 Blocks: 103 [0] | Classes: 103 [0] | State: 103 [0]
[2026-09-23 23:20:14:406] INFO 🔗 Sync is at 103/103 [0.17 blocks/s]
[2026-09-23 23:20:17:405] INFO 📥 Blocks: 103 [0] | Classes: 103 [0] | State: 103 [0]
[2026-09-23 23:20:17:405] INFO 🔗 Sync is at 103/103 [0.17 blocks/s]
[2026-09-23 23:20:18:001] WARN mc_gateway_client::methods Failed to get with StarknetError(StarknetError { code: BlockNotFound, message: "Pre-confirmed block with number 104 was not found. Current pre-confirmed block number is 105." }), retrying
[2026-09-23 23:20:18:103] WARN mc_gateway_client::methods Failed to get with StarknetError(StarknetError { code: BlockNotFound, message: "Pre-confirmed block with number 104 was not found. Current pre-confirmed block number is 105." }), retrying
[2026-09-23 23:20:18:305] WARN mc_gateway_client::methods Failed to get with StarknetError(StarknetError { code: BlockNotFound, message: "Pre-confirmed block with number 104 was not found. Current pre-confirmed block number is 105." }), retrying
[2026-09-23 23:20:20:406] INFO 📥 Blocks: 104 [0] | Classes: 104 [0] | State: 104 [0]
[2026-09-23 23:20:20:406] INFO 🔗 Sync is at 104/104 [0.17 blocks/s]
[2026-09-23 23:20:23:406] INFO 📥 Blocks: 104 [0] | Classes: 104 [0] | State: 104 [0]
[2026-09-23 23:20:23:406] INFO 🔗 Sync is at 104/104 [0.17 blocks/s]
[2026-09-23 23:20:24:019] WARN mc_gateway_client::methods Failed to get with StarknetError(StarknetError { code: BlockNotFound, message: "Pre-confirmed block with number 105 was not found. Current pre-confirmed block number is 106." }), retrying
[2026-09-23 23:20:24:121] WARN mc_gateway_client::methods Failed to get with StarknetError(StarknetError { code: BlockNotFound, message: "Pre-confirmed block with number 105 was not found. Current pre-confirmed block number is 106." }), retrying
[2026-09-23 23:20:24:322] WARN mc_gateway_client::methods Failed to get with StarknetError(StarknetError { code: BlockNotFound, message: "Pre-confirmed block with number 105 was not found. Current pre-confirmed block number is 106." }), retrying
[2026-09-23 23:20:26:406] INFO 📥 Blocks: 105 [0] | Classes: 105 [0] | State: 105 [0]
[2026-09-23 23:20:26:406] INFO 🔗 Sync is at 105/105 [0.17 blocks/s]
[2026-09-23 23:20:29:430] INFO 📥 Blocks: 105 [0] | Classes: 105 [0] | State: 105 [0]
[2026-09-23 23:20:29:430] INFO 🔗 Sync is at 105/105 [0.17 blocks/s]
[2026-09-23 23:20:30:064] WARN mc_gateway_client::methods Failed to get with StarknetError(StarknetError { code: BlockNotFound, message: "Pre-confirmed block with number 106 was not found. Current pre-confirmed block number is 107." }), retrying
[2026-09-23 23:20:30:165] WARN mc_gateway_client::methods Failed to get with StarknetError(StarknetError { code: BlockNotFound, message: "Pre-confirmed block with number 106 was not found. Current pre-confirmed block number is 107." }), retrying
[2026-09-23 23:20:30:366] WARN mc_gateway_client::methods Failed to get with StarknetError(StarknetError { code: BlockNotFound, message: "Pre-confirmed block with number 106 was not found. Current pre-confirmed block number is 107." }), retrying
[2026-09-23 23:20:32:430] INFO 📥 Blocks: 106 [0] | Classes: 106 [0] | State: 106 [0]
[2026-09-23 23:20:32:430] INFO 🔗 Sync is at 106/106 [0.17 blocks/s]
[2026-09-23 23:20:35:430] INFO 📥 Blocks: 106 [0] | Classes: 106 [0] | State: 106 [0]
[2026-09-23 23:20:35:430] INFO 🔗 Sync is at 106/106 [0.17 blocks/s]
[2026-09-23 23:20:36:070] WARN mc_gateway_client::methods Failed to get with StarknetError(StarknetError { code: BlockNotFound, message: "Pre-confirmed block with number 107 was not found. Current pre-confirmed block number is 108." }), retrying
[2026-09-23 23:20:36:171] WARN mc_gateway_client::methods Failed to get with StarknetError(StarknetError { code: BlockNotFound, message: "Pre-confirmed block with number 107 was not found. Current pre-confirmed block number is 108." }), retrying
[2026-09-23 23:20:36:372] WARN mc_gateway_client::methods Failed to get with StarknetError(StarknetError { code: BlockNotFound, message: "Pre-confirmed block with number 107 was not found. Current pre-confirmed block number is 108." }), retrying
[2026-09-23 23:20:38:429] INFO 📥 Blocks: 107 [0] | Classes: 107 [0] | State: 107 [0]
[2026-09-23 23:20:38:429] INFO 🔗 Sync is at 107/107 [0.17 blocks/s]
[2026-09-23 23:20:41:430] INFO 📥 Blocks: 107 [0] | Classes: 107 [0] | State: 107 [0]
[2026-09-23 23:20:41:430] INFO 🔗 Sync is at 107/107 [0.17 blocks/s]
[2026-09-23 23:20:42:059] WARN mc_gateway_client::methods Failed to get with StarknetError(StarknetError { code: BlockNotFound, message: "Pre-confirmed block with number 108 was not found. Current pre-confirmed block number is 109." }), retrying
[2026-09-23 23:20:42:160] WARN mc_gateway_client::methods Failed to get with StarknetError(StarknetError { code: BlockNotFound, message: "Pre-confirmed block with number 108 was not found. Current pre-confirmed block number is 109." }), retrying
[2026-09-23 23:20:42:362] WARN mc_gateway_client::methods Failed to get with StarknetError(StarknetError { code: BlockNotFound, message: "Pre-confirmed block with number 108 was not found. Current pre-confirmed block number is 109." }), retrying
[2026-09-23 23:20:44:430] INFO 📥 Blocks: 108 [0] | Classes: 108 [0] | State: 108 [0]
[2026-09-23 23:20:44:430] INFO 🔗 Sync is at 108/108 [0.17 blocks/s]
[2026-09-23 23:20:47:430] INFO 📥 Blocks: 108 [0] | Classes: 108 [0] | State: 108 [0]
[2026-09-23 23:20:47:430] INFO 🔗 Sync is at 108/108 [0.17 blocks/s]
[2026-09-23 23:20:48:094] WARN mc_gateway_client::methods Failed to get with StarknetError(StarknetError { code: BlockNotFound, message: "Pre-confirmed block with number 109 was not found. Current pre-confirmed block number is 110." }), retrying
[2026-09-23 23:20:48:196] WARN mc_gateway_client::methods Failed to get with StarknetError(StarknetError { code: BlockNotFound, message: "Pre-confirmed block with number 109 was not found. Current pre-confirmed block number is 110." }), retrying
[2026-09-23 23:20:48:398] WARN mc_gateway_client::methods Failed to get with StarknetError(StarknetError { code: BlockNotFound, message: "Pre-confirmed block with number 109 was not found. Current pre-confirmed block number is 110." }), retrying
[2026-09-23 23:20:50:429] INFO 📥 Blocks: 109 [0] | Classes: 109 [0] | State: 109 [0]
[2026-09-23 23:20:50:429] INFO 🔗 Sync is at 109/109 [0.17 blocks/s]
[2026-09-23 23:20:53:430] INFO 📥 Blocks: 109 [0] | Classes: 109 [0] | State: 109 [0]
[2026-09-23 23:20:53:430] INFO 🔗 Sync is at 109/109 [0.17 blocks/s]
[2026-09-23 23:20:54:070] WARN mc_gateway_client::methods Failed to get with StarknetError(StarknetError { code: BlockNotFound, message: "Pre-confirmed block with number 110 was not found. Current pre-confirmed block number is 111." }), retrying
[2026-09-23 23:20:54:172] WARN mc_gateway_client::methods Failed to get with StarknetError(StarknetError { code: BlockNotFound, message: "Pre-confirmed block with number 110 was not found. Current pre-confirmed block number is 111." }), retrying
[2026-09-23 23:20:54:374] WARN mc_gateway_client::methods Failed to get with StarknetError(StarknetError { code: BlockNotFound, message: "Pre-confirmed block with number 110 was not found. Current pre-confirmed block number is 111." }), retrying
[2026-09-23 23:20:56:430] INFO 📥 Blocks: 110 [0] | Classes: 110 [0] | State: 110 [0]
[2026-09-23 23:20:56:430] INFO 🔗 Sync is at 110/110 [0.17 blocks/s]
[2026-09-23 23:20:59:448] INFO 📥 Blocks: 110 [0] | Classes: 110 [0] | State: 110 [0]
[2026-09-23 23:20:59:448] INFO 🔗 Sync is at 110/110 [0.17 blocks/s]
[2026-09-23 23:21:00:101] WARN mc_gateway_client::methods Failed to get with StarknetError(StarknetError { code: BlockNotFound, message: "Pre-confirmed block with number 111 was not found. Current pre-confirmed block number is 112." }), retrying
[2026-09-23 23:21:00:203] WARN mc_gateway_client::methods Failed to get with StarknetError(StarknetError { code: BlockNotFound, message: "Pre-confirmed block with number 111 was not found. Current pre-confirmed block number is 112." }), retrying
[2026-09-23 23:21:00:407] WARN mc_gateway_client::methods Failed to get with StarknetError(StarknetError { code: BlockNotFound, message: "Pre-confirmed block with number 111 was not found. Current pre-confirmed block number is 112." }), retrying
[2026-09-23 23:21:02:448] INFO 📥 Blocks: 111 [0] | Classes: 111 [0] | State: 111 [0]
[2026-09-23 23:21:02:448] INFO 🔗 Sync is at 111/111 [0.17 blocks/s]
[2026-09-23 23:21:05:448] INFO 📥 Blocks: 111 [0] | Classes: 111 [0] | State: 111 [0]
[2026-09-23 23:21:05:448] INFO 🔗 Sync is at 111/111 [0.17 blocks/s]
[2026-09-23 23:21:06:112] WARN mc_gateway_client::methods Failed to get with StarknetError(StarknetError { code: BlockNotFound, message: "Pre-confirmed block with number 112 was not found. Current pre-confirmed block number is 113." }), retrying
[2026-09-23 23:21:06:214] WARN mc_gateway_client::methods Failed to get with StarknetError(StarknetError { code: BlockNotFound, message: "Pre-confirmed block with number 112 was not found. Current pre-confirmed block number is 113." }), retrying
[2026-09-23 23:21:06:415] WARN mc_gateway_client::methods Failed to get with StarknetError(StarknetError { code: BlockNotFound, message: "Pre-confirmed block with number 112 was not found. Current pre-confirmed block number is 113." }), retrying
[2026-09-23 23:21:08:448] INFO 📥 Blocks: 112 [0] | Classes: 112 [0] | State: 112 [0]
[2026-09-23 23:21:08:448] INFO 🔗 Sync is at 112/112 [0.17 blocks/s]
[2026-09-23 23:21:11:448] INFO 📥 Blocks: 112 [0] | Classes: 112 [0] | State: 112 [0]
[2026-09-23 23:21:11:448] INFO 🔗 Sync is at 112/112 [0.17 blocks/s]
[2026-09-23 23:21:11:618] WARN mc_gateway_client::methods Failed to get with StarknetError(StarknetError { code: BlockNotFound, message: "Pre-confirmed block with number 113 was not found. Current pre-confirmed block number is 114." }), retrying
[2026-09-23 23:21:11:719] WARN mc_gateway_client::methods Failed to get with StarknetError(StarknetError { code: BlockNotFound, message: "Pre-confirmed block with number 113 was not found. Current pre-confirmed block number is 114." }), retrying
[2026-09-23 23:21:11:920] WARN mc_gateway_client::methods Failed to get with StarknetError(StarknetError { code: BlockNotFound, message: "Pre-confirmed block with number 113 was not found. Current pre-confirmed block number is 114." }), retrying
[2026-09-23 23:21:12:322] WARN mc_gateway_client::methods Failed to get with StarknetError(StarknetError { code: BlockNotFound, message: "Pre-confirmed block with number 113 was not found. Current pre-confirmed block number is 114." }), retrying
[2026-09-23 23:21:14:448] INFO 📥 Blocks: 113 [0] | Classes: 113 [0] | State: 113 [0]
[2026-09-23 23:21:14:448] INFO 🔗 Sync is at 113/113 [0.17 blocks/s]
[2026-09-23 23:21:17:449] INFO 📥 Blocks: 113 [0] | Classes: 113 [0] | State: 113 [0]
[2026-09-23 23:21:17:449] INFO 🔗 Sync is at 113/113 [0.17 blocks/s]
[2026-09-23 23:21:17:628] WARN mc_gateway_client::methods Failed to get with StarknetError(StarknetError { code: BlockNotFound, message: "Pre-confirmed block with number 114 was not found. Current pre-confirmed block number is 115." }), retrying
[2026-09-23 23:21:17:730] WARN mc_gateway_client::methods Failed to get with StarknetError(StarknetError { code: BlockNotFound, message: "Pre-confirmed block with number 114 was not found. Current pre-confirmed block number is 115." }), retrying
[2026-09-23 23:21:17:931] WARN mc_gateway_client::methods Failed to get with StarknetError(StarknetError { code: BlockNotFound, message: "Pre-confirmed block with number 114 was not found. Current pre-confirmed block number is 115." }), retrying
[2026-09-23 23:21:18:333] WARN mc_gateway_client::methods Failed to get with StarknetError(StarknetError { code: BlockNotFound, message: "Pre-confirmed block with number 114 was not found. Current pre-confirmed block number is 115." }), retrying
[2026-09-23 23:21:20:448] INFO 📥 Blocks: 114 [0] | Classes: 114 [0] | State: 114 [0]
[2026-09-23 23:21:20:448] INFO 🔗 Sync is at 114/114 [0.17 blocks/s]
[2026-09-23 23:21:23:448] INFO 📥 Blocks: 114 [0] | Classes: 114 [0] | State: 114 [0]
[2026-09-23 23:21:23:448] INFO 🔗 Sync is at 114/114 [0.17 blocks/s]
[2026-09-23 23:21:26:448] INFO 📥 Blocks: 115 [0] | Classes: 115 [0] | State: 115 [0]
[2026-09-23 23:21:26:448] INFO 🔗 Sync is at 115/115 [0.17 blocks/s]
[2026-09-23 23:21:29:467] INFO 📥 Blocks: 115 [0] | Classes: 115 [0] | State: 115 [0]
[2026-09-23 23:21:29:467] INFO 🔗 Sync is at 115/115 [0.17 blocks/s]
[2026-09-23 23:21:32:468] INFO 📥 Blocks: 116 [0] | Classes: 116 [0] | State: 116 [0]
[2026-09-23 23:21:32:468] INFO 🔗 Sync is at 116/116 [0.17 blocks/s]
[2026-09-23 23:21:35:468] INFO 📥 Blocks: 116 [0] | Classes: 116 [0] | State: 116 [0]
[2026-09-23 23:21:35:468] INFO 🔗 Sync is at 116/116 [0.17 blocks/s]
[2026-09-23 23:21:38:468] INFO 📥 Blocks: 117 [0] | Classes: 117 [0] | State: 117 [0]
[2026-09-23 23:21:38:468] INFO 🔗 Sync is at 117/117 [0.17 blocks/s]
[2026-09-23 23:21:41:468] INFO 📥 Blocks: 117 [0] | Classes: 117 [0] | State: 117 [0]
[2026-09-23 23:21:41:468] INFO 🔗 Sync is at 117/117 [0.17 blocks/s]
[2026-09-23 23:21:44:467] INFO 📥 Blocks: 118 [0] | Classes: 118 [0] | State: 118 [0]
[2026-09-23 23:21:44:467] INFO 🔗 Sync is at 118/118 [0.17 blocks/s]
[2026-09-23 23:21:47:468] INFO 📥 Blocks: 118 [0] | Classes: 118 [0] | State: 118 [0]
[2026-09-23 23:21:47:468] INFO 🔗 Sync is at 118/118 [0.17 blocks/s]
[2026-09-23 23:21:50:468] INFO 📥 Blocks: 119 [0] | Classes: 119 [0] | State: 119 [0]
[2026-09-23 23:21:50:468] INFO 🔗 Sync is at 119/119 [0.17 blocks/s]
[2026-09-23 23:21:53:468] INFO 📥 Blocks: 119 [0] | Classes: 119 [0] | State: 119 [0]
[2026-09-23 23:21:53:468] INFO 🔗 Sync is at 119/119 [0.17 blocks/s]
[2026-09-23 23:21:56:467] INFO 📥 Blocks: 120 [0] | Classes: 120 [0] | State: 120 [0]
[2026-09-23 23:21:56:467] INFO 🔗 Sync is at 120/120 [0.17 blocks/s]
[2026-09-23 23:21:59:490] INFO 📥 Blocks: 120 [0] | Classes: 120 [0] | State: 120 [0]
[2026-09-23 23:21:59:490] INFO 🔗 Sync is at 120/120 [0.17 blocks/s]
[2026-09-23 23:22:02:490] INFO 📥 Blocks: 121 [0] | Classes: 121 [0] | State: 121 [0]
[2026-09-23 23:22:02:490] INFO 🔗 Sync is at 121/121 [0.17 blocks/s]
[2026-09-23 23:22:05:489] INFO 📥 Blocks: 121 [0] | Classes: 121 [0] | State: 121 [0]
[2026-09-23 23:22:05:489] INFO 🔗 Sync is at 121/121 [0.17 blocks/s]
[2026-09-23 23:22:08:490] INFO 📥 Blocks: 122 [0] | Classes: 122 [0] | State: 122 [0]
[2026-09-23 23:22:08:490] INFO 🔗 Sync is at 122/122 [0.17 blocks/s]
[2026-09-23 23:22:11:489] INFO 📥 Blocks: 122 [0] | Classes: 122 [0] | State: 122 [0]
[2026-09-23 23:22:11:490] INFO 🔗 Sync is at 122/122 [0.17 blocks/s]
[2026-09-23 23:22:14:491] INFO 📥 Blocks: 123 [0] | Classes: 123 [0] | State: 123 [0]
[2026-09-23 23:22:14:491] INFO 🔗 Sync is at 123/123 [0.17 blocks/s]
[2026-09-23 23:22:17:490] INFO 📥 Blocks: 123 [0] | Classes: 123 [0] | State: 123 [0]
[2026-09-23 23:22:17:490] INFO 🔗 Sync is at 123/123 [0.17 blocks/s]
[2026-09-23 23:22:20:490] INFO 📥 Blocks: 124 [0] | Classes: 124 [0] | State: 124 [0]
[2026-09-23 23:22:20:490] INFO 🔗 Sync is at 124/124 [0.17 blocks/s]
[2026-09-23 23:22:23:490] INFO 📥 Blocks: 124 [0] | Classes: 124 [0] | State: 124 [0]
[2026-09-23 23:22:23:490] INFO 🔗 Sync is at 124/124 [0.17 blocks/s]
[2026-09-23 23:22:26:496] INFO 📥 Blocks: 125 [0] | Classes: 125 [0] | State: 125 [0]
[2026-09-23 23:22:26:497] INFO 🔗 Sync is at 125/125 [0.17 blocks/s]
[2026-09-23 23:22:29:515] INFO 📥 Blocks: 125 [0] | Classes: 125 [0] | State: 125 [0]
[2026-09-23 23:22:29:516] INFO 🔗 Sync is at 125/125 [0.17 blocks/s]
[2026-09-23 23:22:32:516] INFO 📥 Blocks: 126 [0] | Classes: 126 [0] | State: 126 [0]
[2026-09-23 23:22:32:516] INFO 🔗 Sync is at 126/126 [0.17 blocks/s]
[2026-09-23 23:22:35:516] INFO 📥 Blocks: 126 [0] | Classes: 126 [0] | State: 126 [0]
[2026-09-23 23:22:35:516] INFO 🔗 Sync is at 126/126 [0.17 blocks/s]
[2026-09-23 23:22:38:517] INFO 📥 Blocks: 127 [0] | Classes: 127 [0] | State: 127 [0]
[2026-09-23 23:22:38:517] INFO 🔗 Sync is at 127/127 [0.17 blocks/s]
[2026-09-23 23:22:41:516] INFO 📥 Blocks: 127 [0] | Classes: 127 [0] | State: 127 [0]
[2026-09-23 23:22:41:516] INFO 🔗 Sync is at 127/127 [0.17 blocks/s]
[2026-09-23 23:22:44:516] INFO 📥 Blocks: 128 [0] | Classes: 128 [0] | State: 128 [0]
[2026-09-23 23:22:44:516] INFO 🔗 Sync is at 128/128 [0.17 blocks/s]
[2026-09-23 23:22:47:522] INFO 📥 Blocks: 128 [0] | Classes: 128 [0] | State: 128 [0]
[2026-09-23 23:22:47:522] INFO 🔗 Sync is at 128/128 [0.17 blocks/s]
[2026-09-23 23:22:50:518] INFO 📥 Blocks: 129 [0] | Classes: 129 [0] | State: 129 [0]
[2026-09-23 23:22:50:518] INFO 🔗 Sync is at 129/129 [0.17 blocks/s]
[2026-09-23 23:22:53:518] INFO 📥 Blocks: 129 [0] | Classes: 129 [0] | State: 129 [0]
[2026-09-23 23:22:53:518] INFO 🔗 Sync is at 129/129 [0.17 blocks/s]
[2026-09-23 23:22:53:763] WARN mc_gateway_client::methods Failed to get with StarknetError(StarknetError { code: BlockNotFound, message: "Pre-confirmed block with number 130 was not found. Current pre-confirmed block number is 131." }), retrying
[2026-09-23 23:22:53:868] WARN mc_gateway_client::methods Failed to get with StarknetError(StarknetError { code: BlockNotFound, message: "Pre-confirmed block with number 130 was not found. Current pre-confirmed block number is 131." }), retrying
[2026-09-23 23:22:56:515] INFO 📥 Blocks: 130 [0] | Classes: 130 [0] | State: 130 [0]
[2026-09-23 23:22:56:515] INFO 🔗 Sync is at 130/130 [0.17 blocks/s]
[2026-09-23 23:22:59:531] INFO 📥 Blocks: 130 [0] | Classes: 130 [0] | State: 130 [0]
[2026-09-23 23:22:59:531] INFO 🔗 Sync is at 130/130 [0.17 blocks/s]
[2026-09-23 23:23:02:531] INFO 📥 Blocks: 131 [0] | Classes: 131 [0] | State: 131 [0]
[2026-09-23 23:23:02:531] INFO 🔗 Sync is at 131/131 [0.17 blocks/s]
[2026-09-23 23:23:05:531] INFO 📥 Blocks: 131 [0] | Classes: 131 [0] | State: 131 [0]
[2026-09-23 23:23:05:531] INFO 🔗 Sync is at 131/131 [0.17 blocks/s]
[2026-09-23 23:23:08:531] INFO 📥 Blocks: 132 [0] | Classes: 132 [0] | State: 132 [0]
[2026-09-23 23:23:08:532] INFO 🔗 Sync is at 132/132 [0.17 blocks/s]
[2026-09-23 23:23:11:531] INFO 📥 Blocks: 132 [0] | Classes: 132 [0] | State: 132 [0]
[2026-09-23 23:23:11:531] INFO 🔗 Sync is at 132/132 [0.17 blocks/s]
[2026-09-23 23:23:14:531] INFO 📥 Blocks: 133 [0] | Classes: 133 [0] | State: 133 [0]
[2026-09-23 23:23:14:531] INFO 🔗 Sync is at 133/133 [0.17 blocks/s]
[2026-09-23 23:23:17:531] INFO 📥 Blocks: 133 [0] | Classes: 133 [0] | State: 133 [0]
[2026-09-23 23:23:17:531] INFO 🔗 Sync is at 133/133 [0.17 blocks/s]
[2026-09-23 23:23:20:531] INFO 📥 Blocks: 134 [0] | Classes: 134 [0] | State: 134 [0]
[2026-09-23 23:23:20:531] INFO 🔗 Sync is at 134/134 [0.17 blocks/s]
[2026-09-23 23:23:23:531] INFO 📥 Blocks: 134 [0] | Classes: 134 [0] | State: 134 [0]
[2026-09-23 23:23:23:532] INFO 🔗 Sync is at 134/134 [0.17 blocks/s]
[2026-09-23 23:23:26:532] INFO 📥 Blocks: 135 [0] | Classes: 135 [0] | State: 135 [0]
[2026-09-23 23:23:26:532] INFO 🔗 Sync is at 135/135 [0.17 blocks/s]
[2026-09-23 23:23:29:553] INFO 📥 Blocks: 135 [0] | Classes: 135 [0] | State: 135 [0]
[2026-09-23 23:23:29:553] INFO 🔗 Sync is at 135/135 [0.17 blocks/s]
[2026-09-23 23:23:29:824] WARN mc_gateway_client::methods Failed to get with StarknetError(StarknetError { code: BlockNotFound, message: "Pre-confirmed block with number 136 was not found. Current pre-confirmed block number is 137." }), retrying
[2026-09-23 23:23:29:926] WARN mc_gateway_client::methods Failed to get with StarknetError(StarknetError { code: BlockNotFound, message: "Pre-confirmed block with number 136 was not found. Current pre-confirmed block number is 137." }), retrying
[2026-09-23 23:23:30:139] WARN mc_gateway_client::methods Failed to get with StarknetError(StarknetError { code: BlockNotFound, message: "Pre-confirmed block with number 136 was not found. Current pre-confirmed block number is 137." }), retrying
[2026-09-23 23:23:32:555] INFO 📥 Blocks: 136 [0] | Classes: 136 [0] | State: 136 [0]
[2026-09-23 23:23:32:555] INFO 🔗 Sync is at 136/136 [0.17 blocks/s]
[2026-09-23 23:23:35:553] INFO 📥 Blocks: 136 [0] | Classes: 136 [0] | State: 136 [0]
[2026-09-23 23:23:35:553] INFO 🔗 Sync is at 136/136 [0.17 blocks/s]
[2026-09-23 23:23:38:552] INFO 📥 Blocks: 137 [0] | Classes: 137 [0] | State: 137 [0]
[2026-09-23 23:23:38:552] INFO 🔗 Sync is at 137/137 [0.17 blocks/s]
[2026-09-23 23:23:41:552] INFO 📥 Blocks: 137 [0] | Classes: 137 [0] | State: 137 [0]
[2026-09-23 23:23:41:553] INFO 🔗 Sync is at 137/137 [0.17 blocks/s]
[2026-09-23 23:23:44:553] INFO 📥 Blocks: 138 [0] | Classes: 138 [0] | State: 138 [0]
[2026-09-23 23:23:44:553] INFO 🔗 Sync is at 138/138 [0.17 blocks/s]
[2026-09-23 23:23:47:553] INFO 📥 Blocks: 138 [0] | Classes: 138 [0] | State: 138 [0]
[2026-09-23 23:23:47:553] INFO 🔗 Sync is at 138/138 [0.17 blocks/s]
[2026-09-23 23:23:47:837] WARN mc_gateway_client::methods Failed to get with StarknetError(StarknetError { code: BlockNotFound, message: "Pre-confirmed block with number 139 was not found. Current pre-confirmed block number is 140." }), retrying
[2026-09-23 23:23:47:939] WARN mc_gateway_client::methods Failed to get with StarknetError(StarknetError { code: BlockNotFound, message: "Pre-confirmed block with number 139 was not found. Current pre-confirmed block number is 140." }), retrying
[2026-09-23 23:23:48:141] WARN mc_gateway_client::methods Failed to get with StarknetError(StarknetError { code: BlockNotFound, message: "Pre-confirmed block with number 139 was not found. Current pre-confirmed block number is 140." }), retrying
[2026-09-23 23:23:50:553] INFO 📥 Blocks: 139 [0] | Classes: 139 [0] | State: 139 [0]
[2026-09-23 23:23:50:553] INFO 🔗 Sync is at 139/139 [0.17 blocks/s]
[2026-09-23 23:23:53:553] INFO 📥 Blocks: 139 [0] | Classes: 139 [0] | State: 139 [0]
[2026-09-23 23:23:53:553] INFO 🔗 Sync is at 139/139 [0.17 blocks/s]
[2026-09-23 23:23:56:552] INFO 📥 Blocks: 140 [0] | Classes: 140 [0] | State: 140 [0]
[2026-09-23 23:23:56:552] INFO 🔗 Sync is at 140/140 [0.17 blocks/s]
[2026-09-23 23:23:59:577] INFO 📥 Blocks: 140 [0] | Classes: 140 [0] | State: 140 [0]
[2026-09-23 23:23:59:577] INFO 🔗 Sync is at 140/140 [0.17 blocks/s]
[2026-09-23 23:24:02:575] INFO 📥 Blocks: 141 [0] | Classes: 141 [0] | State: 141 [0]
[2026-09-23 23:24:02:576] INFO 🔗 Sync is at 141/141 [0.17 blocks/s]
[2026-09-23 23:24:05:576] INFO 📥 Blocks: 141 [0] | Classes: 141 [0] | State: 141 [0]
[2026-09-23 23:24:05:576] INFO 🔗 Sync is at 141/141 [0.17 blocks/s]
[2026-09-23 23:24:05:929] WARN mc_gateway_client::methods Failed to get with StarknetError(StarknetError { code: BlockNotFound, message: "Pre-confirmed block with number 142 was not found. Current pre-confirmed block number is 143." }), retrying
[2026-09-23 23:24:06:034] WARN mc_gateway_client::methods Failed to get with StarknetError(StarknetError { code: BlockNotFound, message: "Pre-confirmed block with number 142 was not found. Current pre-confirmed block number is 143." }), retrying
[2026-09-23 23:24:06:240] WARN mc_gateway_client::methods Failed to get with StarknetError(StarknetError { code: BlockNotFound, message: "Pre-confirmed block with number 142 was not found. Current pre-confirmed block number is 143." }), retrying
[2026-09-23 23:24:08:575] INFO 📥 Blocks: 142 [0] | Classes: 142 [0] | State: 142 [0]
[2026-09-23 23:24:08:575] INFO 🔗 Sync is at 142/142 [0.17 blocks/s]
[2026-09-23 23:24:11:576] INFO 📥 Blocks: 142 [0] | Classes: 142 [0] | State: 142 [0]
[2026-09-23 23:24:11:576] INFO 🔗 Sync is at 142/142 [0.17 blocks/s]
[2026-09-23 23:24:11:888] WARN mc_gateway_client::methods Failed to get with StarknetError(StarknetError { code: BlockNotFound, message: "Pre-confirmed block with number 143 was not found. Current pre-confirmed block number is 144." }), retrying
[2026-09-23 23:24:11:993] WARN mc_gateway_client::methods Failed to get with StarknetError(StarknetError { code: BlockNotFound, message: "Pre-confirmed block with number 143 was not found. Current pre-confirmed block number is 144." }), retrying
[2026-09-23 23:24:12:196] WARN mc_gateway_client::methods Failed to get with StarknetError(StarknetError { code: BlockNotFound, message: "Pre-confirmed block with number 143 was not found. Current pre-confirmed block number is 144." }), retrying
[2026-09-23 23:24:14:576] INFO 📥 Blocks: 143 [0] | Classes: 143 [0] | State: 143 [0]
[2026-09-23 23:24:14:576] INFO 🔗 Sync is at 143/143 [0.17 blocks/s]
[2026-09-23 23:24:17:575] INFO 📥 Blocks: 143 [0] | Classes: 143 [0] | State: 143 [0]
[2026-09-23 23:24:17:575] INFO 🔗 Sync is at 143/143 [0.17 blocks/s]
[2026-09-23 23:24:17:892] WARN mc_gateway_client::methods Failed to get with StarknetError(StarknetError { code: BlockNotFound, message: "Pre-confirmed block with number 144 was not found. Current pre-confirmed block number is 145." }), retrying
[2026-09-23 23:24:17:994] WARN mc_gateway_client::methods Failed to get with StarknetError(StarknetError { code: BlockNotFound, message: "Pre-confirmed block with number 144 was not found. Current pre-confirmed block number is 145." }), retrying
[2026-09-23 23:24:18:196] WARN mc_gateway_client::methods Failed to get with StarknetError(StarknetError { code: BlockNotFound, message: "Pre-confirmed block with number 144 was not found. Current pre-confirmed block number is 145." }), retrying
[2026-09-23 23:24:20:576] INFO 📥 Blocks: 144 [0] | Classes: 144 [0] | State: 144 [0]
[2026-09-23 23:24:20:576] INFO 🔗 Sync is at 144/144 [0.17 blocks/s]
[2026-09-23 23:24:23:576] INFO 📥 Blocks: 144 [0] | Classes: 144 [0] | State: 144 [0]
[2026-09-23 23:24:23:576] INFO 🔗 Sync is at 144/144 [0.17 blocks/s]
[2026-09-23 23:24:23:884] WARN mc_gateway_client::methods Failed to get with StarknetError(StarknetError { code: BlockNotFound, message: "Pre-confirmed block with number 145 was not found. Current pre-confirmed block number is 146." }), retrying
[2026-09-23 23:24:23:986] WARN mc_gateway_client::methods Failed to get with StarknetError(StarknetError { code: BlockNotFound, message: "Pre-confirmed block with number 145 was not found. Current pre-confirmed block number is 146." }), retrying
[2026-09-23 23:24:24:188] WARN mc_gateway_client::methods Failed to get with StarknetError(StarknetError { code: BlockNotFound, message: "Pre-confirmed block with number 145 was not found. Current pre-confirmed block number is 146." }), retrying
[2026-09-23 23:24:26:575] INFO 📥 Blocks: 145 [0] | Classes: 145 [0] | State: 145 [0]
[2026-09-23 23:24:26:575] INFO 🔗 Sync is at 145/145 [0.17 blocks/s]
[2026-09-23 23:24:29:587] INFO 📥 Blocks: 145 [0] | Classes: 145 [0] | State: 145 [0]
[2026-09-23 23:24:29:587] INFO 🔗 Sync is at 145/145 [0.17 blocks/s]
[2026-09-23 23:24:29:912] WARN mc_gateway_client::methods Failed to get with StarknetError(StarknetError { code: BlockNotFound, message: "Pre-confirmed block with number 146 was not found. Current pre-confirmed block number is 147." }), retrying
[2026-09-23 23:24:30:013] WARN mc_gateway_client::methods Failed to get with StarknetError(StarknetError { code: BlockNotFound, message: "Pre-confirmed block with number 146 was not found. Current pre-confirmed block number is 147." }), retrying
[2026-09-23 23:24:30:215] WARN mc_gateway_client::methods Failed to get with StarknetError(StarknetError { code: BlockNotFound, message: "Pre-confirmed block with number 146 was not found. Current pre-confirmed block number is 147." }), retrying
[2026-09-23 23:24:32:588] INFO 📥 Blocks: 146 [0] | Classes: 146 [0] | State: 146 [0]
[2026-09-23 23:24:32:588] INFO 🔗 Sync is at 146/146 [0.17 blocks/s]
[2026-09-23 23:24:35:587] INFO 📥 Blocks: 146 [0] | Classes: 146 [0] | State: 146 [0]
[2026-09-23 23:24:35:587] INFO 🔗 Sync is at 146/146 [0.17 blocks/s]
[2026-09-23 23:24:35:923] WARN mc_gateway_client::methods Failed to get with StarknetError(StarknetError { code: BlockNotFound, message: "Pre-confirmed block with number 147 was not found. Current pre-confirmed block number is 148." }), retrying
[2026-09-23 23:24:36:025] WARN mc_gateway_client::methods Failed to get with StarknetError(StarknetError { code: BlockNotFound, message: "Pre-confirmed block with number 147 was not found. Current pre-confirmed block number is 148." }), retrying
[2026-09-23 23:24:36:227] WARN mc_gateway_client::methods Failed to get with StarknetError(StarknetError { code: BlockNotFound, message: "Pre-confirmed block with number 147 was not found. Current pre-confirmed block number is 148." }), retrying
[2026-09-23 23:24:38:587] INFO 📥 Blocks: 147 [0] | Classes: 147 [0] | State: 147 [0]
[2026-09-23 23:24:38:587] INFO 🔗 Sync is at 147/147 [0.17 blocks/s]
[2026-09-23 23:24:41:587] INFO 📥 Blocks: 147 [0] | Classes: 147 [0] | State: 147 [0]
[2026-09-23 23:24:41:587] INFO 🔗 Sync is at 147/147 [0.17 blocks/s]
[2026-09-23 23:24:41:929] WARN mc_gateway_client::methods Failed to get with StarknetError(StarknetError { code: BlockNotFound, message: "Pre-confirmed block with number 148 was not found. Current pre-confirmed block number is 149." }), retrying
[2026-09-23 23:24:42:031] WARN mc_gateway_client::methods Failed to get with StarknetError(StarknetError { code: BlockNotFound, message: "Pre-confirmed block with number 148 was not found. Current pre-confirmed block number is 149." }), retrying
[2026-09-23 23:24:42:233] WARN mc_gateway_client::methods Failed to get with StarknetError(StarknetError { code: BlockNotFound, message: "Pre-confirmed block with number 148 was not found. Current pre-confirmed block number is 149." }), retrying
[2026-09-23 23:24:44:588] INFO 📥 Blocks: 148 [0] | Classes: 148 [0] | State: 148 [0]
[2026-09-23 23:24:44:588] INFO 🔗 Sync is at 148/148 [0.17 blocks/s]
[2026-09-23 23:24:47:586] INFO 📥 Blocks: 148 [0] | Classes: 148 [0] | State: 148 [0]
[2026-09-23 23:24:47:586] INFO 🔗 Sync is at 148/148 [0.17 blocks/s]
[2026-09-23 23:24:47:962] WARN mc_gateway_client::methods Failed to get with StarknetError(StarknetError { code: BlockNotFound, message: "Pre-confirmed block with number 149 was not found. Current pre-confirmed block number is 150." }), retrying
[2026-09-23 23:24:48:063] WARN mc_gateway_client::methods Failed to get with StarknetError(StarknetError { code: BlockNotFound, message: "Pre-confirmed block with number 149 was not found. Current pre-confirmed block number is 150." }), retrying
[2026-09-23 23:24:48:265] WARN mc_gateway_client::methods Failed to get with StarknetError(StarknetError { code: BlockNotFound, message: "Pre-confirmed block with number 149 was not found. Current pre-confirmed block number is 150." }), retrying
[2026-09-23 23:24:50:587] INFO 📥 Blocks: 149 [0] | Classes: 149 [0] | State: 149 [0]
[2026-09-23 23:24:50:587] INFO 🔗 Sync is at 149/149 [0.17 blocks/s]
[2026-09-23 23:24:53:587] INFO 📥 Blocks: 149 [0] | Classes: 149 [0] | State: 149 [0]
[2026-09-23 23:24:53:587] INFO 🔗 Sync is at 149/149 [0.17 blocks/s]
[2026-09-23 23:24:53:972] WARN mc_gateway_client::methods Failed to get with StarknetError(StarknetError { code: BlockNotFound, message: "Pre-confirmed block with number 150 was not found. Current pre-confirmed block number is 151." }), retrying
[2026-09-23 23:24:54:073] WARN mc_gateway_client::methods Failed to get with StarknetError(StarknetError { code: BlockNotFound, message: "Pre-confirmed block with number 150 was not found. Current pre-confirmed block number is 151." }), retrying
[2026-09-23 23:24:54:274] WARN mc_gateway_client::methods Failed to get with StarknetError(StarknetError { code: BlockNotFound, message: "Pre-confirmed block with number 150 was not found. Current pre-confirmed block number is 151." }), retrying
[2026-09-23 23:24:56:587] INFO 📥 Blocks: 150 [0] | Classes: 150 [0] | State: 150 [0]
[2026-09-23 23:24:56:587] INFO 🔗 Sync is at 150/150 [0.17 blocks/s]
[2026-09-23 23:24:59:613] INFO 📥 Blocks: 150 [0] | Classes: 150 [0] | State: 150 [0]
[2026-09-23 23:24:59:613] INFO 🔗 Sync is at 150/150 [0.17 blocks/s]
[2026-09-23 23:24:59:988] WARN mc_gateway_client::methods Failed to get with StarknetError(StarknetError { code: BlockNotFound, message: "Pre-confirmed block with number 151 was not found. Current pre-confirmed block number is 152." }), retrying
[2026-09-23 23:25:00:089] WARN mc_gateway_client::methods Failed to get with StarknetError(StarknetError { code: BlockNotFound, message: "Pre-confirmed block with number 151 was not found. Current pre-confirmed block number is 152." }), retrying
[2026-09-23 23:25:00:290] WARN mc_gateway_client::methods Failed to get with StarknetError(StarknetError { code: BlockNotFound, message: "Pre-confirmed block with number 151 was not found. Current pre-confirmed block number is 152." }), retrying
[2026-09-23 23:25:02:614] INFO 📥 Blocks: 151 [0] | Classes: 151 [0] | State: 151 [0]
[2026-09-23 23:25:02:614] INFO 🔗 Sync is at 151/151 [0.17 blocks/s]
[2026-09-23 23:25:05:614] INFO 📥 Blocks: 151 [0] | Classes: 151 [0] | State: 151 [0]
[2026-09-23 23:25:05:614] INFO 🔗 Sync is at 151/151 [0.17 blocks/s]
[2026-09-23 23:25:06:001] WARN mc_gateway_client::methods Failed to get with StarknetError(StarknetError { code: BlockNotFound, message: "Pre-confirmed block with number 152 was not found. Current pre-confirmed block number is 153." }), retrying
[2026-09-23 23:25:06:102] WARN mc_gateway_client::methods Failed to get with StarknetError(StarknetError { code: BlockNotFound, message: "Pre-confirmed block with number 152 was not found. Current pre-confirmed block number is 153." }), retrying
[2026-09-23 23:25:06:304] WARN mc_gateway_client::methods Failed to get with StarknetError(StarknetError { code: BlockNotFound, message: "Pre-confirmed block with number 152 was not found. Current pre-confirmed block number is 153." }), retrying
[2026-09-23 23:25:08:614] INFO 📥 Blocks: 152 [0] | Classes: 152 [0] | State: 152 [0]
[2026-09-23 23:25:08:614] INFO 🔗 Sync is at 152/152 [0.17 blocks/s]
[2026-09-23 23:25:11:613] INFO 📥 Blocks: 152 [0] | Classes: 152 [0] | State: 152 [0]
[2026-09-23 23:25:11:613] INFO 🔗 Sync is at 152/152 [0.17 blocks/s]
[2026-09-23 23:25:12:009] WARN mc_gateway_client::methods Failed to get with StarknetError(StarknetError { code: BlockNotFound, message: "Pre-confirmed block with number 153 was not found. Current pre-confirmed block number is 154." }), retrying
[2026-09-23 23:25:12:112] WARN mc_gateway_client::methods Failed to get with StarknetError(StarknetError { code: BlockNotFound, message: "Pre-confirmed block with number 153 was not found. Current pre-confirmed block number is 154." }), retrying
[2026-09-23 23:25:12:314] WARN mc_gateway_client::methods Failed to get with StarknetError(StarknetError { code: BlockNotFound, message: "Pre-confirmed block with number 153 was not found. Current pre-confirmed block number is 154." }), retrying
[2026-09-23 23:25:14:614] INFO 📥 Blocks: 153 [0] | Classes: 153 [0] | State: 153 [0]
[2026-09-23 23:25:14:614] INFO 🔗 Sync is at 153/153 [0.17 blocks/s]
[2026-09-23 23:25:17:613] INFO 📥 Blocks: 153 [0] | Classes: 153 [0] | State: 153 [0]
[2026-09-23 23:25:17:613] INFO 🔗 Sync is at 153/153 [0.17 blocks/s]
[2026-09-23 23:25:18:023] WARN mc_gateway_client::methods Failed to get with StarknetError(StarknetError { code: BlockNotFound, message: "Pre-confirmed block with number 154 was not found. Current pre-confirmed block number is 155." }), retrying
[2026-09-23 23:25:18:125] WARN mc_gateway_client::methods Failed to get with StarknetError(StarknetError { code: BlockNotFound, message: "Pre-confirmed block with number 154 was not found. Current pre-confirmed block number is 155." }), retrying
[2026-09-23 23:25:18:327] WARN mc_gateway_client::methods Failed to get with StarknetError(StarknetError { code: BlockNotFound, message: "Pre-confirmed block with number 154 was not found. Current pre-confirmed block number is 155." }), retrying
[2026-09-23 23:25:20:614] INFO 📥 Blocks: 154 [0] | Classes: 154 [0] | State: 154 [0]
[2026-09-23 23:25:20:614] INFO 🔗 Sync is at 154/154 [0.17 blocks/s]
[2026-09-23 23:25:23:614] INFO 📥 Blocks: 154 [0] | Classes: 154 [0] | State: 154 [0]
[2026-09-23 23:25:23:614] INFO 🔗 Sync is at 154/154 [0.17 blocks/s]
[2026-09-23 23:25:24:050] WARN mc_gateway_client::methods Failed to get with StarknetError(StarknetError { code: BlockNotFound, message: "Pre-confirmed block with number 155 was not found. Current pre-confirmed block number is 156." }), retrying
[2026-09-23 23:25:24:151] WARN mc_gateway_client::methods Failed to get with StarknetError(StarknetError { code: BlockNotFound, message: "Pre-confirmed block with number 155 was not found. Current pre-confirmed block number is 156." }), retrying
[2026-09-23 23:25:24:353] WARN mc_gateway_client::methods Failed to get with StarknetError(StarknetError { code: BlockNotFound, message: "Pre-confirmed block with number 155 was not found. Current pre-confirmed block number is 156." }), retrying
[2026-09-23 23:25:26:613] INFO 📥 Blocks: 155 [0] | Classes: 155 [0] | State: 155 [0]
[2026-09-23 23:25:26:613] INFO 🔗 Sync is at 155/155 [0.17 blocks/s]
[2026-09-23 23:25:29:634] INFO 📥 Blocks: 155 [0] | Classes: 155 [0] | State: 155 [0]
[2026-09-23 23:25:29:634] INFO 🔗 Sync is at 155/155 [0.17 blocks/s]
[2026-09-23 23:25:30:087] WARN mc_gateway_client::methods Failed to get with StarknetError(StarknetError { code: BlockNotFound, message: "Pre-confirmed block with number 156 was not found. Current pre-confirmed block number is 157." }), retrying
[2026-09-23 23:25:30:188] WARN mc_gateway_client::methods Failed to get with StarknetError(StarknetError { code: BlockNotFound, message: "Pre-confirmed block with number 156 was not found. Current pre-confirmed block number is 157." }), retrying
[2026-09-23 23:25:30:390] WARN mc_gateway_client::methods Failed to get with StarknetError(StarknetError { code: BlockNotFound, message: "Pre-confirmed block with number 156 was not found. Current pre-confirmed block number is 157." }), retrying
[2026-09-23 23:25:32:634] INFO 📥 Blocks: 156 [0] | Classes: 156 [0] | State: 156 [0]
[2026-09-23 23:25:32:634] INFO 🔗 Sync is at 156/156 [0.17 blocks/s]
[2026-09-23 23:25:35:635] INFO 📥 Blocks: 156 [0] | Classes: 156 [0] | State: 156 [0]
[2026-09-23 23:25:35:635] INFO 🔗 Sync is at 156/156 [0.17 blocks/s]
[2026-09-23 23:25:36:072] WARN mc_gateway_client::methods Failed to get with StarknetError(StarknetError { code: BlockNotFound, message: "Pre-confirmed block with number 157 was not found. Current pre-confirmed block number is 158." }), retrying
[2026-09-23 23:25:36:173] WARN mc_gateway_client::methods Failed to get with StarknetError(StarknetError { code: BlockNotFound, message: "Pre-confirmed block with number 157 was not found. Current pre-confirmed block number is 158." }), retrying
[2026-09-23 23:25:36:376] WARN mc_gateway_client::methods Failed to get with StarknetError(StarknetError { code: BlockNotFound, message: "Pre-confirmed block with number 157 was not found. Current pre-confirmed block number is 158." }), retrying
[2026-09-23 23:25:38:634] INFO 📥 Blocks: 157 [0] | Classes: 157 [0] | State: 157 [0]
[2026-09-23 23:25:38:634] INFO 🔗 Sync is at 157/157 [0.17 blocks/s]
[2026-09-23 23:25:41:634] INFO 📥 Blocks: 157 [0] | Classes: 157 [0] | State: 157 [0]
[2026-09-23 23:25:41:634] INFO 🔗 Sync is at 157/157 [0.17 blocks/s]
[2026-09-23 23:25:42:098] WARN mc_gateway_client::methods Failed to get with StarknetError(StarknetError { code: BlockNotFound, message: "Pre-confirmed block with number 158 was not found. Current pre-confirmed block number is 159." }), retrying
[2026-09-23 23:25:42:204] WARN mc_gateway_client::methods Failed to get with StarknetError(StarknetError { code: BlockNotFound, message: "Pre-confirmed block with number 158 was not found. Current pre-confirmed block number is 159." }), retrying
[2026-09-23 23:25:42:407] WARN mc_gateway_client::methods Failed to get with StarknetError(StarknetError { code: BlockNotFound, message: "Pre-confirmed block with number 158 was not found. Current pre-confirmed block number is 159." }), retrying
[2026-09-23 23:25:44:634] INFO 📥 Blocks: 158 [0] | Classes: 158 [0] | State: 158 [0]
[2026-09-23 23:25:44:634] INFO 🔗 Sync is at 158/158 [0.17 blocks/s]
[2026-09-23 23:25:47:634] INFO 📥 Blocks: 158 [0] | Classes: 158 [0] | State: 158 [0]
[2026-09-23 23:25:47:634] INFO 🔗 Sync is at 158/158 [0.17 blocks/s]
[2026-09-23 23:25:48:135] WARN mc_gateway_client::methods Failed to get with StarknetError(StarknetError { code: BlockNotFound, message: "Pre-confirmed block with number 159 was not found. Current pre-confirmed block number is 160." }), retrying
[2026-09-23 23:25:48:237] WARN mc_gateway_client::methods Failed to get with StarknetError(StarknetError { code: BlockNotFound, message: "Pre-confirmed block with number 159 was not found. Current pre-confirmed block number is 160." }), retrying
[2026-09-23 23:25:48:439] WARN mc_gateway_client::methods Failed to get with StarknetError(StarknetError { code: BlockNotFound, message: "Pre-confirmed block with number 159 was not found. Current pre-confirmed block number is 160." }), retrying
[2026-09-23 23:25:50:634] INFO 📥 Blocks: 159 [0] | Classes: 159 [0] | State: 159 [0]
[2026-09-23 23:25:50:634] INFO 🔗 Sync is at 159/159 [0.17 blocks/s]
[2026-09-23 23:25:53:634] INFO 📥 Blocks: 159 [0] | Classes: 159 [0] | State: 159 [0]
[2026-09-23 23:25:53:634] INFO 🔗 Sync is at 159/159 [0.17 blocks/s]
[2026-09-23 23:25:54:100] WARN mc_gateway_client::methods Failed to get with StarknetError(StarknetError { code: BlockNotFound, message: "Pre-confirmed block with number 160 was not found. Current pre-confirmed block number is 161." }), retrying
[2026-09-23 23:25:54:202] WARN mc_gateway_client::methods Failed to get with StarknetError(StarknetError { code: BlockNotFound, message: "Pre-confirmed block with number 160 was not found. Current pre-confirmed block number is 161." }), retrying
[2026-09-23 23:25:54:404] WARN mc_gateway_client::methods Failed to get with StarknetError(StarknetError { code: BlockNotFound, message: "Pre-confirmed block with number 160 was not found. Current pre-confirmed block number is 161." }), retrying
[2026-09-23 23:25:56:634] INFO 📥 Blocks: 160 [0] | Classes: 160 [0] | State: 160 [0]
[2026-09-23 23:25:56:634] INFO 🔗 Sync is at 160/160 [0.17 blocks/s]
[2026-09-23 23:25:59:658] INFO 📥 Blocks: 160 [0] | Classes: 160 [0] | State: 160 [0]
[2026-09-23 23:25:59:658] INFO 🔗 Sync is at 160/160 [0.17 blocks/s]
[2026-09-23 23:26:00:137] WARN mc_gateway_client::methods Failed to get with StarknetError(StarknetError { code: BlockNotFound, message: "Pre-confirmed block with number 161 was not found. Current pre-confirmed block number is 162." }), retrying
[2026-09-23 23:26:00:240] WARN mc_gateway_client::methods Failed to get with StarknetError(StarknetError { code: BlockNotFound, message: "Pre-confirmed block with number 161 was not found. Current pre-confirmed block number is 162." }), retrying
[2026-09-23 23:26:00:442] WARN mc_gateway_client::methods Failed to get with StarknetError(StarknetError { code: BlockNotFound, message: "Pre-confirmed block with number 161 was not found. Current pre-confirmed block number is 162." }), retrying
[2026-09-23 23:26:02:658] INFO 📥 Blocks: 161 [0] | Classes: 161 [0] | State: 161 [0]
[2026-09-23 23:26:02:658] INFO 🔗 Sync is at 161/161 [0.17 blocks/s]
[2026-09-23 23:26:05:658] INFO 📥 Blocks: 161 [0] | Classes: 161 [0] | State: 161 [0]
[2026-09-23 23:26:05:658] INFO 🔗 Sync is at 161/161 [0.17 blocks/s]
[2026-09-23 23:26:06:148] WARN mc_gateway_client::methods Failed to get with StarknetError(StarknetError { code: BlockNotFound, message: "Pre-confirmed block with number 162 was not found. Current pre-confirmed block number is 163." }), retrying
[2026-09-23 23:26:06:250] WARN mc_gateway_client::methods Failed to get with StarknetError(StarknetError { code: BlockNotFound, message: "Pre-confirmed block with number 162 was not found. Current pre-confirmed block number is 163." }), retrying
[2026-09-23 23:26:06:452] WARN mc_gateway_client::methods Failed to get with StarknetError(StarknetError { code: BlockNotFound, message: "Pre-confirmed block with number 162 was not found. Current pre-confirmed block number is 163." }), retrying
[2026-09-23 23:26:08:658] INFO 📥 Blocks: 162 [0] | Classes: 162 [0] | State: 162 [0]
[2026-09-23 23:26:08:658] INFO 🔗 Sync is at 162/162 [0.17 blocks/s]
[2026-09-23 23:26:11:658] INFO 📥 Blocks: 162 [0] | Classes: 162 [0] | State: 162 [0]
[2026-09-23 23:26:11:658] INFO 🔗 Sync is at 162/162 [0.17 blocks/s]
[2026-09-23 23:26:12:158] WARN mc_gateway_client::methods Failed to get with StarknetError(StarknetError { code: BlockNotFound, message: "Pre-confirmed block with number 163 was not found. Current pre-confirmed block number is 164." }), retrying
[2026-09-23 23:26:12:260] WARN mc_gateway_client::methods Failed to get with StarknetError(StarknetError { code: BlockNotFound, message: "Pre-confirmed block with number 163 was not found. Current pre-confirmed block number is 164." }), retrying
[2026-09-23 23:26:12:462] WARN mc_gateway_client::methods Failed to get with StarknetError(StarknetError { code: BlockNotFound, message: "Pre-confirmed block with number 163 was not found. Current pre-confirmed block number is 164." }), retrying
[2026-09-23 23:26:14:658] INFO 📥 Blocks: 163 [0] | Classes: 163 [0] | State: 163 [0]
[2026-09-23 23:26:14:658] INFO 🔗 Sync is at 163/163 [0.17 blocks/s]
[2026-09-23 23:26:17:658] INFO 📥 Blocks: 163 [0] | Classes: 163 [0] | State: 163 [0]
[2026-09-23 23:26:17:658] INFO 🔗 Sync is at 163/163 [0.17 blocks/s]
[2026-09-23 23:26:18:167] WARN mc_gateway_client::methods Failed to get with StarknetError(StarknetError { code: BlockNotFound, message: "Pre-confirmed block with number 164 was not found. Current pre-confirmed block number is 165." }), retrying
[2026-09-23 23:26:18:269] WARN mc_gateway_client::methods Failed to get with StarknetError(StarknetError { code: BlockNotFound, message: "Pre-confirmed block with number 164 was not found. Current pre-confirmed block number is 165." }), retrying
[2026-09-23 23:26:18:471] WARN mc_gateway_client::methods Failed to get with StarknetError(StarknetError { code: BlockNotFound, message: "Pre-confirmed block with number 164 was not found. Current pre-confirmed block number is 165." }), retrying
[2026-09-23 23:26:20:658] INFO 📥 Blocks: 164 [0] | Classes: 164 [0] | State: 164 [0]
[2026-09-23 23:26:20:658] INFO 🔗 Sync is at 164/164 [0.17 blocks/s]
[2026-09-23 23:26:23:658] INFO 📥 Blocks: 164 [0] | Classes: 164 [0] | State: 164 [0]
[2026-09-23 23:26:23:658] INFO 🔗 Sync is at 164/164 [0.17 blocks/s]
[2026-09-23 23:26:24:175] WARN mc_gateway_client::methods Failed to get with StarknetError(StarknetError { code: BlockNotFound, message: "Pre-confirmed block with number 165 was not found. Current pre-confirmed block number is 166." }), retrying
[2026-09-23 23:26:24:276] WARN mc_gateway_client::methods Failed to get with StarknetError(StarknetError { code: BlockNotFound, message: "Pre-confirmed block with number 165 was not found. Current pre-confirmed block number is 166." }), retrying
[2026-09-23 23:26:24:479] WARN mc_gateway_client::methods Failed to get with StarknetError(StarknetError { code: BlockNotFound, message: "Pre-confirmed block with number 165 was not found. Current pre-confirmed block number is 166." }), retrying
[2026-09-23 23:26:26:658] INFO 📥 Blocks: 165 [0] | Classes: 165 [0] | State: 165 [0]
[2026-09-23 23:26:26:658] INFO 🔗 Sync is at 165/165 [0.17 blocks/s]
[2026-09-23 23:26:29:689] INFO 📥 Blocks: 165 [0] | Classes: 165 [0] | State: 165 [0]
[2026-09-23 23:26:29:689] INFO 🔗 Sync is at 165/165 [0.17 blocks/s]
[2026-09-23 23:26:30:224] WARN mc_gateway_client::methods Failed to get with StarknetError(StarknetError { code: BlockNotFound, message: "Pre-confirmed block with number 166 was not found. Current pre-confirmed block number is 167." }), retrying
[2026-09-23 23:26:30:326] WARN mc_gateway_client::methods Failed to get with StarknetError(StarknetError { code: BlockNotFound, message: "Pre-confirmed block with number 166 was not found. Current pre-confirmed block number is 167." }), retrying
[2026-09-23 23:26:30:527] WARN mc_gateway_client::methods Failed to get with StarknetError(StarknetError { code: BlockNotFound, message: "Pre-confirmed block with number 166 was not found. Current pre-confirmed block number is 167." }), retrying
[2026-09-23 23:26:32:689] INFO 📥 Blocks: 166 [0] | Classes: 166 [0] | State: 166 [0]
[2026-09-23 23:26:32:689] INFO 🔗 Sync is at 166/166 [0.17 blocks/s]
[2026-09-23 23:26:35:689] INFO 📥 Blocks: 166 [0] | Classes: 166 [0] | State: 166 [0]
[2026-09-23 23:26:35:689] INFO 🔗 Sync is at 166/166 [0.17 blocks/s]
[2026-09-23 23:26:36:229] WARN mc_gateway_client::methods Failed to get with StarknetError(StarknetError { code: BlockNotFound, message: "Pre-confirmed block with number 167 was not found. Current pre-confirmed block number is 168." }), retrying
[2026-09-23 23:26:36:330] WARN mc_gateway_client::methods Failed to get with StarknetError(StarknetError { code: BlockNotFound, message: "Pre-confirmed block with number 167 was not found. Current pre-confirmed block number is 168." }), retrying
[2026-09-23 23:26:36:533] WARN mc_gateway_client::methods Failed to get with StarknetError(StarknetError { code: BlockNotFound, message: "Pre-confirmed block with number 167 was not found. Current pre-confirmed block number is 168." }), retrying
[2026-09-23 23:26:38:689] INFO 📥 Blocks: 167 [0] | Classes: 167 [0] | State: 167 [0]
[2026-09-23 23:26:38:689] INFO 🔗 Sync is at 167/167 [0.17 blocks/s]
[2026-09-23 23:26:41:689] INFO 📥 Blocks: 167 [0] | Classes: 167 [0] | State: 167 [0]
[2026-09-23 23:26:41:689] INFO 🔗 Sync is at 167/167 [0.17 blocks/s]
[2026-09-23 23:26:42:238] WARN mc_gateway_client::methods Failed to get with StarknetError(StarknetError { code: BlockNotFound, message: "Pre-confirmed block with number 168 was not found. Current pre-confirmed block number is 169." }), retrying
[2026-09-23 23:26:42:340] WARN mc_gateway_client::methods Failed to get with StarknetError(StarknetError { code: BlockNotFound, message: "Pre-confirmed block with number 168 was not found. Current pre-confirmed block number is 169." }), retrying
[2026-09-23 23:26:42:541] WARN mc_gateway_client::methods Failed to get with StarknetError(StarknetError { code: BlockNotFound, message: "Pre-confirmed block with number 168 was not found. Current pre-confirmed block number is 169." }), retrying
[2026-09-23 23:26:44:689] INFO 📥 Blocks: 168 [0] | Classes: 168 [0] | State: 168 [0]
[2026-09-23 23:26:44:689] INFO 🔗 Sync is at 168/168 [0.17 blocks/s]
[2026-09-23 23:26:47:688] INFO 📥 Blocks: 168 [0] | Classes: 168 [0] | State: 168 [0]
[2026-09-23 23:26:47:688] INFO 🔗 Sync is at 168/168 [0.17 blocks/s]
[2026-09-23 23:26:48:247] WARN mc_gateway_client::methods Failed to get with StarknetError(StarknetError { code: BlockNotFound, message: "Pre-confirmed block with number 169 was not found. Current pre-confirmed block number is 170." }), retrying
[2026-09-23 23:26:48:350] WARN mc_gateway_client::methods Failed to get with StarknetError(StarknetError { code: BlockNotFound, message: "Pre-confirmed block with number 169 was not found. Current pre-confirmed block number is 170." }), retrying
[2026-09-23 23:26:48:552] WARN mc_gateway_client::methods Failed to get with StarknetError(StarknetError { code: BlockNotFound, message: "Pre-confirmed block with number 169 was not found. Current pre-confirmed block number is 170." }), retrying
[2026-09-23 23:26:50:689] INFO 📥 Blocks: 169 [0] | Classes: 169 [0] | State: 169 [0]
[2026-09-23 23:26:50:689] INFO 🔗 Sync is at 169/169 [0.17 blocks/s]
[2026-09-23 23:26:53:689] INFO 📥 Blocks: 169 [0] | Classes: 169 [0] | State: 169 [0]
[2026-09-23 23:26:53:689] INFO 🔗 Sync is at 169/169 [0.17 blocks/s]
[2026-09-23 23:26:54:261] WARN mc_gateway_client::methods Failed to get with StarknetError(StarknetError { code: BlockNotFound, message: "Pre-confirmed block with number 170 was not found. Current pre-confirmed block number is 171." }), retrying
[2026-09-23 23:26:54:362] WARN mc_gateway_client::methods Failed to get with StarknetError(StarknetError { code: BlockNotFound, message: "Pre-confirmed block with number 170 was not found. Current pre-confirmed block number is 171." }), retrying
[2026-09-23 23:26:54:564] WARN mc_gateway_client::methods Failed to get with StarknetError(StarknetError { code: BlockNotFound, message: "Pre-confirmed block with number 170 was not found. Current pre-confirmed block number is 171." }), retrying
[2026-09-23 23:26:56:689] INFO 📥 Blocks: 170 [0] | Classes: 170 [0] | State: 170 [0]
[2026-09-23 23:26:56:689] INFO 🔗 Sync is at 170/170 [0.17 blocks/s]
[2026-09-23 23:26:59:711] INFO 📥 Blocks: 170 [0] | Classes: 170 [0] | State: 170 [0]
[2026-09-23 23:26:59:711] INFO 🔗 Sync is at 170/170 [0.17 blocks/s]
[2026-09-23 23:27:00:293] WARN mc_gateway_client::methods Failed to get with StarknetError(StarknetError { code: BlockNotFound, message: "Pre-confirmed block with number 171 was not found. Current pre-confirmed block number is 172." }), retrying
[2026-09-23 23:27:00:395] WARN mc_gateway_client::methods Failed to get with StarknetError(StarknetError { code: BlockNotFound, message: "Pre-confirmed block with number 171 was not found. Current pre-confirmed block number is 172." }), retrying
[2026-09-23 23:27:00:597] WARN mc_gateway_client::methods Failed to get with StarknetError(StarknetError { code: BlockNotFound, message: "Pre-confirmed block with number 171 was not found. Current pre-confirmed block number is 172." }), retrying
[2026-09-23 23:27:02:711] INFO 📥 Blocks: 171 [0] | Classes: 171 [0] | State: 171 [0]
[2026-09-23 23:27:02:711] INFO 🔗 Sync is at 171/171 [0.17 blocks/s]
