Setting permissions for: /data with access: READ_WRITE
[2m2026-09-23 23:06:17.598+0000[m[2m | [m[2mmain[m[2m | [m[32mINFO [m[2m | [m[2mBesu[m[2m | [m[32mStarting Besu
[m[2m2026-09-23 23:06:19.735+0000[m[2m | [m[2mmain[m[2m | [m[33mWARN [m[2m | [m[2mBesu[m[2m | [m[33m--rpc-ws-host has been ignored because --rpc-ws-enabled was not defined on the command line.
[m[2m2026-09-23 23:06:19.743+0000[m[2m | [m[2mmain[m[2m | [m[33mWARN [m[2m | [m[2mBesu[m[2m | [m[33m--graphql-http-host has been ignored because --graphql-http-enabled was not defined on the command line.
[m[2m2026-09-23 23:06:22.413+0000[m[2m | [m[2mmain[m[2m | [m[32mINFO [m[2m | [m[2mBesu[m[2m | [m[32mRPC HTTP JSON-RPC config: JsonRpcConfiguration{enabled=true, port=8545, host=0.0.0.0, corsAllowedDomains=[*], hostsAllowlist=[*], rpcApis=[ETH, NET, WEB3, QBFT, DEBUG, TXPOOL, ADMIN], authenticationEnabled=false, authenticationCredentialsFile=null, authenticationPublicKeyFile=null, tlsConfiguration=Optional.empty, httpTimeoutSec=30, maxActiveConnections=80, maxBatchSize=1024}
[m[2m2026-09-23 23:06:22.421+0000[m[2m | [m[2mmain[m[2m | [m[33mWARN [m[2m | [m[2mBesu[m[2m | [m[33mForcing --bonsai-limit-trie-logs-enabled=false, since it cannot be enabled with --sync-mode=FULL and --data-storage-format=BONSAI.
[m[2m2026-09-23 23:06:22.424+0000[m[2m | [m[2mmain[m[2m | [m[32mINFO [m[2m | [m[2mBesu[m[2m | [m[32mConnecting to 0 static nodes.
[m[2m2026-09-23 23:06:22.503+0000[m[2m | [m[2mmain[m[2m | [m[33mWARN [m[2m | [m[2mBesu[m[2m | [m[33mForcing price bump for transaction replacement to 0, since we are on a zero basefee network
[m[2m2026-09-23 23:06:22.505+0000[m[2m | [m[2mmain[m[2m | [m[33mWARN [m[2m | [m[2mBesu[m[2m | [m[33mForcing price bump for transaction replacement to 0, since min-gas-price is set to 0
[m[2m2026-09-23 23:06:22.508+0000[m[2m | [m[2mmain[m[2m | [m[33mWARN [m[2m | [m[2mBesu[m[2m | [m[33mForcing tx-pool-min-gas-price=0, since it cannot be greater than the value of min-gas-price
[m[2m2026-09-23 23:06:22.846+0000[m[2m | [m[2mmain[m[2m | [m[32mINFO [m[2m | [m[2mBesu[m[2m | [m[32m
####################################################################################################
#                                                                                                  #
# Besu version 26.7.1                                                                              #
#                                                                                                  #
# Configuration:                                                                                   #
# Network: Custom genesis file                                                                     #
# /config/genesis.json                                                                             #
# Network Id: 1337                                                                                 #
# Data storage: Bonsai                                                                             #
# RocksDB max open files: 8192 (derived from available resources)                                  #
# Sync mode: Full                                                                                  #
# Sync min peers: 5                                                                                #
# RPC HTTP APIs: ETH,NET,WEB3,QBFT,DEBUG,TXPOOL,ADMIN                                              #
# RPC HTTP port: 8545                                                                              #
# Using LAYERED transaction pool implementation                                                    #
# Using STACKED worldstate update mode                                                             #
# Opcode optimizations enabled                                                                     #
# Parallel transaction processing enabled                                                          #
# BAL pruning enabled (retained BALs: 113056)                                                      #
# Target Gas Limit: 60M                                                                            #
#                                                                                                  #
# Host:                                                                                            #
# Java: openjdk-java-25                                                                            #
# Maximum heap size: 5.87 GB                                                                       #
# OS: linux-x86_64                                                                                 #
# glibc: 2.39                                                                                      #
# jemalloc: 5.3.0-0-g54eaed1d8b56b1aa528be3bdd1877e59c56fa90c                                      #
# Total memory: 23.47 GB                                                                           #
# CPU cores: 16                                                                                    #
#                                                                                                  #
# Plugin Registration Summary:                                                                     #
# No plugins have been registered.                                                                 #
# TOTAL = 0 of 0 plugins successfully registered.                                                  #
#                                                                                                  #
####################################################################################################
[m[2m2026-09-23 23:06:22.847+0000[m[2m | [m[2mmain[m[2m | [m[32mINFO [m[2m | [m[2mBesu[m[2m | [m[32mSecurity Module: localfile
[m[2m2026-09-23 23:06:22.851+0000[m[2m | [m[2mmain[m[2m | [m[32mINFO [m[2m | [m[2mVersionMetadata[m[2m | [m[32mLookup version metadata file in data directory: /data
[m[2m2026-09-23 23:06:22.852+0000[m[2m | [m[2mmain[m[2m | [m[32mINFO [m[2m | [m[2mVersionMetadata[m[2m | [m[32mNo version data detected. Writing Besu version 26.7.1 to metadata file
[m[2m2026-09-23 23:06:22.972+0000[m[2m | [m[2mmain[m[2m | [m[32mINFO [m[2m | [m[2mBesu[m[2m | [m[32mUsing the native implementation of alt bn128
[m[2m2026-09-23 23:06:22.974+0000[m[2m | [m[2mmain[m[2m | [m[32mINFO [m[2m | [m[2mBesu[m[2m | [m[32mUsing the Java implementation of modexp
[m[2m2026-09-23 23:06:23.014+0000[m[2m | [m[2mmain[m[2m | [m[32mINFO [m[2m | [m[2mBesu[m[2m | [m[32mUsing the native implementation of the signature algorithm
[m[2m2026-09-23 23:06:23.022+0000[m[2m | [m[2mmain[m[2m | [m[32mINFO [m[2m | [m[2mBesu[m[2m | [m[32mUsing the native implementation of the blake2bf algorithm
[m[2m2026-09-23 23:06:23.264+0000[m[2m | [m[2mmain[m[2m | [m[32mINFO [m[2m | [m[2mBesu[m[2m | [m[32mUsing the native BoringSSL implementation of p256verify
[m[2m2026-09-23 23:06:23.287+0000[m[2m | [m[2mmain[m[2m | [m[32mINFO [m[2m | [m[2mKZGPointEvalPrecompiledContract[m[2m | [m[32mLoading network trusted setup from classpath resource /kzg-trusted-setups/mainnet.txt
[m[2m2026-09-23 23:06:26.136+0000[m[2m | [m[2mmain[m[2m | [m[33mWARN [m[2m | [m[2mBesu[m[2m | [m[33mForcing price bump for transaction replacement to 0, since we are on a zero basefee network
[m[2m2026-09-23 23:06:26.138+0000[m[2m | [m[2mmain[m[2m | [m[33mWARN [m[2m | [m[2mBesu[m[2m | [m[33mForcing price bump for transaction replacement to 0, since min-gas-price is set to 0
[m[2m2026-09-23 23:06:26.140+0000[m[2m | [m[2mmain[m[2m | [m[33mWARN [m[2m | [m[2mBesu[m[2m | [m[33mForcing tx-pool-min-gas-price=0, since it cannot be greater than the value of min-gas-price
[m[2m2026-09-23 23:06:26.144+0000[m[2m | [m[2mmain[m[2m | [m[32mINFO [m[2m | [m[2mKeyPairUtil[m[2m | [m[32mAttempting to load public key from /nodekey/key.priv
[m[2m2026-09-23 23:06:26.169+0000[m[2m | [m[2mmain[m[2m | [m[32mINFO [m[2m | [m[2mKeyPairUtil[m[2m | [m[32mLoaded public key 0x97a435e11bc5c9a4a76dc08cab08a988bc33e68433e1d585ac7c889d57640d01272e9907b6d01cd3b328be14483ce42f725a7419dd82b36e5c3dcee0efd53c75 from /nodekey/key.priv
[m[2m2026-09-23 23:06:26.419+0000[m[2m | [m[2mmain[m[2m | [m[32mINFO [m[2m | [m[2mProtocolScheduleBuilder[m[2m | [m[32mProtocol schedule created with milestones: [Cancun:0]
[m[2m2026-09-23 23:06:26.427+0000[m[2m | [m[2mmain[m[2m | [m[32mINFO [m[2m | [m[2mRocksDBKeyValueStorageFactory[m[2m | [m[32mNo existing database at /data. Using default metadata for new db versionedStorageFormat=BaseVersionedStorageFormat{format=BONSAI, version=3}
[m[2m2026-09-23 23:06:26.812+0000[m[2m | [m[2mmain[m[2m | [m[32mINFO [m[2m | [m[2mFlatDbStrategyProvider[m[2m | [m[32mFlat db mode found FULL
[m[2m2026-09-23 23:06:26.817+0000[m[2m | [m[2mmain[m[2m | [m[32mINFO [m[2m | [m[2mFlatDbStrategyProvider[m[2m | [m[32mDB mode with code stored using code hash enabled = true
[m[2m2026-09-23 23:06:26.838+0000[m[2m | [m[2mmain[m[2m | [m[32mINFO [m[2m | [m[2mFlatDbStrategyProvider[m[2m | [m[32mFlat db mode found FULL
[m[2m2026-09-23 23:06:26.839+0000[m[2m | [m[2mmain[m[2m | [m[32mINFO [m[2m | [m[2mFlatDbStrategyProvider[m[2m | [m[32mDB mode with code stored using code hash enabled = true
[m[2m2026-09-23 23:06:27.056+0000[m[2m | [m[2mmain[m[2m | [m[32mINFO [m[2m | [m[2mBesuControllerBuilder[m[2m | [m[32mAdding ChainDataPruner to observe block added events
[m[2m2026-09-23 23:06:27.059+0000[m[2m | [m[2mmain[m[2m | [m[32mINFO [m[2m | [m[2mBesuControllerBuilder[m[2m | [m[32mBAL pruning enabled | BALs retained: 113056 | Frequency: 256
[m[2m2026-09-23 23:06:27.122+0000[m[2m | [m[2mmain[m[2m | [m[32mINFO [m[2m | [m[2mTransactionPoolFactory[m[2m | [m[32mEnabling transaction pool
[m[2m2026-09-23 23:06:27.163+0000[m[2m | [m[2mmain[m[2m | [m[32mINFO [m[2m | [m[2mBesuControllerBuilder[m[2m | [m[32mQBFT is configured, creating initial sync for BFT
[m[2m2026-09-23 23:06:27.165+0000[m[2m | [m[2mmain[m[2m | [m[32mINFO [m[2m | [m[2mBFTPivotSelectorFromPeers[m[2m | [m[32mCreating pivot block selector for BFT node
[m[2m2026-09-23 23:06:27.236+0000[m[2m | [m[2mmain[m[2m | [m[32mINFO [m[2m | [m[2mRunnerBuilder[m[2m | [m[32mResolved 1 bootnodes.
[m[2m2026-09-23 23:06:27.256+0000[m[2m | [m[2mmain[m[2m | [m[32mINFO [m[2m | [m[2mRunnerBuilder[m[2m | [m[32mDetecting NAT service.
[m[2m2026-09-23 23:06:27.830+0000[m[2m | [m[2mmain[m[2m | [m[32mINFO [m[2m | [m[2mRunner[m[2m | [m[32mStarting external services ... 
[m[2m2026-09-23 23:06:27.831+0000[m[2m | [m[2mmain[m[2m | [m[32mINFO [m[2m | [m[2mJsonRpcHttpService[m[2m | [m[32mStarting JSON-RPC service on 0.0.0.0:8545
[m[2m2026-09-23 23:06:28.213+0000[m[2m | [m[2mvert.x-eventloop-thread-1[m[2m | [m[32mINFO [m[2m | [m[2mJsonRpcHttpService[m[2m | [m[32mJSON-RPC service started and listening on 0.0.0.0:8545
[m[2m2026-09-23 23:06:28.226+0000[m[2m | [m[2mmain[m[2m | [m[32mINFO [m[2m | [m[2mAutoTransactionLogBloomCachingService[m[2m | [m[32mStarting auto transaction log bloom caching service.
[m[2m2026-09-23 23:06:28.228+0000[m[2m | [m[2mmain[m[2m | [m[32mINFO [m[2m | [m[2mLogBloomCacheMetadata[m[2m | [m[32mLookup cache metadata file in data directory: /data/caches
[m[2m2026-09-23 23:06:28.257+0000[m[2m | [m[2mmain[m[2m | [m[32mINFO [m[2m | [m[2mRunner[m[2m | [m[32mStarting Ethereum main loop ... 
[m[2m2026-09-23 23:06:28.257+0000[m[2m | [m[2mmain[m[2m | [m[32mINFO [m[2m | [m[2mNatService[m[2m | [m[32mNo NAT environment detected so no service could be started
[m[2m2026-09-23 23:06:28.258+0000[m[2m | [m[2mmain[m[2m | [m[32mINFO [m[2m | [m[2mNetworkRunner[m[2m | [m[32mStarting Network.
[m[2m2026-09-23 23:06:28.293+0000[m[2m | [m[2mnioEventLoopGroup-2-1[m[2m | [m[32mINFO [m[2m | [m[2mRlpxAgent[m[2m | [m[32mP2P RLPx agent started and listening on /[0:0:0:0:0:0:0:0]:30303.
[m[2m2026-09-23 23:06:28.297+0000[m[2m | [m[2mmain[m[2m | [m[32mINFO [m[2m | [m[2mPeerDiscoveryAgentV4[m[2m | [m[32mStarting peer discovery agent on host=0.0.0.0, port=30303. IPv6 available.
[m[2m2026-09-23 23:06:28.315+0000[m[2m | [m[2mdiscv4-eventloop[m[2m | [m[32mINFO [m[2m | [m[2mNettyTransport[m[2m | [m[32mDiscV4 UDP transport started, listening on 0.0.0.0:30303
[m[2m2026-09-23 23:06:28.377+0000[m[2m | [m[2mdiscv4-eventloop[m[2m | [m[32mINFO [m[2m | [m[2mNodeRecordManager[m[2m | [m[32mWriting node record to disk. NodeRecord{seq=1, publicKey=0x0397a435e11bc5c9a4a76dc08cab08a988bc33e68433e1d585ac7c889d57640d01, udpAddress=Optional[/172.28.0.14:30303], tcpAddress=Optional[/172.28.0.14:30303], quicAddress=Optional.empty, udp6Address=Optional.empty, tcp6Address=Optional.empty, quic6Address=Optional.empty, asBase64=-Je4QKzeO8qV_qHGqGzfPXCgJiOWLBQ8UFjdDdw97dblA6AhV2DZy-UXNnYkkqoMJ1MAVJHUMD9FxxFiv2wwzixOatsBg2V0aMfGhHGHiYuAgmlkgnY0gmlwhKwcAA6Jc2VjcDI1NmsxoQOXpDXhG8XJpKdtwIyrCKmIvDPmhDPh1YWsfIidV2QNAYN0Y3CCdl-DdWRwgnZf, nodeId=0xd018ea88ab14721f21e5c6669cbbfd6876318aff280535a395dad1b07eac352c, customFields={tcp=30303, udp=30303, eth=[[0x7187898b, 0x]], id=V4, ip=0xac1c000e, secp256k1=0x0397a435e11bc5c9a4a76dc08cab08a988bc33e68433e1d585ac7c889d57640d01}}
[m[2m2026-09-23 23:06:28.478+0000[m[2m | [m[2mdiscv4-eventloop[m[2m | [m[32mINFO [m[2m | [m[2mPeerDiscoveryAgentV4[m[2m | [m[32mP2P peer discovery agent started and listening on /0.0.0.0:30303
[m[2m2026-09-23 23:06:28.487+0000[m[2m | [m[2mmain[m[2m | [m[32mINFO [m[2m | [m[2mDefaultP2PNetwork[m[2m | [m[32mEnode URL enode://97a435e11bc5c9a4a76dc08cab08a988bc33e68433e1d585ac7c889d57640d01272e9907b6d01cd3b328be14483ce42f725a7419dd82b36e5c3dcee0efd53c75@172.28.0.14:30303
[m[2m2026-09-23 23:06:28.495+0000[m[2m | [m[2mmain[m[2m | [m[32mINFO [m[2m | [m[2mDefaultP2PNetwork[m[2m | [m[32mENR URL enr:-Je4QKzeO8qV_qHGqGzfPXCgJiOWLBQ8UFjdDdw97dblA6AhV2DZy-UXNnYkkqoMJ1MAVJHUMD9FxxFiv2wwzixOatsBg2V0aMfGhHGHiYuAgmlkgnY0gmlwhKwcAA6Jc2VjcDI1NmsxoQOXpDXhG8XJpKdtwIyrCKmIvDPmhDPh1YWsfIidV2QNAYN0Y3CCdl-DdWRwgnZf
[m[2m2026-09-23 23:06:28.496+0000[m[2m | [m[2mmain[m[2m | [m[32mINFO [m[2m | [m[2mDefaultP2PNetwork[m[2m | [m[32mNode address 0x9cbbfd6876318aff280535a395dad1b07eac352c
[m[2m2026-09-23 23:06:28.530+0000[m[2m | [m[2mmain[m[2m | [m[32mINFO [m[2m | [m[2mNetworkRunner[m[2m | [m[32mSupported capabilities: [eth/68, eth/69, eth/70, eth/71], [istanbul/100], [snap/1]
[m[2m2026-09-23 23:06:28.535+0000[m[2m | [m[2mmain[m[2m | [m[32mINFO [m[2m | [m[2mDefaultSynchronizer[m[2m | [m[32mStarting synchronizer.
[m[2m2026-09-23 23:06:28.537+0000[m[2m | [m[2mmain[m[2m | [m[32mINFO [m[2m | [m[2mTransactionPoolFactory[m[2m | [m[32mEnabling transaction handling following initial sync
[m[2m2026-09-23 23:06:28.538+0000[m[2m | [m[2mmain[m[2m | [m[32mINFO [m[2m | [m[2mBftMiningCoordinator[m[2m | [m[32mStarting BFT mining coordinator following initial sync
[m[2m2026-09-23 23:06:28.580+0000[m[2m | [m[2mmain[m[2m | [m[32mINFO [m[2m | [m[2mFullSyncDownloader[m[2m | [m[32mStarting full sync.
[m[2m2026-09-23 23:06:28.583+0000[m[2m | [m[2mmain[m[2m | [m[32mINFO [m[2m | [m[2mFullSyncTargetManager[m[2m | [m[32mUnable to find sync target. Waiting for 5 peers minimum. Currently checking 0 peers for usefulness
[m[2m2026-09-23 23:06:28.589+0000[m[2m | [m[2mmain[m[2m | [m[32mINFO [m[2m | [m[2mRunner[m[2m | [m[32mEthereum main loop is up.
[m[2m2026-09-23 23:06:32.980+0000[m[2m | [m[2mBftProcessorExecutor-QBFT-0[m[2m | [m[32mINFO [m[2m | [m[2mQbftRound[m[2m | [m[32mImporting proposed block to chain. round=ConsensusRoundIdentifier{Sequence=1, Round=1}, hash=0x9faec247c77a943131006977887520e7f5e3e45ecf406e9d4de0fbb10b7d4b0a
[m[2m2026-09-23 23:06:33.022+0000[m[2m | [m[2mBftProcessorExecutor-QBFT-0[m[2m | [m[32mINFO [m[2m | [m[2mQbftBesuControllerBuilder[m[2m | [m[32mImported empty block #1 / 0 tx / 0 pending / 0 (0.0%) gas / (0x9faec247c77a943131006977887520e7f5e3e45ecf406e9d4de0fbb10b7d4b0a)
[m[2m2026-09-23 23:06:33.588+0000[m[2m | [m[2mEthScheduler-Timer-0[m[2m | [m[32mINFO [m[2m | [m[2mFullSyncTargetManager[m[2m | [m[32mUnable to find sync target. Waiting for 5 peers minimum. Currently checking 1 peers for usefulness
[m[2m2026-09-23 23:06:34.086+0000[m[2m | [m[2mBftProcessorExecutor-QBFT-0[m[2m | [m[32mINFO [m[2m | [m[2mQbftBesuControllerBuilder[m[2m | [m[32mImported empty block #2 / 0 tx / 0 pending / 0 (0.0%) gas / (0x435c527d4291c124f7f0e93e52efa7aeb656b019c350a9568c323364d1bcbff2)
[m[2m2026-09-23 23:06:36.110+0000[m[2m | [m[2mBftProcessorExecutor-QBFT-0[m[2m | [m[32mINFO [m[2m | [m[2mQbftBesuControllerBuilder[m[2m | [m[32mProduced empty block #3 / 0 tx / 0 pending / 0 (0.0%) gas / (0x3d10567829dae85861cf20eca7de091e57744e1d97894ca4c6cc33e8fda335b6)
[m[2m2026-09-23 23:06:38.062+0000[m[2m | [m[2mBftProcessorExecutor-QBFT-0[m[2m | [m[32mINFO [m[2m | [m[2mQbftBesuControllerBuilder[m[2m | [m[32mImported empty block #4 / 0 tx / 1 pending / 0 (0.0%) gas / (0xe2f2ec028a5aa19c0d7cd1bcc0751b9e2fd75f1116ec2e00ecb902bebafbe7b2)
[m[2m2026-09-23 23:06:38.066+0000[m[2m | [m[2mEthScheduler-Workers-1[m[2m | [m[32mINFO [m[2m | [m[2mPersistBlockTask[m[2m | [m[32mBlock 4 (0xe2f2ec028a5aa19c0d7cd1bcc0751b9e2fd75f1116ec2e00ecb902bebafbe7b2) is already imported
[m[2m2026-09-23 23:06:40.141+0000[m[2m | [m[2mBftProcessorExecutor-QBFT-0[m[2m | [m[32mINFO [m[2m | [m[2mQbftBesuControllerBuilder[m[2m | [m[32mImported block       #5 / 1 tx / 0 pending / 3,477,564 (11.6%) gas / (0x99d1ae518e832c2c8aa6f740bbc2f0115f0461a28b741924071e02b4379b564c)
[m[2m2026-09-23 23:06:42.032+0000[m[2m | [m[2mBftProcessorExecutor-QBFT-0[m[2m | [m[32mINFO [m[2m | [m[2mQbftBesuControllerBuilder[m[2m | [m[32mImported empty block #6 / 0 tx / 0 pending / 0 (0.0%) gas / (0xfbe7a433278126d3e7a8e886dde09583ee36b78956832d4dbadcb7b25fa1ee23)
[m[2m2026-09-23 23:06:42.032+0000[m[2m | [m[2mEthScheduler-Workers-3[m[2m | [m[32mINFO [m[2m | [m[2mPersistBlockTask[m[2m | [m[32mBlock 6 (0xfbe7a433278126d3e7a8e886dde09583ee36b78956832d4dbadcb7b25fa1ee23) is already imported
[m[2m2026-09-23 23:06:44.031+0000[m[2m | [m[2mBftProcessorExecutor-QBFT-0[m[2m | [m[32mINFO [m[2m | [m[2mQbftBesuControllerBuilder[m[2m | [m[32mImported empty block #7 / 0 tx / 0 pending / 0 (0.0%) gas / (0x31c5a061f3525ff73e38855cb15c196d17599049b79a5482cef0e2a42e5a44b3)
[m[2m2026-09-23 23:06:46.130+0000[m[2m | [m[2mBftProcessorExecutor-QBFT-0[m[2m | [m[32mINFO [m[2m | [m[2mQbftBesuControllerBuilder[m[2m | [m[32mImported block       #8 / 1 tx / 0 pending / 2,248,308 (7.5%) gas / (0xf0273358c22208c45e0c627db8978ef20b34611e6c676fe1ba64c32f3f76d5b0)
[m[2m2026-09-23 23:06:48.034+0000[m[2m | [m[2mBftProcessorExecutor-QBFT-0[m[2m | [m[32mINFO [m[2m | [m[2mQbftBesuControllerBuilder[m[2m | [m[32mProduced empty block #9 / 0 tx / 0 pending / 0 (0.0%) gas / (0xd7da10b49a749151e53417c76741df2e701157d8f017c7fe30ff115001c067a5)
[m[2m2026-09-23 23:06:48.035+0000[m[2m | [m[2mEthScheduler-Workers-6[m[2m | [m[32mINFO [m[2m | [m[2mPersistBlockTask[m[2m | [m[32mBlock 9 (0xd7da10b49a749151e53417c76741df2e701157d8f017c7fe30ff115001c067a5) is already imported
[m[2m2026-09-23 23:06:50.034+0000[m[2m | [m[2mBftProcessorExecutor-QBFT-0[m[2m | [m[32mINFO [m[2m | [m[2mQbftBesuControllerBuilder[m[2m | [m[32mImported empty block #10 / 0 tx / 0 pending / 0 (0.0%) gas / (0x295f11f3d457bcbe3230d0a07d95582d2d1950f424de0684e5d6b9f367c01d4d)
[m[2m2026-09-23 23:06:52.040+0000[m[2m | [m[2mBftProcessorExecutor-QBFT-0[m[2m | [m[32mINFO [m[2m | [m[2mQbftBesuControllerBuilder[m[2m | [m[32mImported block       #11 / 1 tx / 0 pending / 1,026,576 (3.4%) gas / (0x8e722bc619916c0ee4005ef847a1143c622f5ce958afb6d6cea6e05f34c4a772)
[m[2m2026-09-23 23:06:54.028+0000[m[2m | [m[2mBftProcessorExecutor-QBFT-0[m[2m | [m[32mINFO [m[2m | [m[2mQbftBesuControllerBuilder[m[2m | [m[32mImported empty block #12 / 0 tx / 0 pending / 0 (0.0%) gas / (0x964217d82b8e7a3cb0489739a7c7f9f482ad73f1c3808b7c4c47482345b696cc)
[m[2m2026-09-23 23:06:56.040+0000[m[2m | [m[2mBftProcessorExecutor-QBFT-0[m[2m | [m[32mINFO [m[2m | [m[2mQbftBesuControllerBuilder[m[2m | [m[32mImported empty block #13 / 0 tx / 0 pending / 0 (0.0%) gas / (0x6ed59643c3b9d00cd07e0d133798f185c33c021a731e7ec0439c0895a0dca991)
[m[2m2026-09-23 23:06:58.030+0000[m[2m | [m[2mEthScheduler-Workers-0[m[2m | [m[32mINFO [m[2m | [m[2mPersistBlockTask[m[2m | [m[32mImported empty block #14 / 0 tx / 0 om / 0 (0.0%) gas / (0xe35f5b5a364c3fe2fb6a31d72b08b5f4e798dd4f34fd6249cbca2e761b8bceb1) in 0.000s. Peers: 1
[m[2m2026-09-23 23:06:58.030+0000[m[2m | [m[2mBftProcessorExecutor-QBFT-0[m[2m | [m[32mINFO [m[2m | [m[2mQbftBesuControllerBuilder[m[2m | [m[32mImported empty block #14 / 0 tx / 0 pending / 0 (0.0%) gas / (0xe35f5b5a364c3fe2fb6a31d72b08b5f4e798dd4f34fd6249cbca2e761b8bceb1)
[m[2m2026-09-23 23:07:00.125+0000[m[2m | [m[2mBftProcessorExecutor-QBFT-0[m[2m | [m[32mINFO [m[2m | [m[2mQbftBesuControllerBuilder[m[2m | [m[32mProduced block       #15 / 1 tx / 0 pending / 4,272,310 (14.2%) gas / (0x74f2d5fd8f8beb5a0fa24eff6ceaf7b2c66a9e1f6138283e46a0f7770fc643c9)
[m[2m2026-09-23 23:07:02.036+0000[m[2m | [m[2mBftProcessorExecutor-QBFT-0[m[2m | [m[32mINFO [m[2m | [m[2mQbftBesuControllerBuilder[m[2m | [m[32mImported empty block #16 / 0 tx / 0 pending / 0 (0.0%) gas / (0x19da735b346b3eec1fc7ad1fcff96cafd0f327d823db476a73f1dbe999d8609c)
[m[2m2026-09-23 23:07:04.038+0000[m[2m | [m[2mBftProcessorExecutor-QBFT-0[m[2m | [m[32mINFO [m[2m | [m[2mQbftBesuControllerBuilder[m[2m | [m[32mImported empty block #17 / 0 tx / 0 pending / 0 (0.0%) gas / (0x74b080748d03ec1ff1f4319d80513fec4e7ba805469ca62e624405fa9bc5f290)
[m[2m2026-09-23 23:07:06.081+0000[m[2m | [m[2mBftProcessorExecutor-QBFT-0[m[2m | [m[32mINFO [m[2m | [m[2mQbftBesuControllerBuilder[m[2m | [m[32mImported block       #18 / 1 tx / 0 pending / 4,340,644 (14.5%) gas / (0x03304545329d34d14e4126384951181bf2e5169d6d89a5ecf2bee02c3ec296b7)
[m[2m2026-09-23 23:07:08.037+0000[m[2m | [m[2mBftProcessorExecutor-QBFT-0[m[2m | [m[32mINFO [m[2m | [m[2mQbftBesuControllerBuilder[m[2m | [m[32mImported empty block #19 / 0 tx / 0 pending / 0 (0.0%) gas / (0xc4eb1e4d671aec56dd3597645bb666b4ffd6c35b0fa33d8fdb2043aabfef91a0)
[m[2m2026-09-23 23:07:10.046+0000[m[2m | [m[2mBftProcessorExecutor-QBFT-0[m[2m | [m[32mINFO [m[2m | [m[2mQbftBesuControllerBuilder[m[2m | [m[32mImported empty block #20 / 0 tx / 0 pending / 0 (0.0%) gas / (0x3b66cd1faab864716caa2bef9c6811142d498662656b90ca8159ac39af81934b)
[m[2m2026-09-23 23:07:10.048+0000[m[2m | [m[2mEthScheduler-Workers-3[m[2m | [m[32mINFO [m[2m | [m[2mPersistBlockTask[m[2m | [m[32mBlock 20 (0x3b66cd1faab864716caa2bef9c6811142d498662656b90ca8159ac39af81934b) is already imported
[m[2m2026-09-23 23:07:12.030+0000[m[2m | [m[2mBftProcessorExecutor-QBFT-0[m[2m | [m[32mINFO [m[2m | [m[2mQbftBesuControllerBuilder[m[2m | [m[32mProduced empty block #21 / 0 tx / 0 pending / 0 (0.0%) gas / (0x6f172e3b559a2ad7a7b071e44b3edc74919f8b1ba41803df85619b53566f7c49)
[m[2m2026-09-23 23:07:12.033+0000[m[2m | [m[2mEthScheduler-Workers-5[m[2m | [m[32mINFO [m[2m | [m[2mPersistBlockTask[m[2m | [m[32mBlock 21 (0x6f172e3b559a2ad7a7b071e44b3edc74919f8b1ba41803df85619b53566f7c49) is already imported
[m[2m2026-09-23 23:07:14.048+0000[m[2m | [m[2mBftProcessorExecutor-QBFT-0[m[2m | [m[32mINFO [m[2m | [m[2mQbftBesuControllerBuilder[m[2m | [m[32mImported block       #22 / 1 tx / 0 pending / 338,454 (1.1%) gas / (0x9102496091a4a0b4e31d41ab8ff5d51af06169532fae1a2cefacd90f22ae75ff)
[m[2m2026-09-23 23:07:14.050+0000[m[2m | [m[2mEthScheduler-Workers-3[m[2m | [m[32mINFO [m[2m | [m[2mPersistBlockTask[m[2m | [m[32mBlock 22 (0x9102496091a4a0b4e31d41ab8ff5d51af06169532fae1a2cefacd90f22ae75ff) is already imported
[m[2m2026-09-23 23:07:16.026+0000[m[2m | [m[2mBftProcessorExecutor-QBFT-0[m[2m | [m[32mINFO [m[2m | [m[2mQbftBesuControllerBuilder[m[2m | [m[32mImported empty block #23 / 0 tx / 0 pending / 0 (0.0%) gas / (0x6320adea321102d0ff063ef814b9c2b152b51b53d0dd3403e4564b34390c3440)
[m[2m2026-09-23 23:07:16.027+0000[m[2m | [m[2mEthScheduler-Workers-5[m[2m | [m[32mINFO [m[2m | [m[2mPersistBlockTask[m[2m | [m[32mBlock 23 (0x6320adea321102d0ff063ef814b9c2b152b51b53d0dd3403e4564b34390c3440) is already imported
[m[2m2026-09-23 23:07:18.024+0000[m[2m | [m[2mBftProcessorExecutor-QBFT-0[m[2m | [m[32mINFO [m[2m | [m[2mQbftBesuControllerBuilder[m[2m | [m[32mImported empty block #24 / 0 tx / 0 pending / 0 (0.0%) gas / (0x4076d5da3bc448201f1e919d5476136d041a757abe0094c6a86e27875e4ea78d)
[m[2m2026-09-23 23:07:20.024+0000[m[2m | [m[2mBftProcessorExecutor-QBFT-0[m[2m | [m[32mINFO [m[2m | [m[2mQbftBesuControllerBuilder[m[2m | [m[32mImported empty block #25 / 0 tx / 0 pending / 0 (0.0%) gas / (0x8cc26819288e8cd745372832765be9d80f9a415bd43b893ee1691941f07bccee)
[m[2m2026-09-23 23:07:22.069+0000[m[2m | [m[2mBftProcessorExecutor-QBFT-0[m[2m | [m[32mINFO [m[2m | [m[2mQbftBesuControllerBuilder[m[2m | [m[32mImported block       #26 / 1 tx / 0 pending / 3,439,781 (11.5%) gas / (0xee62d7a191bfc1582d6aff986f24f4e231617e7f4c0d952cf21281091d00a00f)
[m[2m2026-09-23 23:07:24.048+0000[m[2m | [m[2mEthScheduler-Workers-3[m[2m | [m[32mINFO [m[2m | [m[2mPersistBlockTask[m[2m | [m[32mBlock 27 (0x783b19ccbe428da753add4eddac784e251239b354c8e34c08e4ba38149c52a2e) is already imported
[m[2m2026-09-23 23:07:24.048+0000[m[2m | [m[2mBftProcessorExecutor-QBFT-0[m[2m | [m[32mINFO [m[2m | [m[2mQbftBesuControllerBuilder[m[2m | [m[32mProduced empty block #27 / 0 tx / 0 pending / 0 (0.0%) gas / (0x783b19ccbe428da753add4eddac784e251239b354c8e34c08e4ba38149c52a2e)
[m[2m2026-09-23 23:07:26.026+0000[m[2m | [m[2mBftProcessorExecutor-QBFT-0[m[2m | [m[32mINFO [m[2m | [m[2mQbftBesuControllerBuilder[m[2m | [m[32mImported empty block #28 / 0 tx / 0 pending / 0 (0.0%) gas / (0xe651cd217e4fb09ad776372647a27747ec4b78633978a8e11fa5e2db20e51dc1)
[m[2m2026-09-23 23:07:28.464+0000[m[2m | [m[2mBftProcessorExecutor-QBFT-0[m[2m | [m[32mINFO [m[2m | [m[2mQbftBesuControllerBuilder[m[2m | [m[32mImported block       #29 / 1 tx / 0 pending / 10,437,429 (34.8%) gas / (0xef649a7668805f0baf1a35f3f56a7b322428b5617805a02d5ab969f0a5e96d7e)
[m[2m2026-09-23 23:07:28.465+0000[m[2m | [m[2mEthScheduler-Workers-6[m[2m | [m[32mINFO [m[2m | [m[2mPersistBlockTask[m[2m | [m[32mBlock 29 (0xef649a7668805f0baf1a35f3f56a7b322428b5617805a02d5ab969f0a5e96d7e) is already imported
[m[2m2026-09-23 23:07:30.048+0000[m[2m | [m[2mEthScheduler-Workers-3[m[2m | [m[32mINFO [m[2m | [m[2mPersistBlockTask[m[2m | [m[32mImported empty block #30 / 0 tx / 0 om / 0 (0.0%) gas / (0xc548117318d017785dfccb5cac9bca0b034f049ede333c0f6db9423828107556) in 0.000s. Peers: 5
[m[2m2026-09-23 23:07:32.026+0000[m[2m | [m[2mEthScheduler-Workers-1[m[2m | [m[32mINFO [m[2m | [m[2mPersistBlockTask[m[2m | [m[32mImported empty block #31 / 0 tx / 0 om / 0 (0.0%) gas / (0x742be87e49b8f0e2ff88f65133e381eb3922a19632145477f24f91152358f568) in 0.000s. Peers: 5
[m[2m2026-09-23 23:07:34.035+0000[m[2m | [m[2mEthScheduler-Workers-2[m[2m | [m[32mINFO [m[2m | [m[2mPersistBlockTask[m[2m | [m[32mBlock 32 (0xeadd08ed49ba31768356e1791741de702fe0c9af616a8b6ce8a96d218f2aeffd) is already imported
[m[2m2026-09-23 23:07:34.036+0000[m[2m | [m[2mBftProcessorExecutor-QBFT-0[m[2m | [m[32mINFO [m[2m | [m[2mQbftBesuControllerBuilder[m[2m | [m[32mImported empty block #32 / 0 tx / 0 pending / 0 (0.0%) gas / (0xeadd08ed49ba31768356e1791741de702fe0c9af616a8b6ce8a96d218f2aeffd)
[m[2m2026-09-23 23:07:36.067+0000[m[2m | [m[2mEthScheduler-Workers-1[m[2m | [m[32mINFO [m[2m | [m[2mPersistBlockTask[m[2m | [m[32mBlock 33 (0x761a063d749b54d749e432aec738d93d0253d873d132aff0ce5b04b3a61c20e3) is already imported
[m[2m2026-09-23 23:07:36.067+0000[m[2m | [m[2mBftProcessorExecutor-QBFT-0[m[2m | [m[32mINFO [m[2m | [m[2mQbftBesuControllerBuilder[m[2m | [m[32mProduced block       #33 / 1 tx / 0 pending / 3,477,564 (11.6%) gas / (0x761a063d749b54d749e432aec738d93d0253d873d132aff0ce5b04b3a61c20e3)
[m[2m2026-09-23 23:07:38.028+0000[m[2m | [m[2mBftProcessorExecutor-QBFT-0[m[2m | [m[32mINFO [m[2m | [m[2mQbftBesuControllerBuilder[m[2m | [m[32mImported empty block #34 / 0 tx / 0 pending / 0 (0.0%) gas / (0x5e260e4920138110cb7af8c200d29cf3317079c0743b480e35e96f6e55443755)
[m[2m2026-09-23 23:07:38.029+0000[m[2m | [m[2mEthScheduler-Workers-2[m[2m | [m[32mINFO [m[2m | [m[2mPersistBlockTask[m[2m | [m[32mBlock 34 (0x5e260e4920138110cb7af8c200d29cf3317079c0743b480e35e96f6e55443755) is already imported
[m[2m2026-09-23 23:07:40.021+0000[m[2m | [m[2mBftProcessorExecutor-QBFT-0[m[2m | [m[32mINFO [m[2m | [m[2mQbftBesuControllerBuilder[m[2m | [m[32mImported empty block #35 / 0 tx / 0 pending / 0 (0.0%) gas / (0xb2cffc309f4100cf322cbe4f4c74061c3b6c6fb35c465e101516589a40c49172)
[m[2m2026-09-23 23:07:42.024+0000[m[2m | [m[2mBftProcessorExecutor-QBFT-0[m[2m | [m[32mINFO [m[2m | [m[2mQbftBesuControllerBuilder[m[2m | [m[32mImported empty block #36 / 0 tx / 0 pending / 0 (0.0%) gas / (0xba0bdd0d92a7f56bf1368b6b41ae1f5b4f6555845822f59e8c1633b3e4802049)
[m[2m2026-09-23 23:07:42.023+0000[m[2m | [m[2mEthScheduler-Workers-7[m[2m | [m[32mINFO [m[2m | [m[2mPersistBlockTask[m[2m | [m[32mBlock 36 (0xba0bdd0d92a7f56bf1368b6b41ae1f5b4f6555845822f59e8c1633b3e4802049) is already imported
[m[2m2026-09-23 23:07:44.058+0000[m[2m | [m[2mBftProcessorExecutor-QBFT-0[m[2m | [m[32mINFO [m[2m | [m[2mQbftBesuControllerBuilder[m[2m | [m[32mImported block       #37 / 1 tx / 0 pending / 2,248,308 (7.5%) gas / (0xae5596daa98276a06c2118303145558d715dbeee53a822e7babeade801f8f7fe)
[m[2m2026-09-23 23:07:46.046+0000[m[2m | [m[2mEthScheduler-Workers-2[m[2m | [m[32mINFO [m[2m | [m[2mPersistBlockTask[m[2m | [m[32mImported empty block #38 / 0 tx / 0 om / 0 (0.0%) gas / (0xbea28ae13f48f9931bf5a2d8df907ddcad803074cb6b9f731f2267f01349cd63) in 0.000s. Peers: 5
[m[2m2026-09-23 23:07:48.027+0000[m[2m | [m[2mBftProcessorExecutor-QBFT-0[m[2m | [m[32mINFO [m[2m | [m[2mQbftBesuControllerBuilder[m[2m | [m[32mProduced empty block #39 / 0 tx / 0 pending / 0 (0.0%) gas / (0xbe3c8ca1b7a45ef77f0ec2c5054a41e55b9b91e91184f72a456f344a4cba658c)
[m[2m2026-09-23 23:07:50.035+0000[m[2m | [m[2mBftProcessorExecutor-QBFT-0[m[2m | [m[32mINFO [m[2m | [m[2mQbftBesuControllerBuilder[m[2m | [m[32mImported block       #40 / 1 tx / 0 pending / 1,026,576 (3.4%) gas / (0xb6301ec3424f9593171b5068ce834e4e88ba708d724eb8a95d7f4af8e9b8276a)
[m[2m2026-09-23 23:07:52.039+0000[m[2m | [m[2mEthScheduler-Workers-3[m[2m | [m[32mINFO [m[2m | [m[2mPersistBlockTask[m[2m | [m[32mBlock 41 (0x018648e1da2cb15cff99e74d7a78c05f97d6691cf0cdc6ecfd81e05cbf3ddb0d) is already imported
[m[2m2026-09-23 23:07:52.039+0000[m[2m | [m[2mBftProcessorExecutor-QBFT-0[m[2m | [m[32mINFO [m[2m | [m[2mQbftBesuControllerBuilder[m[2m | [m[32mImported empty block #41 / 0 tx / 0 pending / 0 (0.0%) gas / (0x018648e1da2cb15cff99e74d7a78c05f97d6691cf0cdc6ecfd81e05cbf3ddb0d)
[m[2m2026-09-23 23:07:54.026+0000[m[2m | [m[2mBftProcessorExecutor-QBFT-0[m[2m | [m[32mINFO [m[2m | [m[2mQbftBesuControllerBuilder[m[2m | [m[32mImported empty block #42 / 0 tx / 0 pending / 0 (0.0%) gas / (0x8788922230a4a5467b8225dc51d1a5fe9e73eaa7a7d1a32af6fdb7c1325a9649)
[m[2m2026-09-23 23:07:56.030+0000[m[2m | [m[2mBftProcessorExecutor-QBFT-0[m[2m | [m[32mINFO [m[2m | [m[2mQbftBesuControllerBuilder[m[2m | [m[32mImported empty block #43 / 0 tx / 0 pending / 0 (0.0%) gas / (0x54534b4ddec11e733967cb31799a2cd8affe874264d805dad08290af584e96fd)
[m[2m2026-09-23 23:07:56.030+0000[m[2m | [m[2mEthScheduler-Workers-2[m[2m | [m[32mINFO [m[2m | [m[2mPersistBlockTask[m[2m | [m[32mImported empty block #43 / 0 tx / 0 om / 0 (0.0%) gas / (0x54534b4ddec11e733967cb31799a2cd8affe874264d805dad08290af584e96fd) in 0.000s. Peers: 5
[m[2m2026-09-23 23:07:58.056+0000[m[2m | [m[2mEthScheduler-Workers-3[m[2m | [m[32mINFO [m[2m | [m[2mPersistBlockTask[m[2m | [m[32mBlock 44 (0x5c3f49145220ed7401bdf2c617268ddb0d64c2308b1853e6764b84c8e24e0a08) is already imported
[m[2m2026-09-23 23:07:58.056+0000[m[2m | [m[2mBftProcessorExecutor-QBFT-0[m[2m | [m[32mINFO [m[2m | [m[2mQbftBesuControllerBuilder[m[2m | [m[32mImported block       #44 / 1 tx / 0 pending / 4,272,310 (14.2%) gas / (0x5c3f49145220ed7401bdf2c617268ddb0d64c2308b1853e6764b84c8e24e0a08)
[m[2m2026-09-23 23:08:00.034+0000[m[2m | [m[2mBftProcessorExecutor-QBFT-0[m[2m | [m[32mINFO [m[2m | [m[2mQbftBesuControllerBuilder[m[2m | [m[32mProduced empty block #45 / 0 tx / 0 pending / 0 (0.0%) gas / (0x980ba79e0e30979a9bee087c7554ca69bf7f999ed646d0b9b0b01c87d147fadd)
[m[2m2026-09-23 23:08:02.015+0000[m[2m | [m[2mBftProcessorExecutor-QBFT-0[m[2m | [m[32mINFO [m[2m | [m[2mQbftBesuControllerBuilder[m[2m | [m[32mImported empty block #46 / 0 tx / 0 pending / 0 (0.0%) gas / (0x6ceb7c1161e85bff873d658353390d25d5a7633012f7124442fe6628b42159a1)
[m[2m2026-09-23 23:08:04.032+0000[m[2m | [m[2mBftProcessorExecutor-QBFT-0[m[2m | [m[32mINFO [m[2m | [m[2mQbftBesuControllerBuilder[m[2m | [m[32mImported block       #47 / 1 tx / 0 pending / 4,340,644 (14.5%) gas / (0xc988232c2c81403ca8836be2acfa599add57ec95e993ac35fb16eb86aa157cb0)
[m[2m2026-09-23 23:08:06.018+0000[m[2m | [m[2mBftProcessorExecutor-QBFT-0[m[2m | [m[32mINFO [m[2m | [m[2mQbftBesuControllerBuilder[m[2m | [m[32mImported empty block #48 / 0 tx / 0 pending / 0 (0.0%) gas / (0x669bf9cec8bd5a64965d76f65242444825405415bc73aeff75d37b6e2eb485e2)
[m[2m2026-09-23 23:08:08.017+0000[m[2m | [m[2mBftProcessorExecutor-QBFT-0[m[2m | [m[32mINFO [m[2m | [m[2mQbftBesuControllerBuilder[m[2m | [m[32mImported empty block #49 / 0 tx / 0 pending / 0 (0.0%) gas / (0x6d068478dfcf9d556edd9ce1fea5b7fdce5119e10cb3115e7bb4d2704ad17591)
[m[2m2026-09-23 23:08:10.017+0000[m[2m | [m[2mBftProcessorExecutor-QBFT-0[m[2m | [m[32mINFO [m[2m | [m[2mQbftBesuControllerBuilder[m[2m | [m[32mImported empty block #50 / 0 tx / 0 pending / 0 (0.0%) gas / (0xb2803588faa8fc6b9ae84d7af096c7b34929c8a4ecdca6b48ccb91a93d923342)
[m[2m2026-09-23 23:08:12.045+0000[m[2m | [m[2mBftProcessorExecutor-QBFT-0[m[2m | [m[32mINFO [m[2m | [m[2mQbftBesuControllerBuilder[m[2m | [m[32mProduced block       #51 / 1 tx / 0 pending / 338,454 (1.1%) gas / (0xa4397194dbe64bca97a8dc78dc381e8e34f2b9e07698cedb89fa337cb4fb352b)
[m[2m2026-09-23 23:08:12.045+0000[m[2m | [m[2mEthScheduler-Workers-6[m[2m | [m[32mINFO [m[2m | [m[2mPersistBlockTask[m[2m | [m[32mBlock 51 (0xa4397194dbe64bca97a8dc78dc381e8e34f2b9e07698cedb89fa337cb4fb352b) is already imported
[m[2m2026-09-23 23:08:14.027+0000[m[2m | [m[2mEthScheduler-Workers-0[m[2m | [m[32mINFO [m[2m | [m[2mPersistBlockTask[m[2m | [m[32mBlock 52 (0xcc6893208c3948da0c6fe49cd023b1f84a86b796229fd8316ce25a77fa072b91) is already imported
[m[2m2026-09-23 23:08:14.027+0000[m[2m | [m[2mBftProcessorExecutor-QBFT-0[m[2m | [m[32mINFO [m[2m | [m[2mQbftBesuControllerBuilder[m[2m | [m[32mImported empty block #52 / 0 tx / 0 pending / 0 (0.0%) gas / (0xcc6893208c3948da0c6fe49cd023b1f84a86b796229fd8316ce25a77fa072b91)
[m[2m2026-09-23 23:08:16.023+0000[m[2m | [m[2mBftProcessorExecutor-QBFT-0[m[2m | [m[32mINFO [m[2m | [m[2mQbftBesuControllerBuilder[m[2m | [m[32mImported empty block #53 / 0 tx / 0 pending / 0 (0.0%) gas / (0x2cfdb4da5f3faff4c23a14e8bc203b727c85ded69965f168709575504561a885)
[m[2m2026-09-23 23:08:18.030+0000[m[2m | [m[2mBftProcessorExecutor-QBFT-0[m[2m | [m[32mINFO [m[2m | [m[2mQbftBesuControllerBuilder[m[2m | [m[32mImported block       #54 / 1 tx / 0 pending / 3,439,805 (11.5%) gas / (0x5176f8535bfbd8c25d837d895b3bc932c91b6e13b5a52f7df7cb1ec2a80717fc)
[m[2m2026-09-23 23:08:20.017+0000[m[2m | [m[2mBftProcessorExecutor-QBFT-0[m[2m | [m[32mINFO [m[2m | [m[2mQbftBesuControllerBuilder[m[2m | [m[32mImported empty block #55 / 0 tx / 0 pending / 0 (0.0%) gas / (0xb8f101a2176bafaf182d89992a7dc97b68816d2e6ab4772ddfd0ffcfe245e6e4)
[m[2m2026-09-23 23:08:22.028+0000[m[2m | [m[2mBftProcessorExecutor-QBFT-0[m[2m | [m[32mINFO [m[2m | [m[2mQbftBesuControllerBuilder[m[2m | [m[32mImported empty block #56 / 0 tx / 0 pending / 0 (0.0%) gas / (0x9e3f7d02e5a8b782c13035398e2da03840103ba99cf4f94ccd68614ecf6faf89)
[m[2m2026-09-23 23:08:24.025+0000[m[2m | [m[2mBftProcessorExecutor-QBFT-0[m[2m | [m[32mINFO [m[2m | [m[2mQbftBesuControllerBuilder[m[2m | [m[32mProduced empty block #57 / 0 tx / 0 pending / 0 (0.0%) gas / (0x3fcabe41877baa294dd6515d8b1f482e4f68b3833721f663bc54250ed3ea923d)
[m[2m2026-09-23 23:08:26.242+0000[m[2m | [m[2mBftProcessorExecutor-QBFT-0[m[2m | [m[32mINFO [m[2m | [m[2mQbftBesuControllerBuilder[m[2m | [m[32mImported block       #58 / 1 tx / 0 pending / 10,437,429 (34.8%) gas / (0x29c0bc4d3fdd9cf0168350a8fb09e870e958656bbf5d3525d412dc7861672c49)
[m[2m2026-09-23 23:08:26.242+0000[m[2m | [m[2mEthScheduler-Workers-7[m[2m | [m[32mINFO [m[2m | [m[2mPersistBlockTask[m[2m | [m[32mBlock 58 (0x29c0bc4d3fdd9cf0168350a8fb09e870e958656bbf5d3525d412dc7861672c49) is already imported
[m[2m2026-09-23 23:08:28.026+0000[m[2m | [m[2mEthScheduler-Workers-1[m[2m | [m[32mINFO [m[2m | [m[2mPersistBlockTask[m[2m | [m[32mImported empty block #59 / 0 tx / 0 om / 0 (0.0%) gas / (0x80e02e5679528ba740d11a7054ff272e5f0856a37ea2cb70aacf4c20627eecb0) in 0.000s. Peers: 5
[m[2m2026-09-23 23:08:28.026+0000[m[2m | [m[2mBftProcessorExecutor-QBFT-0[m[2m | [m[32mINFO [m[2m | [m[2mQbftBesuControllerBuilder[m[2m | [m[32mImported empty block #59 / 0 tx / 0 pending / 0 (0.0%) gas / (0x80e02e5679528ba740d11a7054ff272e5f0856a37ea2cb70aacf4c20627eecb0)
[m[2m2026-09-23 23:08:30.044+0000[m[2m | [m[2mBftProcessorExecutor-QBFT-0[m[2m | [m[32mINFO [m[2m | [m[2mQbftBesuControllerBuilder[m[2m | [m[32mImported empty block #60 / 0 tx / 0 pending / 0 (0.0%) gas / (0x9f2b4b63fffbb2053ec1b997a8653180db85f8aae577c137b1360d1d96e9825f)
[m[2m2026-09-23 23:08:32.017+0000[m[2m | [m[2mBftProcessorExecutor-QBFT-0[m[2m | [m[32mINFO [m[2m | [m[2mQbftBesuControllerBuilder[m[2m | [m[32mImported empty block #61 / 0 tx / 0 pending / 0 (0.0%) gas / (0x3f5e65a5c9957e92f75ccefac4af576fddae894749df7b9311ba678fa9195851)
[m[2m2026-09-23 23:08:34.016+0000[m[2m | [m[2mBftProcessorExecutor-QBFT-0[m[2m | [m[32mINFO [m[2m | [m[2mQbftBesuControllerBuilder[m[2m | [m[32mImported empty block #62 / 0 tx / 0 pending / 0 (0.0%) gas / (0x874b78b0a1ddf77ec61d0a31855ac4c37271173f8626595dda01e492b373c0ca)
[m[2m2026-09-23 23:08:34.019+0000[m[2m | [m[2mEthScheduler-Workers-5[m[2m | [m[32mINFO [m[2m | [m[2mPersistBlockTask[m[2m | [m[32mBlock 62 (0x874b78b0a1ddf77ec61d0a31855ac4c37271173f8626595dda01e492b373c0ca) is already imported
[m[2m2026-09-23 23:08:36.020+0000[m[2m | [m[2mBftProcessorExecutor-QBFT-0[m[2m | [m[32mINFO [m[2m | [m[2mQbftBesuControllerBuilder[m[2m | [m[32mProduced empty block #63 / 0 tx / 0 pending / 0 (0.0%) gas / (0x82cf845e841c9934dc1aadfb9e1b5395eadbf58d565421e99f512e3ac40a4bb4)
[m[2m2026-09-23 23:08:38.020+0000[m[2m | [m[2mBftProcessorExecutor-QBFT-0[m[2m | [m[32mINFO [m[2m | [m[2mQbftBesuControllerBuilder[m[2m | [m[32mImported empty block #64 / 0 tx / 0 pending / 0 (0.0%) gas / (0x2cc13a72e631488e6b7e0aa2040519386ecd71b0b1be6253c93e78dff9260c3d)
[m[2m2026-09-23 23:08:40.052+0000[m[2m | [m[2mBftProcessorExecutor-QBFT-0[m[2m | [m[32mINFO [m[2m | [m[2mQbftBesuControllerBuilder[m[2m | [m[32mImported block       #65 / 4 tx / 0 pending / 3,231,599 (10.8%) gas / (0x52f0beaf0434e45dc248ce0399eb70f5c775b09cf787b0ed5df0307a152a1f26)
[m[2m2026-09-23 23:08:42.016+0000[m[2m | [m[2mBftProcessorExecutor-QBFT-0[m[2m | [m[32mINFO [m[2m | [m[2mQbftBesuControllerBuilder[m[2m | [m[32mImported empty block #66 / 0 tx / 0 pending / 0 (0.0%) gas / (0x92fd7da0b0fbc81b40769299c38744667e32183d538e1ceb9bf34a11be940b31)
[m[2m2026-09-23 23:08:44.028+0000[m[2m | [m[2mBftProcessorExecutor-QBFT-0[m[2m | [m[32mINFO [m[2m | [m[2mQbftBesuControllerBuilder[m[2m | [m[32mImported block       #67 / 1 tx / 0 pending / 420,333 (1.4%) gas / (0xe24b3ed8d968a9e6dbcc9391a5d09a5d5ede3457e5fc5b853425a005301f626c)
[m[2m2026-09-23 23:08:46.031+0000[m[2m | [m[2mBftProcessorExecutor-QBFT-0[m[2m | [m[32mINFO [m[2m | [m[2mQbftBesuControllerBuilder[m[2m | [m[32mImported block       #68 / 1 tx / 0 pending / 1,458,014 (4.9%) gas / (0xfaf2526f64cb05291fd071cd3a0891274a20b29856f1759e641900ce7ad283e9)
[m[2m2026-09-23 23:08:46.031+0000[m[2m | [m[2mEthScheduler-Workers-1[m[2m | [m[32mINFO [m[2m | [m[2mPersistBlockTask[m[2m | [m[32mBlock 68 (0xfaf2526f64cb05291fd071cd3a0891274a20b29856f1759e641900ce7ad283e9) is already imported
[m[2m2026-09-23 23:08:48.022+0000[m[2m | [m[2mBftProcessorExecutor-QBFT-0[m[2m | [m[32mINFO [m[2m | [m[2mQbftBesuControllerBuilder[m[2m | [m[32mProduced empty block #69 / 0 tx / 1 pending / 0 (0.0%) gas / (0xe639e08fa834a5822e581ead0aec338b86e96a929cfeafcaef2006f6cea61ab1)
[m[2m2026-09-23 23:08:48.022+0000[m[2m | [m[2mEthScheduler-Workers-4[m[2m | [m[32mINFO [m[2m | [m[2mPersistBlockTask[m[2m | [m[32mBlock 69 (0xe639e08fa834a5822e581ead0aec338b86e96a929cfeafcaef2006f6cea61ab1) is already imported
[m[2m2026-09-23 23:08:50.036+0000[m[2m | [m[2mBftProcessorExecutor-QBFT-0[m[2m | [m[32mINFO [m[2m | [m[2mQbftBesuControllerBuilder[m[2m | [m[32mImported block       #70 / 1 tx / 0 pending / 530,913 (1.8%) gas / (0x48e757991e729103e5f7327998bd5f379d64acf8b0c2632ba3a9afa3d859ac89)
[m[2m2026-09-23 23:08:50.036+0000[m[2m | [m[2mEthScheduler-Workers-1[m[2m | [m[32mINFO [m[2m | [m[2mPersistBlockTask[m[2m | [m[32mBlock 70 (0x48e757991e729103e5f7327998bd5f379d64acf8b0c2632ba3a9afa3d859ac89) is already imported
[m[2m2026-09-23 23:08:52.023+0000[m[2m | [m[2mEthScheduler-Workers-5[m[2m | [m[32mINFO [m[2m | [m[2mPersistBlockTask[m[2m | [m[32mBlock 71 (0x24095595ef82f2f49fe512487d9a812a686a5ecff5ffbce1dafc6b16496385a7) is already imported
[m[2m2026-09-23 23:08:52.028+0000[m[2m | [m[2mBftProcessorExecutor-QBFT-0[m[2m | [m[32mINFO [m[2m | [m[2mQbftBesuControllerBuilder[m[2m | [m[32mImported empty block #71 / 0 tx / 0 pending / 0 (0.0%) gas / (0x24095595ef82f2f49fe512487d9a812a686a5ecff5ffbce1dafc6b16496385a7)
[m[2m2026-09-23 23:08:54.033+0000[m[2m | [m[2mBftProcessorExecutor-QBFT-0[m[2m | [m[32mINFO [m[2m | [m[2mQbftBesuControllerBuilder[m[2m | [m[32mImported block       #72 / 1 tx / 0 pending / 3,220,629 (10.7%) gas / (0x150a3eed8721a6d4b8e045b72d158a584002c7fdbc2e078b1d0963674b3802a2)
[m[2m2026-09-23 23:08:56.028+0000[m[2m | [m[2mBftProcessorExecutor-QBFT-0[m[2m | [m[32mINFO [m[2m | [m[2mQbftBesuControllerBuilder[m[2m | [m[32mImported block       #73 / 1 tx / 0 pending / 4,105,308 (13.7%) gas / (0x48e2ce14c1e2d9f7f6060f9f782c58064fe8d45ee856fd9aa95c2d7b63efc31f)
[m[2m2026-09-23 23:08:58.029+0000[m[2m | [m[2mBftProcessorExecutor-QBFT-0[m[2m | [m[32mINFO [m[2m | [m[2mQbftBesuControllerBuilder[m[2m | [m[32mImported block       #74 / 1 tx / 0 pending / 2,399,061 (8.0%) gas / (0x488febbc0c47a04c0a834d284582ce657fd2318aabd8d363bad4e547fc86ff72)
[m[2m2026-09-23 23:09:00.041+0000[m[2m | [m[2mBftProcessorExecutor-QBFT-0[m[2m | [m[32mINFO [m[2m | [m[2mQbftBesuControllerBuilder[m[2m | [m[32mProduced empty block #75 / 0 tx / 0 pending / 0 (0.0%) gas / (0xf6ebd913233bd9736155feb4710289ab44475867d1a49295135c83aaffd77308)
[m[2m2026-09-23 23:09:02.056+0000[m[2m | [m[2mBftProcessorExecutor-QBFT-0[m[2m | [m[32mINFO [m[2m | [m[2mQbftBesuControllerBuilder[m[2m | [m[32mImported block       #76 / 1 tx / 0 pending / 4,224,824 (14.1%) gas / (0x194310db1e97a6c8ca83bb28e28351da932f555803be5dd58f0f9e8e35ac2160)
[m[2m2026-09-23 23:09:02.057+0000[m[2m | [m[2mEthScheduler-Workers-7[m[2m | [m[32mINFO [m[2m | [m[2mPersistBlockTask[m[2m | [m[32mBlock 76 (0x194310db1e97a6c8ca83bb28e28351da932f555803be5dd58f0f9e8e35ac2160) is already imported
[m[2m2026-09-23 23:09:04.027+0000[m[2m | [m[2mBftProcessorExecutor-QBFT-0[m[2m | [m[32mINFO [m[2m | [m[2mQbftBesuControllerBuilder[m[2m | [m[32mImported block       #77 / 1 tx / 0 pending / 4,225,864 (14.1%) gas / (0xf04634f511792441035f12333618bfafdf06f17b2ec7c82f7c99bca7244daafc)
[m[2m2026-09-23 23:09:06.028+0000[m[2m | [m[2mEthScheduler-Workers-3[m[2m | [m[32mINFO [m[2m | [m[2mPersistBlockTask[m[2m | [m[32mBlock 78 (0x6677fbad5922c70fa1d49159f06a12b7be9ef447dff4811b322d715d22660eb6) is already imported
[m[2m2026-09-23 23:09:06.028+0000[m[2m | [m[2mBftProcessorExecutor-QBFT-0[m[2m | [m[32mINFO [m[2m | [m[2mQbftBesuControllerBuilder[m[2m | [m[32mImported block       #78 / 1 tx / 0 pending / 2,158,881 (7.2%) gas / (0x6677fbad5922c70fa1d49159f06a12b7be9ef447dff4811b322d715d22660eb6)
[m[2m2026-09-23 23:09:08.013+0000[m[2m | [m[2mBftProcessorExecutor-QBFT-0[m[2m | [m[32mINFO [m[2m | [m[2mQbftBesuControllerBuilder[m[2m | [m[32mImported empty block #79 / 0 tx / 0 pending / 0 (0.0%) gas / (0x528f3082817796541bf2e180205493e9cf836d6aba85678ed64d5a23fc80ae7a)
[m[2m2026-09-23 23:09:10.019+0000[m[2m | [m[2mBftProcessorExecutor-QBFT-0[m[2m | [m[32mINFO [m[2m | [m[2mQbftBesuControllerBuilder[m[2m | [m[32mImported block       #80 / 1 tx / 0 pending / 2,160,959 (7.2%) gas / (0x33bd602ada5421d56997574219f19a297aeebd832b2b5da519e54a4d6a0bb347)
[m[2m2026-09-23 23:09:12.021+0000[m[2m | [m[2mBftProcessorExecutor-QBFT-0[m[2m | [m[32mINFO [m[2m | [m[2mQbftBesuControllerBuilder[m[2m | [m[32mProduced block       #81 / 1 tx / 0 pending / 161,474 (0.5%) gas / (0xb3ab57b930ef74aed79eeb085b9a4c354266c0265f0ba9dd73238f993af2c265)
[m[2m2026-09-23 23:09:14.024+0000[m[2m | [m[2mBftProcessorExecutor-QBFT-0[m[2m | [m[32mINFO [m[2m | [m[2mQbftBesuControllerBuilder[m[2m | [m[32mImported block       #82 / 1 tx / 0 pending / 161,234 (0.5%) gas / (0x6489230a958bdee6034e9f83464bdcfa8f3cf497b8b96648d385084f18c9c6c8)
[m[2m2026-09-23 23:09:16.014+0000[m[2m | [m[2mBftProcessorExecutor-QBFT-0[m[2m | [m[32mINFO [m[2m | [m[2mQbftBesuControllerBuilder[m[2m | [m[32mImported empty block #83 / 0 tx / 0 pending / 0 (0.0%) gas / (0x1b9bea42dd61c085537c5fb896f1dd55e9a86cb533ce8e348f38f60a6daf37f7)
[m[2m2026-09-23 23:09:18.030+0000[m[2m | [m[2mBftProcessorExecutor-QBFT-0[m[2m | [m[32mINFO [m[2m | [m[2mQbftBesuControllerBuilder[m[2m | [m[32mImported block       #84 / 1 tx / 0 pending / 161,450 (0.5%) gas / (0x7afc17c4fccc89f035b58beb0924541b1bcf16bc670942355840d77fbe866c7f)
[m[2m2026-09-23 23:09:20.029+0000[m[2m | [m[2mEthScheduler-Workers-6[m[2m | [m[32mINFO [m[2m | [m[2mPersistBlockTask[m[2m | [m[32mImported empty block #85 / 0 tx / 0 om / 0 (0.0%) gas / (0xa79a4c2b08a42714f8ec2981d463190c12a99491ed2606c892648ee2320b3c73) in 0.000s. Peers: 5
[m[2m2026-09-23 23:09:22.031+0000[m[2m | [m[2mBftProcessorExecutor-QBFT-0[m[2m | [m[32mINFO [m[2m | [m[2mQbftBesuControllerBuilder[m[2m | [m[32mImported block       #86 / 1 tx / 0 pending / 612,726 (2.0%) gas / (0xb12a55131f698626f4ab41b02065914c607850dc0c762aac5dc5d6eb2d262d7f)
[m[2m2026-09-23 23:09:24.026+0000[m[2m | [m[2mEthScheduler-Workers-1[m[2m | [m[32mINFO [m[2m | [m[2mPersistBlockTask[m[2m | [m[32mBlock 87 (0xaea6467f4d9671eaa80cacb7f5a709ba649bcc199d78b4b3389384d241d6f5c9) is already imported
[m[2m2026-09-23 23:09:24.027+0000[m[2m | [m[2mBftProcessorExecutor-QBFT-0[m[2m | [m[32mINFO [m[2m | [m[2mQbftBesuControllerBuilder[m[2m | [m[32mProduced block       #87 / 1 tx / 0 pending / 355,177 (1.2%) gas / (0xaea6467f4d9671eaa80cacb7f5a709ba649bcc199d78b4b3389384d241d6f5c9)
[m[2m2026-09-23 23:09:26.013+0000[m[2m | [m[2mBftProcessorExecutor-QBFT-0[m[2m | [m[32mINFO [m[2m | [m[2mQbftBesuControllerBuilder[m[2m | [m[32mImported empty block #88 / 0 tx / 0 pending / 0 (0.0%) gas / (0x6d95a714042d1182ee8d02313533aa11564f3fa528fe8207144c4ba11b2db2a5)
[m[2m2026-09-23 23:09:28.034+0000[m[2m | [m[2mBftProcessorExecutor-QBFT-0[m[2m | [m[32mINFO [m[2m | [m[2mQbftBesuControllerBuilder[m[2m | [m[32mImported block       #89 / 1 tx / 0 pending / 4,625,322 (15.4%) gas / (0x0827628ff80eb07e0ca6658d997fb2863dbaa1863df6126ded5631f80a51f869)
[m[2m2026-09-23 23:09:30.047+0000[m[2m | [m[2mBftProcessorExecutor-QBFT-0[m[2m | [m[32mINFO [m[2m | [m[2mQbftBesuControllerBuilder[m[2m | [m[32mImported block       #90 / 1 tx / 0 pending / 1,917,700 (6.4%) gas / (0xc8ec9e315136d247f98cfaae8e84f3056c163ea9d2f9549ee62c9d7e54096fb6)
[m[2m2026-09-23 23:09:32.015+0000[m[2m | [m[2mBftProcessorExecutor-QBFT-0[m[2m | [m[32mINFO [m[2m | [m[2mQbftBesuControllerBuilder[m[2m | [m[32mImported empty block #91 / 0 tx / 0 pending / 0 (0.0%) gas / (0x21443ff463664281899926ce108deccb3062c78b0d4dcdb09d9f96acd2093f4f)
[m[2m2026-09-23 23:09:34.028+0000[m[2m | [m[2mBftProcessorExecutor-QBFT-0[m[2m | [m[32mINFO [m[2m | [m[2mQbftBesuControllerBuilder[m[2m | [m[32mImported block       #92 / 1 tx / 0 pending / 29,198 (0.1%) gas / (0x72fc5c5bf2ed9b458358d1f5200f76e8e3842c1dcc1b4588962bd51ab5af54a8)
[m[2m2026-09-23 23:09:36.022+0000[m[2m | [m[2mBftProcessorExecutor-QBFT-0[m[2m | [m[32mINFO [m[2m | [m[2mQbftBesuControllerBuilder[m[2m | [m[32mProduced empty block #93 / 0 tx / 0 pending / 0 (0.0%) gas / (0xded94bd1ca52dfb2ff35cabd09ad7ab57eb83e60f9363606f906d4dee58fc5c8)
[m[2m2026-09-23 23:09:38.015+0000[m[2m | [m[2mBftProcessorExecutor-QBFT-0[m[2m | [m[32mINFO [m[2m | [m[2mQbftBesuControllerBuilder[m[2m | [m[32mImported empty block #94 / 0 tx / 0 pending / 0 (0.0%) gas / (0x22f1a35c3f11d16e9ecf72700c7fc8249756bbf528ec37b66a83bb2c70da041c)
[m[2m2026-09-23 23:09:38.018+0000[m[2m | [m[2mEthScheduler-Workers-1[m[2m | [m[32mINFO [m[2m | [m[2mPersistBlockTask[m[2m | [m[32mBlock 94 (0x22f1a35c3f11d16e9ecf72700c7fc8249756bbf528ec37b66a83bb2c70da041c) is already imported
[m[2m2026-09-23 23:09:40.012+0000[m[2m | [m[2mBftProcessorExecutor-QBFT-0[m[2m | [m[32mINFO [m[2m | [m[2mQbftBesuControllerBuilder[m[2m | [m[32mImported empty block #95 / 0 tx / 0 pending / 0 (0.0%) gas / (0x9a68128bba3400339608e06f1c446e871263d18f7c72654bde7b92504b1ed42a)
[m[2m2026-09-23 23:09:42.013+0000[m[2m | [m[2mBftProcessorExecutor-QBFT-0[m[2m | [m[32mINFO [m[2m | [m[2mQbftBesuControllerBuilder[m[2m | [m[32mImported empty block #96 / 0 tx / 0 pending / 0 (0.0%) gas / (0x1b2fa2effd08cc836cea3ae780b2f079e4d6e65727cd3b78e4450d0e3d827a0e)
[m[2m2026-09-23 23:09:44.015+0000[m[2m | [m[2mBftProcessorExecutor-QBFT-0[m[2m | [m[32mINFO [m[2m | [m[2mQbftBesuControllerBuilder[m[2m | [m[32mImported empty block #97 / 0 tx / 0 pending / 0 (0.0%) gas / (0x2cf6f1bafb4ce06aec7310919ab95b204c49029f695fbf70d854f3a6fc41dcd8)
[m[2m2026-09-23 23:09:46.013+0000[m[2m | [m[2mEthScheduler-Workers-4[m[2m | [m[32mINFO [m[2m | [m[2mPersistBlockTask[m[2m | [m[32mBlock 98 (0xbb86dbc95ce965b01e629cce03615626f0c4642729e6fc8c7c732ddb3c0c8bad) is already imported
[m[2m2026-09-23 23:09:46.016+0000[m[2m | [m[2mBftProcessorExecutor-QBFT-0[m[2m | [m[32mINFO [m[2m | [m[2mQbftBesuControllerBuilder[m[2m | [m[32mImported empty block #98 / 0 tx / 0 pending / 0 (0.0%) gas / (0xbb86dbc95ce965b01e629cce03615626f0c4642729e6fc8c7c732ddb3c0c8bad)
[m[2m2026-09-23 23:09:48.027+0000[m[2m | [m[2mEthScheduler-Workers-0[m[2m | [m[32mINFO [m[2m | [m[2mPersistBlockTask[m[2m | [m[32mBlock 99 (0x7c1f78f3c6ce6580c5a39736926ddc5d61b4d0b4f95be0a62025b7bdb69fae75) is already imported
[m[2m2026-09-23 23:09:48.027+0000[m[2m | [m[2mBftProcessorExecutor-QBFT-0[m[2m | [m[32mINFO [m[2m | [m[2mQbftBesuControllerBuilder[m[2m | [m[32mProduced empty block #99 / 0 tx / 0 pending / 0 (0.0%) gas / (0x7c1f78f3c6ce6580c5a39736926ddc5d61b4d0b4f95be0a62025b7bdb69fae75)
[m[2m2026-09-23 23:09:50.017+0000[m[2m | [m[2mBftProcessorExecutor-QBFT-0[m[2m | [m[32mINFO [m[2m | [m[2mQbftBesuControllerBuilder[m[2m | [m[32mImported empty block #100 / 0 tx / 0 pending / 0 (0.0%) gas / (0xedb90390fb7f7aaca92d0ed381a8db59647ab2781effc288eeb4a213d3c88412)
[m[2m2026-09-23 23:09:50.018+0000[m[2m | [m[2mEthScheduler-Workers-7[m[2m | [m[32mINFO [m[2m | [m[2mPersistBlockTask[m[2m | [m[32mBlock 100 (0xedb90390fb7f7aaca92d0ed381a8db59647ab2781effc288eeb4a213d3c88412) is already imported
[m[2m2026-09-23 23:09:52.031+0000[m[2m | [m[2mBftProcessorExecutor-QBFT-0[m[2m | [m[32mINFO [m[2m | [m[2mQbftBesuControllerBuilder[m[2m | [m[32mImported empty block #101 / 0 tx / 0 pending / 0 (0.0%) gas / (0xaa1b478c8936080bb417a35e19bc1a5dff3d7946ed01281804044594dd4cfe58)
[m[2m2026-09-23 23:09:52.031+0000[m[2m | [m[2mEthScheduler-Workers-3[m[2m | [m[32mINFO [m[2m | [m[2mPersistBlockTask[m[2m | [m[32mBlock 101 (0xaa1b478c8936080bb417a35e19bc1a5dff3d7946ed01281804044594dd4cfe58) is already imported
[m[2m2026-09-23 23:09:54.015+0000[m[2m | [m[2mBftProcessorExecutor-QBFT-0[m[2m | [m[32mINFO [m[2m | [m[2mQbftBesuControllerBuilder[m[2m | [m[32mImported empty block #102 / 0 tx / 0 pending / 0 (0.0%) gas / (0xb43364331f4b6a86cb7652b1dfd39f92e7639acfde06f64f0701bdd1004d0a2e)
[m[2m2026-09-23 23:09:56.019+0000[m[2m | [m[2mBftProcessorExecutor-QBFT-0[m[2m | [m[32mINFO [m[2m | [m[2mQbftBesuControllerBuilder[m[2m | [m[32mImported empty block #103 / 0 tx / 0 pending / 0 (0.0%) gas / (0x47b0cd370065396c254a574b169f3ac6fdabcb5c86555116819d93c52edd709c)
[m[2m2026-09-23 23:09:58.017+0000[m[2m | [m[2mBftProcessorExecutor-QBFT-0[m[2m | [m[32mINFO [m[2m | [m[2mQbftBesuControllerBuilder[m[2m | [m[32mImported empty block #104 / 0 tx / 0 pending / 0 (0.0%) gas / (0x30780db284d17e899c87e2b9d1cdc5cdcb032c34501e5436c719de133ab74cdc)
[m[2m2026-09-23 23:10:00.030+0000[m[2m | [m[2mBftProcessorExecutor-QBFT-0[m[2m | [m[32mINFO [m[2m | [m[2mQbftBesuControllerBuilder[m[2m | [m[32mProduced empty block #105 / 0 tx / 0 pending / 0 (0.0%) gas / (0xa3b7ee09df76de839a23f4e472858859db63cf02c365442967074df3483412a2)
[m[2m2026-09-23 23:10:02.021+0000[m[2m | [m[2mBftProcessorExecutor-QBFT-0[m[2m | [m[32mINFO [m[2m | [m[2mQbftBesuControllerBuilder[m[2m | [m[32mImported empty block #106 / 0 tx / 0 pending / 0 (0.0%) gas / (0x9d43377b76a383ba9f1c706cb0d5899c025c286c0ccf4fdea8a287d107285d97)
[m[2m2026-09-23 23:10:04.035+0000[m[2m | [m[2mBftProcessorExecutor-QBFT-0[m[2m | [m[32mINFO [m[2m | [m[2mQbftBesuControllerBuilder[m[2m | [m[32mImported empty block #107 / 0 tx / 0 pending / 0 (0.0%) gas / (0x210d51f056f1f7c0d2c87101f28b70c22e7e63c063b6303e865c2ae99c42c698)
[m[2m2026-09-23 23:10:04.035+0000[m[2m | [m[2mEthScheduler-Workers-6[m[2m | [m[32mINFO [m[2m | [m[2mPersistBlockTask[m[2m | [m[32mImported empty block #107 / 0 tx / 0 om / 0 (0.0%) gas / (0x210d51f056f1f7c0d2c87101f28b70c22e7e63c063b6303e865c2ae99c42c698) in 0.000s. Peers: 5
[m[2m2026-09-23 23:10:06.015+0000[m[2m | [m[2mBftProcessorExecutor-QBFT-0[m[2m | [m[32mINFO [m[2m | [m[2mQbftBesuControllerBuilder[m[2m | [m[32mImported empty block #108 / 0 tx / 0 pending / 0 (0.0%) gas / (0x5341ba6f5ea4bca515afe202029f15a1ad35b4292a60baec457319f4a576ac7c)
[m[2m2026-09-23 23:10:06.015+0000[m[2m | [m[2mEthScheduler-Workers-5[m[2m | [m[32mINFO [m[2m | [m[2mPersistBlockTask[m[2m | [m[32mBlock 108 (0x5341ba6f5ea4bca515afe202029f15a1ad35b4292a60baec457319f4a576ac7c) is already imported
[m[2m2026-09-23 23:10:08.030+0000[m[2m | [m[2mEthScheduler-Workers-2[m[2m | [m[32mINFO [m[2m | [m[2mPersistBlockTask[m[2m | [m[32mImported empty block #109 / 0 tx / 0 om / 0 (0.0%) gas / (0xd67fdc1a1a9ea4ed1b84f8c98e68f4006cf3541757517e72299fa424449d6e22) in 0.000s. Peers: 5
[m[2m2026-09-23 23:10:08.031+0000[m[2m | [m[2mBftProcessorExecutor-QBFT-0[m[2m | [m[32mINFO [m[2m | [m[2mQbftBesuControllerBuilder[m[2m | [m[32mImported empty block #109 / 0 tx / 0 pending / 0 (0.0%) gas / (0xd67fdc1a1a9ea4ed1b84f8c98e68f4006cf3541757517e72299fa424449d6e22)
[m[2m2026-09-23 23:10:10.014+0000[m[2m | [m[2mBftProcessorExecutor-QBFT-0[m[2m | [m[32mINFO [m[2m | [m[2mQbftBesuControllerBuilder[m[2m | [m[32mImported empty block #110 / 0 tx / 0 pending / 0 (0.0%) gas / (0x25ecadd0ab1b17fa97f8383f21036e500f93c9d0f2cf710e01178f8184fb6478)
[m[2m2026-09-23 23:10:12.016+0000[m[2m | [m[2mEthScheduler-Workers-1[m[2m | [m[32mINFO [m[2m | [m[2mPersistBlockTask[m[2m | [m[32mBlock 111 (0x3893dc0b8a38611cd223a7687e6ee712c8d8c031f6c4f9f87fe68281df69616e) is already imported
[m[2m2026-09-23 23:10:12.017+0000[m[2m | [m[2mBftProcessorExecutor-QBFT-0[m[2m | [m[32mINFO [m[2m | [m[2mQbftBesuControllerBuilder[m[2m | [m[32mProduced empty block #111 / 0 tx / 0 pending / 0 (0.0%) gas / (0x3893dc0b8a38611cd223a7687e6ee712c8d8c031f6c4f9f87fe68281df69616e)
[m[2m2026-09-23 23:10:14.018+0000[m[2m | [m[2mBftProcessorExecutor-QBFT-0[m[2m | [m[32mINFO [m[2m | [m[2mQbftBesuControllerBuilder[m[2m | [m[32mImported empty block #112 / 0 tx / 0 pending / 0 (0.0%) gas / (0x80c8136d78715e04bcc7c0cdb695928044cd505d2f33c94de9db4b0ab757ccad)
[m[2m2026-09-23 23:10:16.017+0000[m[2m | [m[2mEthScheduler-Workers-4[m[2m | [m[32mINFO [m[2m | [m[2mPersistBlockTask[m[2m | [m[32mBlock 113 (0x71399ab428eae1a5d393d3e9a475cdacf1d5d2443fa2a7e5b3eb9b7cdd3d3ac2) is already imported
[m[2m2026-09-23 23:10:16.017+0000[m[2m | [m[2mBftProcessorExecutor-QBFT-0[m[2m | [m[32mINFO [m[2m | [m[2mQbftBesuControllerBuilder[m[2m | [m[32mImported empty block #113 / 0 tx / 0 pending / 0 (0.0%) gas / (0x71399ab428eae1a5d393d3e9a475cdacf1d5d2443fa2a7e5b3eb9b7cdd3d3ac2)
[m[2m2026-09-23 23:10:18.015+0000[m[2m | [m[2mBftProcessorExecutor-QBFT-0[m[2m | [m[32mINFO [m[2m | [m[2mQbftBesuControllerBuilder[m[2m | [m[32mImported empty block #114 / 0 tx / 0 pending / 0 (0.0%) gas / (0xfdfab1995050c05aa6dac757cef52c9bce3f21b68352adabc4c6d42d02d389c7)
[m[2m2026-09-23 23:10:20.013+0000[m[2m | [m[2mBftProcessorExecutor-QBFT-0[m[2m | [m[32mINFO [m[2m | [m[2mQbftBesuControllerBuilder[m[2m | [m[32mImported empty block #115 / 0 tx / 0 pending / 0 (0.0%) gas / (0x7167f5bf8ac650fd389588d3edf6c2337b0c81bbef3023e8e7b4865fd6a55c05)
[m[2m2026-09-23 23:10:22.018+0000[m[2m | [m[2mBftProcessorExecutor-QBFT-0[m[2m | [m[32mINFO [m[2m | [m[2mQbftBesuControllerBuilder[m[2m | [m[32mImported empty block #116 / 0 tx / 0 pending / 0 (0.0%) gas / (0xc97f3f13134036985b18baf7ddf1de72344b209c7e8a1127c61b7af2d487bdf1)
[m[2m2026-09-23 23:10:22.019+0000[m[2m | [m[2mEthScheduler-Workers-0[m[2m | [m[32mINFO [m[2m | [m[2mPersistBlockTask[m[2m | [m[32mBlock 116 (0xc97f3f13134036985b18baf7ddf1de72344b209c7e8a1127c61b7af2d487bdf1) is already imported
[m[2m2026-09-23 23:10:24.034+0000[m[2m | [m[2mEthScheduler-Workers-7[m[2m | [m[32mINFO [m[2m | [m[2mPersistBlockTask[m[2m | [m[32mImported empty block #117 / 0 tx / 0 om / 0 (0.0%) gas / (0x8b318f0aa24b1719fb5f0ad0e1d2be353871ad79b0c0a38754500d22b540a110) in 0.000s. Peers: 5
[m[2m2026-09-23 23:10:26.020+0000[m[2m | [m[2mBftProcessorExecutor-QBFT-0[m[2m | [m[32mINFO [m[2m | [m[2mQbftBesuControllerBuilder[m[2m | [m[32mImported empty block #118 / 0 tx / 0 pending / 0 (0.0%) gas / (0xfc5c786a2c2b28aab76a31badea69ac0d173c2083f7e3ec3032784acc1d5119c)
[m[2m2026-09-23 23:10:28.020+0000[m[2m | [m[2mBftProcessorExecutor-QBFT-0[m[2m | [m[32mINFO [m[2m | [m[2mQbftBesuControllerBuilder[m[2m | [m[32mImported empty block #119 / 0 tx / 0 pending / 0 (0.0%) gas / (0x4dcdcf83730f2d91827735b771ca122a6984ebcfa53051815b8d4c2cf359e37c)
[m[2m2026-09-23 23:10:28.020+0000[m[2m | [m[2mEthScheduler-Workers-3[m[2m | [m[32mINFO [m[2m | [m[2mPersistBlockTask[m[2m | [m[32mBlock 119 (0x4dcdcf83730f2d91827735b771ca122a6984ebcfa53051815b8d4c2cf359e37c) is already imported
[m[2m2026-09-23 23:10:30.031+0000[m[2m | [m[2mBftProcessorExecutor-QBFT-0[m[2m | [m[32mINFO [m[2m | [m[2mQbftBesuControllerBuilder[m[2m | [m[32mImported empty block #120 / 0 tx / 0 pending / 0 (0.0%) gas / (0xc6e67c6e102c07c8a26e7d3d6b7db448faaa4d8f839f188152b146c702c48343)
[m[2m2026-09-23 23:10:30.031+0000[m[2m | [m[2mEthScheduler-Workers-6[m[2m | [m[32mINFO [m[2m | [m[2mPersistBlockTask[m[2m | [m[32mBlock 120 (0xc6e67c6e102c07c8a26e7d3d6b7db448faaa4d8f839f188152b146c702c48343) is already imported
[m[2m2026-09-23 23:10:32.017+0000[m[2m | [m[2mBftProcessorExecutor-QBFT-0[m[2m | [m[32mINFO [m[2m | [m[2mQbftBesuControllerBuilder[m[2m | [m[32mImported empty block #121 / 0 tx / 0 pending / 0 (0.0%) gas / (0x308afe676236f0dd121a85fff1ffa4923cea101337b5d7e6fe272e80a7e1a130)
[m[2m2026-09-23 23:10:34.027+0000[m[2m | [m[2mEthScheduler-Workers-5[m[2m | [m[32mINFO [m[2m | [m[2mPersistBlockTask[m[2m | [m[32mImported empty block #122 / 0 tx / 0 om / 0 (0.0%) gas / (0x26f5df343f6a681bb95f29dbd61290f308dc8257d388a11915ffd029207e19f0) in 0.000s. Peers: 5
[m[2m2026-09-23 23:10:36.017+0000[m[2m | [m[2mBftProcessorExecutor-QBFT-0[m[2m | [m[32mINFO [m[2m | [m[2mQbftBesuControllerBuilder[m[2m | [m[32mProduced empty block #123 / 0 tx / 0 pending / 0 (0.0%) gas / (0x1889e71418b0d30badd9963610f109fa16078835b866e04c3f86e8dca36183b2)
[m[2m2026-09-23 23:10:36.017+0000[m[2m | [m[2mEthScheduler-Workers-2[m[2m | [m[32mINFO [m[2m | [m[2mPersistBlockTask[m[2m | [m[32mBlock 123 (0x1889e71418b0d30badd9963610f109fa16078835b866e04c3f86e8dca36183b2) is already imported
[m[2m2026-09-23 23:10:38.014+0000[m[2m | [m[2mBftProcessorExecutor-QBFT-0[m[2m | [m[32mINFO [m[2m | [m[2mQbftBesuControllerBuilder[m[2m | [m[32mImported empty block #124 / 0 tx / 0 pending / 0 (0.0%) gas / (0xd3cf04d741aad9e4409c64f77b8f1306ab8ba13739049e99c11f37b0e2e4c99f)
[m[2m2026-09-23 23:10:40.014+0000[m[2m | [m[2mBftProcessorExecutor-QBFT-0[m[2m | [m[32mINFO [m[2m | [m[2mQbftBesuControllerBuilder[m[2m | [m[32mImported empty block #125 / 0 tx / 0 pending / 0 (0.0%) gas / (0x0045fe41931a07c1ff31e0e689b1879a1d4af3430071bfec39bf4c1421919acc)
[m[2m2026-09-23 23:10:42.015+0000[m[2m | [m[2mBftProcessorExecutor-QBFT-0[m[2m | [m[32mINFO [m[2m | [m[2mQbftBesuControllerBuilder[m[2m | [m[32mImported empty block #126 / 0 tx / 0 pending / 0 (0.0%) gas / (0x1251252cb69a7bde30ade5dabe9c8769bfced5d823b4c7ce2859c3df86e6b545)
[m[2m2026-09-23 23:10:44.014+0000[m[2m | [m[2mBftProcessorExecutor-QBFT-0[m[2m | [m[32mINFO [m[2m | [m[2mQbftBesuControllerBuilder[m[2m | [m[32mImported empty block #127 / 0 tx / 0 pending / 0 (0.0%) gas / (0xe5d6d44145dfbcbb98fc6fd24cd3e8bd18d0168b98fc930ddd055ccdc3f94d9f)
[m[2m2026-09-23 23:10:46.019+0000[m[2m | [m[2mEthScheduler-Workers-1[m[2m | [m[32mINFO [m[2m | [m[2mPersistBlockTask[m[2m | [m[32mBlock 128 (0xc35ffc74c574d8033a5f3d61c98fc4f077366fb497aaadc347ce947dbfe006c4) is already imported
[m[2m2026-09-23 23:10:46.019+0000[m[2m | [m[2mBftProcessorExecutor-QBFT-0[m[2m | [m[32mINFO [m[2m | [m[2mQbftBesuControllerBuilder[m[2m | [m[32mImported empty block #128 / 0 tx / 0 pending / 0 (0.0%) gas / (0xc35ffc74c574d8033a5f3d61c98fc4f077366fb497aaadc347ce947dbfe006c4)
[m[2m2026-09-23 23:10:48.018+0000[m[2m | [m[2mEthScheduler-Workers-4[m[2m | [m[32mINFO [m[2m | [m[2mPersistBlockTask[m[2m | [m[32mImported empty block #129 / 0 tx / 0 om / 0 (0.0%) gas / (0x758e9c047cbc556974a78d8dba8bcf649f10ef3472f6bd1f2a8cab9de92c42ee) in 0.000s. Peers: 5
[m[2m2026-09-23 23:10:50.020+0000[m[2m | [m[2mBftProcessorExecutor-QBFT-0[m[2m | [m[32mINFO [m[2m | [m[2mQbftBesuControllerBuilder[m[2m | [m[32mImported empty block #130 / 0 tx / 0 pending / 0 (0.0%) gas / (0x3969418cb62a452d88153829b1246057ccfd8bd31f77d75b953621d469da9d4b)
[m[2m2026-09-23 23:10:50.020+0000[m[2m | [m[2mEthScheduler-Workers-0[m[2m | [m[32mINFO [m[2m | [m[2mPersistBlockTask[m[2m | [m[32mBlock 130 (0x3969418cb62a452d88153829b1246057ccfd8bd31f77d75b953621d469da9d4b) is already imported
[m[2m2026-09-23 23:10:52.013+0000[m[2m | [m[2mBftProcessorExecutor-QBFT-0[m[2m | [m[32mINFO [m[2m | [m[2mQbftBesuControllerBuilder[m[2m | [m[32mImported empty block #131 / 0 tx / 0 pending / 0 (0.0%) gas / (0xc582a017ff7f701431a7de0da9d591c8f7ea5259669124a2bb8c8afc1110106f)
[m[2m2026-09-23 23:10:54.017+0000[m[2m | [m[2mBftProcessorExecutor-QBFT-0[m[2m | [m[32mINFO [m[2m | [m[2mQbftBesuControllerBuilder[m[2m | [m[32mImported empty block #132 / 0 tx / 0 pending / 0 (0.0%) gas / (0xfbae42dc68852044eba7b6da1c0e54a79ac63b197c98b447288104d94de89b4b)
[m[2m2026-09-23 23:10:56.018+0000[m[2m | [m[2mBftProcessorExecutor-QBFT-0[m[2m | [m[32mINFO [m[2m | [m[2mQbftBesuControllerBuilder[m[2m | [m[32mImported empty block #133 / 0 tx / 0 pending / 0 (0.0%) gas / (0x82a7de2ba83460a8a4185e93435dfe5d2f53ff1f6705d3ef4035370f777f665a)
[m[2m2026-09-23 23:10:56.018+0000[m[2m | [m[2mEthScheduler-Workers-7[m[2m | [m[32mINFO [m[2m | [m[2mPersistBlockTask[m[2m | [m[32mBlock 133 (0x82a7de2ba83460a8a4185e93435dfe5d2f53ff1f6705d3ef4035370f777f665a) is already imported
[m[2m2026-09-23 23:10:58.016+0000[m[2m | [m[2mBftProcessorExecutor-QBFT-0[m[2m | [m[32mINFO [m[2m | [m[2mQbftBesuControllerBuilder[m[2m | [m[32mImported empty block #134 / 0 tx / 0 pending / 0 (0.0%) gas / (0x43d4cdb0da63e340dbbdfc9643ed77674be8c0fcfb042a62e48b68ef8e22cceb)
[m[2m2026-09-23 23:11:00.033+0000[m[2m | [m[2mEthScheduler-Workers-1[m[2m | [m[32mINFO [m[2m | [m[2mPersistBlockTask[m[2m | [m[32mBlock 135 (0x607d99f76b741fba8cc41d0b2a5b3fb52922977b1f362f5b8971112fd7fe3c0f) is already imported
[m[2m2026-09-23 23:11:00.036+0000[m[2m | [m[2mBftProcessorExecutor-QBFT-0[m[2m | [m[32mINFO [m[2m | [m[2mQbftBesuControllerBuilder[m[2m | [m[32mProduced empty block #135 / 0 tx / 0 pending / 0 (0.0%) gas / (0x607d99f76b741fba8cc41d0b2a5b3fb52922977b1f362f5b8971112fd7fe3c0f)
[m[2m2026-09-23 23:11:02.015+0000[m[2m | [m[2mBftProcessorExecutor-QBFT-0[m[2m | [m[32mINFO [m[2m | [m[2mQbftBesuControllerBuilder[m[2m | [m[32mImported empty block #136 / 0 tx / 0 pending / 0 (0.0%) gas / (0xb3974a8ecc038ad8c1110dc1dd3c303e4dd9b9da7d071d1bba306d07ea40fbb7)
[m[2m2026-09-23 23:11:04.015+0000[m[2m | [m[2mEthScheduler-Workers-6[m[2m | [m[32mINFO [m[2m | [m[2mPersistBlockTask[m[2m | [m[32mBlock 137 (0x7ebc39f54a4be5894339b7fe4d921f6297907736bb35db036d75560fbe932a16) is already imported
[m[2m2026-09-23 23:11:04.015+0000[m[2m | [m[2mBftProcessorExecutor-QBFT-0[m[2m | [m[32mINFO [m[2m | [m[2mQbftBesuControllerBuilder[m[2m | [m[32mImported empty block #137 / 0 tx / 0 pending / 0 (0.0%) gas / (0x7ebc39f54a4be5894339b7fe4d921f6297907736bb35db036d75560fbe932a16)
[m[2m2026-09-23 23:11:06.014+0000[m[2m | [m[2mEthScheduler-Workers-5[m[2m | [m[32mINFO [m[2m | [m[2mPersistBlockTask[m[2m | [m[32mBlock 138 (0x3b542f070838c09cc783ca8be396740cc10b170b8c6f65ae7da30577011ca53f) is already imported
[m[2m2026-09-23 23:11:06.014+0000[m[2m | [m[2mBftProcessorExecutor-QBFT-0[m[2m | [m[32mINFO [m[2m | [m[2mQbftBesuControllerBuilder[m[2m | [m[32mImported empty block #138 / 0 tx / 0 pending / 0 (0.0%) gas / (0x3b542f070838c09cc783ca8be396740cc10b170b8c6f65ae7da30577011ca53f)
[m[2m2026-09-23 23:11:08.017+0000[m[2m | [m[2mBftProcessorExecutor-QBFT-0[m[2m | [m[32mINFO [m[2m | [m[2mQbftBesuControllerBuilder[m[2m | [m[32mImported empty block #139 / 0 tx / 0 pending / 0 (0.0%) gas / (0x1b572f2b831e2848c56447353c42ccc1daeaa6693e73abe81a0804d36b7473ab)
[m[2m2026-09-23 23:11:08.017+0000[m[2m | [m[2mEthScheduler-Workers-2[m[2m | [m[32mINFO [m[2m | [m[2mPersistBlockTask[m[2m | [m[32mBlock 139 (0x1b572f2b831e2848c56447353c42ccc1daeaa6693e73abe81a0804d36b7473ab) is already imported
[m[2m2026-09-23 23:11:10.013+0000[m[2m | [m[2mBftProcessorExecutor-QBFT-0[m[2m | [m[32mINFO [m[2m | [m[2mQbftBesuControllerBuilder[m[2m | [m[32mImported empty block #140 / 0 tx / 0 pending / 0 (0.0%) gas / (0x1bb7bc1bc44d4ed07dbf2489fa0d8993b93c52b69020475563e45bbfec239c2e)
[m[2m2026-09-23 23:11:12.018+0000[m[2m | [m[2mBftProcessorExecutor-QBFT-0[m[2m | [m[32mINFO [m[2m | [m[2mQbftBesuControllerBuilder[m[2m | [m[32mProduced empty block #141 / 0 tx / 0 pending / 0 (0.0%) gas / (0x78d3d35a3e2931cf54d05de6d23b0a4be02b0acb5744cbb84a04d0ea5dfe919f)
[m[2m2026-09-23 23:11:12.018+0000[m[2m | [m[2mEthScheduler-Workers-3[m[2m | [m[32mINFO [m[2m | [m[2mPersistBlockTask[m[2m | [m[32mBlock 141 (0x78d3d35a3e2931cf54d05de6d23b0a4be02b0acb5744cbb84a04d0ea5dfe919f) is already imported
[m[2m2026-09-23 23:11:14.014+0000[m[2m | [m[2mBftProcessorExecutor-QBFT-0[m[2m | [m[32mINFO [m[2m | [m[2mQbftBesuControllerBuilder[m[2m | [m[32mImported empty block #142 / 0 tx / 0 pending / 0 (0.0%) gas / (0xf089acdf5c112150c363c59377ef60fbac05f31ca19b4527d0ef54bbda6f8d18)
[m[2m2026-09-23 23:11:16.012+0000[m[2m | [m[2mBftProcessorExecutor-QBFT-0[m[2m | [m[32mINFO [m[2m | [m[2mQbftBesuControllerBuilder[m[2m | [m[32mImported empty block #143 / 0 tx / 0 pending / 0 (0.0%) gas / (0x3270b52b2f44f7508dc941ba1acd00ff1564acba9c6695d85283093f56aaf910)
[m[2m2026-09-23 23:11:18.017+0000[m[2m | [m[2mEthScheduler-Workers-4[m[2m | [m[32mINFO [m[2m | [m[2mPersistBlockTask[m[2m | [m[32mImported empty block #144 / 0 tx / 0 om / 0 (0.0%) gas / (0x1e4f4eb616ed20b43cf0670c32de71233c9e74b3f88e4dd18c58e395818cb4b7) in 0.000s. Peers: 5
[m[2m2026-09-23 23:11:20.015+0000[m[2m | [m[2mBftProcessorExecutor-QBFT-0[m[2m | [m[32mINFO [m[2m | [m[2mQbftBesuControllerBuilder[m[2m | [m[32mImported empty block #145 / 0 tx / 0 pending / 0 (0.0%) gas / (0x8eb01e987873ea243cd72e86a874317876e85cf9c2b48cb163173200388d28bd)
[m[2m2026-09-23 23:11:22.014+0000[m[2m | [m[2mBftProcessorExecutor-QBFT-0[m[2m | [m[32mINFO [m[2m | [m[2mQbftBesuControllerBuilder[m[2m | [m[32mImported empty block #146 / 0 tx / 0 pending / 0 (0.0%) gas / (0xae58e6b7260c7d8116136979a7ca1bd84c15afb3ca6883ac4d69ed1d02a49aca)
[m[2m2026-09-23 23:11:24.009+0000[m[2m | [m[2mBftProcessorExecutor-QBFT-0[m[2m | [m[32mINFO [m[2m | [m[2mQbftBesuControllerBuilder[m[2m | [m[32mProduced empty block #147 / 0 tx / 0 pending / 0 (0.0%) gas / (0xc898119aad948c3a1cc5e735ad20357b4909e3e2875d86e9d9effe74be4afebc)
[m[2m2026-09-23 23:11:26.015+0000[m[2m | [m[2mEthScheduler-Workers-0[m[2m | [m[32mINFO [m[2m | [m[2mPersistBlockTask[m[2m | [m[32mImported empty block #148 / 0 tx / 0 om / 0 (0.0%) gas / (0x418140a44232a78b574879e7cab1ec70357e14e2bf86a793b2d5a79420f76190) in 0.000s. Peers: 5
[m[2m2026-09-23 23:11:28.019+0000[m[2m | [m[2mBftProcessorExecutor-QBFT-0[m[2m | [m[32mINFO [m[2m | [m[2mQbftBesuControllerBuilder[m[2m | [m[32mImported empty block #149 / 0 tx / 0 pending / 0 (0.0%) gas / (0x5a4e976fc537bc6398e3ab2aaf44d5284057ac78c3289261ccc50df71ff049a6)
[m[2m2026-09-23 23:11:28.019+0000[m[2m | [m[2mEthScheduler-Workers-7[m[2m | [m[32mINFO [m[2m | [m[2mPersistBlockTask[m[2m | [m[32mBlock 149 (0x5a4e976fc537bc6398e3ab2aaf44d5284057ac78c3289261ccc50df71ff049a6) is already imported
[m[2m2026-09-23 23:11:30.030+0000[m[2m | [m[2mBftProcessorExecutor-QBFT-0[m[2m | [m[32mINFO [m[2m | [m[2mQbftBesuControllerBuilder[m[2m | [m[32mImported empty block #150 / 0 tx / 0 pending / 0 (0.0%) gas / (0xfcde116c7c3bb4607007352070cd69b7e35422f8e7eddab94be3b943848310d5)
[m[2m2026-09-23 23:11:30.030+0000[m[2m | [m[2mEthScheduler-Workers-1[m[2m | [m[32mINFO [m[2m | [m[2mPersistBlockTask[m[2m | [m[32mBlock 150 (0xfcde116c7c3bb4607007352070cd69b7e35422f8e7eddab94be3b943848310d5) is already imported
[m[2m2026-09-23 23:11:32.020+0000[m[2m | [m[2mBftProcessorExecutor-QBFT-0[m[2m | [m[32mINFO [m[2m | [m[2mQbftBesuControllerBuilder[m[2m | [m[32mImported empty block #151 / 0 tx / 0 pending / 0 (0.0%) gas / (0x1380be2164935538eb2eeb3815688228f7209090cec3f7ecd35bf172eb2245f2)
[m[2m2026-09-23 23:11:34.015+0000[m[2m | [m[2mEthScheduler-Workers-6[m[2m | [m[32mINFO [m[2m | [m[2mPersistBlockTask[m[2m | [m[32mBlock 152 (0x16c1259bbf514550a3b1e43a0923636a4d6a71f2d9935928971dd90cf5efcdff) is already imported
[m[2m2026-09-23 23:11:34.015+0000[m[2m | [m[2mBftProcessorExecutor-QBFT-0[m[2m | [m[32mINFO [m[2m | [m[2mQbftBesuControllerBuilder[m[2m | [m[32mImported empty block #152 / 0 tx / 0 pending / 0 (0.0%) gas / (0x16c1259bbf514550a3b1e43a0923636a4d6a71f2d9935928971dd90cf5efcdff)
[m[2m2026-09-23 23:11:36.013+0000[m[2m | [m[2mEthScheduler-Workers-5[m[2m | [m[32mINFO [m[2m | [m[2mPersistBlockTask[m[2m | [m[32mBlock 153 (0xecfed820668bc07192ed93e9c7ee18e438b68d3d7fc3898c9d3c23e68d91355e) is already imported
[m[2m2026-09-23 23:11:36.013+0000[m[2m | [m[2mBftProcessorExecutor-QBFT-0[m[2m | [m[32mINFO [m[2m | [m[2mQbftBesuControllerBuilder[m[2m | [m[32mProduced empty block #153 / 0 tx / 0 pending / 0 (0.0%) gas / (0xecfed820668bc07192ed93e9c7ee18e438b68d3d7fc3898c9d3c23e68d91355e)
[m[2m2026-09-23 23:11:38.011+0000[m[2m | [m[2mBftProcessorExecutor-QBFT-0[m[2m | [m[32mINFO [m[2m | [m[2mQbftBesuControllerBuilder[m[2m | [m[32mImported empty block #154 / 0 tx / 0 pending / 0 (0.0%) gas / (0x13ff7c68448c7dfbaad75d19bac27d7c6bc48940f6af8f53ad195b3fb7a2998d)
[m[2m2026-09-23 23:11:40.014+0000[m[2m | [m[2mBftProcessorExecutor-QBFT-0[m[2m | [m[32mINFO [m[2m | [m[2mQbftBesuControllerBuilder[m[2m | [m[32mImported empty block #155 / 0 tx / 0 pending / 0 (0.0%) gas / (0x795a7868e1f76a1ef72ffdab9356741e1f8a96e4f27d501a4157158df3d29b55)
[m[2m2026-09-23 23:11:42.020+0000[m[2m | [m[2mEthScheduler-Workers-2[m[2m | [m[32mINFO [m[2m | [m[2mPersistBlockTask[m[2m | [m[32mImported empty block #156 / 0 tx / 0 om / 0 (0.0%) gas / (0x93c5c58cd1b59255528c67794a4f45bf24cd5662f6fe9baf43c031fe51fc1ce4) in 0.000s. Peers: 5
[m[2m2026-09-23 23:11:44.017+0000[m[2m | [m[2mBftProcessorExecutor-QBFT-0[m[2m | [m[32mINFO [m[2m | [m[2mQbftBesuControllerBuilder[m[2m | [m[32mImported empty block #157 / 0 tx / 0 pending / 0 (0.0%) gas / (0x5b7cab2a8c32d1d8555623fb840ea47dd52cec472292b76a5a73ec659fc5d031)
[m[2m2026-09-23 23:11:46.013+0000[m[2m | [m[2mBftProcessorExecutor-QBFT-0[m[2m | [m[32mINFO [m[2m | [m[2mQbftBesuControllerBuilder[m[2m | [m[32mImported empty block #158 / 0 tx / 0 pending / 0 (0.0%) gas / (0x3bdae95df56bce8482dcd9cb087d4892e0d6714995760503b6dfa6193cccd376)
[m[2m2026-09-23 23:11:48.012+0000[m[2m | [m[2mBftProcessorExecutor-QBFT-0[m[2m | [m[32mINFO [m[2m | [m[2mQbftBesuControllerBuilder[m[2m | [m[32mProduced empty block #159 / 0 tx / 0 pending / 0 (0.0%) gas / (0x68a7e3b38400bb8d4b94c445c03c5da099f8d3fe0565f5d8b7cf2b66210372f4)
[m[2m2026-09-23 23:11:50.015+0000[m[2m | [m[2mBftProcessorExecutor-QBFT-0[m[2m | [m[32mINFO [m[2m | [m[2mQbftBesuControllerBuilder[m[2m | [m[32mImported empty block #160 / 0 tx / 0 pending / 0 (0.0%) gas / (0xf3553880f011820687c33cf71164dd313e720f08bad24d823b47916136c4025f)
[m[2m2026-09-23 23:11:52.011+0000[m[2m | [m[2mBftProcessorExecutor-QBFT-0[m[2m | [m[32mINFO [m[2m | [m[2mQbftBesuControllerBuilder[m[2m | [m[32mImported empty block #161 / 0 tx / 0 pending / 0 (0.0%) gas / (0x128a9f705542c4f1c50540624f9e159df0b711bdade8fb31cf7cc842f6f839dd)
[m[2m2026-09-23 23:11:54.017+0000[m[2m | [m[2mBftProcessorExecutor-QBFT-0[m[2m | [m[32mINFO [m[2m | [m[2mQbftBesuControllerBuilder[m[2m | [m[32mImported empty block #162 / 0 tx / 0 pending / 0 (0.0%) gas / (0xf2d4a437a7fbc92407358ebfb6dc0cffda3c7dc2516ab7782473740c3c0c6340)
[m[2m2026-09-23 23:11:56.014+0000[m[2m | [m[2mBftProcessorExecutor-QBFT-0[m[2m | [m[32mINFO [m[2m | [m[2mQbftBesuControllerBuilder[m[2m | [m[32mImported empty block #163 / 0 tx / 0 pending / 0 (0.0%) gas / (0x4a8a40cfacc2e9e2a8c3fc8c3d4b1fe21728c9f1100c6296046f0a60132319b6)
[m[2m2026-09-23 23:11:56.014+0000[m[2m | [m[2mEthScheduler-Workers-3[m[2m | [m[32mINFO [m[2m | [m[2mPersistBlockTask[m[2m | [m[32mBlock 163 (0x4a8a40cfacc2e9e2a8c3fc8c3d4b1fe21728c9f1100c6296046f0a60132319b6) is already imported
[m[2m2026-09-23 23:11:58.011+0000[m[2m | [m[2mBftProcessorExecutor-QBFT-0[m[2m | [m[32mINFO [m[2m | [m[2mQbftBesuControllerBuilder[m[2m | [m[32mImported empty block #164 / 0 tx / 0 pending / 0 (0.0%) gas / (0x7cb99d8d96da4074c47b6cd68e5f205c9756a33fdebdea217b6abf46b4aadc0e)
[m[2m2026-09-23 23:12:00.026+0000[m[2m | [m[2mBftProcessorExecutor-QBFT-0[m[2m | [m[32mINFO [m[2m | [m[2mQbftBesuControllerBuilder[m[2m | [m[32mProduced empty block #165 / 0 tx / 0 pending / 0 (0.0%) gas / (0x2e8f20d09b6c296d6825557c735121ad3f55858207fb817ab976f4c49dc75c40)
[m[2m2026-09-23 23:12:02.018+0000[m[2m | [m[2mBftProcessorExecutor-QBFT-0[m[2m | [m[32mINFO [m[2m | [m[2mQbftBesuControllerBuilder[m[2m | [m[32mImported empty block #166 / 0 tx / 0 pending / 0 (0.0%) gas / (0x9167070a4db12a4027dcd4f17d4f4febd146bec8bc3234b53784e856c7413795)
[m[2m2026-09-23 23:12:02.018+0000[m[2m | [m[2mEthScheduler-Workers-4[m[2m | [m[32mINFO [m[2m | [m[2mPersistBlockTask[m[2m | [m[32mBlock 166 (0x9167070a4db12a4027dcd4f17d4f4febd146bec8bc3234b53784e856c7413795) is already imported
[m[2m2026-09-23 23:12:04.013+0000[m[2m | [m[2mBftProcessorExecutor-QBFT-0[m[2m | [m[32mINFO [m[2m | [m[2mQbftBesuControllerBuilder[m[2m | [m[32mImported empty block #167 / 0 tx / 0 pending / 0 (0.0%) gas / (0x4df6d44bc553bded4c2462bf75160bf4514c95b2b593b06d158d8d51b2a2cf69)
[m[2m2026-09-23 23:12:06.013+0000[m[2m | [m[2mBftProcessorExecutor-QBFT-0[m[2m | [m[32mINFO [m[2m | [m[2mQbftBesuControllerBuilder[m[2m | [m[32mImported empty block #168 / 0 tx / 0 pending / 0 (0.0%) gas / (0x32303b6b472859b6aaac463ef2a5f6c5d4fb50935e858579adf7c4736a4c1cc0)
[m[2m2026-09-23 23:12:08.010+0000[m[2m | [m[2mBftProcessorExecutor-QBFT-0[m[2m | [m[32mINFO [m[2m | [m[2mQbftBesuControllerBuilder[m[2m | [m[32mImported empty block #169 / 0 tx / 0 pending / 0 (0.0%) gas / (0x4a70bbb6639bd9178377ec0a0ad74e37a471b4c9812dd72769848cae69bd5c22)
[m[2m2026-09-23 23:12:10.014+0000[m[2m | [m[2mBftProcessorExecutor-QBFT-0[m[2m | [m[32mINFO [m[2m | [m[2mQbftBesuControllerBuilder[m[2m | [m[32mImported empty block #170 / 0 tx / 0 pending / 0 (0.0%) gas / (0x93960064f39fa3242a109687afd91f41e411ce67173ae8815c55723d96867644)
[m[2m2026-09-23 23:12:12.013+0000[m[2m | [m[2mBftProcessorExecutor-QBFT-0[m[2m | [m[32mINFO [m[2m | [m[2mQbftBesuControllerBuilder[m[2m | [m[32mProduced empty block #171 / 0 tx / 0 pending / 0 (0.0%) gas / (0x04cd1feb89cc98c52cf64cfaa20781784f21b5ee545fdaf342fad81a66072bb9)
[m[2m2026-09-23 23:12:14.024+0000[m[2m | [m[2mBftProcessorExecutor-QBFT-0[m[2m | [m[32mINFO [m[2m | [m[2mQbftBesuControllerBuilder[m[2m | [m[32mImported empty block #172 / 0 tx / 0 pending / 0 (0.0%) gas / (0x45755c2cc985eb9044325ac4f8ff3ae17dc9934759af8dae978a84240df351c8)
[m[2m2026-09-23 23:12:16.016+0000[m[2m | [m[2mBftProcessorExecutor-QBFT-0[m[2m | [m[32mINFO [m[2m | [m[2mQbftBesuControllerBuilder[m[2m | [m[32mImported empty block #173 / 0 tx / 0 pending / 0 (0.0%) gas / (0xdf4b43ed825c372bc631cb35806aa8947eabb96aa93175349b6b09799e611e3f)
[m[2m2026-09-23 23:12:18.011+0000[m[2m | [m[2mBftProcessorExecutor-QBFT-0[m[2m | [m[32mINFO [m[2m | [m[2mQbftBesuControllerBuilder[m[2m | [m[32mImported empty block #174 / 0 tx / 0 pending / 0 (0.0%) gas / (0xd098e0e9cbc96a79102834136a970eb2ba7c3c0c88d33c4e93f34c5ddb5e5321)
[m[2m2026-09-23 23:12:20.012+0000[m[2m | [m[2mBftProcessorExecutor-QBFT-0[m[2m | [m[32mINFO [m[2m | [m[2mQbftBesuControllerBuilder[m[2m | [m[32mImported empty block #175 / 0 tx / 0 pending / 0 (0.0%) gas / (0xfe4ce5a10af8cfef3f76b27c495da5f449d67536fca5ac367683903b265cd7df)
[m[2m2026-09-23 23:12:20.013+0000[m[2m | [m[2mEthScheduler-Workers-0[m[2m | [m[32mINFO [m[2m | [m[2mPersistBlockTask[m[2m | [m[32mBlock 175 (0xfe4ce5a10af8cfef3f76b27c495da5f449d67536fca5ac367683903b265cd7df) is already imported
[m[2m2026-09-23 23:12:22.010+0000[m[2m | [m[2mBftProcessorExecutor-QBFT-0[m[2m | [m[32mINFO [m[2m | [m[2mQbftBesuControllerBuilder[m[2m | [m[32mImported empty block #176 / 0 tx / 0 pending / 0 (0.0%) gas / (0x2a2495b36dcede410265938c35c59c5a7107240a329d115612c41078296a91df)
[m[2m2026-09-23 23:12:24.014+0000[m[2m | [m[2mBftProcessorExecutor-QBFT-0[m[2m | [m[32mINFO [m[2m | [m[2mQbftBesuControllerBuilder[m[2m | [m[32mProduced empty block #177 / 0 tx / 0 pending / 0 (0.0%) gas / (0x3677176ff380aa3521b9d0a360711c9c3fb5b41ade881fe956819266d3d457ae)
[m[2m2026-09-23 23:12:26.020+0000[m[2m | [m[2mBftProcessorExecutor-QBFT-0[m[2m | [m[32mINFO [m[2m | [m[2mQbftBesuControllerBuilder[m[2m | [m[32mImported empty block #178 / 0 tx / 0 pending / 0 (0.0%) gas / (0x24b4ebad8f11af0e77d8ca4600fda4c0a53df97d6e40cd6581a756bc446e1a09)
[m[2m2026-09-23 23:12:26.020+0000[m[2m | [m[2mEthScheduler-Workers-7[m[2m | [m[32mINFO [m[2m | [m[2mPersistBlockTask[m[2m | [m[32mImported empty block #178 / 0 tx / 0 om / 0 (0.0%) gas / (0x24b4ebad8f11af0e77d8ca4600fda4c0a53df97d6e40cd6581a756bc446e1a09) in 0.000s. Peers: 5
[m[2m2026-09-23 23:12:28.012+0000[m[2m | [m[2mBftProcessorExecutor-QBFT-0[m[2m | [m[32mINFO [m[2m | [m[2mQbftBesuControllerBuilder[m[2m | [m[32mImported empty block #179 / 0 tx / 0 pending / 0 (0.0%) gas / (0x4b4a803fc0c13d2e526fda1e24b0ecf1473e331c15b4825a257daa6288ccfad8)
[m[2m2026-09-23 23:12:30.033+0000[m[2m | [m[2mEthScheduler-Workers-3[m[2m | [m[32mINFO [m[2m | [m[2mPersistBlockTask[m[2m | [m[32mImported empty block #180 / 0 tx / 0 om / 0 (0.0%) gas / (0x60ecb3509e27a256728d040ec631539b65b580d09ccc52d0e4fd03b802f37fa2) in 0.000s. Peers: 5
[m[2m2026-09-23 23:12:32.015+0000[m[2m | [m[2mBftProcessorExecutor-QBFT-0[m[2m | [m[32mINFO [m[2m | [m[2mQbftBesuControllerBuilder[m[2m | [m[32mImported empty block #181 / 0 tx / 0 pending / 0 (0.0%) gas / (0x2a84b297d9367f7cbf5cc0a7aeba0060f506150daebbabcaad31bdabd8b64330)
[m[2m2026-09-23 23:12:32.015+0000[m[2m | [m[2mEthScheduler-Workers-6[m[2m | [m[32mINFO [m[2m | [m[2mPersistBlockTask[m[2m | [m[32mBlock 181 (0x2a84b297d9367f7cbf5cc0a7aeba0060f506150daebbabcaad31bdabd8b64330) is already imported
[m[2m2026-09-23 23:12:34.013+0000[m[2m | [m[2mBftProcessorExecutor-QBFT-0[m[2m | [m[32mINFO [m[2m | [m[2mQbftBesuControllerBuilder[m[2m | [m[32mImported empty block #182 / 0 tx / 0 pending / 0 (0.0%) gas / (0x4acb20f900b084fcb16cfac32eb1b0f5ba58713775e5f21e25764574ff265e77)
[m[2m2026-09-23 23:12:34.014+0000[m[2m | [m[2mEthScheduler-Workers-5[m[2m | [m[32mINFO [m[2m | [m[2mPersistBlockTask[m[2m | [m[32mBlock 182 (0x4acb20f900b084fcb16cfac32eb1b0f5ba58713775e5f21e25764574ff265e77) is already imported
[m[2m2026-09-23 23:12:36.014+0000[m[2m | [m[2mEthScheduler-Workers-2[m[2m | [m[32mINFO [m[2m | [m[2mPersistBlockTask[m[2m | [m[32mBlock 183 (0xb9c796834ed8ba64375ece165f91659f22c4a2481997bd150fd5e31d0548007a) is already imported
[m[2m2026-09-23 23:12:36.014+0000[m[2m | [m[2mBftProcessorExecutor-QBFT-0[m[2m | [m[32mINFO [m[2m | [m[2mQbftBesuControllerBuilder[m[2m | [m[32mProduced empty block #183 / 0 tx / 0 pending / 0 (0.0%) gas / (0xb9c796834ed8ba64375ece165f91659f22c4a2481997bd150fd5e31d0548007a)
[m[2m2026-09-23 23:12:38.012+0000[m[2m | [m[2mBftProcessorExecutor-QBFT-0[m[2m | [m[32mINFO [m[2m | [m[2mQbftBesuControllerBuilder[m[2m | [m[32mImported empty block #184 / 0 tx / 0 pending / 0 (0.0%) gas / (0xae15d6864ce0f71681847d71df96626d061b17eb59c9cd6aeb39ccf0f5dab549)
[m[2m2026-09-23 23:12:40.011+0000[m[2m | [m[2mBftProcessorExecutor-QBFT-0[m[2m | [m[32mINFO [m[2m | [m[2mQbftBesuControllerBuilder[m[2m | [m[32mImported empty block #185 / 0 tx / 0 pending / 0 (0.0%) gas / (0xac6d8dcbce948bd2a25c5e5f65f1a4108be251bf010774556a49b99a375290d1)
[m[2m2026-09-23 23:12:42.016+0000[m[2m | [m[2mEthScheduler-Workers-1[m[2m | [m[32mINFO [m[2m | [m[2mPersistBlockTask[m[2m | [m[32mBlock 186 (0x3931f4ed845e4f34932941fb15c1410515198978352587405401f5b45760f220) is already imported
[m[2m2026-09-23 23:12:42.016+0000[m[2m | [m[2mBftProcessorExecutor-QBFT-0[m[2m | [m[32mINFO [m[2m | [m[2mQbftBesuControllerBuilder[m[2m | [m[32mImported empty block #186 / 0 tx / 0 pending / 0 (0.0%) gas / (0x3931f4ed845e4f34932941fb15c1410515198978352587405401f5b45760f220)
[m[2m2026-09-23 23:12:44.013+0000[m[2m | [m[2mBftProcessorExecutor-QBFT-0[m[2m | [m[32mINFO [m[2m | [m[2mQbftBesuControllerBuilder[m[2m | [m[32mImported empty block #187 / 0 tx / 0 pending / 0 (0.0%) gas / (0x6907a3524216e3ad0ce060d07756a82e819dd97da6662b232f2833f52229575d)
[m[2m2026-09-23 23:12:46.009+0000[m[2m | [m[2mBftProcessorExecutor-QBFT-0[m[2m | [m[32mINFO [m[2m | [m[2mQbftBesuControllerBuilder[m[2m | [m[32mImported empty block #188 / 0 tx / 0 pending / 0 (0.0%) gas / (0x5cb3f1acebce35c089e74f54ae35c488b906f22a27a100eb02124126d4178cc2)
[m[2m2026-09-23 23:12:48.010+0000[m[2m | [m[2mBftProcessorExecutor-QBFT-0[m[2m | [m[32mINFO [m[2m | [m[2mQbftBesuControllerBuilder[m[2m | [m[32mProduced empty block #189 / 0 tx / 0 pending / 0 (0.0%) gas / (0xea5adc216b763a40030238d82a1eae011406602af5aa74a96431db904755a177)
[m[2m2026-09-23 23:12:50.014+0000[m[2m | [m[2mBftProcessorExecutor-QBFT-0[m[2m | [m[32mINFO [m[2m | [m[2mQbftBesuControllerBuilder[m[2m | [m[32mImported empty block #190 / 0 tx / 0 pending / 0 (0.0%) gas / (0x517c43f41b181a03e2fa4b88e41c60126ffe4030ca28e64708b5616eafc307df)
[m[2m2026-09-23 23:12:50.014+0000[m[2m | [m[2mEthScheduler-Workers-4[m[2m | [m[32mINFO [m[2m | [m[2mPersistBlockTask[m[2m | [m[32mBlock 190 (0x517c43f41b181a03e2fa4b88e41c60126ffe4030ca28e64708b5616eafc307df) is already imported
[m[2m2026-09-23 23:12:52.013+0000[m[2m | [m[2mEthScheduler-Workers-0[m[2m | [m[32mINFO [m[2m | [m[2mPersistBlockTask[m[2m | [m[32mImported empty block #191 / 0 tx / 0 om / 0 (0.0%) gas / (0x9229f89d7c38cc894386312141d402106f57b3d2a2e3194ed191bc68eaad53da) in 0.000s. Peers: 5
[m[2m2026-09-23 23:12:52.013+0000[m[2m | [m[2mBftProcessorExecutor-QBFT-0[m[2m | [m[32mINFO [m[2m | [m[2mQbftBesuControllerBuilder[m[2m | [m[32mImported empty block #191 / 0 tx / 0 pending / 0 (0.0%) gas / (0x9229f89d7c38cc894386312141d402106f57b3d2a2e3194ed191bc68eaad53da)
[m[2m2026-09-23 23:12:54.010+0000[m[2m | [m[2mBftProcessorExecutor-QBFT-0[m[2m | [m[32mINFO [m[2m | [m[2mQbftBesuControllerBuilder[m[2m | [m[32mImported empty block #192 / 0 tx / 0 pending / 0 (0.0%) gas / (0xaa9ec63dafa9c6d125460c479e3561f19271fd248d66f4715add898877b6ac97)
[m[2m2026-09-23 23:12:56.012+0000[m[2m | [m[2mBftProcessorExecutor-QBFT-0[m[2m | [m[32mINFO [m[2m | [m[2mQbftBesuControllerBuilder[m[2m | [m[32mImported empty block #193 / 0 tx / 0 pending / 0 (0.0%) gas / (0xe6425770e713bab7e4dc070d0134199274bf6a79d923eb8055225b310e1fbc9b)
[m[2m2026-09-23 23:12:58.013+0000[m[2m | [m[2mBftProcessorExecutor-QBFT-0[m[2m | [m[32mINFO [m[2m | [m[2mQbftBesuControllerBuilder[m[2m | [m[32mImported empty block #194 / 0 tx / 0 pending / 0 (0.0%) gas / (0x3c8522bf192aed7f984d6c118d5151171c9f3c6949d02cec59afc59406cac950)
[m[2m2026-09-23 23:12:58.014+0000[m[2m | [m[2mEthScheduler-Workers-7[m[2m | [m[32mINFO [m[2m | [m[2mPersistBlockTask[m[2m | [m[32mBlock 194 (0x3c8522bf192aed7f984d6c118d5151171c9f3c6949d02cec59afc59406cac950) is already imported
[m[2m2026-09-23 23:13:00.037+0000[m[2m | [m[2mBftProcessorExecutor-QBFT-0[m[2m | [m[32mINFO [m[2m | [m[2mQbftBesuControllerBuilder[m[2m | [m[32mProduced empty block #195 / 0 tx / 0 pending / 0 (0.0%) gas / (0x82e1605474959d3a422522f6493304499bdab63929e9c78bdba8c3f4d5381fe5)
[m[2m2026-09-23 23:13:00.038+0000[m[2m | [m[2mEthScheduler-Workers-3[m[2m | [m[32mINFO [m[2m | [m[2mPersistBlockTask[m[2m | [m[32mBlock 195 (0x82e1605474959d3a422522f6493304499bdab63929e9c78bdba8c3f4d5381fe5) is already imported
[m[2m2026-09-23 23:13:02.013+0000[m[2m | [m[2mBftProcessorExecutor-QBFT-0[m[2m | [m[32mINFO [m[2m | [m[2mQbftBesuControllerBuilder[m[2m | [m[32mImported empty block #196 / 0 tx / 0 pending / 0 (0.0%) gas / (0xd2d360c5054633429bffc710b3675b3c8a2daa159dfc3e2c33d87d5ee86ba435)
[m[2m2026-09-23 23:13:04.012+0000[m[2m | [m[2mBftProcessorExecutor-QBFT-0[m[2m | [m[32mINFO [m[2m | [m[2mQbftBesuControllerBuilder[m[2m | [m[32mImported empty block #197 / 0 tx / 0 pending / 0 (0.0%) gas / (0x940143a0679d49dbd89e0e9f8760c50a5c25aa079ce84b6a71f63bf4b5ceb939)
[m[2m2026-09-23 23:13:04.012+0000[m[2m | [m[2mEthScheduler-Workers-6[m[2m | [m[32mINFO [m[2m | [m[2mPersistBlockTask[m[2m | [m[32mBlock 197 (0x940143a0679d49dbd89e0e9f8760c50a5c25aa079ce84b6a71f63bf4b5ceb939) is already imported
[m[2m2026-09-23 23:13:06.009+0000[m[2m | [m[2mBftProcessorExecutor-QBFT-0[m[2m | [m[32mINFO [m[2m | [m[2mQbftBesuControllerBuilder[m[2m | [m[32mImported empty block #198 / 0 tx / 0 pending / 0 (0.0%) gas / (0x30ff1dea26772a0d9e28e872600f33bc6f0ed19b5e003296bc2f7012f22b930c)
[m[2m2026-09-23 23:13:08.010+0000[m[2m | [m[2mBftProcessorExecutor-QBFT-0[m[2m | [m[32mINFO [m[2m | [m[2mQbftBesuControllerBuilder[m[2m | [m[32mImported empty block #199 / 0 tx / 0 pending / 0 (0.0%) gas / (0xfb8c7dbf651a124366f52d5c572cc2f16b3014daa2256ea6047f37e5d3998ad5)
[m[2m2026-09-23 23:13:10.014+0000[m[2m | [m[2mEthScheduler-Workers-5[m[2m | [m[32mINFO [m[2m | [m[2mPersistBlockTask[m[2m | [m[32mBlock 200 (0xfdf628fa86362f8430ec29b6afeba9584ba199941421060489b896e179d4fad2) is already imported
[m[2m2026-09-23 23:13:10.014+0000[m[2m | [m[2mBftProcessorExecutor-QBFT-0[m[2m | [m[32mINFO [m[2m | [m[2mQbftBesuControllerBuilder[m[2m | [m[32mImported empty block #200 / 0 tx / 0 pending / 0 (0.0%) gas / (0xfdf628fa86362f8430ec29b6afeba9584ba199941421060489b896e179d4fad2)
[m[2m2026-09-23 23:13:12.014+0000[m[2m | [m[2mEthScheduler-Workers-2[m[2m | [m[32mINFO [m[2m | [m[2mPersistBlockTask[m[2m | [m[32mImported empty block #201 / 0 tx / 0 om / 0 (0.0%) gas / (0xdbee76e84547e4a49fd58938f84aa7c2a2ca65e5cb8e1f8a688dd1642f20514b) in 0.000s. Peers: 5
[m[2m2026-09-23 23:13:14.013+0000[m[2m | [m[2mBftProcessorExecutor-QBFT-0[m[2m | [m[32mINFO [m[2m | [m[2mQbftBesuControllerBuilder[m[2m | [m[32mImported empty block #202 / 0 tx / 0 pending / 0 (0.0%) gas / (0xbb7d3b203a081869dfbadf281a3a0f2613ee19c25ce2cf87ebc331b710775c57)
[m[2m2026-09-23 23:13:14.013+0000[m[2m | [m[2mEthScheduler-Workers-1[m[2m | [m[32mINFO [m[2m | [m[2mPersistBlockTask[m[2m | [m[32mBlock 202 (0xbb7d3b203a081869dfbadf281a3a0f2613ee19c25ce2cf87ebc331b710775c57) is already imported
[m[2m2026-09-23 23:13:16.013+0000[m[2m | [m[2mBftProcessorExecutor-QBFT-0[m[2m | [m[32mINFO [m[2m | [m[2mQbftBesuControllerBuilder[m[2m | [m[32mImported empty block #203 / 0 tx / 0 pending / 0 (0.0%) gas / (0xd268fb64c81cd611eb96dc6dd2b21ab41e66da11fbdd2142e82125c631866671)
[m[2m2026-09-23 23:13:16.013+0000[m[2m | [m[2mEthScheduler-Workers-4[m[2m | [m[32mINFO [m[2m | [m[2mPersistBlockTask[m[2m | [m[32mBlock 203 (0xd268fb64c81cd611eb96dc6dd2b21ab41e66da11fbdd2142e82125c631866671) is already imported
[m[2m2026-09-23 23:13:18.010+0000[m[2m | [m[2mBftProcessorExecutor-QBFT-0[m[2m | [m[32mINFO [m[2m | [m[2mQbftBesuControllerBuilder[m[2m | [m[32mImported empty block #204 / 0 tx / 0 pending / 0 (0.0%) gas / (0xf804c0493e87067c62e54dcf958a326be6d8a6f9b5abfb6afaef790fa3cd1d2c)
[m[2m2026-09-23 23:13:18.011+0000[m[2m | [m[2mEthScheduler-Workers-0[m[2m | [m[32mINFO [m[2m | [m[2mPersistBlockTask[m[2m | [m[32mBlock 204 (0xf804c0493e87067c62e54dcf958a326be6d8a6f9b5abfb6afaef790fa3cd1d2c) is already imported
[m[2m2026-09-23 23:13:20.016+0000[m[2m | [m[2mEthScheduler-Workers-7[m[2m | [m[32mINFO [m[2m | [m[2mPersistBlockTask[m[2m | [m[32mBlock 205 (0x86c57192f468f0f74e4227729999463839780be33893af592ee3deca3f595ae3) is already imported
[m[2m2026-09-23 23:13:20.016+0000[m[2m | [m[2mBftProcessorExecutor-QBFT-0[m[2m | [m[32mINFO [m[2m | [m[2mQbftBesuControllerBuilder[m[2m | [m[32mImported empty block #205 / 0 tx / 0 pending / 0 (0.0%) gas / (0x86c57192f468f0f74e4227729999463839780be33893af592ee3deca3f595ae3)
[m[2m2026-09-23 23:13:22.015+0000[m[2m | [m[2mBftProcessorExecutor-QBFT-0[m[2m | [m[32mINFO [m[2m | [m[2mQbftBesuControllerBuilder[m[2m | [m[32mImported empty block #206 / 0 tx / 0 pending / 0 (0.0%) gas / (0x0597b3ac52dc11045722a7396a1240ae50ab45e285470057ae9b035372c6ea86)
[m[2m2026-09-23 23:13:24.014+0000[m[2m | [m[2mBftProcessorExecutor-QBFT-0[m[2m | [m[32mINFO [m[2m | [m[2mQbftBesuControllerBuilder[m[2m | [m[32mProduced empty block #207 / 0 tx / 0 pending / 0 (0.0%) gas / (0x2d5ce1dc189c5e3cc35397289a6fcd63c97936c6f09baf3bcf4e8e6b4eabb9a9)
[m[2m2026-09-23 23:13:24.015+0000[m[2m | [m[2mEthScheduler-Workers-3[m[2m | [m[32mINFO [m[2m | [m[2mPersistBlockTask[m[2m | [m[32mBlock 207 (0x2d5ce1dc189c5e3cc35397289a6fcd63c97936c6f09baf3bcf4e8e6b4eabb9a9) is already imported
[m[2m2026-09-23 23:13:26.014+0000[m[2m | [m[2mEthScheduler-Workers-6[m[2m | [m[32mINFO [m[2m | [m[2mPersistBlockTask[m[2m | [m[32mBlock 208 (0x4c5ce41b9431a26ab9c2d3d31c31ff9ac2c9ddc3e5cab3d8e520d25b5f925b58) is already imported
[m[2m2026-09-23 23:13:26.014+0000[m[2m | [m[2mBftProcessorExecutor-QBFT-0[m[2m | [m[32mINFO [m[2m | [m[2mQbftBesuControllerBuilder[m[2m | [m[32mImported empty block #208 / 0 tx / 0 pending / 0 (0.0%) gas / (0x4c5ce41b9431a26ab9c2d3d31c31ff9ac2c9ddc3e5cab3d8e520d25b5f925b58)
[m[2m2026-09-23 23:13:28.009+0000[m[2m | [m[2mBftProcessorExecutor-QBFT-0[m[2m | [m[32mINFO [m[2m | [m[2mQbftBesuControllerBuilder[m[2m | [m[32mImported empty block #209 / 0 tx / 0 pending / 0 (0.0%) gas / (0x3b71479609682a3e9b94bfb7bbf293c0c03793211b1b4ccb9d01b9b6cc07213f)
[m[2m2026-09-23 23:13:30.023+0000[m[2m | [m[2mBftProcessorExecutor-QBFT-0[m[2m | [m[32mINFO [m[2m | [m[2mQbftBesuControllerBuilder[m[2m | [m[32mImported empty block #210 / 0 tx / 0 pending / 0 (0.0%) gas / (0xa2258aeb9d9ef426c8f0b62ae919b9e66b845eb2085a53b61b69444466ca4a39)
[m[2m2026-09-23 23:13:32.025+0000[m[2m | [m[2mBftProcessorExecutor-QBFT-0[m[2m | [m[32mINFO [m[2m | [m[2mQbftBesuControllerBuilder[m[2m | [m[32mImported empty block #211 / 0 tx / 0 pending / 0 (0.0%) gas / (0x91b290b75ca4c6e6261166e11b39f58a0fdc0b332321cfa6a44d6db707d6c4e4)
[m[2m2026-09-23 23:13:34.011+0000[m[2m | [m[2mBftProcessorExecutor-QBFT-0[m[2m | [m[32mINFO [m[2m | [m[2mQbftBesuControllerBuilder[m[2m | [m[32mImported empty block #212 / 0 tx / 0 pending / 0 (0.0%) gas / (0x436377ccf06921c3d382f27f0a2929c488a2d74e9d372b5d2d632630333ed6a2)
[m[2m2026-09-23 23:13:36.012+0000[m[2m | [m[2mBftProcessorExecutor-QBFT-0[m[2m | [m[32mINFO [m[2m | [m[2mQbftBesuControllerBuilder[m[2m | [m[32mProduced empty block #213 / 0 tx / 0 pending / 0 (0.0%) gas / (0x70cc6ea197b2848f8da6daf2174d8d6cb57244f2e0166780d5a0d7b38c40e007)
[m[2m2026-09-23 23:13:38.016+0000[m[2m | [m[2mBftProcessorExecutor-QBFT-0[m[2m | [m[32mINFO [m[2m | [m[2mQbftBesuControllerBuilder[m[2m | [m[32mImported empty block #214 / 0 tx / 0 pending / 0 (0.0%) gas / (0x84341319462dea910bad53c77f20efbcf08164cfc6de1a20e76949abf8348699)
[m[2m2026-09-23 23:13:38.016+0000[m[2m | [m[2mEthScheduler-Workers-5[m[2m | [m[32mINFO [m[2m | [m[2mPersistBlockTask[m[2m | [m[32mBlock 214 (0x84341319462dea910bad53c77f20efbcf08164cfc6de1a20e76949abf8348699) is already imported
[m[2m2026-09-23 23:13:40.015+0000[m[2m | [m[2mBftProcessorExecutor-QBFT-0[m[2m | [m[32mINFO [m[2m | [m[2mQbftBesuControllerBuilder[m[2m | [m[32mImported empty block #215 / 0 tx / 0 pending / 0 (0.0%) gas / (0xff963f378e555e3887b490b2eeaa2b45b7f5a0244830c8579e9386f68e35033b)
[m[2m2026-09-23 23:13:42.014+0000[m[2m | [m[2mEthScheduler-Workers-2[m[2m | [m[32mINFO [m[2m | [m[2mPersistBlockTask[m[2m | [m[32mBlock 216 (0x9310fc0b5ffd4d018551f9fdc00a3fd0bed939f8360138373bdaf4460955666e) is already imported
[m[2m2026-09-23 23:13:42.014+0000[m[2m | [m[2mBftProcessorExecutor-QBFT-0[m[2m | [m[32mINFO [m[2m | [m[2mQbftBesuControllerBuilder[m[2m | [m[32mImported empty block #216 / 0 tx / 0 pending / 0 (0.0%) gas / (0x9310fc0b5ffd4d018551f9fdc00a3fd0bed939f8360138373bdaf4460955666e)
[m[2m2026-09-23 23:13:44.013+0000[m[2m | [m[2mBftProcessorExecutor-QBFT-0[m[2m | [m[32mINFO [m[2m | [m[2mQbftBesuControllerBuilder[m[2m | [m[32mImported empty block #217 / 0 tx / 0 pending / 0 (0.0%) gas / (0xa91c6e4957a6471861c423b7f762c05c5d160572aea7c601cd1e53c3aa0da959)
[m[2m2026-09-23 23:13:46.014+0000[m[2m | [m[2mEthScheduler-Workers-1[m[2m | [m[32mINFO [m[2m | [m[2mPersistBlockTask[m[2m | [m[32mImported empty block #218 / 0 tx / 0 om / 0 (0.0%) gas / (0xafaddb5657e1b9916420c49b2dfece72806983850012049ef344c5928581cf9e) in 0.000s. Peers: 5
[m[2m2026-09-23 23:13:46.014+0000[m[2m | [m[2mBftProcessorExecutor-QBFT-0[m[2m | [m[32mINFO [m[2m | [m[2mQbftBesuControllerBuilder[m[2m | [m[32mImported empty block #218 / 0 tx / 0 pending / 0 (0.0%) gas / (0xafaddb5657e1b9916420c49b2dfece72806983850012049ef344c5928581cf9e)
[m[2m2026-09-23 23:13:48.011+0000[m[2m | [m[2mBftProcessorExecutor-QBFT-0[m[2m | [m[32mINFO [m[2m | [m[2mQbftBesuControllerBuilder[m[2m | [m[32mProduced empty block #219 / 0 tx / 0 pending / 0 (0.0%) gas / (0x7b88d3bb6b1d6b88260a14e82bbee970996ad572f2bcca9df0227a54d036eed0)
[m[2m2026-09-23 23:13:50.009+0000[m[2m | [m[2mBftProcessorExecutor-QBFT-0[m[2m | [m[32mINFO [m[2m | [m[2mQbftBesuControllerBuilder[m[2m | [m[32mImported empty block #220 / 0 tx / 0 pending / 0 (0.0%) gas / (0x33c16da6d43788437d869e76d0e30ba808f13e6d7385a02464a1e511eb461990)
[m[2m2026-09-23 23:13:52.016+0000[m[2m | [m[2mEthScheduler-Workers-4[m[2m | [m[32mINFO [m[2m | [m[2mPersistBlockTask[m[2m | [m[32mImported empty block #221 / 0 tx / 0 om / 0 (0.0%) gas / (0xed45193b27e23c1b7b5f0aa9eb58891d717eb4884760898af0ed98618d5be9a9) in 0.000s. Peers: 5
[m[2m2026-09-23 23:13:54.013+0000[m[2m | [m[2mEthScheduler-Workers-0[m[2m | [m[32mINFO [m[2m | [m[2mPersistBlockTask[m[2m | [m[32mBlock 222 (0x1702f23e963e3e5dd0a0193c81908c89f047fd855e5f5458a591d38eae95a78f) is already imported
[m[2m2026-09-23 23:13:54.013+0000[m[2m | [m[2mBftProcessorExecutor-QBFT-0[m[2m | [m[32mINFO [m[2m | [m[2mQbftBesuControllerBuilder[m[2m | [m[32mImported empty block #222 / 0 tx / 0 pending / 0 (0.0%) gas / (0x1702f23e963e3e5dd0a0193c81908c89f047fd855e5f5458a591d38eae95a78f)
[m[2m2026-09-23 23:13:56.017+0000[m[2m | [m[2mEthScheduler-Workers-7[m[2m | [m[32mINFO [m[2m | [m[2mPersistBlockTask[m[2m | [m[32mBlock 223 (0x882b47afab2411097976312a090bbb10a1abc093f04b307d5bb26ac36172c85a) is already imported
[m[2m2026-09-23 23:13:56.017+0000[m[2m | [m[2mBftProcessorExecutor-QBFT-0[m[2m | [m[32mINFO [m[2m | [m[2mQbftBesuControllerBuilder[m[2m | [m[32mImported empty block #223 / 0 tx / 0 pending / 0 (0.0%) gas / (0x882b47afab2411097976312a090bbb10a1abc093f04b307d5bb26ac36172c85a)
[m[2m2026-09-23 23:13:58.008+0000[m[2m | [m[2mBftProcessorExecutor-QBFT-0[m[2m | [m[32mINFO [m[2m | [m[2mQbftBesuControllerBuilder[m[2m | [m[32mImported empty block #224 / 0 tx / 0 pending / 0 (0.0%) gas / (0x640511a5a4da0c2f460958060aa527cbfd3a984916c38d1270c6846dc94a6b39)
[m[2m2026-09-23 23:14:00.025+0000[m[2m | [m[2mBftProcessorExecutor-QBFT-0[m[2m | [m[32mINFO [m[2m | [m[2mQbftBesuControllerBuilder[m[2m | [m[32mProduced empty block #225 / 0 tx / 0 pending / 0 (0.0%) gas / (0xc900d2c0efd3a2b9d872d47fd643965067caca94d5e920e491fc7cdcd59648c4)
[m[2m2026-09-23 23:14:02.013+0000[m[2m | [m[2mBftProcessorExecutor-QBFT-0[m[2m | [m[32mINFO [m[2m | [m[2mQbftBesuControllerBuilder[m[2m | [m[32mImported empty block #226 / 0 tx / 0 pending / 0 (0.0%) gas / (0x1c9ae4b97f54b3404ed3c78427def59b04519637891833903d3e0c754280dddf)
[m[2m2026-09-23 23:14:04.015+0000[m[2m | [m[2mBftProcessorExecutor-QBFT-0[m[2m | [m[32mINFO [m[2m | [m[2mQbftBesuControllerBuilder[m[2m | [m[32mImported empty block #227 / 0 tx / 0 pending / 0 (0.0%) gas / (0x5c7742d874ddad7780916225d0e5608895970880f8468f485c17dc6763414fa0)
[m[2m2026-09-23 23:14:06.011+0000[m[2m | [m[2mBftProcessorExecutor-QBFT-0[m[2m | [m[32mINFO [m[2m | [m[2mQbftBesuControllerBuilder[m[2m | [m[32mImported empty block #228 / 0 tx / 0 pending / 0 (0.0%) gas / (0xc38d7c123956e5d45b93eb757f116070bb731b385a1369f0bf62509e37c0b239)
[m[2m2026-09-23 23:14:08.014+0000[m[2m | [m[2mBftProcessorExecutor-QBFT-0[m[2m | [m[32mINFO [m[2m | [m[2mQbftBesuControllerBuilder[m[2m | [m[32mImported empty block #229 / 0 tx / 0 pending / 0 (0.0%) gas / (0x418a2e15deea06a809724d6c15b4e0f751770fc0dd27504de0ef9a4653e555cf)
[m[2m2026-09-23 23:14:08.015+0000[m[2m | [m[2mEthScheduler-Workers-3[m[2m | [m[32mINFO [m[2m | [m[2mPersistBlockTask[m[2m | [m[32mBlock 229 (0x418a2e15deea06a809724d6c15b4e0f751770fc0dd27504de0ef9a4653e555cf) is already imported
[m[2m2026-09-23 23:14:10.016+0000[m[2m | [m[2mEthScheduler-Workers-6[m[2m | [m[32mINFO [m[2m | [m[2mPersistBlockTask[m[2m | [m[32mImported empty block #230 / 0 tx / 0 om / 0 (0.0%) gas / (0x299104da1aca943db6e2bfba15bc6bb7d39b471fbfe062720ad6aec33a353928) in 0.000s. Peers: 5
[m[2m2026-09-23 23:14:10.017+0000[m[2m | [m[2mBftProcessorExecutor-QBFT-0[m[2m | [m[32mINFO [m[2m | [m[2mQbftBesuControllerBuilder[m[2m | [m[32mImported empty block #230 / 0 tx / 0 pending / 0 (0.0%) gas / (0x299104da1aca943db6e2bfba15bc6bb7d39b471fbfe062720ad6aec33a353928)
[m[2m2026-09-23 23:14:12.012+0000[m[2m | [m[2mBftProcessorExecutor-QBFT-0[m[2m | [m[32mINFO [m[2m | [m[2mQbftBesuControllerBuilder[m[2m | [m[32mProduced empty block #231 / 0 tx / 0 pending / 0 (0.0%) gas / (0xef16dd3990bc0465d75ac4a0dae123251fe482444e898629a89a715088749ac6)
[m[2m2026-09-23 23:14:14.017+0000[m[2m | [m[2mEthScheduler-Workers-5[m[2m | [m[32mINFO [m[2m | [m[2mPersistBlockTask[m[2m | [m[32mBlock 232 (0x0f9f9634a90bf9a6761179a052f013645f8b7b9b99ba32887b89a74f4b630fdb) is already imported
[m[2m2026-09-23 23:14:14.017+0000[m[2m | [m[2mBftProcessorExecutor-QBFT-0[m[2m | [m[32mINFO [m[2m | [m[2mQbftBesuControllerBuilder[m[2m | [m[32mImported empty block #232 / 0 tx / 0 pending / 0 (0.0%) gas / (0x0f9f9634a90bf9a6761179a052f013645f8b7b9b99ba32887b89a74f4b630fdb)
[m[2m2026-09-23 23:14:16.016+0000[m[2m | [m[2mEthScheduler-Workers-2[m[2m | [m[32mINFO [m[2m | [m[2mPersistBlockTask[m[2m | [m[32mBlock 233 (0x5224f30c668b56b948fe36c5f99608614ce2f7c0094aabee57df7968ed8ed471) is already imported
[m[2m2026-09-23 23:14:16.016+0000[m[2m | [m[2mBftProcessorExecutor-QBFT-0[m[2m | [m[32mINFO [m[2m | [m[2mQbftBesuControllerBuilder[m[2m | [m[32mImported empty block #233 / 0 tx / 0 pending / 0 (0.0%) gas / (0x5224f30c668b56b948fe36c5f99608614ce2f7c0094aabee57df7968ed8ed471)
[m[2m2026-09-23 23:14:18.013+0000[m[2m | [m[2mEthScheduler-Workers-1[m[2m | [m[32mINFO [m[2m | [m[2mPersistBlockTask[m[2m | [m[32mImported empty block #234 / 0 tx / 0 om / 0 (0.0%) gas / (0xc53a06c914481dc16cd8ebe830d9b727edfb941dd567d95c2fe706227ee58728) in 0.000s. Peers: 5
[m[2m2026-09-23 23:14:20.010+0000[m[2m | [m[2mBftProcessorExecutor-QBFT-0[m[2m | [m[32mINFO [m[2m | [m[2mQbftBesuControllerBuilder[m[2m | [m[32mImported empty block #235 / 0 tx / 0 pending / 0 (0.0%) gas / (0x8a7420a4728898a41676c2daefee69edbd24e81903ea540086626c1dedf16f66)
[m[2m2026-09-23 23:14:22.013+0000[m[2m | [m[2mEthScheduler-Workers-4[m[2m | [m[32mINFO [m[2m | [m[2mPersistBlockTask[m[2m | [m[32mBlock 236 (0xd216752926e883a5b79af14d383bd32c2d796676996e5dfd34a54b5684fb89a2) is already imported
[m[2m2026-09-23 23:14:22.013+0000[m[2m | [m[2mBftProcessorExecutor-QBFT-0[m[2m | [m[32mINFO [m[2m | [m[2mQbftBesuControllerBuilder[m[2m | [m[32mImported empty block #236 / 0 tx / 0 pending / 0 (0.0%) gas / (0xd216752926e883a5b79af14d383bd32c2d796676996e5dfd34a54b5684fb89a2)
[m[2m2026-09-23 23:14:24.012+0000[m[2m | [m[2mEthScheduler-Workers-0[m[2m | [m[32mINFO [m[2m | [m[2mPersistBlockTask[m[2m | [m[32mBlock 237 (0x40ce3486206a2cc59e52bd0c83a88ac273649aa03ae6cdd7b904cbec1232ac00) is already imported
[m[2m2026-09-23 23:14:24.012+0000[m[2m | [m[2mBftProcessorExecutor-QBFT-0[m[2m | [m[32mINFO [m[2m | [m[2mQbftBesuControllerBuilder[m[2m | [m[32mProduced empty block #237 / 0 tx / 0 pending / 0 (0.0%) gas / (0x40ce3486206a2cc59e52bd0c83a88ac273649aa03ae6cdd7b904cbec1232ac00)
[m[2m2026-09-23 23:14:26.013+0000[m[2m | [m[2mBftProcessorExecutor-QBFT-0[m[2m | [m[32mINFO [m[2m | [m[2mQbftBesuControllerBuilder[m[2m | [m[32mImported empty block #238 / 0 tx / 0 pending / 0 (0.0%) gas / (0x01f6349bb728ce2e71999f3246d2f509293018fe3ae3dc9a4d7ffef714c9742b)
[m[2m2026-09-23 23:14:28.014+0000[m[2m | [m[2mBftProcessorExecutor-QBFT-0[m[2m | [m[32mINFO [m[2m | [m[2mQbftBesuControllerBuilder[m[2m | [m[32mImported empty block #239 / 0 tx / 0 pending / 0 (0.0%) gas / (0xef806eeeca2e0c69b8c23cb98b4da0c731bd92a37fca6760168314ca9c775011)
[m[2m2026-09-23 23:14:28.014+0000[m[2m | [m[2mEthScheduler-Workers-7[m[2m | [m[32mINFO [m[2m | [m[2mPersistBlockTask[m[2m | [m[32mBlock 239 (0xef806eeeca2e0c69b8c23cb98b4da0c731bd92a37fca6760168314ca9c775011) is already imported
[m[2m2026-09-23 23:14:30.031+0000[m[2m | [m[2mBftProcessorExecutor-QBFT-0[m[2m | [m[32mINFO [m[2m | [m[2mQbftBesuControllerBuilder[m[2m | [m[32mImported empty block #240 / 0 tx / 0 pending / 0 (0.0%) gas / (0x11ce6959b1480209ccab02333d62d7171d90621416e80be7deb388c67cecc50a)
[m[2m2026-09-23 23:14:32.011+0000[m[2m | [m[2mEthScheduler-Workers-3[m[2m | [m[32mINFO [m[2m | [m[2mPersistBlockTask[m[2m | [m[32mBlock 241 (0xaafdf556ce32b56f15e8629df24e893ecca2fe2715377d25528f1542e70fe0ab) is already imported
[m[2m2026-09-23 23:14:32.011+0000[m[2m | [m[2mBftProcessorExecutor-QBFT-0[m[2m | [m[32mINFO [m[2m | [m[2mQbftBesuControllerBuilder[m[2m | [m[32mImported empty block #241 / 0 tx / 0 pending / 0 (0.0%) gas / (0xaafdf556ce32b56f15e8629df24e893ecca2fe2715377d25528f1542e70fe0ab)
[m[2m2026-09-23 23:14:34.012+0000[m[2m | [m[2mBftProcessorExecutor-QBFT-0[m[2m | [m[32mINFO [m[2m | [m[2mQbftBesuControllerBuilder[m[2m | [m[32mImported empty block #242 / 0 tx / 0 pending / 0 (0.0%) gas / (0x7b267267af51fa6e6c3c4e8b74b1fa9cb56e497c39a0ee5a1abfa8ec519b9f41)
[m[2m2026-09-23 23:14:36.011+0000[m[2m | [m[2mBftProcessorExecutor-QBFT-0[m[2m | [m[32mINFO [m[2m | [m[2mQbftBesuControllerBuilder[m[2m | [m[32mProduced empty block #243 / 0 tx / 0 pending / 0 (0.0%) gas / (0xa4f442a594151349ed832efa2a60e815e414ef51cf1aa3e9755169199b63b7c1)
[m[2m2026-09-23 23:14:38.012+0000[m[2m | [m[2mBftProcessorExecutor-QBFT-0[m[2m | [m[32mINFO [m[2m | [m[2mQbftBesuControllerBuilder[m[2m | [m[32mImported empty block #244 / 0 tx / 0 pending / 0 (0.0%) gas / (0x30761e667904ba0f3d267410bce23219ed66794ba584c1c0d2b47a4e5fc6245f)
[m[2m2026-09-23 23:14:40.015+0000[m[2m | [m[2mBftProcessorExecutor-QBFT-0[m[2m | [m[32mINFO [m[2m | [m[2mQbftBesuControllerBuilder[m[2m | [m[32mImported empty block #245 / 0 tx / 0 pending / 0 (0.0%) gas / (0x81014f50785cfd3181369862197d3a943d5f7f6083c9f20ba2955c2d2e95bda7)
[m[2m2026-09-23 23:14:42.014+0000[m[2m | [m[2mBftProcessorExecutor-QBFT-0[m[2m | [m[32mINFO [m[2m | [m[2mQbftBesuControllerBuilder[m[2m | [m[32mImported empty block #246 / 0 tx / 0 pending / 0 (0.0%) gas / (0xadf0b0c352d337aa04b9ba8c6030ceef655e079f44d6706f299dcfc7fc55d0e8)
[m[2m2026-09-23 23:14:44.013+0000[m[2m | [m[2mBftProcessorExecutor-QBFT-0[m[2m | [m[32mINFO [m[2m | [m[2mQbftBesuControllerBuilder[m[2m | [m[32mImported empty block #247 / 0 tx / 0 pending / 0 (0.0%) gas / (0x141cc0748aa48d22b8cd8f1bea290758a7b2abb229ca563703eeba7cc37a98c7)
[m[2m2026-09-23 23:14:44.013+0000[m[2m | [m[2mEthScheduler-Workers-6[m[2m | [m[32mINFO [m[2m | [m[2mPersistBlockTask[m[2m | [m[32mBlock 247 (0x141cc0748aa48d22b8cd8f1bea290758a7b2abb229ca563703eeba7cc37a98c7) is already imported
[m[2m2026-09-23 23:14:46.011+0000[m[2m | [m[2mBftProcessorExecutor-QBFT-0[m[2m | [m[32mINFO [m[2m | [m[2mQbftBesuControllerBuilder[m[2m | [m[32mImported empty block #248 / 0 tx / 0 pending / 0 (0.0%) gas / (0xe3a7c26edcd73a70ae88d6d263a3cc4d305800d1a82a9effa0916617e8e9c692)
[m[2m2026-09-23 23:14:48.014+0000[m[2m | [m[2mBftProcessorExecutor-QBFT-0[m[2m | [m[32mINFO [m[2m | [m[2mQbftBesuControllerBuilder[m[2m | [m[32mProduced empty block #249 / 0 tx / 0 pending / 0 (0.0%) gas / (0x73becd6b1566a0362453c5c31884ef955afbbd6c462c7073b4c18b553094685f)
[m[2m2026-09-23 23:14:50.013+0000[m[2m | [m[2mBftProcessorExecutor-QBFT-0[m[2m | [m[32mINFO [m[2m | [m[2mQbftBesuControllerBuilder[m[2m | [m[32mImported empty block #250 / 0 tx / 0 pending / 0 (0.0%) gas / (0xacceb82284f943a134f7197a1aa20fcea55f6445dfdd902b0cafd84f3d0bed7b)
[m[2m2026-09-23 23:14:50.014+0000[m[2m | [m[2mEthScheduler-Workers-5[m[2m | [m[32mINFO [m[2m | [m[2mPersistBlockTask[m[2m | [m[32mBlock 250 (0xacceb82284f943a134f7197a1aa20fcea55f6445dfdd902b0cafd84f3d0bed7b) is already imported
[m[2m2026-09-23 23:14:52.016+0000[m[2m | [m[2mBftProcessorExecutor-QBFT-0[m[2m | [m[32mINFO [m[2m | [m[2mQbftBesuControllerBuilder[m[2m | [m[32mImported empty block #251 / 0 tx / 0 pending / 0 (0.0%) gas / (0x0cff782bed97aa609715bcb3ee208b06cc2627f529729aa71ac217aa01fc56a4)
[m[2m2026-09-23 23:14:52.016+0000[m[2m | [m[2mEthScheduler-Workers-2[m[2m | [m[32mINFO [m[2m | [m[2mPersistBlockTask[m[2m | [m[32mBlock 251 (0x0cff782bed97aa609715bcb3ee208b06cc2627f529729aa71ac217aa01fc56a4) is already imported
[m[2m2026-09-23 23:14:54.014+0000[m[2m | [m[2mEthScheduler-Workers-1[m[2m | [m[32mINFO [m[2m | [m[2mPersistBlockTask[m[2m | [m[32mBlock 252 (0x216773cb851b19c6202554297f3356bbc30b0de41c2f288b9d5537d8d2ca72a6) is already imported
[m[2m2026-09-23 23:14:54.014+0000[m[2m | [m[2mBftProcessorExecutor-QBFT-0[m[2m | [m[32mINFO [m[2m | [m[2mQbftBesuControllerBuilder[m[2m | [m[32mImported empty block #252 / 0 tx / 0 pending / 0 (0.0%) gas / (0x216773cb851b19c6202554297f3356bbc30b0de41c2f288b9d5537d8d2ca72a6)
[m[2m2026-09-23 23:14:56.017+0000[m[2m | [m[2mBftProcessorExecutor-QBFT-0[m[2m | [m[32mINFO [m[2m | [m[2mQbftBesuControllerBuilder[m[2m | [m[32mImported empty block #253 / 0 tx / 0 pending / 0 (0.0%) gas / (0x34d87a2254d788eec223eb068bb7c18fa061b506e9878a250e5ab9673e3d2bf0)
[m[2m2026-09-23 23:14:58.017+0000[m[2m | [m[2mBftProcessorExecutor-QBFT-0[m[2m | [m[32mINFO [m[2m | [m[2mQbftBesuControllerBuilder[m[2m | [m[32mImported empty block #254 / 0 tx / 0 pending / 0 (0.0%) gas / (0x45fbc719d7b487cd04209347ce1459c3c4ee39093faca92bc2d382b6fabe498c)
[m[2m2026-09-23 23:15:00.065+0000[m[2m | [m[2mBftProcessorExecutor-QBFT-0[m[2m | [m[32mINFO [m[2m | [m[2mQbftBesuControllerBuilder[m[2m | [m[32mProduced empty block #255 / 0 tx / 0 pending / 0 (0.0%) gas / (0x45d0d9bf4363a4bafaf24b211f7d42b2b7e49050a681d45de40459e371ab5b0e)
[m[2m2026-09-23 23:15:00.067+0000[m[2m | [m[2mEthScheduler-Workers-4[m[2m | [m[32mINFO [m[2m | [m[2mPersistBlockTask[m[2m | [m[32mBlock 255 (0x45d0d9bf4363a4bafaf24b211f7d42b2b7e49050a681d45de40459e371ab5b0e) is already imported
[m[2m2026-09-23 23:15:02.014+0000[m[2m | [m[2mBftProcessorExecutor-QBFT-0[m[2m | [m[32mINFO [m[2m | [m[2mQbftBesuControllerBuilder[m[2m | [m[32mImported empty block #256 / 0 tx / 0 pending / 0 (0.0%) gas / (0x2a60b07930387eeed9942a46d6a0e3944053c132d6b8c343af25f116cb059e3a)
[m[2m2026-09-23 23:15:04.012+0000[m[2m | [m[2mBftProcessorExecutor-QBFT-0[m[2m | [m[32mINFO [m[2m | [m[2mQbftBesuControllerBuilder[m[2m | [m[32mImported empty block #257 / 0 tx / 0 pending / 0 (0.0%) gas / (0x336f5ac8d3a8741c1ce0a24b9776e712c7d6b008c699d513feb8968bb57f1996)
[m[2m2026-09-23 23:15:06.017+0000[m[2m | [m[2mBftProcessorExecutor-QBFT-0[m[2m | [m[32mINFO [m[2m | [m[2mQbftBesuControllerBuilder[m[2m | [m[32mImported empty block #258 / 0 tx / 0 pending / 0 (0.0%) gas / (0x4192af4ec8e2f3ff4c89f676bd468f82a12e19d6edc90fc97fc08a0ab01a54d2)
[m[2m2026-09-23 23:15:08.012+0000[m[2m | [m[2mBftProcessorExecutor-QBFT-0[m[2m | [m[32mINFO [m[2m | [m[2mQbftBesuControllerBuilder[m[2m | [m[32mImported empty block #259 / 0 tx / 0 pending / 0 (0.0%) gas / (0xb9009a3b346c3b901e6c4b2703256fe088c3be5d98e89ccd8eff4e44f9d48d3b)
[m[2m2026-09-23 23:15:10.011+0000[m[2m | [m[2mBftProcessorExecutor-QBFT-0[m[2m | [m[32mINFO [m[2m | [m[2mQbftBesuControllerBuilder[m[2m | [m[32mImported empty block #260 / 0 tx / 0 pending / 0 (0.0%) gas / (0xd7e363c619a10880a9eeec3db966dc97325e4c025baa97a133cdb0000b2d8a72)
[m[2m2026-09-23 23:15:12.012+0000[m[2m | [m[2mBftProcessorExecutor-QBFT-0[m[2m | [m[32mINFO [m[2m | [m[2mQbftBesuControllerBuilder[m[2m | [m[32mProduced empty block #261 / 0 tx / 0 pending / 0 (0.0%) gas / (0x7be861af2e58df9522a45406076fdc78de5a4b39f3c4a54e008135c0afff0f3c)
[m[2m2026-09-23 23:15:14.016+0000[m[2m | [m[2mEthScheduler-Workers-0[m[2m | [m[32mINFO [m[2m | [m[2mPersistBlockTask[m[2m | [m[32mBlock 262 (0xd35f6674f854b22c179aaa1bf2abdf8ba184a95370ea1802865b122d13dc7a5d) is already imported
[m[2m2026-09-23 23:15:14.016+0000[m[2m | [m[2mBftProcessorExecutor-QBFT-0[m[2m | [m[32mINFO [m[2m | [m[2mQbftBesuControllerBuilder[m[2m | [m[32mImported empty block #262 / 0 tx / 0 pending / 0 (0.0%) gas / (0xd35f6674f854b22c179aaa1bf2abdf8ba184a95370ea1802865b122d13dc7a5d)
[m[2m2026-09-23 23:15:16.013+0000[m[2m | [m[2mBftProcessorExecutor-QBFT-0[m[2m | [m[32mINFO [m[2m | [m[2mQbftBesuControllerBuilder[m[2m | [m[32mImported empty block #263 / 0 tx / 0 pending / 0 (0.0%) gas / (0xec4f8fd2278b84eb14411c88f1cbfe9969d41d0e207803c80eca3e33d2955e63)
[m[2m2026-09-23 23:15:18.019+0000[m[2m | [m[2mBftProcessorExecutor-QBFT-0[m[2m | [m[32mINFO [m[2m | [m[2mQbftBesuControllerBuilder[m[2m | [m[32mImported empty block #264 / 0 tx / 0 pending / 0 (0.0%) gas / (0x9d2f4648706201f5da6cca15f377fd7701deda6567b4a6a668e31277ed690ae5)
[m[2m2026-09-23 23:15:20.014+0000[m[2m | [m[2mBftProcessorExecutor-QBFT-0[m[2m | [m[32mINFO [m[2m | [m[2mQbftBesuControllerBuilder[m[2m | [m[32mImported empty block #265 / 0 tx / 0 pending / 0 (0.0%) gas / (0xd44194f09b2cc6230761511ba383e5ac23915d467b21555b35ed0f368cf71e3e)
[m[2m2026-09-23 23:15:22.023+0000[m[2m | [m[2mBftProcessorExecutor-QBFT-0[m[2m | [m[32mINFO [m[2m | [m[2mQbftBesuControllerBuilder[m[2m | [m[32mImported empty block #266 / 0 tx / 0 pending / 0 (0.0%) gas / (0xcdcd20c971fc79a779dd10275aff48ec741df3fc2d2b43919ba3eacf03d9cb91)
[m[2m2026-09-23 23:15:24.015+0000[m[2m | [m[2mEthScheduler-Workers-7[m[2m | [m[32mINFO [m[2m | [m[2mPersistBlockTask[m[2m | [m[32mBlock 267 (0x0d090f8a2ca8ed6184888c576ab48e6b2ffbf970dbd00978d68035d18915e1bd) is already imported
[m[2m2026-09-23 23:15:24.015+0000[m[2m | [m[2mBftProcessorExecutor-QBFT-0[m[2m | [m[32mINFO [m[2m | [m[2mQbftBesuControllerBuilder[m[2m | [m[32mProduced empty block #267 / 0 tx / 0 pending / 0 (0.0%) gas / (0x0d090f8a2ca8ed6184888c576ab48e6b2ffbf970dbd00978d68035d18915e1bd)
[m[2m2026-09-23 23:15:26.011+0000[m[2m | [m[2mBftProcessorExecutor-QBFT-0[m[2m | [m[32mINFO [m[2m | [m[2mQbftBesuControllerBuilder[m[2m | [m[32mImported empty block #268 / 0 tx / 0 pending / 0 (0.0%) gas / (0x3a965c168a8e90d894632fcb2eeaf9dc4f346fc05b4363e5377e9f9e370c4496)
[m[2m2026-09-23 23:15:26.012+0000[m[2m | [m[2mEthScheduler-Workers-3[m[2m | [m[32mINFO [m[2m | [m[2mPersistBlockTask[m[2m | [m[32mBlock 268 (0x3a965c168a8e90d894632fcb2eeaf9dc4f346fc05b4363e5377e9f9e370c4496) is already imported
[m[2m2026-09-23 23:15:28.013+0000[m[2m | [m[2mEthScheduler-Workers-6[m[2m | [m[32mINFO [m[2m | [m[2mPersistBlockTask[m[2m | [m[32mBlock 269 (0xb0c20456d4c37601eac1f3e9e801d86a9f9a3023754aaee3079dde3da2e026c0) is already imported
[m[2m2026-09-23 23:15:28.013+0000[m[2m | [m[2mBftProcessorExecutor-QBFT-0[m[2m | [m[32mINFO [m[2m | [m[2mQbftBesuControllerBuilder[m[2m | [m[32mImported empty block #269 / 0 tx / 0 pending / 0 (0.0%) gas / (0xb0c20456d4c37601eac1f3e9e801d86a9f9a3023754aaee3079dde3da2e026c0)
[m[2m2026-09-23 23:15:30.027+0000[m[2m | [m[2mBftProcessorExecutor-QBFT-0[m[2m | [m[32mINFO [m[2m | [m[2mQbftBesuControllerBuilder[m[2m | [m[32mImported empty block #270 / 0 tx / 0 pending / 0 (0.0%) gas / (0x3dc414c1b2a4145e9c7c686db26ab0c9deb7b45418405af2e799ba5dbb2d0390)
[m[2m2026-09-23 23:15:32.017+0000[m[2m | [m[2mBftProcessorExecutor-QBFT-0[m[2m | [m[32mINFO [m[2m | [m[2mQbftBesuControllerBuilder[m[2m | [m[32mImported empty block #271 / 0 tx / 0 pending / 0 (0.0%) gas / (0x9c7cad02b925ebf446e18527a4850f44951f37d55c5d360d2c58ef00e58ba8ab)
[m[2m2026-09-23 23:15:34.010+0000[m[2m | [m[2mBftProcessorExecutor-QBFT-0[m[2m | [m[32mINFO [m[2m | [m[2mQbftBesuControllerBuilder[m[2m | [m[32mImported empty block #272 / 0 tx / 0 pending / 0 (0.0%) gas / (0x0e422550cb7e48ae9e1bad431f15a8069199d8e286c6624fe94e8c0bd84344c6)
[m[2m2026-09-23 23:15:36.019+0000[m[2m | [m[2mBftProcessorExecutor-QBFT-0[m[2m | [m[32mINFO [m[2m | [m[2mQbftBesuControllerBuilder[m[2m | [m[32mProduced empty block #273 / 0 tx / 0 pending / 0 (0.0%) gas / (0xb745d6024f24e621335f34751b444ce78b9c2715dd8febade92672cd4fb9c54d)
[m[2m2026-09-23 23:15:36.019+0000[m[2m | [m[2mEthScheduler-Workers-5[m[2m | [m[32mINFO [m[2m | [m[2mPersistBlockTask[m[2m | [m[32mBlock 273 (0xb745d6024f24e621335f34751b444ce78b9c2715dd8febade92672cd4fb9c54d) is already imported
[m[2m2026-09-23 23:15:38.011+0000[m[2m | [m[2mEthScheduler-Workers-2[m[2m | [m[32mINFO [m[2m | [m[2mPersistBlockTask[m[2m | [m[32mBlock 274 (0x1648bd0a4773d482b32ec00b41fcd99f89d58930343f1241d20b272f375f1f7b) is already imported
[m[2m2026-09-23 23:15:38.012+0000[m[2m | [m[2mBftProcessorExecutor-QBFT-0[m[2m | [m[32mINFO [m[2m | [m[2mQbftBesuControllerBuilder[m[2m | [m[32mImported empty block #274 / 0 tx / 0 pending / 0 (0.0%) gas / (0x1648bd0a4773d482b32ec00b41fcd99f89d58930343f1241d20b272f375f1f7b)
[m[2m2026-09-23 23:15:40.014+0000[m[2m | [m[2mEthScheduler-Workers-1[m[2m | [m[32mINFO [m[2m | [m[2mPersistBlockTask[m[2m | [m[32mImported empty block #275 / 0 tx / 0 om / 0 (0.0%) gas / (0xed55ac5aed7f0087fd0592cf9a6f02e170993fa8df7bb41980d281c8425d201d) in 0.000s. Peers: 5
[m[2m2026-09-23 23:15:40.014+0000[m[2m | [m[2mBftProcessorExecutor-QBFT-0[m[2m | [m[32mINFO [m[2m | [m[2mQbftBesuControllerBuilder[m[2m | [m[32mImported empty block #275 / 0 tx / 0 pending / 0 (0.0%) gas / (0xed55ac5aed7f0087fd0592cf9a6f02e170993fa8df7bb41980d281c8425d201d)
[m[2m2026-09-23 23:15:42.013+0000[m[2m | [m[2mBftProcessorExecutor-QBFT-0[m[2m | [m[32mINFO [m[2m | [m[2mQbftBesuControllerBuilder[m[2m | [m[32mImported empty block #276 / 0 tx / 0 pending / 0 (0.0%) gas / (0x5a7a2ec6a708260b5d08463f2c935da8074119e31f422608061cf5b820176151)
[m[2m2026-09-23 23:15:44.008+0000[m[2m | [m[2mBftProcessorExecutor-QBFT-0[m[2m | [m[32mINFO [m[2m | [m[2mQbftBesuControllerBuilder[m[2m | [m[32mImported empty block #277 / 0 tx / 0 pending / 0 (0.0%) gas / (0x00ec033c3ed96671fd85992e3913930036367f818d079b253721ee8d675a30bd)
[m[2m2026-09-23 23:15:46.012+0000[m[2m | [m[2mBftProcessorExecutor-QBFT-0[m[2m | [m[32mINFO [m[2m | [m[2mQbftBesuControllerBuilder[m[2m | [m[32mImported empty block #278 / 0 tx / 0 pending / 0 (0.0%) gas / (0xecbfc3cb0f554e05235a540af9e0c0704b42596c3928da3705b50ed129c52a62)
[m[2m2026-09-23 23:15:48.014+0000[m[2m | [m[2mEthScheduler-Workers-4[m[2m | [m[32mINFO [m[2m | [m[2mPersistBlockTask[m[2m | [m[32mBlock 279 (0x69c69c9b4865d2039afbc10c2766bae7fc884053e04a2f03f32240bab9303858) is already imported
[m[2m2026-09-23 23:15:48.014+0000[m[2m | [m[2mBftProcessorExecutor-QBFT-0[m[2m | [m[32mINFO [m[2m | [m[2mQbftBesuControllerBuilder[m[2m | [m[32mProduced empty block #279 / 0 tx / 0 pending / 0 (0.0%) gas / (0x69c69c9b4865d2039afbc10c2766bae7fc884053e04a2f03f32240bab9303858)
[m[2m2026-09-23 23:15:50.018+0000[m[2m | [m[2mBftProcessorExecutor-QBFT-0[m[2m | [m[32mINFO [m[2m | [m[2mQbftBesuControllerBuilder[m[2m | [m[32mImported empty block #280 / 0 tx / 0 pending / 0 (0.0%) gas / (0xe0d1a4fe0286ac014f754cc311ea7ab91cc247321a76ac776b8e19e3d90006df)
[m[2m2026-09-23 23:15:50.024+0000[m[2m | [m[2mEthScheduler-Workers-0[m[2m | [m[32mINFO [m[2m | [m[2mPersistBlockTask[m[2m | [m[32mBlock 280 (0xe0d1a4fe0286ac014f754cc311ea7ab91cc247321a76ac776b8e19e3d90006df) is already imported
[m[2m2026-09-23 23:15:52.012+0000[m[2m | [m[2mBftProcessorExecutor-QBFT-0[m[2m | [m[32mINFO [m[2m | [m[2mQbftBesuControllerBuilder[m[2m | [m[32mImported empty block #281 / 0 tx / 0 pending / 0 (0.0%) gas / (0xafcdb33b0dff7945af824d72ae8eec013703dccb2260836c4c6ae619844e7770)
[m[2m2026-09-23 23:15:52.013+0000[m[2m | [m[2mEthScheduler-Workers-7[m[2m | [m[32mINFO [m[2m | [m[2mPersistBlockTask[m[2m | [m[32mBlock 281 (0xafcdb33b0dff7945af824d72ae8eec013703dccb2260836c4c6ae619844e7770) is already imported
[m[2m2026-09-23 23:15:54.010+0000[m[2m | [m[2mBftProcessorExecutor-QBFT-0[m[2m | [m[32mINFO [m[2m | [m[2mQbftBesuControllerBuilder[m[2m | [m[32mImported empty block #282 / 0 tx / 0 pending / 0 (0.0%) gas / (0x02bed4029dd585df2dab2deab4bc7dc2abc1b1ad3c60d62695769225921a7b70)
[m[2m2026-09-23 23:15:56.023+0000[m[2m | [m[2mBftProcessorExecutor-QBFT-0[m[2m | [m[32mINFO [m[2m | [m[2mQbftBesuControllerBuilder[m[2m | [m[32mImported empty block #283 / 0 tx / 0 pending / 0 (0.0%) gas / (0xb349d62627c45f33b1570fe58e32db7af3962f69a3968ffc52df581de90c643a)
[m[2m2026-09-23 23:15:56.024+0000[m[2m | [m[2mEthScheduler-Workers-3[m[2m | [m[32mINFO [m[2m | [m[2mPersistBlockTask[m[2m | [m[32mImported empty block #283 / 0 tx / 0 om / 0 (0.0%) gas / (0xb349d62627c45f33b1570fe58e32db7af3962f69a3968ffc52df581de90c643a) in 0.000s. Peers: 5
[m[2m2026-09-23 23:15:58.009+0000[m[2m | [m[2mBftProcessorExecutor-QBFT-0[m[2m | [m[32mINFO [m[2m | [m[2mQbftBesuControllerBuilder[m[2m | [m[32mImported empty block #284 / 0 tx / 0 pending / 0 (0.0%) gas / (0xeba8ee88560a553f79ff2cf45c19ab8b80b606bd7f5bbe3548c3654680f375f6)
[m[2m2026-09-23 23:16:00.034+0000[m[2m | [m[2mBftProcessorExecutor-QBFT-0[m[2m | [m[32mINFO [m[2m | [m[2mQbftBesuControllerBuilder[m[2m | [m[32mProduced empty block #285 / 0 tx / 0 pending / 0 (0.0%) gas / (0xf2976d418fd2a59facab0abb10b5d8950f8de31b95ee0e0ce2bb6a5cbcdf90ba)
[m[2m2026-09-23 23:16:02.009+0000[m[2m | [m[2mBftProcessorExecutor-QBFT-0[m[2m | [m[32mINFO [m[2m | [m[2mQbftBesuControllerBuilder[m[2m | [m[32mImported empty block #286 / 0 tx / 0 pending / 0 (0.0%) gas / (0x7eb933a65ccc1c2dd3cdd981d174f49ea8b627a0947f47c31127494c29ce9163)
[m[2m2026-09-23 23:16:04.016+0000[m[2m | [m[2mEthScheduler-Workers-6[m[2m | [m[32mINFO [m[2m | [m[2mPersistBlockTask[m[2m | [m[32mBlock 287 (0xb47a51bfc1ea4b39cac32391c5ea5fecf9fbc1a210ebf0760d1db41f52a82656) is already imported
[m[2m2026-09-23 23:16:04.016+0000[m[2m | [m[2mBftProcessorExecutor-QBFT-0[m[2m | [m[32mINFO [m[2m | [m[2mQbftBesuControllerBuilder[m[2m | [m[32mImported empty block #287 / 0 tx / 0 pending / 0 (0.0%) gas / (0xb47a51bfc1ea4b39cac32391c5ea5fecf9fbc1a210ebf0760d1db41f52a82656)
[m[2m2026-09-23 23:16:06.011+0000[m[2m | [m[2mBftProcessorExecutor-QBFT-0[m[2m | [m[32mINFO [m[2m | [m[2mQbftBesuControllerBuilder[m[2m | [m[32mImported empty block #288 / 0 tx / 0 pending / 0 (0.0%) gas / (0x1ea39d5ddcd7760bf5c084f26b5c9fc69644542690a997259421a1943e2ba3a6)
[m[2m2026-09-23 23:16:08.012+0000[m[2m | [m[2mBftProcessorExecutor-QBFT-0[m[2m | [m[32mINFO [m[2m | [m[2mQbftBesuControllerBuilder[m[2m | [m[32mImported empty block #289 / 0 tx / 0 pending / 0 (0.0%) gas / (0x91c20d125e5e0e1b6bcc32882243734031855718164057ef66ffbf4ba17582da)
[m[2m2026-09-23 23:16:08.012+0000[m[2m | [m[2mEthScheduler-Workers-5[m[2m | [m[32mINFO [m[2m | [m[2mPersistBlockTask[m[2m | [m[32mBlock 289 (0x91c20d125e5e0e1b6bcc32882243734031855718164057ef66ffbf4ba17582da) is already imported
[m[2m2026-09-23 23:16:10.018+0000[m[2m | [m[2mBftProcessorExecutor-QBFT-0[m[2m | [m[32mINFO [m[2m | [m[2mQbftBesuControllerBuilder[m[2m | [m[32mImported empty block #290 / 0 tx / 0 pending / 0 (0.0%) gas / (0xf6de9c88e68ef93e6b14b7e184f96ab38d274e04080376a9491e38d151fc9426)
[m[2m2026-09-23 23:16:10.020+0000[m[2m | [m[2mEthScheduler-Workers-2[m[2m | [m[32mINFO [m[2m | [m[2mPersistBlockTask[m[2m | [m[32mBlock 290 (0xf6de9c88e68ef93e6b14b7e184f96ab38d274e04080376a9491e38d151fc9426) is already imported
[m[2m2026-09-23 23:16:12.009+0000[m[2m | [m[2mBftProcessorExecutor-QBFT-0[m[2m | [m[32mINFO [m[2m | [m[2mQbftBesuControllerBuilder[m[2m | [m[32mProduced empty block #291 / 0 tx / 0 pending / 0 (0.0%) gas / (0x8d90c30693f1bec4df47a512a015b4bb5a31527029a532b741fe11cb2dc8b12c)
[m[2m2026-09-23 23:16:14.011+0000[m[2m | [m[2mBftProcessorExecutor-QBFT-0[m[2m | [m[32mINFO [m[2m | [m[2mQbftBesuControllerBuilder[m[2m | [m[32mImported empty block #292 / 0 tx / 0 pending / 0 (0.0%) gas / (0x2de4e95d6361563030236b800b60c51d2a4dd591950777ab45fe871a08b1dc3a)
[m[2m2026-09-23 23:16:16.013+0000[m[2m | [m[2mBftProcessorExecutor-QBFT-0[m[2m | [m[32mINFO [m[2m | [m[2mQbftBesuControllerBuilder[m[2m | [m[32mImported empty block #293 / 0 tx / 0 pending / 0 (0.0%) gas / (0xf6e8c30ec373fe987736dccc6236d0ba7d508e8021737cc6527a07cad418c155)
[m[2m2026-09-23 23:16:18.016+0000[m[2m | [m[2mBftProcessorExecutor-QBFT-0[m[2m | [m[32mINFO [m[2m | [m[2mQbftBesuControllerBuilder[m[2m | [m[32mImported empty block #294 / 0 tx / 0 pending / 0 (0.0%) gas / (0x05996730f4532f2b68e110ebec63ce848bacb6b810b5e0bfc255234b579c6197)
[m[2m2026-09-23 23:16:20.013+0000[m[2m | [m[2mEthScheduler-Workers-1[m[2m | [m[32mINFO [m[2m | [m[2mPersistBlockTask[m[2m | [m[32mBlock 295 (0x8650faf584c720416982794377d675c3594490cc4dd5ac716068831bc7ccf01c) is already imported
[m[2m2026-09-23 23:16:20.013+0000[m[2m | [m[2mBftProcessorExecutor-QBFT-0[m[2m | [m[32mINFO [m[2m | [m[2mQbftBesuControllerBuilder[m[2m | [m[32mImported empty block #295 / 0 tx / 0 pending / 0 (0.0%) gas / (0x8650faf584c720416982794377d675c3594490cc4dd5ac716068831bc7ccf01c)
[m[2m2026-09-23 23:16:22.009+0000[m[2m | [m[2mBftProcessorExecutor-QBFT-0[m[2m | [m[32mINFO [m[2m | [m[2mQbftBesuControllerBuilder[m[2m | [m[32mImported empty block #296 / 0 tx / 0 pending / 0 (0.0%) gas / (0x7db0f23f85db6fd62578f93ee1dabb7d9eb97f65df08db3a9908594ba2b4414c)
[m[2m2026-09-23 23:16:24.011+0000[m[2m | [m[2mBftProcessorExecutor-QBFT-0[m[2m | [m[32mINFO [m[2m | [m[2mQbftBesuControllerBuilder[m[2m | [m[32mProduced empty block #297 / 0 tx / 0 pending / 0 (0.0%) gas / (0x7c564e119d062b9e3b4f9c437a92c61c3529650e5de10fab267703896d6e0d28)
[m[2m2026-09-23 23:16:26.012+0000[m[2m | [m[2mBftProcessorExecutor-QBFT-0[m[2m | [m[32mINFO [m[2m | [m[2mQbftBesuControllerBuilder[m[2m | [m[32mImported empty block #298 / 0 tx / 0 pending / 0 (0.0%) gas / (0x620349b925d9860b282ca1093e69f087003d825e042a60c39cf8f7b3a716ff49)
[m[2m2026-09-23 23:16:28.016+0000[m[2m | [m[2mEthScheduler-Workers-4[m[2m | [m[32mINFO [m[2m | [m[2mPersistBlockTask[m[2m | [m[32mBlock 299 (0x3dc0364765f69b91801bc62e3f94a94c25a288087a3b91ce6f2c50d5db34f5ad) is already imported
[m[2m2026-09-23 23:16:28.016+0000[m[2m | [m[2mBftProcessorExecutor-QBFT-0[m[2m | [m[32mINFO [m[2m | [m[2mQbftBesuControllerBuilder[m[2m | [m[32mImported empty block #299 / 0 tx / 0 pending / 0 (0.0%) gas / (0x3dc0364765f69b91801bc62e3f94a94c25a288087a3b91ce6f2c50d5db34f5ad)
[m[2m2026-09-23 23:16:30.032+0000[m[2m | [m[2mEthScheduler-Workers-0[m[2m | [m[32mINFO [m[2m | [m[2mPersistBlockTask[m[2m | [m[32mBlock 300 (0x994fdcaaf840a272b1eb611c8ebc1356376b3cc9caaf0e70f965a7ef2c2ef1a3) is already imported
[m[2m2026-09-23 23:16:30.032+0000[m[2m | [m[2mBftProcessorExecutor-QBFT-0[m[2m | [m[32mINFO [m[2m | [m[2mQbftBesuControllerBuilder[m[2m | [m[32mImported empty block #300 / 0 tx / 0 pending / 0 (0.0%) gas / (0x994fdcaaf840a272b1eb611c8ebc1356376b3cc9caaf0e70f965a7ef2c2ef1a3)
[m[2m2026-09-23 23:16:32.011+0000[m[2m | [m[2mBftProcessorExecutor-QBFT-0[m[2m | [m[32mINFO [m[2m | [m[2mQbftBesuControllerBuilder[m[2m | [m[32mImported empty block #301 / 0 tx / 0 pending / 0 (0.0%) gas / (0x635a5901910aca66a124714c2365e901e3ea5a2934afa22091b82b28881404b5)
[m[2m2026-09-23 23:16:34.012+0000[m[2m | [m[2mBftProcessorExecutor-QBFT-0[m[2m | [m[32mINFO [m[2m | [m[2mQbftBesuControllerBuilder[m[2m | [m[32mImported empty block #302 / 0 tx / 0 pending / 0 (0.0%) gas / (0xe53754922d401165eaf986b2076e6a5440525570ff58b6373ce76806460dd1a4)
[m[2m2026-09-23 23:16:36.016+0000[m[2m | [m[2mEthScheduler-Workers-7[m[2m | [m[32mINFO [m[2m | [m[2mPersistBlockTask[m[2m | [m[32mBlock 303 (0xa22a9a7efdd2c52efdde97b29f115aa4c9d34d8fa5da011e489ff5b14409a6a3) is already imported
[m[2m2026-09-23 23:16:36.016+0000[m[2m | [m[2mBftProcessorExecutor-QBFT-0[m[2m | [m[32mINFO [m[2m | [m[2mQbftBesuControllerBuilder[m[2m | [m[32mProduced empty block #303 / 0 tx / 0 pending / 0 (0.0%) gas / (0xa22a9a7efdd2c52efdde97b29f115aa4c9d34d8fa5da011e489ff5b14409a6a3)
[m[2m2026-09-23 23:16:38.014+0000[m[2m | [m[2mEthScheduler-Workers-3[m[2m | [m[32mINFO [m[2m | [m[2mPersistBlockTask[m[2m | [m[32mBlock 304 (0xa8cdda2fc678b945eae8b6fadb5167af346031cbba1148d8821e4abbb0fd06f3) is already imported
[m[2m2026-09-23 23:16:38.014+0000[m[2m | [m[2mBftProcessorExecutor-QBFT-0[m[2m | [m[32mINFO [m[2m | [m[2mQbftBesuControllerBuilder[m[2m | [m[32mImported empty block #304 / 0 tx / 0 pending / 0 (0.0%) gas / (0xa8cdda2fc678b945eae8b6fadb5167af346031cbba1148d8821e4abbb0fd06f3)
[m[2m2026-09-23 23:16:40.013+0000[m[2m | [m[2mBftProcessorExecutor-QBFT-0[m[2m | [m[32mINFO [m[2m | [m[2mQbftBesuControllerBuilder[m[2m | [m[32mImported empty block #305 / 0 tx / 0 pending / 0 (0.0%) gas / (0x81d219c14ecd1733651f89c035f1f6685cfde324ebb81be5369857a6c646ec09)
[m[2m2026-09-23 23:16:42.015+0000[m[2m | [m[2mBftProcessorExecutor-QBFT-0[m[2m | [m[32mINFO [m[2m | [m[2mQbftBesuControllerBuilder[m[2m | [m[32mImported empty block #306 / 0 tx / 0 pending / 0 (0.0%) gas / (0x21a28d7929586f2aa13af6e99728456b93ca9a06084d6dc76f1351541c8378ab)
[m[2m2026-09-23 23:16:42.015+0000[m[2m | [m[2mEthScheduler-Workers-6[m[2m | [m[32mINFO [m[2m | [m[2mPersistBlockTask[m[2m | [m[32mImported empty block #306 / 0 tx / 0 om / 0 (0.0%) gas / (0x21a28d7929586f2aa13af6e99728456b93ca9a06084d6dc76f1351541c8378ab) in 0.000s. Peers: 5
[m[2m2026-09-23 23:16:44.016+0000[m[2m | [m[2mBftProcessorExecutor-QBFT-0[m[2m | [m[32mINFO [m[2m | [m[2mQbftBesuControllerBuilder[m[2m | [m[32mImported empty block #307 / 0 tx / 0 pending / 0 (0.0%) gas / (0xf97105105385585e6674b7d70b7b6b44848ba33d5977f271ef01992b5e2ed7a5)
[m[2m2026-09-23 23:16:46.013+0000[m[2m | [m[2mBftProcessorExecutor-QBFT-0[m[2m | [m[32mINFO [m[2m | [m[2mQbftBesuControllerBuilder[m[2m | [m[32mImported empty block #308 / 0 tx / 0 pending / 0 (0.0%) gas / (0xe46ef2ce1e419b7e2b7c19f4008a5b9f52795178da86cd647adf3d928c13c331)
[m[2m2026-09-23 23:16:48.029+0000[m[2m | [m[2mBftProcessorExecutor-QBFT-0[m[2m | [m[32mINFO [m[2m | [m[2mQbftBesuControllerBuilder[m[2m | [m[32mProduced empty block #309 / 0 tx / 0 pending / 0 (0.0%) gas / (0xe0b59d48b1bc35e9fd77b1bdf6984b38416aca0b95bb1ad3b8591243c1ce0607)
[m[2m2026-09-23 23:16:48.029+0000[m[2m | [m[2mEthScheduler-Workers-5[m[2m | [m[32mINFO [m[2m | [m[2mPersistBlockTask[m[2m | [m[32mBlock 309 (0xe0b59d48b1bc35e9fd77b1bdf6984b38416aca0b95bb1ad3b8591243c1ce0607) is already imported
[m[2m2026-09-23 23:16:50.016+0000[m[2m | [m[2mEthScheduler-Workers-2[m[2m | [m[32mINFO [m[2m | [m[2mPersistBlockTask[m[2m | [m[32mBlock 310 (0xa93d7a4a1cc5818aeedaf31ae4f37e385ed16b523cd2530f16fee3fa194ae1d8) is already imported
[m[2m2026-09-23 23:16:50.016+0000[m[2m | [m[2mBftProcessorExecutor-QBFT-0[m[2m | [m[32mINFO [m[2m | [m[2mQbftBesuControllerBuilder[m[2m | [m[32mImported empty block #310 / 0 tx / 0 pending / 0 (0.0%) gas / (0xa93d7a4a1cc5818aeedaf31ae4f37e385ed16b523cd2530f16fee3fa194ae1d8)
[m[2m2026-09-23 23:16:52.023+0000[m[2m | [m[2mEthScheduler-Workers-1[m[2m | [m[32mINFO [m[2m | [m[2mPersistBlockTask[m[2m | [m[32mBlock 311 (0xbd6fad35cd85683d0e87d6d9d96fe85307ec49f90274b87dcc5077641aaaa3e8) is already imported
[m[2m2026-09-23 23:16:52.023+0000[m[2m | [m[2mBftProcessorExecutor-QBFT-0[m[2m | [m[32mINFO [m[2m | [m[2mQbftBesuControllerBuilder[m[2m | [m[32mImported empty block #311 / 0 tx / 0 pending / 0 (0.0%) gas / (0xbd6fad35cd85683d0e87d6d9d96fe85307ec49f90274b87dcc5077641aaaa3e8)
[m[2m2026-09-23 23:16:54.014+0000[m[2m | [m[2mBftProcessorExecutor-QBFT-0[m[2m | [m[32mINFO [m[2m | [m[2mQbftBesuControllerBuilder[m[2m | [m[32mImported empty block #312 / 0 tx / 0 pending / 0 (0.0%) gas / (0x2b9c18c222cafb9926a7ffe46dfa0dc3b0b38515788eb23553857542150382b6)
[m[2m2026-09-23 23:16:56.012+0000[m[2m | [m[2mBftProcessorExecutor-QBFT-0[m[2m | [m[32mINFO [m[2m | [m[2mQbftBesuControllerBuilder[m[2m | [m[32mImported empty block #313 / 0 tx / 0 pending / 0 (0.0%) gas / (0xd702f09657ae50ee1d5a5344d560114ae9cd5bb178e898742eedce805288c099)
[m[2m2026-09-23 23:16:58.012+0000[m[2m | [m[2mBftProcessorExecutor-QBFT-0[m[2m | [m[32mINFO [m[2m | [m[2mQbftBesuControllerBuilder[m[2m | [m[32mImported empty block #314 / 0 tx / 0 pending / 0 (0.0%) gas / (0xba7dc3608abd88dc2d4f5892599425d813f138ea737251590ccd410fe6edb0b8)
[m[2m2026-09-23 23:17:00.037+0000[m[2m | [m[2mBftProcessorExecutor-QBFT-0[m[2m | [m[32mINFO [m[2m | [m[2mQbftBesuControllerBuilder[m[2m | [m[32mProduced empty block #315 / 0 tx / 0 pending / 0 (0.0%) gas / (0x00e12132c4748127edcda5de8084a94ae19a2d65f6d397d284a41f6506e7347c)
[m[2m2026-09-23 23:17:02.015+0000[m[2m | [m[2mBftProcessorExecutor-QBFT-0[m[2m | [m[32mINFO [m[2m | [m[2mQbftBesuControllerBuilder[m[2m | [m[32mImported empty block #316 / 0 tx / 0 pending / 0 (0.0%) gas / (0x76ba1e6a9a31510261e3afca158246d3f8f2adec5c5e638a9a2a25d2386fd483)
[m[2m2026-09-23 23:17:04.016+0000[m[2m | [m[2mBftProcessorExecutor-QBFT-0[m[2m | [m[32mINFO [m[2m | [m[2mQbftBesuControllerBuilder[m[2m | [m[32mImported empty block #317 / 0 tx / 0 pending / 0 (0.0%) gas / (0x3e34958114af1f8051dcaece49751f5f4635a517a8048674868e2bfbce825a95)
[m[2m2026-09-23 23:17:04.016+0000[m[2m | [m[2mEthScheduler-Workers-4[m[2m | [m[32mINFO [m[2m | [m[2mPersistBlockTask[m[2m | [m[32mBlock 317 (0x3e34958114af1f8051dcaece49751f5f4635a517a8048674868e2bfbce825a95) is already imported
[m[2m2026-09-23 23:17:06.014+0000[m[2m | [m[2mBftProcessorExecutor-QBFT-0[m[2m | [m[32mINFO [m[2m | [m[2mQbftBesuControllerBuilder[m[2m | [m[32mImported empty block #318 / 0 tx / 0 pending / 0 (0.0%) gas / (0xaa4309f2f0de1704852110a84a514297fa4864923372a002061d4fd18b99cbf1)
[m[2m2026-09-23 23:17:08.014+0000[m[2m | [m[2mBftProcessorExecutor-QBFT-0[m[2m | [m[32mINFO [m[2m | [m[2mQbftBesuControllerBuilder[m[2m | [m[32mImported empty block #319 / 0 tx / 0 pending / 0 (0.0%) gas / (0x7c0e2e2026a66d1ab83c6d826d18b2b0ac6bcbbffaba03eab336d41ed781560c)
[m[2m2026-09-23 23:17:10.009+0000[m[2m | [m[2mBftProcessorExecutor-QBFT-0[m[2m | [m[32mINFO [m[2m | [m[2mQbftBesuControllerBuilder[m[2m | [m[32mImported empty block #320 / 0 tx / 0 pending / 0 (0.0%) gas / (0x4e5da11833d60e37f21b1d071285991e99230d59cf253ced4c500b062ed757f0)
[m[2m2026-09-23 23:17:12.010+0000[m[2m | [m[2mBftProcessorExecutor-QBFT-0[m[2m | [m[32mINFO [m[2m | [m[2mQbftBesuControllerBuilder[m[2m | [m[32mProduced empty block #321 / 0 tx / 0 pending / 0 (0.0%) gas / (0x0fffa83fdf8e7a7916f708ac232c1c440b8948ea43a9a063209e624262df5fc8)
[m[2m2026-09-23 23:17:14.013+0000[m[2m | [m[2mEthScheduler-Workers-0[m[2m | [m[32mINFO [m[2m | [m[2mPersistBlockTask[m[2m | [m[32mBlock 322 (0x6b57133bf0cd110773ff639f3d8270bf4ac84822ec547899675eaec45197224b) is already imported
[m[2m2026-09-23 23:17:14.014+0000[m[2m | [m[2mBftProcessorExecutor-QBFT-0[m[2m | [m[32mINFO [m[2m | [m[2mQbftBesuControllerBuilder[m[2m | [m[32mImported empty block #322 / 0 tx / 0 pending / 0 (0.0%) gas / (0x6b57133bf0cd110773ff639f3d8270bf4ac84822ec547899675eaec45197224b)
[m[2m2026-09-23 23:17:16.014+0000[m[2m | [m[2mBftProcessorExecutor-QBFT-0[m[2m | [m[32mINFO [m[2m | [m[2mQbftBesuControllerBuilder[m[2m | [m[32mImported empty block #323 / 0 tx / 0 pending / 0 (0.0%) gas / (0x8fde2e1e595e288abcdf56006d735c538ba7461056ab525f0781694b95a92d3c)
[m[2m2026-09-23 23:17:18.011+0000[m[2m | [m[2mBftProcessorExecutor-QBFT-0[m[2m | [m[32mINFO [m[2m | [m[2mQbftBesuControllerBuilder[m[2m | [m[32mImported empty block #324 / 0 tx / 0 pending / 0 (0.0%) gas / (0xae9c01d7fb69175652bfcdb42651879655db6f004eec460ed83f6fd16eb47632)
[m[2m2026-09-23 23:17:20.013+0000[m[2m | [m[2mBftProcessorExecutor-QBFT-0[m[2m | [m[32mINFO [m[2m | [m[2mQbftBesuControllerBuilder[m[2m | [m[32mImported empty block #325 / 0 tx / 0 pending / 0 (0.0%) gas / (0xf62db17a6b3573ac6eb01b01d404c3e955c72902ff80bf8e44a43cab052fdbb5)
[m[2m2026-09-23 23:17:22.023+0000[m[2m | [m[2mEthScheduler-Workers-7[m[2m | [m[32mINFO [m[2m | [m[2mPersistBlockTask[m[2m | [m[32mImported empty block #326 / 0 tx / 0 om / 0 (0.0%) gas / (0xd967570014bb04336b96c6894d706eb06db491189cbba783efd678450a43a4f5) in 0.000s. Peers: 5
[m[2m2026-09-23 23:17:24.012+0000[m[2m | [m[2mBftProcessorExecutor-QBFT-0[m[2m | [m[32mINFO [m[2m | [m[2mQbftBesuControllerBuilder[m[2m | [m[32mProduced empty block #327 / 0 tx / 0 pending / 0 (0.0%) gas / (0x45db6586687086b03dbd0899b170db053dfe55badcebffe3e08cbe82748882fd)
[m[2m2026-09-23 23:17:26.012+0000[m[2m | [m[2mBftProcessorExecutor-QBFT-0[m[2m | [m[32mINFO [m[2m | [m[2mQbftBesuControllerBuilder[m[2m | [m[32mImported empty block #328 / 0 tx / 0 pending / 0 (0.0%) gas / (0x87ddc7a14de3896235b84a414c005356d2f1a084427cc3c5af07a37596d47e82)
[m[2m2026-09-23 23:17:28.012+0000[m[2m | [m[2mEthScheduler-Workers-3[m[2m | [m[32mINFO [m[2m | [m[2mPersistBlockTask[m[2m | [m[32mBlock 329 (0x8e91b7530807e0084fb8719a3e95b1cd1bd84b87249a426dd8f40f7237d23c0e) is already imported
[m[2m2026-09-23 23:17:28.012+0000[m[2m | [m[2mBftProcessorExecutor-QBFT-0[m[2m | [m[32mINFO [m[2m | [m[2mQbftBesuControllerBuilder[m[2m | [m[32mImported empty block #329 / 0 tx / 0 pending / 0 (0.0%) gas / (0x8e91b7530807e0084fb8719a3e95b1cd1bd84b87249a426dd8f40f7237d23c0e)
[m[2m2026-09-23 23:17:30.031+0000[m[2m | [m[2mBftProcessorExecutor-QBFT-0[m[2m | [m[32mINFO [m[2m | [m[2mQbftBesuControllerBuilder[m[2m | [m[32mImported empty block #330 / 0 tx / 0 pending / 0 (0.0%) gas / (0x20ace2fcdb44d5052dfb04e98149770c4003e8683652add14c007060cd23f84e)
[m[2m2026-09-23 23:17:32.020+0000[m[2m | [m[2mEthScheduler-Workers-6[m[2m | [m[32mINFO [m[2m | [m[2mPersistBlockTask[m[2m | [m[32mBlock 331 (0xf42c9033a3e661a6bdad43337e1a001e9a3ffe38fa30563623828676ae18c599) is already imported
[m[2m2026-09-23 23:17:32.020+0000[m[2m | [m[2mBftProcessorExecutor-QBFT-0[m[2m | [m[32mINFO [m[2m | [m[2mQbftBesuControllerBuilder[m[2m | [m[32mImported empty block #331 / 0 tx / 0 pending / 0 (0.0%) gas / (0xf42c9033a3e661a6bdad43337e1a001e9a3ffe38fa30563623828676ae18c599)
[m[2m2026-09-23 23:17:34.013+0000[m[2m | [m[2mEthScheduler-Workers-5[m[2m | [m[32mINFO [m[2m | [m[2mPersistBlockTask[m[2m | [m[32mBlock 332 (0xb2fbd2138157f80276336d8da0c40c6848ab6190ac0662fa25c2c07426818213) is already imported
[m[2m2026-09-23 23:17:34.013+0000[m[2m | [m[2mBftProcessorExecutor-QBFT-0[m[2m | [m[32mINFO [m[2m | [m[2mQbftBesuControllerBuilder[m[2m | [m[32mImported empty block #332 / 0 tx / 0 pending / 0 (0.0%) gas / (0xb2fbd2138157f80276336d8da0c40c6848ab6190ac0662fa25c2c07426818213)
[m[2m2026-09-23 23:17:36.010+0000[m[2m | [m[2mBftProcessorExecutor-QBFT-0[m[2m | [m[32mINFO [m[2m | [m[2mQbftBesuControllerBuilder[m[2m | [m[32mProduced empty block #333 / 0 tx / 0 pending / 0 (0.0%) gas / (0x6df5e0c7233307722aac96bd1ca6ade0f2e082b3cf353b3162af663c5cb9e6d4)
[m[2m2026-09-23 23:17:38.019+0000[m[2m | [m[2mBftProcessorExecutor-QBFT-0[m[2m | [m[32mINFO [m[2m | [m[2mQbftBesuControllerBuilder[m[2m | [m[32mImported empty block #334 / 0 tx / 0 pending / 0 (0.0%) gas / (0x4e106347bab1d51e7420e6ab9785ed53b209c0410bf782b9eff7327ec3ee9385)
[m[2m2026-09-23 23:17:40.014+0000[m[2m | [m[2mBftProcessorExecutor-QBFT-0[m[2m | [m[32mINFO [m[2m | [m[2mQbftBesuControllerBuilder[m[2m | [m[32mImported empty block #335 / 0 tx / 0 pending / 0 (0.0%) gas / (0x58e3271b1dfb95c3186a5f9391ed95ceacccd18e58ddbdfd741fabd0d13739f2)
[m[2m2026-09-23 23:17:42.011+0000[m[2m | [m[2mBftProcessorExecutor-QBFT-0[m[2m | [m[32mINFO [m[2m | [m[2mQbftBesuControllerBuilder[m[2m | [m[32mImported empty block #336 / 0 tx / 0 pending / 0 (0.0%) gas / (0x6cc54900c46b37b4f25774628d5e02e0dbc329811d8537d42e409d0c402cbce8)
[m[2m2026-09-23 23:17:44.009+0000[m[2m | [m[2mBftProcessorExecutor-QBFT-0[m[2m | [m[32mINFO [m[2m | [m[2mQbftBesuControllerBuilder[m[2m | [m[32mImported empty block #337 / 0 tx / 0 pending / 0 (0.0%) gas / (0x146c619126f22c98621e489caf39e20d304f3d6e482602b8272352b08fdfc4af)
[m[2m2026-09-23 23:17:46.012+0000[m[2m | [m[2mBftProcessorExecutor-QBFT-0[m[2m | [m[32mINFO [m[2m | [m[2mQbftBesuControllerBuilder[m[2m | [m[32mImported empty block #338 / 0 tx / 0 pending / 0 (0.0%) gas / (0x3946fb7110d410c1718d49c58bc439d9fc55e919be8956a4732a09a4e3f8670a)
[m[2m2026-09-23 23:17:48.010+0000[m[2m | [m[2mBftProcessorExecutor-QBFT-0[m[2m | [m[32mINFO [m[2m | [m[2mQbftBesuControllerBuilder[m[2m | [m[32mProduced empty block #339 / 0 tx / 0 pending / 0 (0.0%) gas / (0xc2162a5e45044f72ea314ba5c1ab5f8cd1332720b743e3425825b6ba6a562253)
[m[2m2026-09-23 23:17:48.011+0000[m[2m | [m[2mEthScheduler-Workers-2[m[2m | [m[32mINFO [m[2m | [m[2mPersistBlockTask[m[2m | [m[32mBlock 339 (0xc2162a5e45044f72ea314ba5c1ab5f8cd1332720b743e3425825b6ba6a562253) is already imported
[m[2m2026-09-23 23:17:50.011+0000[m[2m | [m[2mBftProcessorExecutor-QBFT-0[m[2m | [m[32mINFO [m[2m | [m[2mQbftBesuControllerBuilder[m[2m | [m[32mImported empty block #340 / 0 tx / 0 pending / 0 (0.0%) gas / (0xee38184333e642bb8e329a4451fbdc4b0529952bf37aae32f6f43f68df9bc86e)
[m[2m2026-09-23 23:17:52.014+0000[m[2m | [m[2mBftProcessorExecutor-QBFT-0[m[2m | [m[32mINFO [m[2m | [m[2mQbftBesuControllerBuilder[m[2m | [m[32mImported empty block #341 / 0 tx / 0 pending / 0 (0.0%) gas / (0x2b5d1b21a24530a5934a214671e1c2b136c42d8ca6333663ce2e0a322ebf6b79)
[m[2m2026-09-23 23:17:54.016+0000[m[2m | [m[2mBftProcessorExecutor-QBFT-0[m[2m | [m[32mINFO [m[2m | [m[2mQbftBesuControllerBuilder[m[2m | [m[32mImported empty block #342 / 0 tx / 0 pending / 0 (0.0%) gas / (0x6aa6e2b0d21c9ded4da2e114f6605768a2ebc52eda43fd9d563cef5c12fd5562)
[m[2m2026-09-23 23:17:54.016+0000[m[2m | [m[2mEthScheduler-Workers-8[m[2m | [m[32mINFO [m[2m | [m[2mPersistBlockTask[m[2m | [m[32mBlock 342 (0x6aa6e2b0d21c9ded4da2e114f6605768a2ebc52eda43fd9d563cef5c12fd5562) is already imported
[m[2m2026-09-23 23:17:56.009+0000[m[2m | [m[2mBftProcessorExecutor-QBFT-0[m[2m | [m[32mINFO [m[2m | [m[2mQbftBesuControllerBuilder[m[2m | [m[32mImported empty block #343 / 0 tx / 0 pending / 0 (0.0%) gas / (0xf6493c58b4bdbc5a267d3dcee386b184d9c352c1beb7590b6429ed86d9ec2984)
[m[2m2026-09-23 23:17:58.012+0000[m[2m | [m[2mBftProcessorExecutor-QBFT-0[m[2m | [m[32mINFO [m[2m | [m[2mQbftBesuControllerBuilder[m[2m | [m[32mImported empty block #344 / 0 tx / 0 pending / 0 (0.0%) gas / (0x8e259f246285d7f9cede070f0f8021f457ee71830a3e5580ec8f58fda871ddf0)
[m[2m2026-09-23 23:18:00.031+0000[m[2m | [m[2mBftProcessorExecutor-QBFT-0[m[2m | [m[32mINFO [m[2m | [m[2mQbftBesuControllerBuilder[m[2m | [m[32mProduced empty block #345 / 0 tx / 0 pending / 0 (0.0%) gas / (0x98e07fd440d15dda4f57f48e519b5bf22d79d5db1dce316ce48c79a1dc78fb93)
[m[2m2026-09-23 23:18:00.031+0000[m[2m | [m[2mEthScheduler-Workers-4[m[2m | [m[32mINFO [m[2m | [m[2mPersistBlockTask[m[2m | [m[32mBlock 345 (0x98e07fd440d15dda4f57f48e519b5bf22d79d5db1dce316ce48c79a1dc78fb93) is already imported
[m[2m2026-09-23 23:18:02.010+0000[m[2m | [m[2mBftProcessorExecutor-QBFT-0[m[2m | [m[32mINFO [m[2m | [m[2mQbftBesuControllerBuilder[m[2m | [m[32mImported empty block #346 / 0 tx / 0 pending / 0 (0.0%) gas / (0x8c252c4acb84077eb72a651eedef9e03cffa4c548c9189683a3e1c6c17903ce3)
[m[2m2026-09-23 23:18:04.014+0000[m[2m | [m[2mEthScheduler-Workers-0[m[2m | [m[32mINFO [m[2m | [m[2mPersistBlockTask[m[2m | [m[32mBlock 347 (0x007259772b6cbd0fbc2b100497466435a82479a15ee967db3f4d2fc6bc89aff2) is already imported
[m[2m2026-09-23 23:18:04.014+0000[m[2m | [m[2mBftProcessorExecutor-QBFT-0[m[2m | [m[32mINFO [m[2m | [m[2mQbftBesuControllerBuilder[m[2m | [m[32mImported empty block #347 / 0 tx / 0 pending / 0 (0.0%) gas / (0x007259772b6cbd0fbc2b100497466435a82479a15ee967db3f4d2fc6bc89aff2)
[m[2m2026-09-23 23:18:06.011+0000[m[2m | [m[2mBftProcessorExecutor-QBFT-0[m[2m | [m[32mINFO [m[2m | [m[2mQbftBesuControllerBuilder[m[2m | [m[32mImported empty block #348 / 0 tx / 0 pending / 0 (0.0%) gas / (0x1e6e1f92977d86a8c52add18fdde170d016cef1b6d476b3442f3ed2f3b9c710e)
[m[2m2026-09-23 23:18:08.011+0000[m[2m | [m[2mBftProcessorExecutor-QBFT-0[m[2m | [m[32mINFO [m[2m | [m[2mQbftBesuControllerBuilder[m[2m | [m[32mImported empty block #349 / 0 tx / 0 pending / 0 (0.0%) gas / (0xfe31786ed4a94a1b250c5a435139ba55a9590be24a88f35e183af1e86fe92bc3)
[m[2m2026-09-23 23:18:10.014+0000[m[2m | [m[2mBftProcessorExecutor-QBFT-0[m[2m | [m[32mINFO [m[2m | [m[2mQbftBesuControllerBuilder[m[2m | [m[32mImported empty block #350 / 0 tx / 0 pending / 0 (0.0%) gas / (0xeae491ba82f9e7ae9ce05c6c22d7885be50be764bba035d95ae8067f945c3fcf)
[m[2m2026-09-23 23:18:10.014+0000[m[2m | [m[2mEthScheduler-Workers-7[m[2m | [m[32mINFO [m[2m | [m[2mPersistBlockTask[m[2m | [m[32mBlock 350 (0xeae491ba82f9e7ae9ce05c6c22d7885be50be764bba035d95ae8067f945c3fcf) is already imported
[m[2m2026-09-23 23:18:12.014+0000[m[2m | [m[2mBftProcessorExecutor-QBFT-0[m[2m | [m[32mINFO [m[2m | [m[2mQbftBesuControllerBuilder[m[2m | [m[32mProduced empty block #351 / 0 tx / 0 pending / 0 (0.0%) gas / (0x3933470d5fb620df027a519e2d43b1c859a970349857e0a93a8d9ec3fa7f2df2)
[m[2m2026-09-23 23:18:14.015+0000[m[2m | [m[2mBftProcessorExecutor-QBFT-0[m[2m | [m[32mINFO [m[2m | [m[2mQbftBesuControllerBuilder[m[2m | [m[32mImported empty block #352 / 0 tx / 0 pending / 0 (0.0%) gas / (0x3d4ab4f7c99f04fbc891dcf6534d4f0e96334a14d8f03c684f21f511e93e7cf5)
[m[2m2026-09-23 23:18:16.010+0000[m[2m | [m[2mBftProcessorExecutor-QBFT-0[m[2m | [m[32mINFO [m[2m | [m[2mQbftBesuControllerBuilder[m[2m | [m[32mImported empty block #353 / 0 tx / 0 pending / 0 (0.0%) gas / (0x47dbd522cc1c3c4bda988cb6172a213401f1136ba7de97e64314d31f6abff313)
[m[2m2026-09-23 23:18:18.010+0000[m[2m | [m[2mBftProcessorExecutor-QBFT-0[m[2m | [m[32mINFO [m[2m | [m[2mQbftBesuControllerBuilder[m[2m | [m[32mImported empty block #354 / 0 tx / 0 pending / 0 (0.0%) gas / (0x266de3b0dcbe9c6ca412227f7189e6154a768c5849bc9fcf5b561d74b4015c81)
[m[2m2026-09-23 23:18:18.011+0000[m[2m | [m[2mEthScheduler-Workers-3[m[2m | [m[32mINFO [m[2m | [m[2mPersistBlockTask[m[2m | [m[32mBlock 354 (0x266de3b0dcbe9c6ca412227f7189e6154a768c5849bc9fcf5b561d74b4015c81) is already imported
[m[2m2026-09-23 23:18:20.011+0000[m[2m | [m[2mBftProcessorExecutor-QBFT-0[m[2m | [m[32mINFO [m[2m | [m[2mQbftBesuControllerBuilder[m[2m | [m[32mImported empty block #355 / 0 tx / 0 pending / 0 (0.0%) gas / (0x421c4d7837e37964c35c499dde54dbb39cb468bca613e53205d2927605c8d049)
[m[2m2026-09-23 23:18:22.010+0000[m[2m | [m[2mBftProcessorExecutor-QBFT-0[m[2m | [m[32mINFO [m[2m | [m[2mQbftBesuControllerBuilder[m[2m | [m[32mImported empty block #356 / 0 tx / 0 pending / 0 (0.0%) gas / (0x8d320e45e92fd48b91f6f981ca9075b6a333fb7ea143a38209a7269e74c8810a)
[m[2m2026-09-23 23:18:24.010+0000[m[2m | [m[2mBftProcessorExecutor-QBFT-0[m[2m | [m[32mINFO [m[2m | [m[2mQbftBesuControllerBuilder[m[2m | [m[32mProduced empty block #357 / 0 tx / 0 pending / 0 (0.0%) gas / (0xc67067ef466edb349c68e6827d6a43a08f49b461f3b632c1e17011463a654831)
[m[2m2026-09-23 23:18:26.021+0000[m[2m | [m[2mBftProcessorExecutor-QBFT-0[m[2m | [m[32mINFO [m[2m | [m[2mQbftBesuControllerBuilder[m[2m | [m[32mImported empty block #358 / 0 tx / 0 pending / 0 (0.0%) gas / (0x8ae6bf6bb8e51fa0de35c13f7abbb8c321f57d98a4f036521358e0936c5148c2)
[m[2m2026-09-23 23:18:28.010+0000[m[2m | [m[2mBftProcessorExecutor-QBFT-0[m[2m | [m[32mINFO [m[2m | [m[2mQbftBesuControllerBuilder[m[2m | [m[32mImported empty block #359 / 0 tx / 0 pending / 0 (0.0%) gas / (0xce8b8a673991c6b18ec26f017f7ca44cf326de7bede1e85ddc3028ec2213039a)
[m[2m2026-09-23 23:18:30.034+0000[m[2m | [m[2mEthScheduler-Workers-6[m[2m | [m[32mINFO [m[2m | [m[2mPersistBlockTask[m[2m | [m[32mBlock 360 (0x8c236fda86c5b86e1743791d4a28a096043acb5d314bd490776600e80e3437b6) is already imported
[m[2m2026-09-23 23:18:30.034+0000[m[2m | [m[2mBftProcessorExecutor-QBFT-0[m[2m | [m[32mINFO [m[2m | [m[2mQbftBesuControllerBuilder[m[2m | [m[32mImported empty block #360 / 0 tx / 0 pending / 0 (0.0%) gas / (0x8c236fda86c5b86e1743791d4a28a096043acb5d314bd490776600e80e3437b6)
[m[2m2026-09-23 23:18:32.009+0000[m[2m | [m[2mBftProcessorExecutor-QBFT-0[m[2m | [m[32mINFO [m[2m | [m[2mQbftBesuControllerBuilder[m[2m | [m[32mImported empty block #361 / 0 tx / 0 pending / 0 (0.0%) gas / (0x0f9b8f1b76ae3836f42dc674a8b72a64f3ba278c90bbf36a520b734c39b57b96)
[m[2m2026-09-23 23:18:34.011+0000[m[2m | [m[2mBftProcessorExecutor-QBFT-0[m[2m | [m[32mINFO [m[2m | [m[2mQbftBesuControllerBuilder[m[2m | [m[32mImported empty block #362 / 0 tx / 0 pending / 0 (0.0%) gas / (0x6e3d05b8e3aa9ccfa810bebf37071676f9479afad5386bff56c8dfd15d43d5aa)
[m[2m2026-09-23 23:18:36.014+0000[m[2m | [m[2mBftProcessorExecutor-QBFT-0[m[2m | [m[32mINFO [m[2m | [m[2mQbftBesuControllerBuilder[m[2m | [m[32mProduced empty block #363 / 0 tx / 0 pending / 0 (0.0%) gas / (0xb3c5518f0dc8c5a2bff62aa0c439df1eb9c46dcd5b14e94f4228b51d1a38a7de)
[m[2m2026-09-23 23:18:36.014+0000[m[2m | [m[2mEthScheduler-Workers-5[m[2m | [m[32mINFO [m[2m | [m[2mPersistBlockTask[m[2m | [m[32mBlock 363 (0xb3c5518f0dc8c5a2bff62aa0c439df1eb9c46dcd5b14e94f4228b51d1a38a7de) is already imported
[m[2m2026-09-23 23:18:38.011+0000[m[2m | [m[2mBftProcessorExecutor-QBFT-0[m[2m | [m[32mINFO [m[2m | [m[2mQbftBesuControllerBuilder[m[2m | [m[32mImported empty block #364 / 0 tx / 0 pending / 0 (0.0%) gas / (0xe881316f6686c0b6b41f067c16ba1bc1e1939cf905d8350449d40bc2d7990a00)
[m[2m2026-09-23 23:18:38.011+0000[m[2m | [m[2mEthScheduler-Workers-2[m[2m | [m[32mINFO [m[2m | [m[2mPersistBlockTask[m[2m | [m[32mBlock 364 (0xe881316f6686c0b6b41f067c16ba1bc1e1939cf905d8350449d40bc2d7990a00) is already imported
[m[2m2026-09-23 23:18:40.011+0000[m[2m | [m[2mBftProcessorExecutor-QBFT-0[m[2m | [m[32mINFO [m[2m | [m[2mQbftBesuControllerBuilder[m[2m | [m[32mImported empty block #365 / 0 tx / 0 pending / 0 (0.0%) gas / (0x02ebfc65a1135df473bd80a83459783829053144b06129a3dac8db2d01571fb7)
[m[2m2026-09-23 23:18:42.010+0000[m[2m | [m[2mBftProcessorExecutor-QBFT-0[m[2m | [m[32mINFO [m[2m | [m[2mQbftBesuControllerBuilder[m[2m | [m[32mImported empty block #366 / 0 tx / 0 pending / 0 (0.0%) gas / (0x39e129a30158b85ab144c37ebae3c44424f8cf519903c3d5751c9bbedf6d7175)
[m[2m2026-09-23 23:18:44.016+0000[m[2m | [m[2mBftProcessorExecutor-QBFT-0[m[2m | [m[32mINFO [m[2m | [m[2mQbftBesuControllerBuilder[m[2m | [m[32mImported empty block #367 / 0 tx / 0 pending / 0 (0.0%) gas / (0x095cd1f94717d7bb32c0b8da3b2149260970a61db41724f3103969fe1e9fdd99)
[m[2m2026-09-23 23:18:44.016+0000[m[2m | [m[2mEthScheduler-Workers-8[m[2m | [m[32mINFO [m[2m | [m[2mPersistBlockTask[m[2m | [m[32mBlock 367 (0x095cd1f94717d7bb32c0b8da3b2149260970a61db41724f3103969fe1e9fdd99) is already imported
[m[2m2026-09-23 23:18:46.015+0000[m[2m | [m[2mEthScheduler-Workers-4[m[2m | [m[32mINFO [m[2m | [m[2mPersistBlockTask[m[2m | [m[32mImported empty block #368 / 0 tx / 0 om / 0 (0.0%) gas / (0x475add304f3e69495005a07f091e20ffd8fa391b26bd320bcc3cb6edcc09c48b) in 0.000s. Peers: 5
[m[2m2026-09-23 23:18:48.014+0000[m[2m | [m[2mBftProcessorExecutor-QBFT-0[m[2m | [m[32mINFO [m[2m | [m[2mQbftBesuControllerBuilder[m[2m | [m[32mProduced empty block #369 / 0 tx / 0 pending / 0 (0.0%) gas / (0x262e1256d90fa8db75d80b46b879d0d699697d2663ce3e1035e9f0d5bc506b47)
[m[2m2026-09-23 23:18:50.012+0000[m[2m | [m[2mBftProcessorExecutor-QBFT-0[m[2m | [m[32mINFO [m[2m | [m[2mQbftBesuControllerBuilder[m[2m | [m[32mImported empty block #370 / 0 tx / 0 pending / 0 (0.0%) gas / (0x16f56639289bfa3eb9307f9d3efa279fc9013d6a8a1001ae156a5cd193a435e5)
[m[2m2026-09-23 23:18:52.012+0000[m[2m | [m[2mBftProcessorExecutor-QBFT-0[m[2m | [m[32mINFO [m[2m | [m[2mQbftBesuControllerBuilder[m[2m | [m[32mImported empty block #371 / 0 tx / 0 pending / 0 (0.0%) gas / (0x9c129a6fa9a0a248c29e4249063aa87eec6e4c88cdd62995e662cd9667132da0)
[m[2m2026-09-23 23:18:54.013+0000[m[2m | [m[2mEthScheduler-Workers-0[m[2m | [m[32mINFO [m[2m | [m[2mPersistBlockTask[m[2m | [m[32mBlock 372 (0xa8596a9842156bfeea43f0f877cfa2d721aca440303df1d33b661903b69884c3) is already imported
[m[2m2026-09-23 23:18:54.013+0000[m[2m | [m[2mBftProcessorExecutor-QBFT-0[m[2m | [m[32mINFO [m[2m | [m[2mQbftBesuControllerBuilder[m[2m | [m[32mImported empty block #372 / 0 tx / 0 pending / 0 (0.0%) gas / (0xa8596a9842156bfeea43f0f877cfa2d721aca440303df1d33b661903b69884c3)
[m[2m2026-09-23 23:18:56.009+0000[m[2m | [m[2mBftProcessorExecutor-QBFT-0[m[2m | [m[32mINFO [m[2m | [m[2mQbftBesuControllerBuilder[m[2m | [m[32mImported empty block #373 / 0 tx / 0 pending / 0 (0.0%) gas / (0xfa67889d006d207e29f0adb7d3b2782c63e6ab3f9b22e7f0b16df83a6862fc60)
[m[2m2026-09-23 23:18:58.008+0000[m[2m | [m[2mBftProcessorExecutor-QBFT-0[m[2m | [m[32mINFO [m[2m | [m[2mQbftBesuControllerBuilder[m[2m | [m[32mImported empty block #374 / 0 tx / 0 pending / 0 (0.0%) gas / (0xf6f542de3fab5026c800668a5adde804aa2923637f8dd4bb675940823f0bc5cb)
[m[2m2026-09-23 23:19:00.025+0000[m[2m | [m[2mBftProcessorExecutor-QBFT-0[m[2m | [m[32mINFO [m[2m | [m[2mQbftBesuControllerBuilder[m[2m | [m[32mProduced empty block #375 / 0 tx / 0 pending / 0 (0.0%) gas / (0xf82075685480cbc221219444f29d0d1561afcb1a94d50d9f4b61ab3754a12b09)
[m[2m2026-09-23 23:19:02.014+0000[m[2m | [m[2mBftProcessorExecutor-QBFT-0[m[2m | [m[32mINFO [m[2m | [m[2mQbftBesuControllerBuilder[m[2m | [m[32mImported empty block #376 / 0 tx / 0 pending / 0 (0.0%) gas / (0x50233b8171d890f57c42b555bc73423febd8127bbe6cedea3c49887b67c317fe)
[m[2m2026-09-23 23:19:02.014+0000[m[2m | [m[2mEthScheduler-Workers-7[m[2m | [m[32mINFO [m[2m | [m[2mPersistBlockTask[m[2m | [m[32mBlock 376 (0x50233b8171d890f57c42b555bc73423febd8127bbe6cedea3c49887b67c317fe) is already imported
[m[2m2026-09-23 23:19:04.010+0000[m[2m | [m[2mBftProcessorExecutor-QBFT-0[m[2m | [m[32mINFO [m[2m | [m[2mQbftBesuControllerBuilder[m[2m | [m[32mImported empty block #377 / 0 tx / 0 pending / 0 (0.0%) gas / (0x734a126f04a10968a6d1b6c9dda6ef8a8c069f08ff007940a7a332ef1fcbc5a1)
[m[2m2026-09-23 23:19:06.009+0000[m[2m | [m[2mBftProcessorExecutor-QBFT-0[m[2m | [m[32mINFO [m[2m | [m[2mQbftBesuControllerBuilder[m[2m | [m[32mImported empty block #378 / 0 tx / 0 pending / 0 (0.0%) gas / (0x72c09230ce6f2c27e17350d5f9782bad4ebf9ea0a38ee48888512c5378c148ab)
[m[2m2026-09-23 23:19:08.029+0000[m[2m | [m[2mBftProcessorExecutor-QBFT-0[m[2m | [m[32mINFO [m[2m | [m[2mQbftBesuControllerBuilder[m[2m | [m[32mImported block       #379 / 1 tx / 0 pending / 46,771 (0.2%) gas / (0xd47e19c113d314e6bf2eb3ae7f0b6272444bfad33f9968cef70294bea0461d39)
[m[2m2026-09-23 23:19:10.041+0000[m[2m | [m[2mBftProcessorExecutor-QBFT-0[m[2m | [m[32mINFO [m[2m | [m[2mQbftBesuControllerBuilder[m[2m | [m[32mImported block       #380 / 1 tx / 0 pending / 179,812 (0.6%) gas / (0x2876d09d1bbeb00a2e9c5726f713b080a4000879f7e1690a3680080cdc9aac84)
[m[2m2026-09-23 23:19:12.013+0000[m[2m | [m[2mBftProcessorExecutor-QBFT-0[m[2m | [m[32mINFO [m[2m | [m[2mQbftBesuControllerBuilder[m[2m | [m[32mProduced empty block #381 / 0 tx / 0 pending / 0 (0.0%) gas / (0xfef34a785cedf59511c7078f1bbbc58df3ff5589e65ffd19470ed3776cac0134)
[m[2m2026-09-23 23:19:12.014+0000[m[2m | [m[2mEthScheduler-Workers-3[m[2m | [m[32mINFO [m[2m | [m[2mPersistBlockTask[m[2m | [m[32mBlock 381 (0xfef34a785cedf59511c7078f1bbbc58df3ff5589e65ffd19470ed3776cac0134) is already imported
[m[2m2026-09-23 23:19:14.030+0000[m[2m | [m[2mEthScheduler-Workers-8[m[2m | [m[32mINFO [m[2m | [m[2mPersistBlockTask[m[2m | [m[32mBlock 382 (0x222e9b3aa8753de9f6b115ab2ba44708253ea8450cdc1cd2ca81f24711d62624) is already imported
[m[2m2026-09-23 23:19:14.030+0000[m[2m | [m[2mBftProcessorExecutor-QBFT-0[m[2m | [m[32mINFO [m[2m | [m[2mQbftBesuControllerBuilder[m[2m | [m[32mImported block       #382 / 1 tx / 0 pending / 46,640 (0.2%) gas / (0x222e9b3aa8753de9f6b115ab2ba44708253ea8450cdc1cd2ca81f24711d62624)
[m[2m2026-09-23 23:19:16.027+0000[m[2m | [m[2mBftProcessorExecutor-QBFT-0[m[2m | [m[32mINFO [m[2m | [m[2mQbftBesuControllerBuilder[m[2m | [m[32mImported block       #383 / 1 tx / 0 pending / 46,664 (0.2%) gas / (0xa22770bcc8f2ce21b2e9546be10b2a388369453955bad9201901f725b864958a)
[m[2m2026-09-23 23:19:18.035+0000[m[2m | [m[2mBftProcessorExecutor-QBFT-0[m[2m | [m[32mINFO [m[2m | [m[2mQbftBesuControllerBuilder[m[2m | [m[32mImported block       #384 / 1 tx / 0 pending / 46,664 (0.2%) gas / (0xbf59a88f3a8ef6190302b18b314826dfd1ce90bbcf3ee9c0b11cd3d292b89a71)
[m[2m2026-09-23 23:19:18.035+0000[m[2m | [m[2mEthScheduler-Workers-4[m[2m | [m[32mINFO [m[2m | [m[2mPersistBlockTask[m[2m | [m[32mBlock 384 (0xbf59a88f3a8ef6190302b18b314826dfd1ce90bbcf3ee9c0b11cd3d292b89a71) is already imported
[m[2m2026-09-23 23:19:20.013+0000[m[2m | [m[2mBftProcessorExecutor-QBFT-0[m[2m | [m[32mINFO [m[2m | [m[2mQbftBesuControllerBuilder[m[2m | [m[32mImported empty block #385 / 0 tx / 0 pending / 0 (0.0%) gas / (0x36e5a602d8bc76e8f6c20ac774882f78de38e926365175bf5bf1b2997d3b0ea1)
[m[2m2026-09-23 23:19:22.031+0000[m[2m | [m[2mBftProcessorExecutor-QBFT-0[m[2m | [m[32mINFO [m[2m | [m[2mQbftBesuControllerBuilder[m[2m | [m[32mImported block       #386 / 1 tx / 0 pending / 46,664 (0.2%) gas / (0x6bd88b4b872b33c9d08ebef521922765b9df5e4ee56775fbe34e3621bcfb0a7b)
[m[2m2026-09-23 23:19:22.031+0000[m[2m | [m[2mEthScheduler-Workers-0[m[2m | [m[32mINFO [m[2m | [m[2mPersistBlockTask[m[2m | [m[32mImported block #386 / 1 tx / 0 om / 46,664 (0.2%) gas / (0x6bd88b4b872b33c9d08ebef521922765b9df5e4ee56775fbe34e3621bcfb0a7b) in 0.000s. Peers: 5
[m[2m2026-09-23 23:19:24.025+0000[m[2m | [m[2mBftProcessorExecutor-QBFT-0[m[2m | [m[32mINFO [m[2m | [m[2mQbftBesuControllerBuilder[m[2m | [m[32mProduced block       #387 / 1 tx / 0 pending / 46,664 (0.2%) gas / (0x87b483d3bfc2ef7af110826d61fbf3ca7edefcc79a2bbbe419c7dc0954249587)
[m[2m2026-09-23 23:19:26.014+0000[m[2m | [m[2mBftProcessorExecutor-QBFT-0[m[2m | [m[32mINFO [m[2m | [m[2mQbftBesuControllerBuilder[m[2m | [m[32mImported empty block #388 / 0 tx / 0 pending / 0 (0.0%) gas / (0xca617a152afe2d8f72cb51a78d20efbf931e45396d2efe0f8616595e0f6e932e)
[m[2m2026-09-23 23:19:28.013+0000[m[2m | [m[2mBftProcessorExecutor-QBFT-0[m[2m | [m[32mINFO [m[2m | [m[2mQbftBesuControllerBuilder[m[2m | [m[32mImported empty block #389 / 0 tx / 0 pending / 0 (0.0%) gas / (0x11de3417a87683d85ded3b595c3a5d7992c8b660148ba7d531ee9d80cb1c40fb)
[m[2m2026-09-23 23:19:30.049+0000[m[2m | [m[2mBftProcessorExecutor-QBFT-0[m[2m | [m[32mINFO [m[2m | [m[2mQbftBesuControllerBuilder[m[2m | [m[32mImported block       #390 / 1 tx / 0 pending / 46,423 (0.2%) gas / (0xcea0155f5865732075d23a72a1c18f72403c846feb847bf82100729247f32f2f)
[m[2m2026-09-23 23:19:32.014+0000[m[2m | [m[2mEthScheduler-Workers-8[m[2m | [m[32mINFO [m[2m | [m[2mPersistBlockTask[m[2m | [m[32mImported empty block #391 / 0 tx / 0 om / 0 (0.0%) gas / (0x7678f8a5bbe463b57582a79cc03c08879b76dcf58fd921b366ad4d6b7622d4d7) in 0.000s. Peers: 5
[m[2m2026-09-23 23:19:34.021+0000[m[2m | [m[2mBftProcessorExecutor-QBFT-0[m[2m | [m[32mINFO [m[2m | [m[2mQbftBesuControllerBuilder[m[2m | [m[32mImported block       #392 / 1 tx / 0 pending / 46,771 (0.2%) gas / (0xab2114b28e48a5cac5180315c424dc8d61825b42920c3e9e466eb249c801e8cb)
[m[2m2026-09-23 23:19:36.031+0000[m[2m | [m[2mBftProcessorExecutor-QBFT-0[m[2m | [m[32mINFO [m[2m | [m[2mQbftBesuControllerBuilder[m[2m | [m[32mProduced block       #393 / 1 tx / 0 pending / 179,799 (0.6%) gas / (0x4e69eea49ed779c5ada944168855523598881cf385bd0f61f6639eb79bc89ac5)
[m[2m2026-09-23 23:19:38.014+0000[m[2m | [m[2mBftProcessorExecutor-QBFT-0[m[2m | [m[32mINFO [m[2m | [m[2mQbftBesuControllerBuilder[m[2m | [m[32mImported empty block #394 / 0 tx / 0 pending / 0 (0.0%) gas / (0xc30ca7ba6440e0437b5710106921418b9636f45839e4f5538669cf2765961e5c)
[m[2m2026-09-23 23:19:40.019+0000[m[2m | [m[2mBftProcessorExecutor-QBFT-0[m[2m | [m[32mINFO [m[2m | [m[2mQbftBesuControllerBuilder[m[2m | [m[32mImported block       #395 / 1 tx / 0 pending / 46,664 (0.2%) gas / (0x5f0635a07aad609f7a92761660a8cee89091b58f3c465570ba50608aca44ebd9)
[m[2m2026-09-23 23:19:42.011+0000[m[2m | [m[2mBftProcessorExecutor-QBFT-0[m[2m | [m[32mINFO [m[2m | [m[2mQbftBesuControllerBuilder[m[2m | [m[32mImported empty block #396 / 0 tx / 0 pending / 0 (0.0%) gas / (0x95b1a5b832756b92409605b7ccfa880e7ec196366d8cffb5a99aed28c7db986b)
[m[2m2026-09-23 23:19:44.027+0000[m[2m | [m[2mBftProcessorExecutor-QBFT-0[m[2m | [m[32mINFO [m[2m | [m[2mQbftBesuControllerBuilder[m[2m | [m[32mImported block       #397 / 1 tx / 0 pending / 46,664 (0.2%) gas / (0xcb33f9a733e363af5933dc9dbc2a670959a61e520298c60114b4541985df7c4d)
[m[2m2026-09-23 23:19:46.016+0000[m[2m | [m[2mBftProcessorExecutor-QBFT-0[m[2m | [m[32mINFO [m[2m | [m[2mQbftBesuControllerBuilder[m[2m | [m[32mImported block       #398 / 1 tx / 0 pending / 46,664 (0.2%) gas / (0x71d609f4f13af5b5ef6b1c21b7cbafa43d89a3b85bdc2671439d8dfb565f0e1b)
[m[2m2026-09-23 23:19:48.023+0000[m[2m | [m[2mBftProcessorExecutor-QBFT-0[m[2m | [m[32mINFO [m[2m | [m[2mQbftBesuControllerBuilder[m[2m | [m[32mProduced empty block #399 / 0 tx / 0 pending / 0 (0.0%) gas / (0xf6a61ed187dfa28b3c9d634a7ea63a3ebb8f9f94f3ad768ae7bec81ecd007f79)
[m[2m2026-09-23 23:19:48.024+0000[m[2m | [m[2mEthScheduler-Workers-0[m[2m | [m[32mINFO [m[2m | [m[2mPersistBlockTask[m[2m | [m[32mBlock 399 (0xf6a61ed187dfa28b3c9d634a7ea63a3ebb8f9f94f3ad768ae7bec81ecd007f79) is already imported
[m[2m2026-09-23 23:19:50.034+0000[m[2m | [m[2mBftProcessorExecutor-QBFT-0[m[2m | [m[32mINFO [m[2m | [m[2mQbftBesuControllerBuilder[m[2m | [m[32mImported block       #400 / 1 tx / 0 pending / 46,664 (0.2%) gas / (0x6e628e796c3205217464de64e7be964b5c93b426a3e5437f549e73feee5a152f)
[m[2m2026-09-23 23:19:50.035+0000[m[2m | [m[2mEthScheduler-Workers-3[m[2m | [m[32mINFO [m[2m | [m[2mPersistBlockTask[m[2m | [m[32mBlock 400 (0x6e628e796c3205217464de64e7be964b5c93b426a3e5437f549e73feee5a152f) is already imported
[m[2m2026-09-23 23:19:52.012+0000[m[2m | [m[2mEthScheduler-Workers-0[m[2m | [m[32mINFO [m[2m | [m[2mPersistBlockTask[m[2m | [m[32mBlock 401 (0x4e2ec56713b55dff76c21e738cc26f1cdd8ec981ed9712914dcfbec556236638) is already imported
[m[2m2026-09-23 23:19:52.012+0000[m[2m | [m[2mBftProcessorExecutor-QBFT-0[m[2m | [m[32mINFO [m[2m | [m[2mQbftBesuControllerBuilder[m[2m | [m[32mImported empty block #401 / 0 tx / 0 pending / 0 (0.0%) gas / (0x4e2ec56713b55dff76c21e738cc26f1cdd8ec981ed9712914dcfbec556236638)
[m[2m2026-09-23 23:19:54.018+0000[m[2m | [m[2mBftProcessorExecutor-QBFT-0[m[2m | [m[32mINFO [m[2m | [m[2mQbftBesuControllerBuilder[m[2m | [m[32mImported block       #402 / 1 tx / 0 pending / 46,664 (0.2%) gas / (0x725f5521b3082b01e095fc114767578ca5c2634d4d5ccc3ef5732a9fef15db70)
[m[2m2026-09-23 23:19:56.013+0000[m[2m | [m[2mEthScheduler-Workers-3[m[2m | [m[32mINFO [m[2m | [m[2mPersistBlockTask[m[2m | [m[32mBlock 403 (0x8ba41b1d7465cf97040ba9dfe1cfb5762d8497478ac630b6b11d28e02397f344) is already imported
[m[2m2026-09-23 23:19:56.013+0000[m[2m | [m[2mBftProcessorExecutor-QBFT-0[m[2m | [m[32mINFO [m[2m | [m[2mQbftBesuControllerBuilder[m[2m | [m[32mImported empty block #403 / 0 tx / 0 pending / 0 (0.0%) gas / (0x8ba41b1d7465cf97040ba9dfe1cfb5762d8497478ac630b6b11d28e02397f344)
[m[2m2026-09-23 23:19:58.022+0000[m[2m | [m[2mEthScheduler-Workers-0[m[2m | [m[32mINFO [m[2m | [m[2mPersistBlockTask[m[2m | [m[32mBlock 404 (0x3a16197d020b16a7e965856da58e7cf7347c07ff87644d839c800c40be7fce91) is already imported
[m[2m2026-09-23 23:19:58.022+0000[m[2m | [m[2mBftProcessorExecutor-QBFT-0[m[2m | [m[32mINFO [m[2m | [m[2mQbftBesuControllerBuilder[m[2m | [m[32mImported empty block #404 / 0 tx / 0 pending / 0 (0.0%) gas / (0x3a16197d020b16a7e965856da58e7cf7347c07ff87644d839c800c40be7fce91)
[m[2m2026-09-23 23:20:00.041+0000[m[2m | [m[2mBftProcessorExecutor-QBFT-0[m[2m | [m[32mINFO [m[2m | [m[2mQbftBesuControllerBuilder[m[2m | [m[32mProduced block       #405 / 1 tx / 0 pending / 46,435 (0.2%) gas / (0xaa86e57836ab59b6147900de683106d291d9695c497c98db5d13788c17a78040)
[m[2m2026-09-23 23:20:00.041+0000[m[2m | [m[2mEthScheduler-Workers-3[m[2m | [m[32mINFO [m[2m | [m[2mPersistBlockTask[m[2m | [m[32mBlock 405 (0xaa86e57836ab59b6147900de683106d291d9695c497c98db5d13788c17a78040) is already imported
[m[2m2026-09-23 23:20:02.011+0000[m[2m | [m[2mBftProcessorExecutor-QBFT-0[m[2m | [m[32mINFO [m[2m | [m[2mQbftBesuControllerBuilder[m[2m | [m[32mImported empty block #406 / 0 tx / 0 pending / 0 (0.0%) gas / (0xe3c278b4ba8d2080da1d0bf6687ef2634e63b3f37c3143bc4d37203b2e1af2bc)
[m[2m2026-09-23 23:20:04.014+0000[m[2m | [m[2mEthScheduler-Workers-0[m[2m | [m[32mINFO [m[2m | [m[2mPersistBlockTask[m[2m | [m[32mImported empty block #407 / 0 tx / 0 om / 0 (0.0%) gas / (0x2ca56160132c2f2854e7263148fd68b7ebe882bdbaa19077f29b6f2104fafc38) in 0.000s. Peers: 5
[m[2m2026-09-23 23:20:06.009+0000[m[2m | [m[2mBftProcessorExecutor-QBFT-0[m[2m | [m[32mINFO [m[2m | [m[2mQbftBesuControllerBuilder[m[2m | [m[32mImported empty block #408 / 0 tx / 0 pending / 0 (0.0%) gas / (0x80287bbe70fe66355839c8fb4aac418308c2104a0479fdd8e1b6d28ad7110b0a)
[m[2m2026-09-23 23:20:08.010+0000[m[2m | [m[2mBftProcessorExecutor-QBFT-0[m[2m | [m[32mINFO [m[2m | [m[2mQbftBesuControllerBuilder[m[2m | [m[32mImported empty block #409 / 0 tx / 0 pending / 0 (0.0%) gas / (0xfc9141f07d33b1cd946cbfcdc6b881cef4bcdc8a8689cbd4ab23e4d9424fbb7f)
[m[2m2026-09-23 23:20:10.016+0000[m[2m | [m[2mBftProcessorExecutor-QBFT-0[m[2m | [m[32mINFO [m[2m | [m[2mQbftBesuControllerBuilder[m[2m | [m[32mImported empty block #410 / 0 tx / 0 pending / 0 (0.0%) gas / (0xfa65ccc8dbd852b87c0ceaa5641d67b815cc54e16da3e7595938cd637c31d2fe)
[m[2m2026-09-23 23:20:10.016+0000[m[2m | [m[2mEthScheduler-Workers-4[m[2m | [m[32mINFO [m[2m | [m[2mPersistBlockTask[m[2m | [m[32mImported empty block #410 / 0 tx / 0 om / 0 (0.0%) gas / (0xfa65ccc8dbd852b87c0ceaa5641d67b815cc54e16da3e7595938cd637c31d2fe) in 0.000s. Peers: 5
[m[2m2026-09-23 23:20:12.022+0000[m[2m | [m[2mEthScheduler-Workers-7[m[2m | [m[32mINFO [m[2m | [m[2mPersistBlockTask[m[2m | [m[32mBlock 411 (0x996023ca18f73ff98290d5c794750b5ededa33274306f9a81a6fe88708c2b98b) is already imported
[m[2m2026-09-23 23:20:12.022+0000[m[2m | [m[2mBftProcessorExecutor-QBFT-0[m[2m | [m[32mINFO [m[2m | [m[2mQbftBesuControllerBuilder[m[2m | [m[32mProduced empty block #411 / 0 tx / 0 pending / 0 (0.0%) gas / (0x996023ca18f73ff98290d5c794750b5ededa33274306f9a81a6fe88708c2b98b)
[m[2m2026-09-23 23:20:14.011+0000[m[2m | [m[2mBftProcessorExecutor-QBFT-0[m[2m | [m[32mINFO [m[2m | [m[2mQbftBesuControllerBuilder[m[2m | [m[32mImported empty block #412 / 0 tx / 0 pending / 0 (0.0%) gas / (0xe939be2edb2fc9414de381fe2943c3e3914927fac3a153d47d1469f7fd05afab)
[m[2m2026-09-23 23:20:16.013+0000[m[2m | [m[2mBftProcessorExecutor-QBFT-0[m[2m | [m[32mINFO [m[2m | [m[2mQbftBesuControllerBuilder[m[2m | [m[32mImported empty block #413 / 0 tx / 0 pending / 0 (0.0%) gas / (0x0d014a45ce694966f850f43fb69a378f1a514f4bff46628891dbaf2ed50ce34b)
[m[2m2026-09-23 23:20:18.014+0000[m[2m | [m[2mBftProcessorExecutor-QBFT-0[m[2m | [m[32mINFO [m[2m | [m[2mQbftBesuControllerBuilder[m[2m | [m[32mImported empty block #414 / 0 tx / 0 pending / 0 (0.0%) gas / (0x37ad6439afdef3c4534bf9290560f823981be042b5ed4afddeabe2c673d475ea)
[m[2m2026-09-23 23:20:20.025+0000[m[2m | [m[2mBftProcessorExecutor-QBFT-0[m[2m | [m[32mINFO [m[2m | [m[2mQbftBesuControllerBuilder[m[2m | [m[32mImported empty block #415 / 0 tx / 0 pending / 0 (0.0%) gas / (0x42c21a2ac17f521e5c8b2478468c0040fc9771e629489686afa928b40f8f9dbd)
[m[2m2026-09-23 23:20:22.010+0000[m[2m | [m[2mBftProcessorExecutor-QBFT-0[m[2m | [m[32mINFO [m[2m | [m[2mQbftBesuControllerBuilder[m[2m | [m[32mImported empty block #416 / 0 tx / 0 pending / 0 (0.0%) gas / (0x2ab6ff963d4a3a6e0d1d064f755c318f4bc33a30195c414b468c63c27119cad0)
[m[2m2026-09-23 23:20:24.010+0000[m[2m | [m[2mBftProcessorExecutor-QBFT-0[m[2m | [m[32mINFO [m[2m | [m[2mQbftBesuControllerBuilder[m[2m | [m[32mProduced empty block #417 / 0 tx / 0 pending / 0 (0.0%) gas / (0x84e8c4dbeb7e83cfc4aea0df9a75ad605e6a649c0b5413387b06dba1ff59f1ab)
[m[2m2026-09-23 23:20:26.008+0000[m[2m | [m[2mBftProcessorExecutor-QBFT-0[m[2m | [m[32mINFO [m[2m | [m[2mQbftBesuControllerBuilder[m[2m | [m[32mImported empty block #418 / 0 tx / 0 pending / 0 (0.0%) gas / (0xc47983fa0bd3f7e6ac4c1361af89bc8905f81909dd1335f511c93a2102eedda2)
[m[2m2026-09-23 23:20:28.024+0000[m[2m | [m[2mBftProcessorExecutor-QBFT-0[m[2m | [m[32mINFO [m[2m | [m[2mQbftBesuControllerBuilder[m[2m | [m[32mImported empty block #419 / 0 tx / 0 pending / 0 (0.0%) gas / (0x9b50bfd76ac1b04c1cb04355a95ee5844c2609a7e0c7dc0ea292c59fd428d370)
[m[2m2026-09-23 23:20:30.033+0000[m[2m | [m[2mBftProcessorExecutor-QBFT-0[m[2m | [m[32mINFO [m[2m | [m[2mQbftBesuControllerBuilder[m[2m | [m[32mImported empty block #420 / 0 tx / 0 pending / 0 (0.0%) gas / (0x8a91909cb5f3b7d3831e459498f028c93c7dc2a67921feeb2bcd4a8da4d6efc0)
[m[2m2026-09-23 23:20:32.014+0000[m[2m | [m[2mBftProcessorExecutor-QBFT-0[m[2m | [m[32mINFO [m[2m | [m[2mQbftBesuControllerBuilder[m[2m | [m[32mImported empty block #421 / 0 tx / 0 pending / 0 (0.0%) gas / (0x7f58e6aa2c6c82827d220291a122950bde0cccc6948ec144271a163cd8345a48)
[m[2m2026-09-23 23:20:34.016+0000[m[2m | [m[2mBftProcessorExecutor-QBFT-0[m[2m | [m[32mINFO [m[2m | [m[2mQbftBesuControllerBuilder[m[2m | [m[32mImported empty block #422 / 0 tx / 0 pending / 0 (0.0%) gas / (0xf2b1b33358ef16f1afdf05f385809e1421207088f7e67050ddb8e3626d323cbc)
[m[2m2026-09-23 23:20:34.016+0000[m[2m | [m[2mEthScheduler-Workers-2[m[2m | [m[32mINFO [m[2m | [m[2mPersistBlockTask[m[2m | [m[32mBlock 422 (0xf2b1b33358ef16f1afdf05f385809e1421207088f7e67050ddb8e3626d323cbc) is already imported
[m[2m2026-09-23 23:20:36.010+0000[m[2m | [m[2mBftProcessorExecutor-QBFT-0[m[2m | [m[32mINFO [m[2m | [m[2mQbftBesuControllerBuilder[m[2m | [m[32mProduced empty block #423 / 0 tx / 0 pending / 0 (0.0%) gas / (0xf10532b92a404ca328ac678e00f20621b756bb8f4eeee5b794f2f1349668ad9d)
[m[2m2026-09-23 23:20:38.015+0000[m[2m | [m[2mBftProcessorExecutor-QBFT-0[m[2m | [m[32mINFO [m[2m | [m[2mQbftBesuControllerBuilder[m[2m | [m[32mImported empty block #424 / 0 tx / 0 pending / 0 (0.0%) gas / (0xc3ef3c1c027779591adf0531724e49e7ca0cf7e3ac8701339f28529d1afa1b0b)
[m[2m2026-09-23 23:20:40.012+0000[m[2m | [m[2mBftProcessorExecutor-QBFT-0[m[2m | [m[32mINFO [m[2m | [m[2mQbftBesuControllerBuilder[m[2m | [m[32mImported empty block #425 / 0 tx / 0 pending / 0 (0.0%) gas / (0x9a2a50e200bf185aea7a7c2c12259a46b156c17f240f7c5327525d48cf366a8d)
[m[2m2026-09-23 23:20:42.015+0000[m[2m | [m[2mEthScheduler-Workers-8[m[2m | [m[32mINFO [m[2m | [m[2mPersistBlockTask[m[2m | [m[32mBlock 426 (0x429bcd3336d4b5a7053b5a08e622f3786dc41912d0d25705c218662dc31e9869) is already imported
[m[2m2026-09-23 23:20:42.015+0000[m[2m | [m[2mBftProcessorExecutor-QBFT-0[m[2m | [m[32mINFO [m[2m | [m[2mQbftBesuControllerBuilder[m[2m | [m[32mImported empty block #426 / 0 tx / 0 pending / 0 (0.0%) gas / (0x429bcd3336d4b5a7053b5a08e622f3786dc41912d0d25705c218662dc31e9869)
[m[2m2026-09-23 23:20:44.016+0000[m[2m | [m[2mBftProcessorExecutor-QBFT-0[m[2m | [m[32mINFO [m[2m | [m[2mQbftBesuControllerBuilder[m[2m | [m[32mImported empty block #427 / 0 tx / 0 pending / 0 (0.0%) gas / (0xc3cea29acb069b38e6c9653787b021bc62da609a1247db74d7f283e5b7e386a0)
[m[2m2026-09-23 23:20:44.016+0000[m[2m | [m[2mEthScheduler-Workers-5[m[2m | [m[32mINFO [m[2m | [m[2mPersistBlockTask[m[2m | [m[32mBlock 427 (0xc3cea29acb069b38e6c9653787b021bc62da609a1247db74d7f283e5b7e386a0) is already imported
[m[2m2026-09-23 23:20:46.011+0000[m[2m | [m[2mBftProcessorExecutor-QBFT-0[m[2m | [m[32mINFO [m[2m | [m[2mQbftBesuControllerBuilder[m[2m | [m[32mImported empty block #428 / 0 tx / 0 pending / 0 (0.0%) gas / (0x3016caedee95c948d856bc5f29f7da5ca9019b6bbac2fc9bddf142563448fe9f)
[m[2m2026-09-23 23:20:48.013+0000[m[2m | [m[2mEthScheduler-Workers-6[m[2m | [m[32mINFO [m[2m | [m[2mPersistBlockTask[m[2m | [m[32mImported empty block #429 / 0 tx / 0 om / 0 (0.0%) gas / (0x600313a29fa9607a365bcb8e7cc11da4b45992ca9be68bf7232ab64014e888f6) in 0.000s. Peers: 5
[m[2m2026-09-23 23:20:50.009+0000[m[2m | [m[2mBftProcessorExecutor-QBFT-0[m[2m | [m[32mINFO [m[2m | [m[2mQbftBesuControllerBuilder[m[2m | [m[32mImported empty block #430 / 0 tx / 0 pending / 0 (0.0%) gas / (0x2448f951f1e2a9d7dc82f74ef17c3d3e9b8bbdc32eb17ec1f03557950f30c4ca)
[m[2m2026-09-23 23:20:52.009+0000[m[2m | [m[2mBftProcessorExecutor-QBFT-0[m[2m | [m[32mINFO [m[2m | [m[2mQbftBesuControllerBuilder[m[2m | [m[32mImported empty block #431 / 0 tx / 0 pending / 0 (0.0%) gas / (0x34ff4ae8fdc436bd2e0858ebcb90311ce4aa678ef66c2c725db67b29bad5a2fc)
[m[2m2026-09-23 23:20:54.012+0000[m[2m | [m[2mBftProcessorExecutor-QBFT-0[m[2m | [m[32mINFO [m[2m | [m[2mQbftBesuControllerBuilder[m[2m | [m[32mImported empty block #432 / 0 tx / 0 pending / 0 (0.0%) gas / (0x4e6fcc4c8fc2e895a4552b64b3c99141ff1a834d6cae4ac5ae0345e83e8bc1e8)
[m[2m2026-09-23 23:20:56.015+0000[m[2m | [m[2mEthScheduler-Workers-3[m[2m | [m[32mINFO [m[2m | [m[2mPersistBlockTask[m[2m | [m[32mImported empty block #433 / 0 tx / 0 om / 0 (0.0%) gas / (0xfd490cc3f777015cad8cccba19165ae7914d05006d9d039c0d7c744bffd990b3) in 0.000s. Peers: 5
[m[2m2026-09-23 23:20:58.013+0000[m[2m | [m[2mBftProcessorExecutor-QBFT-0[m[2m | [m[32mINFO [m[2m | [m[2mQbftBesuControllerBuilder[m[2m | [m[32mImported empty block #434 / 0 tx / 0 pending / 0 (0.0%) gas / (0x339a13d8a9c8c514eeeace4a63dfcfdefe6f59c820f53ccae9a9357faf9f5bde)
[m[2m2026-09-23 23:20:58.013+0000[m[2m | [m[2mEthScheduler-Workers-0[m[2m | [m[32mINFO [m[2m | [m[2mPersistBlockTask[m[2m | [m[32mBlock 434 (0x339a13d8a9c8c514eeeace4a63dfcfdefe6f59c820f53ccae9a9357faf9f5bde) is already imported
[m[2m2026-09-23 23:21:00.033+0000[m[2m | [m[2mBftProcessorExecutor-QBFT-0[m[2m | [m[32mINFO [m[2m | [m[2mQbftBesuControllerBuilder[m[2m | [m[32mProduced empty block #435 / 0 tx / 0 pending / 0 (0.0%) gas / (0xe878c2791679429d547b373c85b769a5324e956e7f442b0e9a199aab2ed73c4e)
[m[2m2026-09-23 23:21:00.036+0000[m[2m | [m[2mEthScheduler-Workers-4[m[2m | [m[32mINFO [m[2m | [m[2mPersistBlockTask[m[2m | [m[32mBlock 435 (0xe878c2791679429d547b373c85b769a5324e956e7f442b0e9a199aab2ed73c4e) is already imported
[m[2m2026-09-23 23:21:02.012+0000[m[2m | [m[2mBftProcessorExecutor-QBFT-0[m[2m | [m[32mINFO [m[2m | [m[2mQbftBesuControllerBuilder[m[2m | [m[32mImported empty block #436 / 0 tx / 0 pending / 0 (0.0%) gas / (0xaf82a5b6de5739922848e34f49bef9498fc0004594546f3068def5264ca842d2)
[m[2m2026-09-23 23:21:04.021+0000[m[2m | [m[2mEthScheduler-Workers-7[m[2m | [m[32mINFO [m[2m | [m[2mPersistBlockTask[m[2m | [m[32mImported empty block #437 / 0 tx / 0 om / 0 (0.0%) gas / (0x2ee225b45dfa3a55195679259553a5683fd649998c34c7122565102cd1cb30cf) in 0.000s. Peers: 5
[m[2m2026-09-23 23:21:04.021+0000[m[2m | [m[2mBftProcessorExecutor-QBFT-0[m[2m | [m[32mINFO [m[2m | [m[2mQbftBesuControllerBuilder[m[2m | [m[32mImported empty block #437 / 0 tx / 0 pending / 0 (0.0%) gas / (0x2ee225b45dfa3a55195679259553a5683fd649998c34c7122565102cd1cb30cf)
[m[2m2026-09-23 23:21:06.015+0000[m[2m | [m[2mEthScheduler-Workers-2[m[2m | [m[32mINFO [m[2m | [m[2mPersistBlockTask[m[2m | [m[32mBlock 438 (0x5a1a298922add6fa188236267f3a71419e117e84426ba80e6e1fb92f7abc0f5d) is already imported
[m[2m2026-09-23 23:21:06.015+0000[m[2m | [m[2mBftProcessorExecutor-QBFT-0[m[2m | [m[32mINFO [m[2m | [m[2mQbftBesuControllerBuilder[m[2m | [m[32mImported empty block #438 / 0 tx / 0 pending / 0 (0.0%) gas / (0x5a1a298922add6fa188236267f3a71419e117e84426ba80e6e1fb92f7abc0f5d)
[m[2m2026-09-23 23:21:08.010+0000[m[2m | [m[2mBftProcessorExecutor-QBFT-0[m[2m | [m[32mINFO [m[2m | [m[2mQbftBesuControllerBuilder[m[2m | [m[32mImported empty block #439 / 0 tx / 0 pending / 0 (0.0%) gas / (0x1614af98544888e789bf16d4916d60ae60ca6a99abfb6e1aa3d2dbbb74c5c891)
[m[2m2026-09-23 23:21:10.012+0000[m[2m | [m[2mBftProcessorExecutor-QBFT-0[m[2m | [m[32mINFO [m[2m | [m[2mQbftBesuControllerBuilder[m[2m | [m[32mImported empty block #440 / 0 tx / 0 pending / 0 (0.0%) gas / (0x27764d42300a8bfdbb978cb569ea27ff6113b96c56a859346e8dfe32556e9737)
[m[2m2026-09-23 23:21:12.010+0000[m[2m | [m[2mBftProcessorExecutor-QBFT-0[m[2m | [m[32mINFO [m[2m | [m[2mQbftBesuControllerBuilder[m[2m | [m[32mProduced empty block #441 / 0 tx / 0 pending / 0 (0.0%) gas / (0x6ea46cd28c9e7f32169e47e903c77bb76e0fa741ac360db65f9f32b1cf5cc69d)
[m[2m2026-09-23 23:21:14.010+0000[m[2m | [m[2mBftProcessorExecutor-QBFT-0[m[2m | [m[32mINFO [m[2m | [m[2mQbftBesuControllerBuilder[m[2m | [m[32mImported empty block #442 / 0 tx / 0 pending / 0 (0.0%) gas / (0xf15615aa9a1d92d43a58d72e6e4c9df0e0c476bdf0e2ee00d5710730770744f7)
[m[2m2026-09-23 23:21:16.013+0000[m[2m | [m[2mBftProcessorExecutor-QBFT-0[m[2m | [m[32mINFO [m[2m | [m[2mQbftBesuControllerBuilder[m[2m | [m[32mImported empty block #443 / 0 tx / 0 pending / 0 (0.0%) gas / (0xf5adefde8e511c10a25a026a9072f552102ef7bec717bceb9f9cebd0cfaf10d4)
[m[2m2026-09-23 23:21:16.013+0000[m[2m | [m[2mEthScheduler-Workers-8[m[2m | [m[32mINFO [m[2m | [m[2mPersistBlockTask[m[2m | [m[32mBlock 443 (0xf5adefde8e511c10a25a026a9072f552102ef7bec717bceb9f9cebd0cfaf10d4) is already imported
[m[2m2026-09-23 23:21:18.011+0000[m[2m | [m[2mBftProcessorExecutor-QBFT-0[m[2m | [m[32mINFO [m[2m | [m[2mQbftBesuControllerBuilder[m[2m | [m[32mImported empty block #444 / 0 tx / 0 pending / 0 (0.0%) gas / (0xf398df038df3bec55df9edeccaa9a7cbcb1784964be24d31533900c95389a068)
[m[2m2026-09-23 23:21:20.014+0000[m[2m | [m[2mBftProcessorExecutor-QBFT-0[m[2m | [m[32mINFO [m[2m | [m[2mQbftBesuControllerBuilder[m[2m | [m[32mImported empty block #445 / 0 tx / 0 pending / 0 (0.0%) gas / (0x604f758bc4ceea0b61c3303be42c7049b57a462c7a050d16f2d8d0e9ea5f0c32)
[m[2m2026-09-23 23:21:22.010+0000[m[2m | [m[2mBftProcessorExecutor-QBFT-0[m[2m | [m[32mINFO [m[2m | [m[2mQbftBesuControllerBuilder[m[2m | [m[32mImported empty block #446 / 0 tx / 0 pending / 0 (0.0%) gas / (0x09e9e2ccddd7f51a4bebda6f7fa5620351c8cc4cb184ceb4a5e711653c823c00)
[m[2m2026-09-23 23:21:24.011+0000[m[2m | [m[2mBftProcessorExecutor-QBFT-0[m[2m | [m[32mINFO [m[2m | [m[2mQbftBesuControllerBuilder[m[2m | [m[32mProduced empty block #447 / 0 tx / 0 pending / 0 (0.0%) gas / (0x6e2412a46dd7abf08a2efe0471f4a77ae2069947973f4257f8c7869e8ecf1be7)
[m[2m2026-09-23 23:21:26.013+0000[m[2m | [m[2mEthScheduler-Workers-5[m[2m | [m[32mINFO [m[2m | [m[2mPersistBlockTask[m[2m | [m[32mBlock 448 (0x22f1b2f2e4c67723b5f77544f80f50f15f81202208483934f490f746e1596f37) is already imported
[m[2m2026-09-23 23:21:26.013+0000[m[2m | [m[2mBftProcessorExecutor-QBFT-0[m[2m | [m[32mINFO [m[2m | [m[2mQbftBesuControllerBuilder[m[2m | [m[32mImported empty block #448 / 0 tx / 0 pending / 0 (0.0%) gas / (0x22f1b2f2e4c67723b5f77544f80f50f15f81202208483934f490f746e1596f37)
[m[2m2026-09-23 23:21:28.015+0000[m[2m | [m[2mBftProcessorExecutor-QBFT-0[m[2m | [m[32mINFO [m[2m | [m[2mQbftBesuControllerBuilder[m[2m | [m[32mImported empty block #449 / 0 tx / 0 pending / 0 (0.0%) gas / (0xab26d0d7d3720d6dda4100577590b13f89141e448b17a7daf718b98d179c2029)
[m[2m2026-09-23 23:21:30.030+0000[m[2m | [m[2mBftProcessorExecutor-QBFT-0[m[2m | [m[32mINFO [m[2m | [m[2mQbftBesuControllerBuilder[m[2m | [m[32mImported empty block #450 / 0 tx / 0 pending / 0 (0.0%) gas / (0xdd6178ed0597282f42fa55c4250caaa95e7bd9b6700977915af8ae9ec8dc62a1)
[m[2m2026-09-23 23:21:32.021+0000[m[2m | [m[2mBftProcessorExecutor-QBFT-0[m[2m | [m[32mINFO [m[2m | [m[2mQbftBesuControllerBuilder[m[2m | [m[32mImported empty block #451 / 0 tx / 0 pending / 0 (0.0%) gas / (0x8b9d792471c14d395c39dc06ae6824df923aeea43015286c42e1fdfe6e9364c8)
[m[2m2026-09-23 23:21:34.020+0000[m[2m | [m[2mBftProcessorExecutor-QBFT-0[m[2m | [m[32mINFO [m[2m | [m[2mQbftBesuControllerBuilder[m[2m | [m[32mImported empty block #452 / 0 tx / 0 pending / 0 (0.0%) gas / (0xdb14b0c00f00fe0dfba065f8aa98467068d8b2a94bdcc926606ff13eb5f1f4cd)
[m[2m2026-09-23 23:21:36.011+0000[m[2m | [m[2mBftProcessorExecutor-QBFT-0[m[2m | [m[32mINFO [m[2m | [m[2mQbftBesuControllerBuilder[m[2m | [m[32mProduced empty block #453 / 0 tx / 0 pending / 0 (0.0%) gas / (0x97dcfd987b2821f7cd2a02055d76797fc4654ac7e1fe8646d486259806d11591)
[m[2m2026-09-23 23:21:36.011+0000[m[2m | [m[2mEthScheduler-Workers-6[m[2m | [m[32mINFO [m[2m | [m[2mPersistBlockTask[m[2m | [m[32mBlock 453 (0x97dcfd987b2821f7cd2a02055d76797fc4654ac7e1fe8646d486259806d11591) is already imported
[m[2m2026-09-23 23:21:38.023+0000[m[2m | [m[2mBftProcessorExecutor-QBFT-0[m[2m | [m[32mINFO [m[2m | [m[2mQbftBesuControllerBuilder[m[2m | [m[32mImported empty block #454 / 0 tx / 0 pending / 0 (0.0%) gas / (0x33c3b84a8698e0fa1fe284cbb197fd3dbca113c027d98801d19a33a6d401ac70)
[m[2m2026-09-23 23:21:40.013+0000[m[2m | [m[2mBftProcessorExecutor-QBFT-0[m[2m | [m[32mINFO [m[2m | [m[2mQbftBesuControllerBuilder[m[2m | [m[32mImported empty block #455 / 0 tx / 0 pending / 0 (0.0%) gas / (0xa8f25265b8f9b44b59db9bfbd7496baaa2cda4c2fce8a5cdf937bca45c12234f)
[m[2m2026-09-23 23:21:42.016+0000[m[2m | [m[2mBftProcessorExecutor-QBFT-0[m[2m | [m[32mINFO [m[2m | [m[2mQbftBesuControllerBuilder[m[2m | [m[32mImported empty block #456 / 0 tx / 0 pending / 0 (0.0%) gas / (0x7d0d503b0fdd43d343ae51040eb314c3e6bfc1bbda91e6fcbd602ee8a1a71f34)
[m[2m2026-09-23 23:21:42.018+0000[m[2m | [m[2mEthScheduler-Workers-3[m[2m | [m[32mINFO [m[2m | [m[2mPersistBlockTask[m[2m | [m[32mBlock 456 (0x7d0d503b0fdd43d343ae51040eb314c3e6bfc1bbda91e6fcbd602ee8a1a71f34) is already imported
[m[2m2026-09-23 23:21:44.015+0000[m[2m | [m[2mEthScheduler-Workers-0[m[2m | [m[32mINFO [m[2m | [m[2mPersistBlockTask[m[2m | [m[32mBlock 457 (0x64f70fdef2d20f0e8c6ba3b5ca3f3f252ae8538f895e4fcb186302d6c4f96df5) is already imported
[m[2m2026-09-23 23:21:44.015+0000[m[2m | [m[2mBftProcessorExecutor-QBFT-0[m[2m | [m[32mINFO [m[2m | [m[2mQbftBesuControllerBuilder[m[2m | [m[32mImported empty block #457 / 0 tx / 0 pending / 0 (0.0%) gas / (0x64f70fdef2d20f0e8c6ba3b5ca3f3f252ae8538f895e4fcb186302d6c4f96df5)
[m[2m2026-09-23 23:21:46.013+0000[m[2m | [m[2mBftProcessorExecutor-QBFT-0[m[2m | [m[32mINFO [m[2m | [m[2mQbftBesuControllerBuilder[m[2m | [m[32mImported empty block #458 / 0 tx / 0 pending / 0 (0.0%) gas / (0x2f4229aeebdf1b249565777ecb199183eb677c2162d21563ca813415c5addfe3)
[m[2m2026-09-23 23:21:48.014+0000[m[2m | [m[2mEthScheduler-Workers-4[m[2m | [m[32mINFO [m[2m | [m[2mPersistBlockTask[m[2m | [m[32mBlock 459 (0x358fdd31e1d4177d8a1650986507eb34f6d38f8d0dbf3670d9393e6546d4d3a6) is already imported
[m[2m2026-09-23 23:21:48.014+0000[m[2m | [m[2mBftProcessorExecutor-QBFT-0[m[2m | [m[32mINFO [m[2m | [m[2mQbftBesuControllerBuilder[m[2m | [m[32mProduced empty block #459 / 0 tx / 0 pending / 0 (0.0%) gas / (0x358fdd31e1d4177d8a1650986507eb34f6d38f8d0dbf3670d9393e6546d4d3a6)
[m[2m2026-09-23 23:21:50.010+0000[m[2m | [m[2mBftProcessorExecutor-QBFT-0[m[2m | [m[32mINFO [m[2m | [m[2mQbftBesuControllerBuilder[m[2m | [m[32mImported empty block #460 / 0 tx / 0 pending / 0 (0.0%) gas / (0x7c5d39d24948011acda15e5ce72999439b9020831e92d730859823a86e1c7b69)
[m[2m2026-09-23 23:21:52.019+0000[m[2m | [m[2mEthScheduler-Workers-7[m[2m | [m[32mINFO [m[2m | [m[2mPersistBlockTask[m[2m | [m[32mImported empty block #461 / 0 tx / 0 om / 0 (0.0%) gas / (0xdf4819259462c9c505eb70ec844019b8427c2f93ce78284815b0366644491de1) in 0.000s. Peers: 5
[m[2m2026-09-23 23:21:54.015+0000[m[2m | [m[2mEthScheduler-Workers-2[m[2m | [m[32mINFO [m[2m | [m[2mPersistBlockTask[m[2m | [m[32mBlock 462 (0xc1491056084a75187542ef17562926311d672ff2ae6f9b8f6e56637bb41b961c) is already imported
[m[2m2026-09-23 23:21:54.015+0000[m[2m | [m[2mBftProcessorExecutor-QBFT-0[m[2m | [m[32mINFO [m[2m | [m[2mQbftBesuControllerBuilder[m[2m | [m[32mImported empty block #462 / 0 tx / 0 pending / 0 (0.0%) gas / (0xc1491056084a75187542ef17562926311d672ff2ae6f9b8f6e56637bb41b961c)
[m[2m2026-09-23 23:21:56.014+0000[m[2m | [m[2mBftProcessorExecutor-QBFT-0[m[2m | [m[32mINFO [m[2m | [m[2mQbftBesuControllerBuilder[m[2m | [m[32mImported empty block #463 / 0 tx / 0 pending / 0 (0.0%) gas / (0xd459b2f2a8ccea88c63f5c129003e31309d69a265aa7d13259bdb3ed1b499d5b)
[m[2m2026-09-23 23:21:56.014+0000[m[2m | [m[2mEthScheduler-Workers-8[m[2m | [m[32mINFO [m[2m | [m[2mPersistBlockTask[m[2m | [m[32mBlock 463 (0xd459b2f2a8ccea88c63f5c129003e31309d69a265aa7d13259bdb3ed1b499d5b) is already imported
[m[2m2026-09-23 23:21:58.010+0000[m[2m | [m[2mBftProcessorExecutor-QBFT-0[m[2m | [m[32mINFO [m[2m | [m[2mQbftBesuControllerBuilder[m[2m | [m[32mImported empty block #464 / 0 tx / 0 pending / 0 (0.0%) gas / (0x03cd79eed0e88b0df6c52e3ecb4a1c67e573c1a34880684d2e17506ea8ffb73e)
[m[2m2026-09-23 23:22:00.037+0000[m[2m | [m[2mBftProcessorExecutor-QBFT-0[m[2m | [m[32mINFO [m[2m | [m[2mQbftBesuControllerBuilder[m[2m | [m[32mProduced empty block #465 / 0 tx / 0 pending / 0 (0.0%) gas / (0xf2b4ae3269a8a25fcb4146289ee3c5e34cb3d3e78636b83b87e69e89f981840d)
[m[2m2026-09-23 23:22:02.012+0000[m[2m | [m[2mBftProcessorExecutor-QBFT-0[m[2m | [m[32mINFO [m[2m | [m[2mQbftBesuControllerBuilder[m[2m | [m[32mImported empty block #466 / 0 tx / 0 pending / 0 (0.0%) gas / (0xcaecc73361f9088f7ce87168c6a370e158a7ed1148eac2e1ac300d27e3f7cf14)
[m[2m2026-09-23 23:22:04.012+0000[m[2m | [m[2mBftProcessorExecutor-QBFT-0[m[2m | [m[32mINFO [m[2m | [m[2mQbftBesuControllerBuilder[m[2m | [m[32mImported empty block #467 / 0 tx / 0 pending / 0 (0.0%) gas / (0x7e8783b4bc194b7752d11887ded2dfe1e65eeaaa40d98d3a13399cc0771d826c)
[m[2m2026-09-23 23:22:04.013+0000[m[2m | [m[2mEthScheduler-Workers-5[m[2m | [m[32mINFO [m[2m | [m[2mPersistBlockTask[m[2m | [m[32mBlock 467 (0x7e8783b4bc194b7752d11887ded2dfe1e65eeaaa40d98d3a13399cc0771d826c) is already imported
[m[2m2026-09-23 23:22:06.020+0000[m[2m | [m[2mEthScheduler-Workers-6[m[2m | [m[32mINFO [m[2m | [m[2mPersistBlockTask[m[2m | [m[32mBlock 468 (0x24de93f4b99e3fc447f6d9c418fa95ee41a5da2ed152495c6f0a9a2039b30aa7) is already imported
[m[2m2026-09-23 23:22:06.021+0000[m[2m | [m[2mBftProcessorExecutor-QBFT-0[m[2m | [m[32mINFO [m[2m | [m[2mQbftBesuControllerBuilder[m[2m | [m[32mImported empty block #468 / 0 tx / 0 pending / 0 (0.0%) gas / (0x24de93f4b99e3fc447f6d9c418fa95ee41a5da2ed152495c6f0a9a2039b30aa7)
[m[2m2026-09-23 23:22:08.021+0000[m[2m | [m[2mBftProcessorExecutor-QBFT-0[m[2m | [m[32mINFO [m[2m | [m[2mQbftBesuControllerBuilder[m[2m | [m[32mImported empty block #469 / 0 tx / 0 pending / 0 (0.0%) gas / (0xa5c948b0f0653aecc7d0bc61415a1b041f40111ea61266cdf2a5cef9c234e0c4)
[m[2m2026-09-23 23:22:10.058+0000[m[2m | [m[2mBftProcessorExecutor-QBFT-0[m[2m | [m[32mINFO [m[2m | [m[2mQbftBesuControllerBuilder[m[2m | [m[32mImported empty block #470 / 0 tx / 0 pending / 0 (0.0%) gas / (0x774a9703a700dc64ddaac78dd3a994f6952d5dc97942607dce6fa34842c1920b)
[m[2m2026-09-23 23:22:12.282+0000[m[2m | [m[2mEthScheduler-Workers-3[m[2m | [m[32mINFO [m[2m | [m[2mPersistBlockTask[m[2m | [m[32mImported empty block #471 / 0 tx / 0 om / 0 (0.0%) gas / (0x7167b3f998a57f5f3893d71c281ead0494293a99c6a239989a24adc51b9d9342) in 0.000s. Peers: 5
[m[2m2026-09-23 23:22:14.048+0000[m[2m | [m[2mBftProcessorExecutor-QBFT-0[m[2m | [m[32mINFO [m[2m | [m[2mQbftBesuControllerBuilder[m[2m | [m[32mImported empty block #472 / 0 tx / 0 pending / 0 (0.0%) gas / (0x8958ae0d852a1c9f907068a1a4e5316277f0da8e83f00db97514e74bfff9d3c9)
[m[2m2026-09-23 23:22:16.204+0000[m[2m | [m[2mBftProcessorExecutor-QBFT-0[m[2m | [m[32mINFO [m[2m | [m[2mQbftBesuControllerBuilder[m[2m | [m[32mImported empty block #473 / 0 tx / 0 pending / 0 (0.0%) gas / (0xf1ac987d8527a93948c57c52a00232b1b1700bd03fa5d07862af8994592a13b6)
[m[2m2026-09-23 23:22:18.057+0000[m[2m | [m[2mBftProcessorExecutor-QBFT-0[m[2m | [m[32mINFO [m[2m | [m[2mQbftBesuControllerBuilder[m[2m | [m[32mImported empty block #474 / 0 tx / 0 pending / 0 (0.0%) gas / (0x0642687e60c7eb68d23601cd652db04997e8d07eb5c2be70e1d946b246614adf)
[m[2m2026-09-23 23:22:18.058+0000[m[2m | [m[2mEthScheduler-Workers-0[m[2m | [m[32mINFO [m[2m | [m[2mPersistBlockTask[m[2m | [m[32mBlock 474 (0x0642687e60c7eb68d23601cd652db04997e8d07eb5c2be70e1d946b246614adf) is already imported
[m[2m2026-09-23 23:22:20.039+0000[m[2m | [m[2mBftProcessorExecutor-QBFT-0[m[2m | [m[32mINFO [m[2m | [m[2mQbftBesuControllerBuilder[m[2m | [m[32mImported empty block #475 / 0 tx / 0 pending / 0 (0.0%) gas / (0xb89f163ab6d59bbe5e9b6ac5e5bcf858b3500a64a2e6a6fa645d6c669169535e)
[m[2m2026-09-23 23:22:22.043+0000[m[2m | [m[2mBftProcessorExecutor-QBFT-0[m[2m | [m[32mINFO [m[2m | [m[2mQbftBesuControllerBuilder[m[2m | [m[32mImported empty block #476 / 0 tx / 0 pending / 0 (0.0%) gas / (0xee2558f53c8948611be76b2c7d465e1f57c81dda093974fe8010649994089e11)
[m[2m2026-09-23 23:22:22.047+0000[m[2m | [m[2mEthScheduler-Workers-4[m[2m | [m[32mINFO [m[2m | [m[2mPersistBlockTask[m[2m | [m[32mBlock 476 (0xee2558f53c8948611be76b2c7d465e1f57c81dda093974fe8010649994089e11) is already imported
[m[2m2026-09-23 23:22:24.042+0000[m[2m | [m[2mBftProcessorExecutor-QBFT-0[m[2m | [m[32mINFO [m[2m | [m[2mQbftBesuControllerBuilder[m[2m | [m[32mProduced empty block #477 / 0 tx / 0 pending / 0 (0.0%) gas / (0xf0f6c0e2548c24f794ac43e5646fdc5c1b8721649b25d6f8d244748ae82189cd)
[m[2m2026-09-23 23:22:26.034+0000[m[2m | [m[2mBftProcessorExecutor-QBFT-0[m[2m | [m[32mINFO [m[2m | [m[2mQbftBesuControllerBuilder[m[2m | [m[32mImported empty block #478 / 0 tx / 0 pending / 0 (0.0%) gas / (0x77361a3230a7b501bb92e3ffb78d4571824f37ef45a4c3d730addd537f1b1f61)
[m[2m2026-09-23 23:22:28.043+0000[m[2m | [m[2mEthScheduler-Workers-7[m[2m | [m[32mINFO [m[2m | [m[2mPersistBlockTask[m[2m | [m[32mBlock 479 (0x0dd314ce0160c9cd2973a908b0f5e697a631b783695bf4fc71a6739ae7274aec) is already imported
[m[2m2026-09-23 23:22:28.044+0000[m[2m | [m[2mBftProcessorExecutor-QBFT-0[m[2m | [m[32mINFO [m[2m | [m[2mQbftBesuControllerBuilder[m[2m | [m[32mImported empty block #479 / 0 tx / 0 pending / 0 (0.0%) gas / (0x0dd314ce0160c9cd2973a908b0f5e697a631b783695bf4fc71a6739ae7274aec)
[m[2m2026-09-23 23:22:30.115+0000[m[2m | [m[2mEthScheduler-Workers-2[m[2m | [m[32mINFO [m[2m | [m[2mPersistBlockTask[m[2m | [m[32mBlock 480 (0x470c86987fd8d4bab8d768168b0d3caa79d8ef8d889e6ee65f61b45c8a875b97) is already imported
[m[2m2026-09-23 23:22:30.116+0000[m[2m | [m[2mBftProcessorExecutor-QBFT-0[m[2m | [m[32mINFO [m[2m | [m[2mQbftBesuControllerBuilder[m[2m | [m[32mImported empty block #480 / 0 tx / 0 pending / 0 (0.0%) gas / (0x470c86987fd8d4bab8d768168b0d3caa79d8ef8d889e6ee65f61b45c8a875b97)
[m[2m2026-09-23 23:22:32.041+0000[m[2m | [m[2mEthScheduler-Workers-8[m[2m | [m[32mINFO [m[2m | [m[2mPersistBlockTask[m[2m | [m[32mBlock 481 (0xe7a7fe09cd68670f8fc91b6f885576a47977d9224ff77fd83e08d230625b16ca) is already imported
[m[2m2026-09-23 23:22:32.041+0000[m[2m | [m[2mBftProcessorExecutor-QBFT-0[m[2m | [m[32mINFO [m[2m | [m[2mQbftBesuControllerBuilder[m[2m | [m[32mImported empty block #481 / 0 tx / 0 pending / 0 (0.0%) gas / (0xe7a7fe09cd68670f8fc91b6f885576a47977d9224ff77fd83e08d230625b16ca)
[m[2m2026-09-23 23:22:34.038+0000[m[2m | [m[2mBftProcessorExecutor-QBFT-0[m[2m | [m[32mINFO [m[2m | [m[2mQbftBesuControllerBuilder[m[2m | [m[32mImported empty block #482 / 0 tx / 0 pending / 0 (0.0%) gas / (0x16bf29497c28ff1f5aae530f44f0944087f3f22b36fcb8163860ca98a8072525)
[m[2m2026-09-23 23:22:34.039+0000[m[2m | [m[2mEthScheduler-Workers-5[m[2m | [m[32mINFO [m[2m | [m[2mPersistBlockTask[m[2m | [m[32mBlock 482 (0x16bf29497c28ff1f5aae530f44f0944087f3f22b36fcb8163860ca98a8072525) is already imported
[m[2m2026-09-23 23:22:36.051+0000[m[2m | [m[2mBftProcessorExecutor-QBFT-0[m[2m | [m[32mINFO [m[2m | [m[2mQbftBesuControllerBuilder[m[2m | [m[32mProduced empty block #483 / 0 tx / 0 pending / 0 (0.0%) gas / (0x6df4cc3089e108fe3b6ead25fcd5cf0b652da71b617a3a562ed5566228ef53e3)
[m[2m2026-09-23 23:22:38.022+0000[m[2m | [m[2mBftProcessorExecutor-QBFT-0[m[2m | [m[32mINFO [m[2m | [m[2mQbftBesuControllerBuilder[m[2m | [m[32mImported empty block #484 / 0 tx / 0 pending / 0 (0.0%) gas / (0xd28b7104415678ecc32a8593671139239fd1ea742d96b17b00e3e30b34532093)
[m[2m2026-09-23 23:22:40.021+0000[m[2m | [m[2mEthScheduler-Workers-6[m[2m | [m[32mINFO [m[2m | [m[2mPersistBlockTask[m[2m | [m[32mImported empty block #485 / 0 tx / 0 om / 0 (0.0%) gas / (0x5ff86202718aa793cc6f56aacd861d1cbc6fd86c7b478d4cb9771cd433ea6135) in 0.000s. Peers: 5
[m[2m2026-09-23 23:22:40.021+0000[m[2m | [m[2mBftProcessorExecutor-QBFT-0[m[2m | [m[32mINFO [m[2m | [m[2mQbftBesuControllerBuilder[m[2m | [m[32mImported empty block #485 / 0 tx / 0 pending / 0 (0.0%) gas / (0x5ff86202718aa793cc6f56aacd861d1cbc6fd86c7b478d4cb9771cd433ea6135)
[m[2m2026-09-23 23:22:42.074+0000[m[2m | [m[2mBftProcessorExecutor-QBFT-0[m[2m | [m[32mINFO [m[2m | [m[2mQbftBesuControllerBuilder[m[2m | [m[32mImported empty block #486 / 0 tx / 0 pending / 0 (0.0%) gas / (0x63a4768a3f683b29c83b697b68fbab519477d3368284478aab1d8438aead85ed)
[m[2m2026-09-23 23:22:44.063+0000[m[2m | [m[2mBftProcessorExecutor-QBFT-0[m[2m | [m[32mINFO [m[2m | [m[2mQbftBesuControllerBuilder[m[2m | [m[32mImported empty block #487 / 0 tx / 0 pending / 0 (0.0%) gas / (0x0ababb71cb60e13181683d180a29fe11ea9477ff9200cca6869e04c0251c9b71)
[m[2m2026-09-23 23:22:46.020+0000[m[2m | [m[2mBftProcessorExecutor-QBFT-0[m[2m | [m[32mINFO [m[2m | [m[2mQbftBesuControllerBuilder[m[2m | [m[32mImported empty block #488 / 0 tx / 0 pending / 0 (0.0%) gas / (0x02c0c2b1f39a5fbe9d87cdce8d68db7085b233548d7bd79c354aadee5ea2e4fe)
[m[2m2026-09-23 23:22:46.021+0000[m[2m | [m[2mEthScheduler-Workers-2[m[2m | [m[32mINFO [m[2m | [m[2mPersistBlockTask[m[2m | [m[32mBlock 488 (0x02c0c2b1f39a5fbe9d87cdce8d68db7085b233548d7bd79c354aadee5ea2e4fe) is already imported
[m[2m2026-09-23 23:22:48.051+0000[m[2m | [m[2mBftProcessorExecutor-QBFT-0[m[2m | [m[32mINFO [m[2m | [m[2mQbftBesuControllerBuilder[m[2m | [m[32mProduced empty block #489 / 0 tx / 0 pending / 0 (0.0%) gas / (0xb5967dfcb51d736a80c3ebddcb458d4e3aed08c8a76c595adf4263d2e46f14cf)
[m[2m2026-09-23 23:22:50.059+0000[m[2m | [m[2mBftProcessorExecutor-QBFT-0[m[2m | [m[32mINFO [m[2m | [m[2mQbftBesuControllerBuilder[m[2m | [m[32mImported empty block #490 / 0 tx / 0 pending / 0 (0.0%) gas / (0x48ceb6afdd24433d745068f8be2dd106c75f4adc5f1a845e4bc250495fcabd85)
[m[2m2026-09-23 23:22:52.162+0000[m[2m | [m[2mBftProcessorExecutor-QBFT-0[m[2m | [m[32mINFO [m[2m | [m[2mQbftBesuControllerBuilder[m[2m | [m[32mImported empty block #491 / 0 tx / 0 pending / 0 (0.0%) gas / (0x50e4fb47164796bfd8d03fe1b96449704c2701f54730899e216bd7d0d191e68b)
[m[2m2026-09-23 23:22:54.048+0000[m[2m | [m[2mBftProcessorExecutor-QBFT-0[m[2m | [m[32mINFO [m[2m | [m[2mQbftBesuControllerBuilder[m[2m | [m[32mImported empty block #492 / 0 tx / 0 pending / 0 (0.0%) gas / (0xcbc0eb24c8c3c3a5dd5ca0b18791a4e58c94d62790073100a38a610561856eaf)
[m[2m2026-09-23 23:22:56.033+0000[m[2m | [m[2mBftProcessorExecutor-QBFT-0[m[2m | [m[32mINFO [m[2m | [m[2mQbftBesuControllerBuilder[m[2m | [m[32mImported empty block #493 / 0 tx / 0 pending / 0 (0.0%) gas / (0x929784ad3f01aee6a9cffc0cb6450862c09a5dc74e354073472368d0f0c71060)
[m[2m2026-09-23 23:22:58.051+0000[m[2m | [m[2mBftProcessorExecutor-QBFT-0[m[2m | [m[32mINFO [m[2m | [m[2mQbftBesuControllerBuilder[m[2m | [m[32mImported empty block #494 / 0 tx / 0 pending / 0 (0.0%) gas / (0x7d0eeae6e6af57d0ffe5ce32011acf9170990fa9eb8ca45d72ffa8f44a2ccf2b)
[m[2m2026-09-23 23:23:00.128+0000[m[2m | [m[2mEthScheduler-Workers-0[m[2m | [m[32mINFO [m[2m | [m[2mPersistBlockTask[m[2m | [m[32mImported empty block #495 / 0 tx / 0 om / 0 (0.0%) gas / (0x2bcfc8df11c260f9830484da251d40056ad1dbba4d65b7ba11f80b8e50d2c354) in 0.000s. Peers: 5
[m[2m2026-09-23 23:23:02.065+0000[m[2m | [m[2mEthScheduler-Workers-4[m[2m | [m[32mINFO [m[2m | [m[2mPersistBlockTask[m[2m | [m[32mBlock 496 (0x4c6ac809ea8d5c4fcdfde008570097239a85242b436b6e805ed840f7aa829a2d) is already imported
[m[2m2026-09-23 23:23:02.066+0000[m[2m | [m[2mBftProcessorExecutor-QBFT-0[m[2m | [m[32mINFO [m[2m | [m[2mQbftBesuControllerBuilder[m[2m | [m[32mImported empty block #496 / 0 tx / 0 pending / 0 (0.0%) gas / (0x4c6ac809ea8d5c4fcdfde008570097239a85242b436b6e805ed840f7aa829a2d)
[m[2m2026-09-23 23:23:04.059+0000[m[2m | [m[2mBftProcessorExecutor-QBFT-0[m[2m | [m[32mINFO [m[2m | [m[2mQbftBesuControllerBuilder[m[2m | [m[32mImported empty block #497 / 0 tx / 0 pending / 0 (0.0%) gas / (0xb525e836e4f26ec975a128a85ea92321050f4d5b20fa3cabbb6ddce6ba925a46)
[m[2m2026-09-23 23:23:06.047+0000[m[2m | [m[2mBftProcessorExecutor-QBFT-0[m[2m | [m[32mINFO [m[2m | [m[2mQbftBesuControllerBuilder[m[2m | [m[32mImported empty block #498 / 0 tx / 0 pending / 0 (0.0%) gas / (0xe22edc481355bf2d1b0b4930db08daa44fe5d872b78286fb192761e334db48f3)
[m[2m2026-09-23 23:23:08.065+0000[m[2m | [m[2mBftProcessorExecutor-QBFT-0[m[2m | [m[32mINFO [m[2m | [m[2mQbftBesuControllerBuilder[m[2m | [m[32mImported empty block #499 / 0 tx / 0 pending / 0 (0.0%) gas / (0xec344fb1cfcaeb8e77aa05b65fc9c750fdb74c9e283d7f8c1fc3e036f4241772)
[m[2m2026-09-23 23:23:08.066+0000[m[2m | [m[2mEthScheduler-Workers-7[m[2m | [m[32mINFO [m[2m | [m[2mPersistBlockTask[m[2m | [m[32mImported empty block #499 / 0 tx / 0 om / 0 (0.0%) gas / (0xec344fb1cfcaeb8e77aa05b65fc9c750fdb74c9e283d7f8c1fc3e036f4241772) in 0.000s. Peers: 5
[m[2m2026-09-23 23:23:10.087+0000[m[2m | [m[2mBftProcessorExecutor-QBFT-0[m[2m | [m[32mINFO [m[2m | [m[2mQbftBesuControllerBuilder[m[2m | [m[32mImported empty block #500 / 0 tx / 0 pending / 0 (0.0%) gas / (0x7b76609cb3b9508ec7e94a5040b7862f8699547df60153cd57cb52a21694b73f)
[m[2m2026-09-23 23:23:12.082+0000[m[2m | [m[2mBftProcessorExecutor-QBFT-0[m[2m | [m[32mINFO [m[2m | [m[2mQbftBesuControllerBuilder[m[2m | [m[32mProduced empty block #501 / 0 tx / 0 pending / 0 (0.0%) gas / (0xc5d5d789039d7c1d543c6c3babeae6e7af6975d62e44eab1b3acb81476682041)
[m[2m2026-09-23 23:23:14.054+0000[m[2m | [m[2mEthScheduler-Workers-3[m[2m | [m[32mINFO [m[2m | [m[2mPersistBlockTask[m[2m | [m[32mBlock 502 (0x02f5b625a54b946af20a223a12d14a337cd2298be4f144ad8afe98d4993b4157) is already imported
[m[2m2026-09-23 23:23:14.075+0000[m[2m | [m[2mBftProcessorExecutor-QBFT-0[m[2m | [m[32mINFO [m[2m | [m[2mQbftBesuControllerBuilder[m[2m | [m[32mImported empty block #502 / 0 tx / 0 pending / 0 (0.0%) gas / (0x02f5b625a54b946af20a223a12d14a337cd2298be4f144ad8afe98d4993b4157)
[m[2m2026-09-23 23:23:16.063+0000[m[2m | [m[2mBftProcessorExecutor-QBFT-0[m[2m | [m[32mINFO [m[2m | [m[2mQbftBesuControllerBuilder[m[2m | [m[32mImported empty block #503 / 0 tx / 0 pending / 0 (0.0%) gas / (0x30b2a34db27243d047bf64b261df93deb3413e6050e9e81bdacefc46b7b3f251)
[m[2m2026-09-23 23:23:18.037+0000[m[2m | [m[2mEthScheduler-Workers-8[m[2m | [m[32mINFO [m[2m | [m[2mPersistBlockTask[m[2m | [m[32mImported empty block #504 / 0 tx / 0 om / 0 (0.0%) gas / (0xe000fea8c5dbac9c575fb1bf03d33e100307a208ceb3668396e5e3baab388457) in 0.000s. Peers: 5
[m[2m2026-09-23 23:23:20.015+0000[m[2m | [m[2mBftProcessorExecutor-QBFT-0[m[2m | [m[32mINFO [m[2m | [m[2mQbftBesuControllerBuilder[m[2m | [m[32mImported empty block #505 / 0 tx / 0 pending / 0 (0.0%) gas / (0xfbe682a9ce00144ef7fa918fd5865d08583eab2f674d82178a43c1bb34071979)
[m[2m2026-09-23 23:23:22.028+0000[m[2m | [m[2mBftProcessorExecutor-QBFT-0[m[2m | [m[32mINFO [m[2m | [m[2mQbftBesuControllerBuilder[m[2m | [m[32mImported empty block #506 / 0 tx / 0 pending / 0 (0.0%) gas / (0x97bf23ce2ff918e5211b86781961cfd94d885871316b87604d344a7092a3b1d6)
[m[2m2026-09-23 23:23:22.029+0000[m[2m | [m[2mEthScheduler-Workers-5[m[2m | [m[32mINFO [m[2m | [m[2mPersistBlockTask[m[2m | [m[32mBlock 506 (0x97bf23ce2ff918e5211b86781961cfd94d885871316b87604d344a7092a3b1d6) is already imported
[m[2m2026-09-23 23:23:24.063+0000[m[2m | [m[2mBftProcessorExecutor-QBFT-0[m[2m | [m[32mINFO [m[2m | [m[2mQbftBesuControllerBuilder[m[2m | [m[32mProduced empty block #507 / 0 tx / 0 pending / 0 (0.0%) gas / (0xa5783952fae2dcac305d50a8229f677e7d28f255ab1c9db164111f0b9919c70e)
[m[2m2026-09-23 23:23:26.028+0000[m[2m | [m[2mBftProcessorExecutor-QBFT-0[m[2m | [m[32mINFO [m[2m | [m[2mQbftBesuControllerBuilder[m[2m | [m[32mImported empty block #508 / 0 tx / 0 pending / 0 (0.0%) gas / (0x387488848011c035b650360e9087e2217f4ad3e453318c0d0293b4da563ed64c)
[m[2m2026-09-23 23:23:28.065+0000[m[2m | [m[2mBftProcessorExecutor-QBFT-0[m[2m | [m[32mINFO [m[2m | [m[2mQbftBesuControllerBuilder[m[2m | [m[32mImported empty block #509 / 0 tx / 0 pending / 0 (0.0%) gas / (0xc5a09ec17cfcce65fd377b7b05b59bdb18d0f9c543dc1921854812ca1d48668b)
[m[2m2026-09-23 23:23:28.065+0000[m[2m | [m[2mEthScheduler-Workers-6[m[2m | [m[32mINFO [m[2m | [m[2mPersistBlockTask[m[2m | [m[32mBlock 509 (0xc5a09ec17cfcce65fd377b7b05b59bdb18d0f9c543dc1921854812ca1d48668b) is already imported
[m[2m2026-09-23 23:23:30.082+0000[m[2m | [m[2mBftProcessorExecutor-QBFT-0[m[2m | [m[32mINFO [m[2m | [m[2mQbftBesuControllerBuilder[m[2m | [m[32mImported empty block #510 / 0 tx / 0 pending / 0 (0.0%) gas / (0xb4c992af3f8b0aefaa763140d0c6450cbbc46e07562749866861064d62b4c9b6)
[m[2m2026-09-23 23:23:32.052+0000[m[2m | [m[2mBftProcessorExecutor-QBFT-0[m[2m | [m[32mINFO [m[2m | [m[2mQbftBesuControllerBuilder[m[2m | [m[32mImported empty block #511 / 0 tx / 0 pending / 0 (0.0%) gas / (0xe40b926a64b5bdbe188cfb38215a58ba2d0f4f9301d74811885dd01606a5f9b5)
[m[2m2026-09-23 23:23:34.237+0000[m[2m | [m[2mBftProcessorExecutor-QBFT-0[m[2m | [m[32mINFO [m[2m | [m[2mQbftBesuControllerBuilder[m[2m | [m[32mImported empty block #512 / 0 tx / 0 pending / 0 (0.0%) gas / (0xa0f683a9185356101ce482b9667c8370d533f42c46c4e3bd97cea1dacc07cdbf)
[m[2m2026-09-23 23:23:36.077+0000[m[2m | [m[2mBftProcessorExecutor-QBFT-0[m[2m | [m[32mINFO [m[2m | [m[2mQbftBesuControllerBuilder[m[2m | [m[32mProduced empty block #513 / 0 tx / 0 pending / 0 (0.0%) gas / (0x19837537ff37498bf0dce55157abf5b0d7b24514df5fb066bbccc04c84f6c139)
[m[2m2026-09-23 23:23:38.047+0000[m[2m | [m[2mBftProcessorExecutor-QBFT-0[m[2m | [m[32mINFO [m[2m | [m[2mQbftBesuControllerBuilder[m[2m | [m[32mImported empty block #514 / 0 tx / 0 pending / 0 (0.0%) gas / (0x230795dfd7d1f921dbb80a42b34e97ad226fcc2f6a6089909cb09520174f6497)
[m[2m2026-09-23 23:23:40.055+0000[m[2m | [m[2mEthScheduler-Workers-2[m[2m | [m[32mINFO [m[2m | [m[2mPersistBlockTask[m[2m | [m[32mImported empty block #515 / 0 tx / 0 om / 0 (0.0%) gas / (0xf853859f20fcf9454147208d8c403f5848a0365499d001e83e32a7e7479be0da) in 0.000s. Peers: 5
[m[2m2026-09-23 23:23:42.056+0000[m[2m | [m[2mBftProcessorExecutor-QBFT-0[m[2m | [m[32mINFO [m[2m | [m[2mQbftBesuControllerBuilder[m[2m | [m[32mImported empty block #516 / 0 tx / 0 pending / 0 (0.0%) gas / (0xcdd1773278110e370466d1ad11cf7dfd79c6ed4c2a5a4d05b09be358ff00139a)
[m[2m2026-09-23 23:23:44.056+0000[m[2m | [m[2mBftProcessorExecutor-QBFT-0[m[2m | [m[32mINFO [m[2m | [m[2mQbftBesuControllerBuilder[m[2m | [m[32mImported empty block #517 / 0 tx / 0 pending / 0 (0.0%) gas / (0xb9c7d917623774bf64ba5d9a82d5ca74ac942d30502fb0b13f2cd1aeeddc6345)
[m[2m2026-09-23 23:23:46.044+0000[m[2m | [m[2mEthScheduler-Workers-0[m[2m | [m[32mINFO [m[2m | [m[2mPersistBlockTask[m[2m | [m[32mImported empty block #518 / 0 tx / 0 om / 0 (0.0%) gas / (0xe8bc8930b7d2063e4b2aacaac404b89258dee93b31b2474e05bc1e72ee0f7198) in 0.000s. Peers: 5
[m[2m2026-09-23 23:23:46.044+0000[m[2m | [m[2mBftProcessorExecutor-QBFT-0[m[2m | [m[32mINFO [m[2m | [m[2mQbftBesuControllerBuilder[m[2m | [m[32mImported empty block #518 / 0 tx / 0 pending / 0 (0.0%) gas / (0xe8bc8930b7d2063e4b2aacaac404b89258dee93b31b2474e05bc1e72ee0f7198)
[m[2m2026-09-23 23:23:48.026+0000[m[2m | [m[2mBftProcessorExecutor-QBFT-0[m[2m | [m[32mINFO [m[2m | [m[2mQbftBesuControllerBuilder[m[2m | [m[32mProduced empty block #519 / 0 tx / 0 pending / 0 (0.0%) gas / (0xa086768afd5a11e7434e9e7da80e830740adf740c9d842d72a0fb77a30bfc529)
[m[2m2026-09-23 23:23:50.037+0000[m[2m | [m[2mEthScheduler-Workers-4[m[2m | [m[32mINFO [m[2m | [m[2mPersistBlockTask[m[2m | [m[32mImported empty block #520 / 0 tx / 0 om / 0 (0.0%) gas / (0xf0cccd14388e64d84b280d5a763df23126039e5893ddbcd742c530a439f5545d) in 0.000s. Peers: 5
[m[2m2026-09-23 23:23:52.062+0000[m[2m | [m[2mBftProcessorExecutor-QBFT-0[m[2m | [m[32mINFO [m[2m | [m[2mQbftBesuControllerBuilder[m[2m | [m[32mImported empty block #521 / 0 tx / 0 pending / 0 (0.0%) gas / (0xff023e7922d2a68918a7282209ccfd8cf3ca7a502e2615971e1cbb5d89e45f27)
[m[2m2026-09-23 23:23:52.066+0000[m[2m | [m[2mEthScheduler-Workers-7[m[2m | [m[32mINFO [m[2m | [m[2mPersistBlockTask[m[2m | [m[32mBlock 521 (0xff023e7922d2a68918a7282209ccfd8cf3ca7a502e2615971e1cbb5d89e45f27) is already imported
[m[2m2026-09-23 23:23:54.055+0000[m[2m | [m[2mEthScheduler-Workers-3[m[2m | [m[32mINFO [m[2m | [m[2mPersistBlockTask[m[2m | [m[32mBlock 522 (0x277887bec9e2832942424982356906137200832b62822e60f9605af3065dd728) is already imported
[m[2m2026-09-23 23:23:54.055+0000[m[2m | [m[2mBftProcessorExecutor-QBFT-0[m[2m | [m[32mINFO [m[2m | [m[2mQbftBesuControllerBuilder[m[2m | [m[32mImported empty block #522 / 0 tx / 0 pending / 0 (0.0%) gas / (0x277887bec9e2832942424982356906137200832b62822e60f9605af3065dd728)
[m[2m2026-09-23 23:23:56.046+0000[m[2m | [m[2mBftProcessorExecutor-QBFT-0[m[2m | [m[32mINFO [m[2m | [m[2mQbftBesuControllerBuilder[m[2m | [m[32mImported empty block #523 / 0 tx / 0 pending / 0 (0.0%) gas / (0xa49098922ca04a3f2e617702185e9d4225bf80d56fcd5912054b11a79a329b49)
[m[2m2026-09-23 23:23:58.045+0000[m[2m | [m[2mBftProcessorExecutor-QBFT-0[m[2m | [m[32mINFO [m[2m | [m[2mQbftBesuControllerBuilder[m[2m | [m[32mImported empty block #524 / 0 tx / 0 pending / 0 (0.0%) gas / (0x9fc60eada632f06a718f497875f2dc075882adf61a341398ef945836eacf5f2e)
[m[2m2026-09-23 23:24:00.156+0000[m[2m | [m[2mBftProcessorExecutor-QBFT-0[m[2m | [m[32mINFO [m[2m | [m[2mQbftBesuControllerBuilder[m[2m | [m[32mProduced empty block #525 / 0 tx / 0 pending / 0 (0.0%) gas / (0x5c90551308e8eea39dd091fd1b9293e1e042e4918bd89a386d81bc891debd588)
[m[2m2026-09-23 23:24:02.112+0000[m[2m | [m[2mEthScheduler-Workers-8[m[2m | [m[32mINFO [m[2m | [m[2mPersistBlockTask[m[2m | [m[32mImported empty block #526 / 0 tx / 0 om / 0 (0.0%) gas / (0x22c2fb1d8ebf8dc5c0745961766d123266df00c3b0fc47841e44e8bef416cc0a) in 0.000s. Peers: 5
[m[2m2026-09-23 23:24:02.113+0000[m[2m | [m[2mBftProcessorExecutor-QBFT-0[m[2m | [m[32mINFO [m[2m | [m[2mQbftBesuControllerBuilder[m[2m | [m[32mImported empty block #526 / 0 tx / 0 pending / 0 (0.0%) gas / (0x22c2fb1d8ebf8dc5c0745961766d123266df00c3b0fc47841e44e8bef416cc0a)
[m[2m2026-09-23 23:24:04.052+0000[m[2m | [m[2mBftProcessorExecutor-QBFT-0[m[2m | [m[32mINFO [m[2m | [m[2mQbftBesuControllerBuilder[m[2m | [m[32mImported empty block #527 / 0 tx / 0 pending / 0 (0.0%) gas / (0xcda913b238108c3ed152bac1b35354340bbe8fad5a69622f874caece129e96f9)
[m[2m2026-09-23 23:24:06.079+0000[m[2m | [m[2mBftProcessorExecutor-QBFT-0[m[2m | [m[32mINFO [m[2m | [m[2mQbftBesuControllerBuilder[m[2m | [m[32mImported empty block #528 / 0 tx / 0 pending / 0 (0.0%) gas / (0x7f7092c35295b238f53222a6306fa94def01440d02e7d7a8ab2faaa0cd7cc3b3)
[m[2m2026-09-23 23:24:08.089+0000[m[2m | [m[2mEthScheduler-Workers-5[m[2m | [m[32mINFO [m[2m | [m[2mPersistBlockTask[m[2m | [m[32mImported empty block #529 / 0 tx / 0 om / 0 (0.0%) gas / (0xce71c2b71910c10b0324504d518b9dda031d7bb2b3936273c7ec31c2820b92fe) in 0.000s. Peers: 5
[m[2m2026-09-23 23:24:10.051+0000[m[2m | [m[2mBftProcessorExecutor-QBFT-0[m[2m | [m[32mINFO [m[2m | [m[2mQbftBesuControllerBuilder[m[2m | [m[32mImported empty block #530 / 0 tx / 0 pending / 0 (0.0%) gas / (0x90693f7a93dedcf8aad20538cf11f02b996bf0f8f35ac1fe3d9f0116d4f02a4c)
[m[2m2026-09-23 23:24:12.058+0000[m[2m | [m[2mBftProcessorExecutor-QBFT-0[m[2m | [m[32mINFO [m[2m | [m[2mQbftBesuControllerBuilder[m[2m | [m[32mProduced empty block #531 / 0 tx / 0 pending / 0 (0.0%) gas / (0xa041731c8b3b1f0a5e30bd321f95b730578a26164bf2ddf85fcbddecfea41da8)
[m[2m2026-09-23 23:24:14.056+0000[m[2m | [m[2mBftProcessorExecutor-QBFT-0[m[2m | [m[32mINFO [m[2m | [m[2mQbftBesuControllerBuilder[m[2m | [m[32mImported empty block #532 / 0 tx / 0 pending / 0 (0.0%) gas / (0x6a17b25e8f2ea36fcb85bb3518b1b99690253ec1d53856254e1515b3419af362)
[m[2m2026-09-23 23:24:16.294+0000[m[2m | [m[2mBftProcessorExecutor-QBFT-0[m[2m | [m[32mINFO [m[2m | [m[2mQbftBesuControllerBuilder[m[2m | [m[32mImported block       #533 / 1 tx / 0 pending / 322,012 (1.1%) gas / (0x7f8cc3c2b22c1fd9f2326a53f27c806033fbf9a70aac128adb601d688c324e26)
[m[2m2026-09-23 23:24:18.106+0000[m[2m | [m[2mBftProcessorExecutor-QBFT-0[m[2m | [m[32mINFO [m[2m | [m[2mQbftBesuControllerBuilder[m[2m | [m[32mImported block       #534 / 1 tx / 0 pending / 309,235 (1.0%) gas / (0x990b278d5a4ad79589427b837a67f8ce5737079c4310bbf325a19147c141004c)
[m[2m2026-09-23 23:24:18.106+0000[m[2m | [m[2mEthScheduler-Workers-2[m[2m | [m[32mINFO [m[2m | [m[2mPersistBlockTask[m[2m | [m[32mBlock 534 (0x990b278d5a4ad79589427b837a67f8ce5737079c4310bbf325a19147c141004c) is already imported
[m[2m2026-09-23 23:24:20.015+0000[m[2m | [m[2mEthScheduler-Workers-0[m[2m | [m[32mINFO [m[2m | [m[2mPersistBlockTask[m[2m | [m[32mBlock 535 (0x86d4cfeaf09dffd0110855d9ea5b7143603126aace7f687245043cfbe6574c38) is already imported
[m[2m2026-09-23 23:24:20.016+0000[m[2m | [m[2mBftProcessorExecutor-QBFT-0[m[2m | [m[32mINFO [m[2m | [m[2mQbftBesuControllerBuilder[m[2m | [m[32mImported empty block #535 / 0 tx / 0 pending / 0 (0.0%) gas / (0x86d4cfeaf09dffd0110855d9ea5b7143603126aace7f687245043cfbe6574c38)
[m[2m2026-09-23 23:24:22.081+0000[m[2m | [m[2mEthScheduler-Workers-2[m[2m | [m[32mINFO [m[2m | [m[2mPersistBlockTask[m[2m | [m[32mBlock 536 (0xc113ebd4769c254f0fe8dfdd49cabdae9f998cd522df0bb674af471addd6009f) is already imported
[m[2m2026-09-23 23:24:22.081+0000[m[2m | [m[2mBftProcessorExecutor-QBFT-0[m[2m | [m[32mINFO [m[2m | [m[2mQbftBesuControllerBuilder[m[2m | [m[32mImported block       #536 / 1 tx / 0 pending / 306,931 (1.0%) gas / (0xc113ebd4769c254f0fe8dfdd49cabdae9f998cd522df0bb674af471addd6009f)
[m[2m2026-09-23 23:24:24.052+0000[m[2m | [m[2mBftProcessorExecutor-QBFT-0[m[2m | [m[32mINFO [m[2m | [m[2mQbftBesuControllerBuilder[m[2m | [m[32mProduced block       #537 / 1 tx / 0 pending / 314,299 (1.0%) gas / (0x2874cd40ed10063a1411152aef744214aba8235c831ad10266b1a8d475a27ad2)
[m[2m2026-09-23 23:24:26.011+0000[m[2m | [m[2mBftProcessorExecutor-QBFT-0[m[2m | [m[32mINFO [m[2m | [m[2mQbftBesuControllerBuilder[m[2m | [m[32mImported empty block #538 / 0 tx / 0 pending / 0 (0.0%) gas / (0x362198c59d427da49b5dbdb65f45e7396aa204c220f2b2ba21c6fad41bda4b3a)
[m[2m2026-09-23 23:24:26.012+0000[m[2m | [m[2mEthScheduler-Workers-3[m[2m | [m[32mINFO [m[2m | [m[2mPersistBlockTask[m[2m | [m[32mBlock 538 (0x362198c59d427da49b5dbdb65f45e7396aa204c220f2b2ba21c6fad41bda4b3a) is already imported
[m[2m2026-09-23 23:24:28.015+0000[m[2m | [m[2mEthScheduler-Workers-2[m[2m | [m[32mINFO [m[2m | [m[2mPersistBlockTask[m[2m | [m[32mImported empty block #539 / 0 tx / 0 om / 0 (0.0%) gas / (0xbefc1b72ac20856e750b91244368673cc8ea8df33589d587e411b4a32b048aa8) in 0.000s. Peers: 5
[m[2m2026-09-23 23:24:28.015+0000[m[2m | [m[2mBftProcessorExecutor-QBFT-0[m[2m | [m[32mINFO [m[2m | [m[2mQbftBesuControllerBuilder[m[2m | [m[32mImported empty block #539 / 0 tx / 0 pending / 0 (0.0%) gas / (0xbefc1b72ac20856e750b91244368673cc8ea8df33589d587e411b4a32b048aa8)
[m[2m2026-09-23 23:24:30.049+0000[m[2m | [m[2mBftProcessorExecutor-QBFT-0[m[2m | [m[32mINFO [m[2m | [m[2mQbftBesuControllerBuilder[m[2m | [m[32mImported block       #540 / 1 tx / 0 pending / 301,819 (1.0%) gas / (0xaa6ce94b8362683a02737fcdaf653dabfc94047f4fa22a60fd58bf0a5996beb4)
[m[2m2026-09-23 23:24:30.049+0000[m[2m | [m[2mEthScheduler-Workers-3[m[2m | [m[32mINFO [m[2m | [m[2mPersistBlockTask[m[2m | [m[32mBlock 540 (0xaa6ce94b8362683a02737fcdaf653dabfc94047f4fa22a60fd58bf0a5996beb4) is already imported
[m[2m2026-09-23 23:24:32.074+0000[m[2m | [m[2mBftProcessorExecutor-QBFT-0[m[2m | [m[32mINFO [m[2m | [m[2mQbftBesuControllerBuilder[m[2m | [m[32mImported block       #541 / 1 tx / 0 pending / 309,163 (1.0%) gas / (0xb4d03b2d53380e793cfda310d63be3b43ea303faba7abafe5a77e8b37a09309c)
[m[2m2026-09-23 23:24:32.074+0000[m[2m | [m[2mEthScheduler-Workers-4[m[2m | [m[32mINFO [m[2m | [m[2mPersistBlockTask[m[2m | [m[32mBlock 541 (0xb4d03b2d53380e793cfda310d63be3b43ea303faba7abafe5a77e8b37a09309c) is already imported
[m[2m2026-09-23 23:24:34.020+0000[m[2m | [m[2mEthScheduler-Workers-3[m[2m | [m[32mINFO [m[2m | [m[2mPersistBlockTask[m[2m | [m[32mImported empty block #542 / 0 tx / 0 om / 0 (0.0%) gas / (0x245ce12221b3419a7a925e2e4f47914f7039c2b197f1f684ad35c751729c133c) in 0.000s. Peers: 5
[m[2m2026-09-23 23:24:36.257+0000[m[2m | [m[2mEthScheduler-Workers-4[m[2m | [m[32mINFO [m[2m | [m[2mPersistBlockTask[m[2m | [m[32mBlock 543 (0x3ec537a7c4726f6182297263c5de8d041146d0aa41b69d33305db92c63aabc9e) is already imported
[m[2m2026-09-23 23:24:36.257+0000[m[2m | [m[2mBftProcessorExecutor-QBFT-0[m[2m | [m[32mINFO [m[2m | [m[2mQbftBesuControllerBuilder[m[2m | [m[32mProduced block       #543 / 1 tx / 0 pending / 376,327 (1.3%) gas / (0x3ec537a7c4726f6182297263c5de8d041146d0aa41b69d33305db92c63aabc9e)
[m[2m2026-09-23 23:24:38.059+0000[m[2m | [m[2mBftProcessorExecutor-QBFT-0[m[2m | [m[32mINFO [m[2m | [m[2mQbftBesuControllerBuilder[m[2m | [m[32mImported block       #544 / 1 tx / 0 pending / 363,457 (1.2%) gas / (0x2f533255592f4a150ce068db7bbfa726f9a07426ff3aa857d349245965938b3d)
[m[2m2026-09-23 23:24:38.060+0000[m[2m | [m[2mEthScheduler-Workers-0[m[2m | [m[32mINFO [m[2m | [m[2mPersistBlockTask[m[2m | [m[32mBlock 544 (0x2f533255592f4a150ce068db7bbfa726f9a07426ff3aa857d349245965938b3d) is already imported
[m[2m2026-09-23 23:24:40.014+0000[m[2m | [m[2mBftProcessorExecutor-QBFT-0[m[2m | [m[32mINFO [m[2m | [m[2mQbftBesuControllerBuilder[m[2m | [m[32mImported empty block #545 / 0 tx / 0 pending / 0 (0.0%) gas / (0xdd61d9905e0872ebf66c1637c2f2dc6b593343ffef77bb6605554ea2943703bb)
[m[2m2026-09-23 23:24:42.011+0000[m[2m | [m[2mBftProcessorExecutor-QBFT-0[m[2m | [m[32mINFO [m[2m | [m[2mQbftBesuControllerBuilder[m[2m | [m[32mImported empty block #546 / 0 tx / 0 pending / 0 (0.0%) gas / (0x0d36945e7f3f5fe11f094ee55dd305a03cbbc9021950d990011a894c640151ff)
[m[2m2026-09-23 23:24:44.061+0000[m[2m | [m[2mBftProcessorExecutor-QBFT-0[m[2m | [m[32mINFO [m[2m | [m[2mQbftBesuControllerBuilder[m[2m | [m[32mImported block       #547 / 1 tx / 0 pending / 331,895 (1.1%) gas / (0x65f48b7fb79a1ddc7f519ea4171415a6916a786328583fb304b28fb2b7c31b34)
[m[2m2026-09-23 23:24:46.039+0000[m[2m | [m[2mBftProcessorExecutor-QBFT-0[m[2m | [m[32mINFO [m[2m | [m[2mQbftBesuControllerBuilder[m[2m | [m[32mImported block       #548 / 1 tx / 1 pending / 339,181 (1.1%) gas / (0x63290450c736ba691e83520ac9bf8521603bcb8f95ebe73d30b380719e983e49)
[m[2m2026-09-23 23:24:48.020+0000[m[2m | [m[2mBftProcessorExecutor-QBFT-0[m[2m | [m[32mINFO [m[2m | [m[2mQbftBesuControllerBuilder[m[2m | [m[32mProduced empty block #549 / 0 tx / 0 pending / 0 (0.0%) gas / (0x05db6be04461da16324b012d00519ca4566b094f4545a9b7efea84ee0a32c6d2)
[m[2m2026-09-23 23:24:50.032+0000[m[2m | [m[2mBftProcessorExecutor-QBFT-0[m[2m | [m[32mINFO [m[2m | [m[2mQbftBesuControllerBuilder[m[2m | [m[32mImported block       #550 / 1 tx / 0 pending / 307,818 (1.0%) gas / (0xefb56f09de631ecdd8d5322f36491128356c5280ecdd72fe949ddabb4dc3b135)
[m[2m2026-09-23 23:24:52.027+0000[m[2m | [m[2mBftProcessorExecutor-QBFT-0[m[2m | [m[32mINFO [m[2m | [m[2mQbftBesuControllerBuilder[m[2m | [m[32mImported block       #551 / 1 tx / 0 pending / 315,114 (1.1%) gas / (0x6e91c9891168f5411edd80d2bd4a852425f3a6a722c82468cbb01593282d4231)
[m[2m2026-09-23 23:24:54.011+0000[m[2m | [m[2mBftProcessorExecutor-QBFT-0[m[2m | [m[32mINFO [m[2m | [m[2mQbftBesuControllerBuilder[m[2m | [m[32mImported empty block #552 / 0 tx / 0 pending / 0 (0.0%) gas / (0x85650c9331c721cb790a45bdd4009b823470bf255fd044a4ca293e16b1ce136d)
[m[2m2026-09-23 23:24:56.010+0000[m[2m | [m[2mBftProcessorExecutor-QBFT-0[m[2m | [m[32mINFO [m[2m | [m[2mQbftBesuControllerBuilder[m[2m | [m[32mImported empty block #553 / 0 tx / 0 pending / 0 (0.0%) gas / (0x29cd895ecbca8f77194eec1b578bfc5c0487cb62f88b57b1a9bf992e50f17cfc)
[m[2m2026-09-23 23:24:58.053+0000[m[2m | [m[2mBftProcessorExecutor-QBFT-0[m[2m | [m[32mINFO [m[2m | [m[2mQbftBesuControllerBuilder[m[2m | [m[32mImported block       #554 / 1 tx / 0 pending / 283,961 (0.9%) gas / (0x10f1e66a07e6f684f27df69b06048daa4bc60b14a65698b07ae5184e61e5f1df)
[m[2m2026-09-23 23:25:00.054+0000[m[2m | [m[2mBftProcessorExecutor-QBFT-0[m[2m | [m[32mINFO [m[2m | [m[2mQbftBesuControllerBuilder[m[2m | [m[32mProduced block       #555 / 1 tx / 0 pending / 291,124 (1.0%) gas / (0xe58775789901f0ede3f004494bcd0c65c1e3eacf935473688ae7a2e0f95a5ca0)
[m[2m2026-09-23 23:25:02.012+0000[m[2m | [m[2mBftProcessorExecutor-QBFT-0[m[2m | [m[32mINFO [m[2m | [m[2mQbftBesuControllerBuilder[m[2m | [m[32mImported empty block #556 / 0 tx / 0 pending / 0 (0.0%) gas / (0x0573af1204904bbca67f64eb9be11f2f2e08a4bed52d1fc8f64d9b67428c5aaf)
[m[2m2026-09-23 23:25:04.033+0000[m[2m | [m[2mEthScheduler-Workers-5[m[2m | [m[32mINFO [m[2m | [m[2mPersistBlockTask[m[2m | [m[32mBlock 557 (0xd8982dabfb520ccc2ac0dd90c8141ad59789efdb811cbd01cdbc9d8a93468aad) is already imported
[m[2m2026-09-23 23:25:04.033+0000[m[2m | [m[2mBftProcessorExecutor-QBFT-0[m[2m | [m[32mINFO [m[2m | [m[2mQbftBesuControllerBuilder[m[2m | [m[32mImported block       #557 / 1 tx / 0 pending / 259,882 (0.9%) gas / (0xd8982dabfb520ccc2ac0dd90c8141ad59789efdb811cbd01cdbc9d8a93468aad)
[m[2m2026-09-23 23:25:06.033+0000[m[2m | [m[2mBftProcessorExecutor-QBFT-0[m[2m | [m[32mINFO [m[2m | [m[2mQbftBesuControllerBuilder[m[2m | [m[32mImported block       #558 / 1 tx / 0 pending / 267,140 (0.9%) gas / (0x2f6f053ea8131af57d5592a8c3092eecfaa78611c01162488f70c974cddabd69)
[m[2m2026-09-23 23:25:08.010+0000[m[2m | [m[2mBftProcessorExecutor-QBFT-0[m[2m | [m[32mINFO [m[2m | [m[2mQbftBesuControllerBuilder[m[2m | [m[32mImported empty block #559 / 0 tx / 0 pending / 0 (0.0%) gas / (0x9b23123dbab34c280f6e7ec1d8735dd04b13a896171487558752109bb25bcffc)
[m[2m2026-09-23 23:25:10.012+0000[m[2m | [m[2mBftProcessorExecutor-QBFT-0[m[2m | [m[32mINFO [m[2m | [m[2mQbftBesuControllerBuilder[m[2m | [m[32mImported empty block #560 / 0 tx / 0 pending / 0 (0.0%) gas / (0x45d15e0919e2e45be57069272a290b4db71da96b59adc778dfc2d9fde5ef1878)
[m[2m2026-09-23 23:25:12.111+0000[m[2m | [m[2mEthScheduler-Workers-8[m[2m | [m[32mINFO [m[2m | [m[2mPersistBlockTask[m[2m | [m[32mBlock 561 (0x7998740503ba2ad8506899026ca0f473e9999c257288303e3a4b90778eb182f3) is already imported
[m[2m2026-09-23 23:25:12.111+0000[m[2m | [m[2mBftProcessorExecutor-QBFT-0[m[2m | [m[32mINFO [m[2m | [m[2mQbftBesuControllerBuilder[m[2m | [m[32mProduced block       #561 / 1 tx / 0 pending / 235,712 (0.8%) gas / (0x7998740503ba2ad8506899026ca0f473e9999c257288303e3a4b90778eb182f3)
[m[2m2026-09-23 23:25:14.063+0000[m[2m | [m[2mEthScheduler-Workers-4[m[2m | [m[32mINFO [m[2m | [m[2mPersistBlockTask[m[2m | [m[32mBlock 562 (0x9cee0f8cc2d8b1e11ea153fa7d9293ed376ad91beeb418bfb6ed131389e2c3b0) is already imported
[m[2m2026-09-23 23:25:14.064+0000[m[2m | [m[2mBftProcessorExecutor-QBFT-0[m[2m | [m[32mINFO [m[2m | [m[2mQbftBesuControllerBuilder[m[2m | [m[32mImported block       #562 / 1 tx / 0 pending / 242,980 (0.8%) gas / (0x9cee0f8cc2d8b1e11ea153fa7d9293ed376ad91beeb418bfb6ed131389e2c3b0)
[m[2m2026-09-23 23:25:16.034+0000[m[2m | [m[2mBftProcessorExecutor-QBFT-0[m[2m | [m[32mINFO [m[2m | [m[2mQbftBesuControllerBuilder[m[2m | [m[32mImported empty block #563 / 0 tx / 0 pending / 0 (0.0%) gas / (0xc8d94924a8170e532d7e430e5721565b753bf5a689be1f88430f9f8d3c029b8e)
[m[2m2026-09-23 23:25:18.070+0000[m[2m | [m[2mBftProcessorExecutor-QBFT-0[m[2m | [m[32mINFO [m[2m | [m[2mQbftBesuControllerBuilder[m[2m | [m[32mImported block       #564 / 1 tx / 0 pending / 211,559 (0.7%) gas / (0x3fd8a7aa13bc64b779b34ae433279ce8a7f2ac43661b538cb22574861c0f4ecb)
[m[2m2026-09-23 23:25:18.070+0000[m[2m | [m[2mEthScheduler-Workers-7[m[2m | [m[32mINFO [m[2m | [m[2mPersistBlockTask[m[2m | [m[32mBlock 564 (0x3fd8a7aa13bc64b779b34ae433279ce8a7f2ac43661b538cb22574861c0f4ecb) is already imported
[m[2m2026-09-23 23:25:20.042+0000[m[2m | [m[2mBftProcessorExecutor-QBFT-0[m[2m | [m[32mINFO [m[2m | [m[2mQbftBesuControllerBuilder[m[2m | [m[32mImported block       #565 / 1 tx / 0 pending / 218,885 (0.7%) gas / (0xe69d27c665e7caeefcbf2ba3fd4b9f87e2d5d93eed5c3aede16e1e5e27537173)
[m[2m2026-09-23 23:25:22.020+0000[m[2m | [m[2mBftProcessorExecutor-QBFT-0[m[2m | [m[32mINFO [m[2m | [m[2mQbftBesuControllerBuilder[m[2m | [m[32mImported empty block #566 / 0 tx / 0 pending / 0 (0.0%) gas / (0xe17a984b0182ac0335847f1608dafb09351639e977efcd66fbd77ab4c8e189f8)
[m[2m2026-09-23 23:25:22.020+0000[m[2m | [m[2mEthScheduler-Workers-8[m[2m | [m[32mINFO [m[2m | [m[2mPersistBlockTask[m[2m | [m[32mBlock 566 (0xe17a984b0182ac0335847f1608dafb09351639e977efcd66fbd77ab4c8e189f8) is already imported
[m[2m2026-09-23 23:25:24.012+0000[m[2m | [m[2mBftProcessorExecutor-QBFT-0[m[2m | [m[32mINFO [m[2m | [m[2mQbftBesuControllerBuilder[m[2m | [m[32mProduced empty block #567 / 0 tx / 0 pending / 0 (0.0%) gas / (0xf19ec4d7591716fe93e2f825b28feba726377cbe3ae8d45f1843379b81c88f64)
[m[2m2026-09-23 23:25:26.034+0000[m[2m | [m[2mBftProcessorExecutor-QBFT-0[m[2m | [m[32mINFO [m[2m | [m[2mQbftBesuControllerBuilder[m[2m | [m[32mImported block       #568 / 1 tx / 0 pending / 187,519 (0.6%) gas / (0x76e8d99798f502d371c4c422958e0c1a25df0ed2804dc72219eba15dc2cbb079)
[m[2m2026-09-23 23:25:28.068+0000[m[2m | [m[2mBftProcessorExecutor-QBFT-0[m[2m | [m[32mINFO [m[2m | [m[2mQbftBesuControllerBuilder[m[2m | [m[32mImported block       #569 / 1 tx / 0 pending / 194,891 (0.6%) gas / (0x7fa7235222d513712112c46db5e6eb11a4d3b75b6f179c9566575e2bd5260a73)
[m[2m2026-09-23 23:25:30.032+0000[m[2m | [m[2mBftProcessorExecutor-QBFT-0[m[2m | [m[32mINFO [m[2m | [m[2mQbftBesuControllerBuilder[m[2m | [m[32mImported empty block #570 / 0 tx / 0 pending / 0 (0.0%) gas / (0x9c396b49b4f337ee2cd7c8f88c854de688fcc6647b97d0c90c4b049b950a1bf1)
[m[2m2026-09-23 23:25:32.045+0000[m[2m | [m[2mBftProcessorExecutor-QBFT-0[m[2m | [m[32mINFO [m[2m | [m[2mQbftBesuControllerBuilder[m[2m | [m[32mImported block       #571 / 1 tx / 0 pending / 75,603 (0.3%) gas / (0xa5378676fc914e1c180ba1293ae67c4a4ca5ad444e66cd641e4f65cab26baecc)
[m[2m2026-09-23 23:25:34.013+0000[m[2m | [m[2mBftProcessorExecutor-QBFT-0[m[2m | [m[32mINFO [m[2m | [m[2mQbftBesuControllerBuilder[m[2m | [m[32mImported empty block #572 / 0 tx / 0 pending / 0 (0.0%) gas / (0x7d7a988a50c467c9cbc19424b05ba15fa7c4b7f49735ab833253a79ed5c5236e)
[m[2m2026-09-23 23:25:36.021+0000[m[2m | [m[2mBftProcessorExecutor-QBFT-0[m[2m | [m[32mINFO [m[2m | [m[2mQbftBesuControllerBuilder[m[2m | [m[32mProduced block       #573 / 1 tx / 0 pending / 55,515 (0.2%) gas / (0x7e08dda9b3672c467a015352918dc2e92d0cd4398af173326c220a78f2b6d5ac)
[m[2m2026-09-23 23:25:38.017+0000[m[2m | [m[2mBftProcessorExecutor-QBFT-0[m[2m | [m[32mINFO [m[2m | [m[2mQbftBesuControllerBuilder[m[2m | [m[32mImported empty block #574 / 0 tx / 0 pending / 0 (0.0%) gas / (0x1eaeed17ad2cb5e7de27ebd7a52f556d183512c68f7f066568500d0bdd8ac6e3)
[m[2m2026-09-23 23:25:40.488+0000[m[2m | [m[2mEthScheduler-Workers-7[m[2m | [m[32mINFO [m[2m | [m[2mPersistBlockTask[m[2m | [m[32mBlock 575 (0x013321e8f996923b89c05c08102c4f766ec29d31635f2449feeddeff8928037d) is already imported
[m[2m2026-09-23 23:25:40.489+0000[m[2m | [m[2mBftProcessorExecutor-QBFT-0[m[2m | [m[32mINFO [m[2m | [m[2mQbftBesuControllerBuilder[m[2m | [m[32mImported block       #575 / 1 tx / 0 pending / 2,663,794 (8.9%) gas / (0x013321e8f996923b89c05c08102c4f766ec29d31635f2449feeddeff8928037d)
[m[2m2026-09-23 23:25:42.532+0000[m[2m | [m[2mBftProcessorExecutor-QBFT-0[m[2m | [m[32mINFO [m[2m | [m[2mQbftBesuControllerBuilder[m[2m | [m[32mImported block       #576 / 1 tx / 0 pending / 2,644,663 (8.8%) gas / (0x51f5ed65388f5ba20581f081ed7b13a22d557b43d6f594db0fb645b5f4c38238)
[m[2m2026-09-23 23:25:42.532+0000[m[2m | [m[2mEthScheduler-Workers-6[m[2m | [m[32mINFO [m[2m | [m[2mPersistBlockTask[m[2m | [m[32mBlock 576 (0x51f5ed65388f5ba20581f081ed7b13a22d557b43d6f594db0fb645b5f4c38238) is already imported
[m[2m2026-09-23 23:25:44.015+0000[m[2m | [m[2mBftProcessorExecutor-QBFT-0[m[2m | [m[32mINFO [m[2m | [m[2mQbftBesuControllerBuilder[m[2m | [m[32mImported empty block #577 / 0 tx / 0 pending / 0 (0.0%) gas / (0x8ea727a1e035672539de8472efd251a529d85ec830d1721b49c4b5aa6d6c1ba4)
[m[2m2026-09-23 23:25:44.016+0000[m[2m | [m[2mEthScheduler-Workers-7[m[2m | [m[32mINFO [m[2m | [m[2mPersistBlockTask[m[2m | [m[32mBlock 577 (0x8ea727a1e035672539de8472efd251a529d85ec830d1721b49c4b5aa6d6c1ba4) is already imported
[m[2m2026-09-23 23:25:46.052+0000[m[2m | [m[2mEthScheduler-Workers-6[m[2m | [m[32mINFO [m[2m | [m[2mPersistBlockTask[m[2m | [m[32mBlock 578 (0xfe53a50bf5f7da62d142d5c0057773586ceaf69c1237c41284c9d8bf6c84b52a) is already imported
[m[2m2026-09-23 23:25:46.052+0000[m[2m | [m[2mBftProcessorExecutor-QBFT-0[m[2m | [m[32mINFO [m[2m | [m[2mQbftBesuControllerBuilder[m[2m | [m[32mImported block       #578 / 1 tx / 0 pending / 409,920 (1.4%) gas / (0xfe53a50bf5f7da62d142d5c0057773586ceaf69c1237c41284c9d8bf6c84b52a)
[m[2m2026-09-23 23:25:48.013+0000[m[2m | [m[2mBftProcessorExecutor-QBFT-0[m[2m | [m[32mINFO [m[2m | [m[2mQbftBesuControllerBuilder[m[2m | [m[32mProduced empty block #579 / 0 tx / 0 pending / 0 (0.0%) gas / (0xf80303cb8cf642ca2949b6b61b31ac6c6e68916f8cd49f904aa74bc92d66faa5)
[m[2m2026-09-23 23:25:48.013+0000[m[2m | [m[2mEthScheduler-Workers-7[m[2m | [m[32mINFO [m[2m | [m[2mPersistBlockTask[m[2m | [m[32mBlock 579 (0xf80303cb8cf642ca2949b6b61b31ac6c6e68916f8cd49f904aa74bc92d66faa5) is already imported
[m[2m2026-09-23 23:25:50.068+0000[m[2m | [m[2mBftProcessorExecutor-QBFT-0[m[2m | [m[32mINFO [m[2m | [m[2mQbftBesuControllerBuilder[m[2m | [m[32mImported block       #580 / 1 tx / 0 pending / 402,332 (1.3%) gas / (0xa2d0895d36d216572a12554e94b612ba66cd1a99a0733936e713baf9b21b559c)
[m[2m2026-09-23 23:25:52.014+0000[m[2m | [m[2mBftProcessorExecutor-QBFT-0[m[2m | [m[32mINFO [m[2m | [m[2mQbftBesuControllerBuilder[m[2m | [m[32mImported empty block #581 / 0 tx / 0 pending / 0 (0.0%) gas / (0xf7ca5b63f9862e7f0375bfcaa8894d713fb8dc94e8193d45dbf3d1735b0d5d27)
[m[2m2026-09-23 23:25:52.014+0000[m[2m | [m[2mEthScheduler-Workers-6[m[2m | [m[32mINFO [m[2m | [m[2mPersistBlockTask[m[2m | [m[32mBlock 581 (0xf7ca5b63f9862e7f0375bfcaa8894d713fb8dc94e8193d45dbf3d1735b0d5d27) is already imported
[m[2m2026-09-23 23:25:54.015+0000[m[2m | [m[2mBftProcessorExecutor-QBFT-0[m[2m | [m[32mINFO [m[2m | [m[2mQbftBesuControllerBuilder[m[2m | [m[32mImported empty block #582 / 0 tx / 0 pending / 0 (0.0%) gas / (0xf97f6a8d56d233d2aff5dc981b7d3a18744da6f2b73a2bb22b319db6c3f4e70d)
[m[2m2026-09-23 23:25:54.015+0000[m[2m | [m[2mEthScheduler-Workers-7[m[2m | [m[32mINFO [m[2m | [m[2mPersistBlockTask[m[2m | [m[32mBlock 582 (0xf97f6a8d56d233d2aff5dc981b7d3a18744da6f2b73a2bb22b319db6c3f4e70d) is already imported
[m[2m2026-09-23 23:25:56.012+0000[m[2m | [m[2mBftProcessorExecutor-QBFT-0[m[2m | [m[32mINFO [m[2m | [m[2mQbftBesuControllerBuilder[m[2m | [m[32mImported empty block #583 / 0 tx / 0 pending / 0 (0.0%) gas / (0x28f3bf52fbaad13f8e42adfd49f272e2beb36ed16752acf953ecfca7f6342117)
[m[2m2026-09-23 23:25:58.012+0000[m[2m | [m[2mBftProcessorExecutor-QBFT-0[m[2m | [m[32mINFO [m[2m | [m[2mQbftBesuControllerBuilder[m[2m | [m[32mImported empty block #584 / 0 tx / 0 pending / 0 (0.0%) gas / (0x9203e2ccef83d958c6067879ffb5bc7d4fb7268a70dd584ea5c97451193428b3)
[m[2m2026-09-23 23:26:00.036+0000[m[2m | [m[2mBftProcessorExecutor-QBFT-0[m[2m | [m[32mINFO [m[2m | [m[2mQbftBesuControllerBuilder[m[2m | [m[32mProduced empty block #585 / 0 tx / 0 pending / 0 (0.0%) gas / (0x3ea3a9675a50ad0352f781d4906f46b750908cd32505f71234eafa3e55859519)
[m[2m2026-09-23 23:26:00.039+0000[m[2m | [m[2mEthScheduler-Workers-3[m[2m | [m[32mINFO [m[2m | [m[2mPersistBlockTask[m[2m | [m[32mBlock 585 (0x3ea3a9675a50ad0352f781d4906f46b750908cd32505f71234eafa3e55859519) is already imported
[m[2m2026-09-23 23:26:02.012+0000[m[2m | [m[2mBftProcessorExecutor-QBFT-0[m[2m | [m[32mINFO [m[2m | [m[2mQbftBesuControllerBuilder[m[2m | [m[32mImported empty block #586 / 0 tx / 0 pending / 0 (0.0%) gas / (0x6d685a624922f50e21ecc73be1b699e9361cefc542521db1c4b79a65923f43b8)
[m[2m2026-09-23 23:26:04.012+0000[m[2m | [m[2mBftProcessorExecutor-QBFT-0[m[2m | [m[32mINFO [m[2m | [m[2mQbftBesuControllerBuilder[m[2m | [m[32mImported empty block #587 / 0 tx / 0 pending / 0 (0.0%) gas / (0xb1cbab5a74fe490fb9d5c87e7f6337d4a3cfa7e9827bbabe7021530a1c0a02b9)
[m[2m2026-09-23 23:26:06.015+0000[m[2m | [m[2mEthScheduler-Workers-4[m[2m | [m[32mINFO [m[2m | [m[2mPersistBlockTask[m[2m | [m[32mBlock 588 (0x6bfc8cd5423b79dc94d5bf78ca6fc2893915dcea55e4e61bdfeaf24dfb21ac21) is already imported
[m[2m2026-09-23 23:26:06.015+0000[m[2m | [m[2mBftProcessorExecutor-QBFT-0[m[2m | [m[32mINFO [m[2m | [m[2mQbftBesuControllerBuilder[m[2m | [m[32mImported empty block #588 / 0 tx / 0 pending / 0 (0.0%) gas / (0x6bfc8cd5423b79dc94d5bf78ca6fc2893915dcea55e4e61bdfeaf24dfb21ac21)
[m[2m2026-09-23 23:26:08.012+0000[m[2m | [m[2mEthScheduler-Workers-2[m[2m | [m[32mINFO [m[2m | [m[2mPersistBlockTask[m[2m | [m[32mBlock 589 (0xc80e40edb1ba1ee9580c04b793953fa2588dbad414dc100cd16007ccbb28f684) is already imported
[m[2m2026-09-23 23:26:08.012+0000[m[2m | [m[2mBftProcessorExecutor-QBFT-0[m[2m | [m[32mINFO [m[2m | [m[2mQbftBesuControllerBuilder[m[2m | [m[32mImported empty block #589 / 0 tx / 0 pending / 0 (0.0%) gas / (0xc80e40edb1ba1ee9580c04b793953fa2588dbad414dc100cd16007ccbb28f684)
[m[2m2026-09-23 23:26:10.010+0000[m[2m | [m[2mBftProcessorExecutor-QBFT-0[m[2m | [m[32mINFO [m[2m | [m[2mQbftBesuControllerBuilder[m[2m | [m[32mImported empty block #590 / 0 tx / 0 pending / 0 (0.0%) gas / (0xa95e20516457f7cd2eeb3de4b739a0082889135467304f667a9c8e0607f8b549)
[m[2m2026-09-23 23:26:12.009+0000[m[2m | [m[2mBftProcessorExecutor-QBFT-0[m[2m | [m[32mINFO [m[2m | [m[2mQbftBesuControllerBuilder[m[2m | [m[32mProduced empty block #591 / 0 tx / 0 pending / 0 (0.0%) gas / (0xf5a29f3912fc7c465499cca92140e417ef009d6060af84a366e25356d187442c)
[m[2m2026-09-23 23:26:14.010+0000[m[2m | [m[2mBftProcessorExecutor-QBFT-0[m[2m | [m[32mINFO [m[2m | [m[2mQbftBesuControllerBuilder[m[2m | [m[32mImported empty block #592 / 0 tx / 0 pending / 0 (0.0%) gas / (0x915e279b76e37660a445d24d5e5b5cd453b915d7937cf081acc76608ba0d4dcd)
[m[2m2026-09-23 23:26:16.014+0000[m[2m | [m[2mEthScheduler-Workers-0[m[2m | [m[32mINFO [m[2m | [m[2mPersistBlockTask[m[2m | [m[32mBlock 593 (0x0512a7008d3298c33eac0c1b470270cb6790a24f6efda2ccc448dde280919d29) is already imported
[m[2m2026-09-23 23:26:16.014+0000[m[2m | [m[2mBftProcessorExecutor-QBFT-0[m[2m | [m[32mINFO [m[2m | [m[2mQbftBesuControllerBuilder[m[2m | [m[32mImported empty block #593 / 0 tx / 0 pending / 0 (0.0%) gas / (0x0512a7008d3298c33eac0c1b470270cb6790a24f6efda2ccc448dde280919d29)
[m[2m2026-09-23 23:26:18.012+0000[m[2m | [m[2mBftProcessorExecutor-QBFT-0[m[2m | [m[32mINFO [m[2m | [m[2mQbftBesuControllerBuilder[m[2m | [m[32mImported empty block #594 / 0 tx / 0 pending / 0 (0.0%) gas / (0xfda6dc457e1d0eda0adcad8467cfa13bd88db19e4d20deb4c14b17039d232302)
[m[2m2026-09-23 23:26:18.012+0000[m[2m | [m[2mEthScheduler-Workers-5[m[2m | [m[32mINFO [m[2m | [m[2mPersistBlockTask[m[2m | [m[32mBlock 594 (0xfda6dc457e1d0eda0adcad8467cfa13bd88db19e4d20deb4c14b17039d232302) is already imported
[m[2m2026-09-23 23:26:20.011+0000[m[2m | [m[2mBftProcessorExecutor-QBFT-0[m[2m | [m[32mINFO [m[2m | [m[2mQbftBesuControllerBuilder[m[2m | [m[32mImported empty block #595 / 0 tx / 0 pending / 0 (0.0%) gas / (0x6a6378ca9cc3f362c8c0f8c197b0f2bc065de13b2334bbcddec00452b5428a8c)
[m[2m2026-09-23 23:26:22.012+0000[m[2m | [m[2mBftProcessorExecutor-QBFT-0[m[2m | [m[32mINFO [m[2m | [m[2mQbftBesuControllerBuilder[m[2m | [m[32mImported empty block #596 / 0 tx / 0 pending / 0 (0.0%) gas / (0xf20bd20b6fc8639ab32fac030eb880f26da35381e5c257826ae315fe3d3257c3)
[m[2m2026-09-23 23:26:24.009+0000[m[2m | [m[2mBftProcessorExecutor-QBFT-0[m[2m | [m[32mINFO [m[2m | [m[2mQbftBesuControllerBuilder[m[2m | [m[32mProduced empty block #597 / 0 tx / 0 pending / 0 (0.0%) gas / (0xd0c01c56ac7efdab1d1c335b37c516cec6c7e5f287d1f40991db264be606ea2a)
[m[2m2026-09-23 23:26:26.016+0000[m[2m | [m[2mEthScheduler-Workers-8[m[2m | [m[32mINFO [m[2m | [m[2mPersistBlockTask[m[2m | [m[32mBlock 598 (0x53a7716c654cd4e08d53152c17d236db941cbc8f4cda66094bda95839d73f653) is already imported
[m[2m2026-09-23 23:26:26.016+0000[m[2m | [m[2mBftProcessorExecutor-QBFT-0[m[2m | [m[32mINFO [m[2m | [m[2mQbftBesuControllerBuilder[m[2m | [m[32mImported empty block #598 / 0 tx / 0 pending / 0 (0.0%) gas / (0x53a7716c654cd4e08d53152c17d236db941cbc8f4cda66094bda95839d73f653)
[m[2m2026-09-23 23:26:28.015+0000[m[2m | [m[2mBftProcessorExecutor-QBFT-0[m[2m | [m[32mINFO [m[2m | [m[2mQbftBesuControllerBuilder[m[2m | [m[32mImported empty block #599 / 0 tx / 0 pending / 0 (0.0%) gas / (0x1e989b02e80c3ef613160a0de57049f6935733f12de87f573833e7b6d690e8b5)
[m[2m2026-09-23 23:26:28.015+0000[m[2m | [m[2mEthScheduler-Workers-2[m[2m | [m[32mINFO [m[2m | [m[2mPersistBlockTask[m[2m | [m[32mImported empty block #599 / 0 tx / 0 om / 0 (0.0%) gas / (0x1e989b02e80c3ef613160a0de57049f6935733f12de87f573833e7b6d690e8b5) in 0.000s. Peers: 5
[m[2m2026-09-23 23:26:30.044+0000[m[2m | [m[2mEthScheduler-Workers-7[m[2m | [m[32mINFO [m[2m | [m[2mPersistBlockTask[m[2m | [m[32mBlock 600 (0x7e02906b43105ed571936fa55955b9019c2f35b709589fe79e9520d7a9f87bcd) is already imported
[m[2m2026-09-23 23:26:30.044+0000[m[2m | [m[2mBftProcessorExecutor-QBFT-0[m[2m | [m[32mINFO [m[2m | [m[2mQbftBesuControllerBuilder[m[2m | [m[32mImported empty block #600 / 0 tx / 0 pending / 0 (0.0%) gas / (0x7e02906b43105ed571936fa55955b9019c2f35b709589fe79e9520d7a9f87bcd)
[m[2m2026-09-23 23:26:32.012+0000[m[2m | [m[2mBftProcessorExecutor-QBFT-0[m[2m | [m[32mINFO [m[2m | [m[2mQbftBesuControllerBuilder[m[2m | [m[32mImported empty block #601 / 0 tx / 0 pending / 0 (0.0%) gas / (0xa1631b71f2477981fecf2b3b4c5d985892b1793c39d41c1a030d55ef4ee476ee)
[m[2m2026-09-23 23:26:34.011+0000[m[2m | [m[2mBftProcessorExecutor-QBFT-0[m[2m | [m[32mINFO [m[2m | [m[2mQbftBesuControllerBuilder[m[2m | [m[32mImported empty block #602 / 0 tx / 0 pending / 0 (0.0%) gas / (0x3fed1a6caff0522cb43a4893c7daee22e8b975dd1d749b5707c970733b6538d9)
[m[2m2026-09-23 23:26:36.009+0000[m[2m | [m[2mBftProcessorExecutor-QBFT-0[m[2m | [m[32mINFO [m[2m | [m[2mQbftBesuControllerBuilder[m[2m | [m[32mProduced empty block #603 / 0 tx / 0 pending / 0 (0.0%) gas / (0xf714b230013166cdb0d74f8dce001a7273f53116a70f037ccee61d8ee4887564)
[m[2m2026-09-23 23:26:38.008+0000[m[2m | [m[2mBftProcessorExecutor-QBFT-0[m[2m | [m[32mINFO [m[2m | [m[2mQbftBesuControllerBuilder[m[2m | [m[32mImported empty block #604 / 0 tx / 0 pending / 0 (0.0%) gas / (0x26c72a68a2fa0e52b7b443427548f23db26eae495b13e93ed33bae4eaa6a557e)
[m[2m2026-09-23 23:26:40.009+0000[m[2m | [m[2mBftProcessorExecutor-QBFT-0[m[2m | [m[32mINFO [m[2m | [m[2mQbftBesuControllerBuilder[m[2m | [m[32mImported empty block #605 / 0 tx / 0 pending / 0 (0.0%) gas / (0x01a31a704d51bcb983f649ca5b961694ff18877840c8f4fe3262ca174b906df2)
[m[2m2026-09-23 23:26:42.014+0000[m[2m | [m[2mBftProcessorExecutor-QBFT-0[m[2m | [m[32mINFO [m[2m | [m[2mQbftBesuControllerBuilder[m[2m | [m[32mImported empty block #606 / 0 tx / 0 pending / 0 (0.0%) gas / (0xd7846c43c92277bec149c09db4f2682d6caffb599c67a9527725c80ee4d3468e)
[m[2m2026-09-23 23:26:44.030+0000[m[2m | [m[2mBftProcessorExecutor-QBFT-0[m[2m | [m[32mINFO [m[2m | [m[2mQbftBesuControllerBuilder[m[2m | [m[32mImported empty block #607 / 0 tx / 0 pending / 0 (0.0%) gas / (0x1e7b961cf00baf2119c550c7032a2902fed097aff88870ea7ef513e0e859d72f)
[m[2m2026-09-23 23:26:44.030+0000[m[2m | [m[2mEthScheduler-Workers-3[m[2m | [m[32mINFO [m[2m | [m[2mPersistBlockTask[m[2m | [m[32mBlock 607 (0x1e7b961cf00baf2119c550c7032a2902fed097aff88870ea7ef513e0e859d72f) is already imported
[m[2m2026-09-23 23:26:46.010+0000[m[2m | [m[2mBftProcessorExecutor-QBFT-0[m[2m | [m[32mINFO [m[2m | [m[2mQbftBesuControllerBuilder[m[2m | [m[32mImported empty block #608 / 0 tx / 0 pending / 0 (0.0%) gas / (0xa123489b20f02def65ea3c421e986a5078fc1244032fef6689f03bea66972bb1)
[m[2m2026-09-23 23:26:48.012+0000[m[2m | [m[2mBftProcessorExecutor-QBFT-0[m[2m | [m[32mINFO [m[2m | [m[2mQbftBesuControllerBuilder[m[2m | [m[32mProduced empty block #609 / 0 tx / 0 pending / 0 (0.0%) gas / (0x2a343b7d99158b094c5e7dab40ad0478b579b22dec8b8061893fb66f4fd20a4c)
[m[2m2026-09-23 23:26:50.020+0000[m[2m | [m[2mBftProcessorExecutor-QBFT-0[m[2m | [m[32mINFO [m[2m | [m[2mQbftBesuControllerBuilder[m[2m | [m[32mImported empty block #610 / 0 tx / 0 pending / 0 (0.0%) gas / (0x93d2d0846f4587585079bfb473265e073fec5f24a9fb9114ce31d696784078c4)
[m[2m2026-09-23 23:26:50.020+0000[m[2m | [m[2mEthScheduler-Workers-4[m[2m | [m[32mINFO [m[2m | [m[2mPersistBlockTask[m[2m | [m[32mImported empty block #610 / 0 tx / 0 om / 0 (0.0%) gas / (0x93d2d0846f4587585079bfb473265e073fec5f24a9fb9114ce31d696784078c4) in 0.000s. Peers: 5
[m[2m2026-09-23 23:26:52.044+0000[m[2m | [m[2mBftProcessorExecutor-QBFT-0[m[2m | [m[32mINFO [m[2m | [m[2mQbftBesuControllerBuilder[m[2m | [m[32mImported block       #611 / 1 tx / 0 pending / 187,178 (0.6%) gas / (0xe2c3c1b7481b0984f825c0c880384885d3ff61626f0ffd99f719e88a71cf2d19)
[m[2m2026-09-23 23:26:54.011+0000[m[2m | [m[2mBftProcessorExecutor-QBFT-0[m[2m | [m[32mINFO [m[2m | [m[2mQbftBesuControllerBuilder[m[2m | [m[32mImported empty block #612 / 0 tx / 0 pending / 0 (0.0%) gas / (0xa1d4b39bb02052bce83f0e1b0c9d588a50902da5ea36c66b4ad773e990462e75)
[m[2m2026-09-23 23:26:56.010+0000[m[2m | [m[2mBftProcessorExecutor-QBFT-0[m[2m | [m[32mINFO [m[2m | [m[2mQbftBesuControllerBuilder[m[2m | [m[32mImported empty block #613 / 0 tx / 0 pending / 0 (0.0%) gas / (0xf9f2a9e060bb38881f21b742886aa56a7a90da8483dd3c1e2dfe4fed2c791d21)
[m[2m2026-09-23 23:26:58.013+0000[m[2m | [m[2mBftProcessorExecutor-QBFT-0[m[2m | [m[32mINFO [m[2m | [m[2mQbftBesuControllerBuilder[m[2m | [m[32mImported empty block #614 / 0 tx / 0 pending / 0 (0.0%) gas / (0x3b7b52d0b4a8288f8e6c62265aeb0ea1bac74961b47b2ba6eadd334d745661fe)
[m[2m2026-09-23 23:27:00.036+0000[m[2m | [m[2mBftProcessorExecutor-QBFT-0[m[2m | [m[32mINFO [m[2m | [m[2mQbftBesuControllerBuilder[m[2m | [m[32mProduced empty block #615 / 0 tx / 0 pending / 0 (0.0%) gas / (0xbf06292b086f2757d79db1a0a3a8a13a81456a54e50bfbcc89d66d0613a8720b)
[m[2m2026-09-23 23:27:02.012+0000[m[2m | [m[2mBftProcessorExecutor-QBFT-0[m[2m | [m[32mINFO [m[2m | [m[2mQbftBesuControllerBuilder[m[2m | [m[32mImported empty block #616 / 0 tx / 0 pending / 0 (0.0%) gas / (0xed9ebebb25c21f017121b96c19d64962ec9520119bdc59fba6d684f0a38b93d6)
[m[2m2026-09-23 23:27:04.012+0000[m[2m | [m[2mBftProcessorExecutor-QBFT-0[m[2m | [m[32mINFO [m[2m | [m[2mQbftBesuControllerBuilder[m[2m | [m[32mImported empty block #617 / 0 tx / 0 pending / 0 (0.0%) gas / (0xbc935189fdb429eb9d7d85077fd55402bdd18742afe095bc4c83215ba1e98128)
[m[2m2026-09-23 23:27:06.009+0000[m[2m | [m[2mBftProcessorExecutor-QBFT-0[m[2m | [m[32mINFO [m[2m | [m[2mQbftBesuControllerBuilder[m[2m | [m[32mImported empty block #618 / 0 tx / 0 pending / 0 (0.0%) gas / (0xa8a555fcc7a68a369b8629729a2e4e0799fb2fc3794abb6dc65bfc46f1ba5200)
