[2026-09-23 23:09:58:954] INFO No private key provided, auto-generating one for block signing
[2026-09-23 23:09:58:954] INFO 🥷  Madara Node
[2026-09-23 23:09:58:954] INFO 💁 Support URL: https://github.com/madara-alliance/madara/issues
[2026-09-23 23:09:58:954] INFO 🏷  Node Name: MadaraBravoDrone2
[2026-09-23 23:09:58:954] INFO 👤 Role: Full Node
[2026-09-23 23:09:58:954] INFO 🌐 Network: Madara (chain id `convoy_bravo`)
[2026-09-23 23:09:58:959] INFO 💻 Operating system: Linux 12 Debian GNU/Linux
[2026-09-23 23:09:58:959] INFO 💻 CPU architecture: x86_64
[2026-09-23 23:09:58:959] INFO 💻 CPU: Intel(R) Core(TM) Ultra 9 285H
[2026-09-23 23:09:58:959] INFO 💻 CPU cores: 16
[2026-09-23 23:09:58:959] INFO 💻 Memory: 24032MiB
[2026-09-23 23:09:58:959] INFO 💻 Kernel: 6.6.87.2-microsoft-standard-WSL2
[2026-09-23 23:09:58:959] INFO Cairo native disabled - all contracts will use Cairo VM
[2026-09-23 23:09:58:959] INFO 💾 Opening database at: /madara_db
[2026-09-23 23:09:58:959] INFO 💾  Preconfirmed blocks will be saved to database
[2026-09-23 23:09:58:959] INFO 📦 Creating new database at version 8
[2026-09-23 23:09:59:239] INFO 📝 Database write mode: WAL enabled, fsync disabled (recommended)
[2026-09-23 23:09:59:239] INFO 💼 Starting chain with block: empty state
[2026-09-23 23:09:59:299] INFO 📱 Running JSON-RPC server at http://0.0.0.0:9944/rpc/v0.9.0/ (allowed origins=["*"], supported versions=["/rpc/v0.7.1/", "/rpc/v0.8.1/", "/rpc/v0.9.0/"])
[2026-09-23 23:09:59:354] INFO 🌐 Initializing sync from gateway
[2026-09-23 23:09:59:354] INFO 📊 Database head status: latest_full_block=0, starting sync from block #0
[2026-09-23 23:10:02:355] INFO 📥 Blocks: 1 [0] | Classes: 1 [0] | State: 1 [0]
[2026-09-23 23:10:02:355] INFO 🔗 Sync is at 1/1 [0.67 blocks/s]
[2026-09-23 23:10:05:356] INFO 📥 Blocks: 1 [0] | Classes: 1 [0] | State: 1 [0]
[2026-09-23 23:10:05:356] INFO 🔗 Sync is at 1/1 [0.33 blocks/s]
[2026-09-23 23:10:08:356] INFO 📥 Blocks: 2 [0] | Classes: 2 [0] | State: 2 [0]
[2026-09-23 23:10:08:356] INFO 🔗 Sync is at 2/2 [0.33 blocks/s]
[2026-09-23 23:10:11:355] INFO 📥 Blocks: 2 [0] | Classes: 2 [0] | State: 2 [0]
[2026-09-23 23:10:11:355] INFO 🔗 Sync is at 2/2 [0.25 blocks/s]
[2026-09-23 23:10:14:356] INFO 📥 Blocks: 3 [0] | Classes: 3 [0] | State: 3 [0]
[2026-09-23 23:10:14:356] INFO 🔗 Sync is at 3/3 [0.27 blocks/s]
[2026-09-23 23:10:17:089] WARN mc_gateway_client::methods Failed to get with StarknetError(StarknetError { code: BlockNotFound, message: "Pre-confirmed block with number 4 was not found. Current pre-confirmed block number is 5." }), retrying
[2026-09-23 23:10:17:191] WARN mc_gateway_client::methods Failed to get with StarknetError(StarknetError { code: BlockNotFound, message: "Pre-confirmed block with number 4 was not found. Current pre-confirmed block number is 5." }), retrying
[2026-09-23 23:10:17:356] INFO 📥 Blocks: 3 [0] | Classes: 3 [0] | State: 3 [0]
[2026-09-23 23:10:17:356] INFO 🔗 Sync is at 3/3 [0.22 blocks/s]
[2026-09-23 23:10:20:355] INFO 📥 Blocks: 4 [0] | Classes: 4 [0] | State: 4 [0]
[2026-09-23 23:10:20:355] INFO 🔗 Sync is at 4/4 [0.24 blocks/s]
[2026-09-23 23:10:23:355] INFO 📥 Blocks: 4 [0] | Classes: 4 [0] | State: 4 [0]
[2026-09-23 23:10:23:355] INFO 🔗 Sync is at 4/4 [0.21 blocks/s]
[2026-09-23 23:10:26:355] INFO 📥 Blocks: 5 [0] | Classes: 5 [0] | State: 5 [0]
[2026-09-23 23:10:26:355] INFO 🔗 Sync is at 5/5 [0.22 blocks/s]
[2026-09-23 23:10:29:375] INFO 📥 Blocks: 5 [0] | Classes: 5 [0] | State: 5 [0]
[2026-09-23 23:10:29:375] INFO 🔗 Sync is at 5/5 [0.20 blocks/s]
[2026-09-23 23:10:32:375] INFO 📥 Blocks: 6 [0] | Classes: 6 [0] | State: 6 [0]
[2026-09-23 23:10:32:375] INFO 🔗 Sync is at 6/6 [0.21 blocks/s]
[2026-09-23 23:10:35:374] INFO 📥 Blocks: 6 [0] | Classes: 6 [0] | State: 6 [0]
[2026-09-23 23:10:35:374] INFO 🔗 Sync is at 6/6 [0.19 blocks/s]
[2026-09-23 23:10:38:374] INFO 📥 Blocks: 7 [0] | Classes: 7 [0] | State: 7 [0]
[2026-09-23 23:10:38:374] INFO 🔗 Sync is at 7/7 [0.21 blocks/s]
[2026-09-23 23:10:41:374] INFO 📥 Blocks: 7 [0] | Classes: 7 [0] | State: 7 [0]
[2026-09-23 23:10:41:374] INFO 🔗 Sync is at 7/7 [0.19 blocks/s]
[2026-09-23 23:10:44:374] INFO 📥 Blocks: 8 [0] | Classes: 8 [0] | State: 8 [0]
[2026-09-23 23:10:44:374] INFO 🔗 Sync is at 8/8 [0.20 blocks/s]
[2026-09-23 23:10:47:374] INFO 📥 Blocks: 8 [0] | Classes: 8 [0] | State: 8 [0]
[2026-09-23 23:10:47:374] INFO 🔗 Sync is at 8/8 [0.19 blocks/s]
[2026-09-23 23:10:50:374] INFO 📥 Blocks: 9 [0] | Classes: 9 [0] | State: 9 [0]
[2026-09-23 23:10:50:374] INFO 🔗 Sync is at 9/9 [0.20 blocks/s]
[2026-09-23 23:10:53:375] INFO 📥 Blocks: 9 [0] | Classes: 9 [0] | State: 9 [0]
[2026-09-23 23:10:53:375] INFO 🔗 Sync is at 9/9 [0.19 blocks/s]
[2026-09-23 23:10:56:374] INFO 📥 Blocks: 10 [0] | Classes: 10 [0] | State: 10 [0]
[2026-09-23 23:10:56:374] INFO 🔗 Sync is at 10/10 [0.19 blocks/s]
[2026-09-23 23:10:59:394] INFO 📥 Blocks: 10 [0] | Classes: 10 [0] | State: 10 [0]
[2026-09-23 23:10:59:394] INFO 🔗 Sync is at 10/10 [0.18 blocks/s]
[2026-09-23 23:11:02:393] INFO 📥 Blocks: 11 [0] | Classes: 11 [0] | State: 11 [0]
[2026-09-23 23:11:02:393] INFO 🔗 Sync is at 11/11 [0.19 blocks/s]
[2026-09-23 23:11:05:394] INFO 📥 Blocks: 11 [0] | Classes: 11 [0] | State: 11 [0]
[2026-09-23 23:11:05:394] INFO 🔗 Sync is at 11/11 [0.18 blocks/s]
[2026-09-23 23:11:08:393] INFO 📥 Blocks: 12 [0] | Classes: 12 [0] | State: 12 [0]
[2026-09-23 23:11:08:393] INFO 🔗 Sync is at 12/12 [0.19 blocks/s]
[2026-09-23 23:11:11:393] INFO 📥 Blocks: 12 [0] | Classes: 12 [0] | State: 12 [0]
[2026-09-23 23:11:11:393] INFO 🔗 Sync is at 12/12 [0.18 blocks/s]
[2026-09-23 23:11:14:393] INFO 📥 Blocks: 13 [0] | Classes: 13 [0] | State: 13 [0]
[2026-09-23 23:11:14:393] INFO 🔗 Sync is at 13/13 [0.19 blocks/s]
[2026-09-23 23:11:17:393] INFO 📥 Blocks: 13 [0] | Classes: 13 [0] | State: 13 [0]
[2026-09-23 23:11:17:393] INFO 🔗 Sync is at 13/13 [0.18 blocks/s]
[2026-09-23 23:11:20:394] INFO 📥 Blocks: 14 [0] | Classes: 14 [0] | State: 14 [0]
[2026-09-23 23:11:20:394] INFO 🔗 Sync is at 14/14 [0.19 blocks/s]
[2026-09-23 23:11:23:148] WARN mc_gateway_client::methods Failed to get with StarknetError(StarknetError { code: BlockNotFound, message: "Pre-confirmed block with number 15 was not found. Current pre-confirmed block number is 16." }), retrying
[2026-09-23 23:11:23:250] WARN mc_gateway_client::methods Failed to get with StarknetError(StarknetError { code: BlockNotFound, message: "Pre-confirmed block with number 15 was not found. Current pre-confirmed block number is 16." }), retrying
[2026-09-23 23:11:23:393] INFO 📥 Blocks: 14 [0] | Classes: 14 [0] | State: 14 [0]
[2026-09-23 23:11:23:393] INFO 🔗 Sync is at 14/14 [0.18 blocks/s]
[2026-09-23 23:11:23:452] WARN mc_gateway_client::methods Failed to get with StarknetError(StarknetError { code: BlockNotFound, message: "Pre-confirmed block with number 15 was not found. Current pre-confirmed block number is 16." }), retrying
[2026-09-23 23:11:26:393] INFO 📥 Blocks: 15 [0] | Classes: 15 [0] | State: 15 [0]
[2026-09-23 23:11:26:393] INFO 🔗 Sync is at 15/15 [0.18 blocks/s]
[2026-09-23 23:11:29:409] INFO 📥 Blocks: 15 [0] | Classes: 15 [0] | State: 15 [0]
[2026-09-23 23:11:29:409] INFO 🔗 Sync is at 15/15 [0.18 blocks/s]
[2026-09-23 23:11:32:409] INFO 📥 Blocks: 16 [0] | Classes: 16 [0] | State: 16 [0]
[2026-09-23 23:11:32:409] INFO 🔗 Sync is at 16/16 [0.18 blocks/s]
[2026-09-23 23:11:35:409] INFO 📥 Blocks: 16 [0] | Classes: 16 [0] | State: 16 [0]
[2026-09-23 23:11:35:409] INFO 🔗 Sync is at 16/16 [0.18 blocks/s]
[2026-09-23 23:11:38:409] INFO 📥 Blocks: 17 [0] | Classes: 17 [0] | State: 17 [0]
[2026-09-23 23:11:38:409] INFO 🔗 Sync is at 17/17 [0.18 blocks/s]
[2026-09-23 23:11:41:409] INFO 📥 Blocks: 17 [0] | Classes: 17 [0] | State: 17 [0]
[2026-09-23 23:11:41:409] INFO 🔗 Sync is at 17/17 [0.18 blocks/s]
[2026-09-23 23:11:44:409] INFO 📥 Blocks: 18 [0] | Classes: 18 [0] | State: 18 [0]
[2026-09-23 23:11:44:409] INFO 🔗 Sync is at 18/18 [0.18 blocks/s]
[2026-09-23 23:11:47:409] INFO 📥 Blocks: 18 [0] | Classes: 18 [0] | State: 18 [0]
[2026-09-23 23:11:47:409] INFO 🔗 Sync is at 18/18 [0.18 blocks/s]
[2026-09-23 23:11:50:409] INFO 📥 Blocks: 19 [0] | Classes: 19 [0] | State: 19 [0]
[2026-09-23 23:11:50:409] INFO 🔗 Sync is at 19/19 [0.18 blocks/s]
[2026-09-23 23:11:53:409] INFO 📥 Blocks: 19 [0] | Classes: 19 [0] | State: 19 [0]
[2026-09-23 23:11:53:409] INFO 🔗 Sync is at 19/19 [0.18 blocks/s]
[2026-09-23 23:11:56:410] INFO 📥 Blocks: 20 [0] | Classes: 20 [0] | State: 20 [0]
[2026-09-23 23:11:56:410] INFO 🔗 Sync is at 20/20 [0.18 blocks/s]
[2026-09-23 23:11:59:176] WARN mc_gateway_client::methods Failed to get with StarknetError(StarknetError { code: BlockNotFound, message: "Pre-confirmed block with number 21 was not found. Current pre-confirmed block number is 22." }), retrying
[2026-09-23 23:11:59:277] WARN mc_gateway_client::methods Failed to get with StarknetError(StarknetError { code: BlockNotFound, message: "Pre-confirmed block with number 21 was not found. Current pre-confirmed block number is 22." }), retrying
[2026-09-23 23:11:59:423] INFO 📥 Blocks: 20 [0] | Classes: 20 [0] | State: 20 [0]
[2026-09-23 23:11:59:423] INFO 🔗 Sync is at 20/20 [0.17 blocks/s]
[2026-09-23 23:11:59:479] WARN mc_gateway_client::methods Failed to get with StarknetError(StarknetError { code: BlockNotFound, message: "Pre-confirmed block with number 21 was not found. Current pre-confirmed block number is 22." }), retrying
[2026-09-23 23:12:02:423] INFO 📥 Blocks: 21 [0] | Classes: 21 [0] | State: 21 [0]
[2026-09-23 23:12:02:423] INFO 🔗 Sync is at 21/21 [0.18 blocks/s]
[2026-09-23 23:12:05:422] INFO 📥 Blocks: 21 [0] | Classes: 21 [0] | State: 21 [0]
[2026-09-23 23:12:05:422] INFO 🔗 Sync is at 21/21 [0.17 blocks/s]
[2026-09-23 23:12:08:422] INFO 📥 Blocks: 22 [0] | Classes: 22 [0] | State: 22 [0]
[2026-09-23 23:12:08:422] INFO 🔗 Sync is at 22/22 [0.18 blocks/s]
[2026-09-23 23:12:11:423] INFO 📥 Blocks: 22 [0] | Classes: 22 [0] | State: 22 [0]
[2026-09-23 23:12:11:423] INFO 🔗 Sync is at 22/22 [0.17 blocks/s]
[2026-09-23 23:12:14:423] INFO 📥 Blocks: 23 [0] | Classes: 23 [0] | State: 23 [0]
[2026-09-23 23:12:14:423] INFO 🔗 Sync is at 23/23 [0.18 blocks/s]
[2026-09-23 23:12:17:184] WARN mc_gateway_client::methods Failed to get with StarknetError(StarknetError { code: BlockNotFound, message: "Pre-confirmed block with number 24 was not found. Current pre-confirmed block number is 25." }), retrying
[2026-09-23 23:12:17:286] WARN mc_gateway_client::methods Failed to get with StarknetError(StarknetError { code: BlockNotFound, message: "Pre-confirmed block with number 24 was not found. Current pre-confirmed block number is 25." }), retrying
[2026-09-23 23:12:17:423] INFO 📥 Blocks: 23 [0] | Classes: 23 [0] | State: 23 [0]
[2026-09-23 23:12:17:423] INFO 🔗 Sync is at 23/23 [0.17 blocks/s]
[2026-09-23 23:12:17:489] WARN mc_gateway_client::methods Failed to get with StarknetError(StarknetError { code: BlockNotFound, message: "Pre-confirmed block with number 24 was not found. Current pre-confirmed block number is 25." }), retrying
[2026-09-23 23:12:20:423] INFO 📥 Blocks: 24 [0] | Classes: 24 [0] | State: 24 [0]
[2026-09-23 23:12:20:423] INFO 🔗 Sync is at 24/24 [0.18 blocks/s]
[2026-09-23 23:12:23:423] INFO 📥 Blocks: 24 [0] | Classes: 24 [0] | State: 24 [0]
[2026-09-23 23:12:23:423] INFO 🔗 Sync is at 24/24 [0.17 blocks/s]
[2026-09-23 23:12:26:422] INFO 📥 Blocks: 25 [0] | Classes: 25 [0] | State: 25 [0]
[2026-09-23 23:12:26:422] INFO 🔗 Sync is at 25/25 [0.18 blocks/s]
[2026-09-23 23:12:29:216] WARN mc_gateway_client::methods Failed to get with StarknetError(StarknetError { code: BlockNotFound, message: "Pre-confirmed block with number 26 was not found. Current pre-confirmed block number is 27." }), retrying
[2026-09-23 23:12:29:318] WARN mc_gateway_client::methods Failed to get with StarknetError(StarknetError { code: BlockNotFound, message: "Pre-confirmed block with number 26 was not found. Current pre-confirmed block number is 27." }), retrying
[2026-09-23 23:12:29:441] INFO 📥 Blocks: 25 [0] | Classes: 25 [0] | State: 25 [0]
[2026-09-23 23:12:29:441] INFO 🔗 Sync is at 25/25 [0.17 blocks/s]
[2026-09-23 23:12:29:520] WARN mc_gateway_client::methods Failed to get with StarknetError(StarknetError { code: BlockNotFound, message: "Pre-confirmed block with number 26 was not found. Current pre-confirmed block number is 27." }), retrying
[2026-09-23 23:12:32:441] INFO 📥 Blocks: 26 [0] | Classes: 26 [0] | State: 26 [0]
[2026-09-23 23:12:32:441] INFO 🔗 Sync is at 26/26 [0.18 blocks/s]
[2026-09-23 23:12:35:212] WARN mc_gateway_client::methods Failed to get with StarknetError(StarknetError { code: BlockNotFound, message: "Pre-confirmed block with number 27 was not found. Current pre-confirmed block number is 28." }), retrying
[2026-09-23 23:12:35:313] WARN mc_gateway_client::methods Failed to get with StarknetError(StarknetError { code: BlockNotFound, message: "Pre-confirmed block with number 27 was not found. Current pre-confirmed block number is 28." }), retrying
[2026-09-23 23:12:35:441] INFO 📥 Blocks: 26 [0] | Classes: 26 [0] | State: 26 [0]
[2026-09-23 23:12:35:441] INFO 🔗 Sync is at 26/26 [0.17 blocks/s]
[2026-09-23 23:12:35:515] WARN mc_gateway_client::methods Failed to get with StarknetError(StarknetError { code: BlockNotFound, message: "Pre-confirmed block with number 27 was not found. Current pre-confirmed block number is 28." }), retrying
[2026-09-23 23:12:38:440] INFO 📥 Blocks: 27 [0] | Classes: 27 [0] | State: 27 [0]
[2026-09-23 23:12:38:440] INFO 🔗 Sync is at 27/27 [0.18 blocks/s]
[2026-09-23 23:12:41:216] WARN mc_gateway_client::methods Failed to get with StarknetError(StarknetError { code: BlockNotFound, message: "Pre-confirmed block with number 28 was not found. Current pre-confirmed block number is 29." }), retrying
[2026-09-23 23:12:41:318] WARN mc_gateway_client::methods Failed to get with StarknetError(StarknetError { code: BlockNotFound, message: "Pre-confirmed block with number 28 was not found. Current pre-confirmed block number is 29." }), retrying
[2026-09-23 23:12:41:441] INFO 📥 Blocks: 27 [0] | Classes: 27 [0] | State: 27 [0]
[2026-09-23 23:12:41:441] INFO 🔗 Sync is at 27/27 [0.17 blocks/s]
[2026-09-23 23:12:41:520] WARN mc_gateway_client::methods Failed to get with StarknetError(StarknetError { code: BlockNotFound, message: "Pre-confirmed block with number 28 was not found. Current pre-confirmed block number is 29." }), retrying
[2026-09-23 23:12:44:440] INFO 📥 Blocks: 28 [0] | Classes: 28 [0] | State: 28 [0]
[2026-09-23 23:12:44:440] INFO 🔗 Sync is at 28/28 [0.18 blocks/s]
[2026-09-23 23:12:47:225] WARN mc_gateway_client::methods Failed to get with StarknetError(StarknetError { code: BlockNotFound, message: "Pre-confirmed block with number 29 was not found. Current pre-confirmed block number is 30." }), retrying
[2026-09-23 23:12:47:327] WARN mc_gateway_client::methods Failed to get with StarknetError(StarknetError { code: BlockNotFound, message: "Pre-confirmed block with number 29 was not found. Current pre-confirmed block number is 30." }), retrying
[2026-09-23 23:12:47:440] INFO 📥 Blocks: 28 [0] | Classes: 28 [0] | State: 28 [0]
[2026-09-23 23:12:47:440] INFO 🔗 Sync is at 28/28 [0.17 blocks/s]
[2026-09-23 23:12:47:528] WARN mc_gateway_client::methods Failed to get with StarknetError(StarknetError { code: BlockNotFound, message: "Pre-confirmed block with number 29 was not found. Current pre-confirmed block number is 30." }), retrying
[2026-09-23 23:12:50:440] INFO 📥 Blocks: 29 [0] | Classes: 29 [0] | State: 29 [0]
[2026-09-23 23:12:50:440] INFO 🔗 Sync is at 29/29 [0.18 blocks/s]
[2026-09-23 23:12:53:234] WARN mc_gateway_client::methods Failed to get with StarknetError(StarknetError { code: BlockNotFound, message: "Pre-confirmed block with number 30 was not found. Current pre-confirmed block number is 31." }), retrying
[2026-09-23 23:12:53:335] WARN mc_gateway_client::methods Failed to get with StarknetError(StarknetError { code: BlockNotFound, message: "Pre-confirmed block with number 30 was not found. Current pre-confirmed block number is 31." }), retrying
[2026-09-23 23:12:53:441] INFO 📥 Blocks: 29 [0] | Classes: 29 [0] | State: 29 [0]
[2026-09-23 23:12:53:441] INFO 🔗 Sync is at 29/29 [0.17 blocks/s]
[2026-09-23 23:12:53:537] WARN mc_gateway_client::methods Failed to get with StarknetError(StarknetError { code: BlockNotFound, message: "Pre-confirmed block with number 30 was not found. Current pre-confirmed block number is 31." }), retrying
[2026-09-23 23:12:56:441] INFO 📥 Blocks: 30 [0] | Classes: 30 [0] | State: 30 [0]
[2026-09-23 23:12:56:441] INFO 🔗 Sync is at 30/30 [0.18 blocks/s]
[2026-09-23 23:12:59:272] WARN mc_gateway_client::methods Failed to get with StarknetError(StarknetError { code: BlockNotFound, message: "Pre-confirmed block with number 31 was not found. Current pre-confirmed block number is 32." }), retrying
[2026-09-23 23:12:59:374] WARN mc_gateway_client::methods Failed to get with StarknetError(StarknetError { code: BlockNotFound, message: "Pre-confirmed block with number 31 was not found. Current pre-confirmed block number is 32." }), retrying
[2026-09-23 23:12:59:462] INFO 📥 Blocks: 30 [0] | Classes: 30 [0] | State: 30 [0]
[2026-09-23 23:12:59:462] INFO 🔗 Sync is at 30/30 [0.17 blocks/s]
[2026-09-23 23:12:59:576] WARN mc_gateway_client::methods Failed to get with StarknetError(StarknetError { code: BlockNotFound, message: "Pre-confirmed block with number 31 was not found. Current pre-confirmed block number is 32." }), retrying
[2026-09-23 23:13:02:461] INFO 📥 Blocks: 31 [0] | Classes: 31 [0] | State: 31 [0]
[2026-09-23 23:13:02:461] INFO 🔗 Sync is at 31/31 [0.17 blocks/s]
[2026-09-23 23:13:05:276] WARN mc_gateway_client::methods Failed to get with StarknetError(StarknetError { code: BlockNotFound, message: "Pre-confirmed block with number 32 was not found. Current pre-confirmed block number is 33." }), retrying
[2026-09-23 23:13:05:377] WARN mc_gateway_client::methods Failed to get with StarknetError(StarknetError { code: BlockNotFound, message: "Pre-confirmed block with number 32 was not found. Current pre-confirmed block number is 33." }), retrying
[2026-09-23 23:13:05:462] INFO 📥 Blocks: 31 [0] | Classes: 31 [0] | State: 31 [0]
[2026-09-23 23:13:05:462] INFO 🔗 Sync is at 31/31 [0.17 blocks/s]
[2026-09-23 23:13:05:579] WARN mc_gateway_client::methods Failed to get with StarknetError(StarknetError { code: BlockNotFound, message: "Pre-confirmed block with number 32 was not found. Current pre-confirmed block number is 33." }), retrying
[2026-09-23 23:13:08:462] INFO 📥 Blocks: 32 [0] | Classes: 32 [0] | State: 32 [0]
[2026-09-23 23:13:08:462] INFO 🔗 Sync is at 32/32 [0.17 blocks/s]
[2026-09-23 23:13:11:288] WARN mc_gateway_client::methods Failed to get with StarknetError(StarknetError { code: BlockNotFound, message: "Pre-confirmed block with number 33 was not found. Current pre-confirmed block number is 34." }), retrying
[2026-09-23 23:13:11:390] WARN mc_gateway_client::methods Failed to get with StarknetError(StarknetError { code: BlockNotFound, message: "Pre-confirmed block with number 33 was not found. Current pre-confirmed block number is 34." }), retrying
[2026-09-23 23:13:11:461] INFO 📥 Blocks: 32 [0] | Classes: 32 [0] | State: 32 [0]
[2026-09-23 23:13:11:461] INFO 🔗 Sync is at 32/32 [0.17 blocks/s]
[2026-09-23 23:13:11:591] WARN mc_gateway_client::methods Failed to get with StarknetError(StarknetError { code: BlockNotFound, message: "Pre-confirmed block with number 33 was not found. Current pre-confirmed block number is 34." }), retrying
[2026-09-23 23:13:14:462] INFO 📥 Blocks: 33 [0] | Classes: 33 [0] | State: 33 [0]
[2026-09-23 23:13:14:462] INFO 🔗 Sync is at 33/33 [0.17 blocks/s]
[2026-09-23 23:13:17:298] WARN mc_gateway_client::methods Failed to get with StarknetError(StarknetError { code: BlockNotFound, message: "Pre-confirmed block with number 34 was not found. Current pre-confirmed block number is 35." }), retrying
[2026-09-23 23:13:17:400] WARN mc_gateway_client::methods Failed to get with StarknetError(StarknetError { code: BlockNotFound, message: "Pre-confirmed block with number 34 was not found. Current pre-confirmed block number is 35." }), retrying
[2026-09-23 23:13:17:462] INFO 📥 Blocks: 33 [0] | Classes: 33 [0] | State: 33 [0]
[2026-09-23 23:13:17:462] INFO 🔗 Sync is at 33/33 [0.17 blocks/s]
[2026-09-23 23:13:17:601] WARN mc_gateway_client::methods Failed to get with StarknetError(StarknetError { code: BlockNotFound, message: "Pre-confirmed block with number 34 was not found. Current pre-confirmed block number is 35." }), retrying
[2026-09-23 23:13:20:462] INFO 📥 Blocks: 34 [0] | Classes: 34 [0] | State: 34 [0]
[2026-09-23 23:13:20:462] INFO 🔗 Sync is at 34/34 [0.17 blocks/s]
[2026-09-23 23:13:23:301] WARN mc_gateway_client::methods Failed to get with StarknetError(StarknetError { code: BlockNotFound, message: "Pre-confirmed block with number 35 was not found. Current pre-confirmed block number is 36." }), retrying
[2026-09-23 23:13:23:403] WARN mc_gateway_client::methods Failed to get with StarknetError(StarknetError { code: BlockNotFound, message: "Pre-confirmed block with number 35 was not found. Current pre-confirmed block number is 36." }), retrying
[2026-09-23 23:13:23:461] INFO 📥 Blocks: 34 [0] | Classes: 34 [0] | State: 34 [0]
[2026-09-23 23:13:23:461] INFO 🔗 Sync is at 34/34 [0.17 blocks/s]
[2026-09-23 23:13:23:605] WARN mc_gateway_client::methods Failed to get with StarknetError(StarknetError { code: BlockNotFound, message: "Pre-confirmed block with number 35 was not found. Current pre-confirmed block number is 36." }), retrying
[2026-09-23 23:13:26:461] INFO 📥 Blocks: 35 [0] | Classes: 35 [0] | State: 35 [0]
[2026-09-23 23:13:26:461] INFO 🔗 Sync is at 35/35 [0.17 blocks/s]
[2026-09-23 23:13:29:329] WARN mc_gateway_client::methods Failed to get with StarknetError(StarknetError { code: BlockNotFound, message: "Pre-confirmed block with number 36 was not found. Current pre-confirmed block number is 37." }), retrying
[2026-09-23 23:13:29:430] WARN mc_gateway_client::methods Failed to get with StarknetError(StarknetError { code: BlockNotFound, message: "Pre-confirmed block with number 36 was not found. Current pre-confirmed block number is 37." }), retrying
[2026-09-23 23:13:29:475] INFO 📥 Blocks: 35 [0] | Classes: 35 [0] | State: 35 [0]
[2026-09-23 23:13:29:475] INFO 🔗 Sync is at 35/35 [0.17 blocks/s]
[2026-09-23 23:13:29:631] WARN mc_gateway_client::methods Failed to get with StarknetError(StarknetError { code: BlockNotFound, message: "Pre-confirmed block with number 36 was not found. Current pre-confirmed block number is 37." }), retrying
[2026-09-23 23:13:32:475] INFO 📥 Blocks: 36 [0] | Classes: 36 [0] | State: 36 [0]
[2026-09-23 23:13:32:475] INFO 🔗 Sync is at 36/36 [0.17 blocks/s]
[2026-09-23 23:13:35:342] WARN mc_gateway_client::methods Failed to get with StarknetError(StarknetError { code: BlockNotFound, message: "Pre-confirmed block with number 37 was not found. Current pre-confirmed block number is 38." }), retrying
[2026-09-23 23:13:35:443] WARN mc_gateway_client::methods Failed to get with StarknetError(StarknetError { code: BlockNotFound, message: "Pre-confirmed block with number 37 was not found. Current pre-confirmed block number is 38." }), retrying
[2026-09-23 23:13:35:475] INFO 📥 Blocks: 36 [0] | Classes: 36 [0] | State: 36 [0]
[2026-09-23 23:13:35:475] INFO 🔗 Sync is at 36/36 [0.17 blocks/s]
[2026-09-23 23:13:35:645] WARN mc_gateway_client::methods Failed to get with StarknetError(StarknetError { code: BlockNotFound, message: "Pre-confirmed block with number 37 was not found. Current pre-confirmed block number is 38." }), retrying
[2026-09-23 23:13:38:475] INFO 📥 Blocks: 37 [0] | Classes: 37 [0] | State: 37 [0]
[2026-09-23 23:13:38:475] INFO 🔗 Sync is at 37/37 [0.17 blocks/s]
[2026-09-23 23:13:41:347] WARN mc_gateway_client::methods Failed to get with StarknetError(StarknetError { code: BlockNotFound, message: "Pre-confirmed block with number 38 was not found. Current pre-confirmed block number is 39." }), retrying
[2026-09-23 23:13:41:448] WARN mc_gateway_client::methods Failed to get with StarknetError(StarknetError { code: BlockNotFound, message: "Pre-confirmed block with number 38 was not found. Current pre-confirmed block number is 39." }), retrying
[2026-09-23 23:13:41:475] INFO 📥 Blocks: 37 [0] | Classes: 37 [0] | State: 37 [0]
[2026-09-23 23:13:41:475] INFO 🔗 Sync is at 37/37 [0.17 blocks/s]
[2026-09-23 23:13:41:649] WARN mc_gateway_client::methods Failed to get with StarknetError(StarknetError { code: BlockNotFound, message: "Pre-confirmed block with number 38 was not found. Current pre-confirmed block number is 39." }), retrying
[2026-09-23 23:13:44:475] INFO 📥 Blocks: 38 [0] | Classes: 38 [0] | State: 38 [0]
[2026-09-23 23:13:44:475] INFO 🔗 Sync is at 38/38 [0.17 blocks/s]
[2026-09-23 23:13:47:366] WARN mc_gateway_client::methods Failed to get with StarknetError(StarknetError { code: BlockNotFound, message: "Pre-confirmed block with number 39 was not found. Current pre-confirmed block number is 40." }), retrying
[2026-09-23 23:13:47:467] WARN mc_gateway_client::methods Failed to get with StarknetError(StarknetError { code: BlockNotFound, message: "Pre-confirmed block with number 39 was not found. Current pre-confirmed block number is 40." }), retrying
[2026-09-23 23:13:47:475] INFO 📥 Blocks: 38 [0] | Classes: 38 [0] | State: 38 [0]
[2026-09-23 23:13:47:475] INFO 🔗 Sync is at 38/38 [0.17 blocks/s]
[2026-09-23 23:13:47:668] WARN mc_gateway_client::methods Failed to get with StarknetError(StarknetError { code: BlockNotFound, message: "Pre-confirmed block with number 39 was not found. Current pre-confirmed block number is 40." }), retrying
[2026-09-23 23:13:50:475] INFO 📥 Blocks: 39 [0] | Classes: 39 [0] | State: 39 [0]
[2026-09-23 23:13:50:475] INFO 🔗 Sync is at 39/39 [0.17 blocks/s]
[2026-09-23 23:13:53:372] WARN mc_gateway_client::methods Failed to get with StarknetError(StarknetError { code: BlockNotFound, message: "Pre-confirmed block with number 40 was not found. Current pre-confirmed block number is 41." }), retrying
[2026-09-23 23:13:53:474] WARN mc_gateway_client::methods Failed to get with StarknetError(StarknetError { code: BlockNotFound, message: "Pre-confirmed block with number 40 was not found. Current pre-confirmed block number is 41." }), retrying
[2026-09-23 23:13:53:475] INFO 📥 Blocks: 39 [0] | Classes: 39 [0] | State: 39 [0]
[2026-09-23 23:13:53:475] INFO 🔗 Sync is at 39/39 [0.17 blocks/s]
[2026-09-23 23:13:53:676] WARN mc_gateway_client::methods Failed to get with StarknetError(StarknetError { code: BlockNotFound, message: "Pre-confirmed block with number 40 was not found. Current pre-confirmed block number is 41." }), retrying
[2026-09-23 23:13:56:475] INFO 📥 Blocks: 40 [0] | Classes: 40 [0] | State: 40 [0]
[2026-09-23 23:13:56:475] INFO 🔗 Sync is at 40/40 [0.17 blocks/s]
[2026-09-23 23:13:59:395] WARN mc_gateway_client::methods Failed to get with StarknetError(StarknetError { code: BlockNotFound, message: "Pre-confirmed block with number 41 was not found. Current pre-confirmed block number is 42." }), retrying
[2026-09-23 23:13:59:490] INFO 📥 Blocks: 40 [0] | Classes: 40 [0] | State: 40 [0]
[2026-09-23 23:13:59:490] INFO 🔗 Sync is at 40/40 [0.17 blocks/s]
[2026-09-23 23:13:59:496] WARN mc_gateway_client::methods Failed to get with StarknetError(StarknetError { code: BlockNotFound, message: "Pre-confirmed block with number 41 was not found. Current pre-confirmed block number is 42." }), retrying
[2026-09-23 23:13:59:698] WARN mc_gateway_client::methods Failed to get with StarknetError(StarknetError { code: BlockNotFound, message: "Pre-confirmed block with number 41 was not found. Current pre-confirmed block number is 42." }), retrying
[2026-09-23 23:14:02:490] INFO 📥 Blocks: 41 [0] | Classes: 41 [0] | State: 41 [0]
[2026-09-23 23:14:02:490] INFO 🔗 Sync is at 41/41 [0.17 blocks/s]
[2026-09-23 23:14:05:403] WARN mc_gateway_client::methods Failed to get with StarknetError(StarknetError { code: BlockNotFound, message: "Pre-confirmed block with number 42 was not found. Current pre-confirmed block number is 43." }), retrying
[2026-09-23 23:14:05:490] INFO 📥 Blocks: 41 [0] | Classes: 41 [0] | State: 41 [0]
[2026-09-23 23:14:05:490] INFO 🔗 Sync is at 41/41 [0.17 blocks/s]
[2026-09-23 23:14:05:505] WARN mc_gateway_client::methods Failed to get with StarknetError(StarknetError { code: BlockNotFound, message: "Pre-confirmed block with number 42 was not found. Current pre-confirmed block number is 43." }), retrying
[2026-09-23 23:14:05:706] WARN mc_gateway_client::methods Failed to get with StarknetError(StarknetError { code: BlockNotFound, message: "Pre-confirmed block with number 42 was not found. Current pre-confirmed block number is 43." }), retrying
[2026-09-23 23:14:08:490] INFO 📥 Blocks: 42 [0] | Classes: 42 [0] | State: 42 [0]
[2026-09-23 23:14:08:490] INFO 🔗 Sync is at 42/42 [0.17 blocks/s]
[2026-09-23 23:14:11:411] WARN mc_gateway_client::methods Failed to get with StarknetError(StarknetError { code: BlockNotFound, message: "Pre-confirmed block with number 43 was not found. Current pre-confirmed block number is 44." }), retrying
[2026-09-23 23:14:11:490] INFO 📥 Blocks: 42 [0] | Classes: 42 [0] | State: 42 [0]
[2026-09-23 23:14:11:490] INFO 🔗 Sync is at 42/42 [0.17 blocks/s]
[2026-09-23 23:14:11:513] WARN mc_gateway_client::methods Failed to get with StarknetError(StarknetError { code: BlockNotFound, message: "Pre-confirmed block with number 43 was not found. Current pre-confirmed block number is 44." }), retrying
[2026-09-23 23:14:11:715] WARN mc_gateway_client::methods Failed to get with StarknetError(StarknetError { code: BlockNotFound, message: "Pre-confirmed block with number 43 was not found. Current pre-confirmed block number is 44." }), retrying
[2026-09-23 23:14:14:490] INFO 📥 Blocks: 43 [0] | Classes: 43 [0] | State: 43 [0]
[2026-09-23 23:14:14:490] INFO 🔗 Sync is at 43/43 [0.17 blocks/s]
[2026-09-23 23:14:17:424] WARN mc_gateway_client::methods Failed to get with StarknetError(StarknetError { code: BlockNotFound, message: "Pre-confirmed block with number 44 was not found. Current pre-confirmed block number is 45." }), retrying
[2026-09-23 23:14:17:490] INFO 📥 Blocks: 43 [0] | Classes: 43 [0] | State: 43 [0]
[2026-09-23 23:14:17:490] INFO 🔗 Sync is at 43/43 [0.17 blocks/s]
[2026-09-23 23:14:17:526] WARN mc_gateway_client::methods Failed to get with StarknetError(StarknetError { code: BlockNotFound, message: "Pre-confirmed block with number 44 was not found. Current pre-confirmed block number is 45." }), retrying
[2026-09-23 23:14:17:727] WARN mc_gateway_client::methods Failed to get with StarknetError(StarknetError { code: BlockNotFound, message: "Pre-confirmed block with number 44 was not found. Current pre-confirmed block number is 45." }), retrying
[2026-09-23 23:14:20:490] INFO 📥 Blocks: 44 [0] | Classes: 44 [0] | State: 44 [0]
[2026-09-23 23:14:20:490] INFO 🔗 Sync is at 44/44 [0.17 blocks/s]
[2026-09-23 23:14:23:434] WARN mc_gateway_client::methods Failed to get with StarknetError(StarknetError { code: BlockNotFound, message: "Pre-confirmed block with number 45 was not found. Current pre-confirmed block number is 46." }), retrying
[2026-09-23 23:14:23:490] INFO 📥 Blocks: 44 [0] | Classes: 44 [0] | State: 44 [0]
[2026-09-23 23:14:23:490] INFO 🔗 Sync is at 44/44 [0.17 blocks/s]
[2026-09-23 23:14:23:537] WARN mc_gateway_client::methods Failed to get with StarknetError(StarknetError { code: BlockNotFound, message: "Pre-confirmed block with number 45 was not found. Current pre-confirmed block number is 46." }), retrying
[2026-09-23 23:14:23:738] WARN mc_gateway_client::methods Failed to get with StarknetError(StarknetError { code: BlockNotFound, message: "Pre-confirmed block with number 45 was not found. Current pre-confirmed block number is 46." }), retrying
[2026-09-23 23:14:26:490] INFO 📥 Blocks: 45 [0] | Classes: 45 [0] | State: 45 [0]
[2026-09-23 23:14:26:490] INFO 🔗 Sync is at 45/45 [0.17 blocks/s]
[2026-09-23 23:14:29:465] WARN mc_gateway_client::methods Failed to get with StarknetError(StarknetError { code: BlockNotFound, message: "Pre-confirmed block with number 46 was not found. Current pre-confirmed block number is 47." }), retrying
[2026-09-23 23:14:29:509] INFO 📥 Blocks: 45 [0] | Classes: 45 [0] | State: 45 [0]
[2026-09-23 23:14:29:509] INFO 🔗 Sync is at 45/45 [0.17 blocks/s]
[2026-09-23 23:14:29:566] WARN mc_gateway_client::methods Failed to get with StarknetError(StarknetError { code: BlockNotFound, message: "Pre-confirmed block with number 46 was not found. Current pre-confirmed block number is 47." }), retrying
[2026-09-23 23:14:29:771] WARN mc_gateway_client::methods Failed to get with StarknetError(StarknetError { code: BlockNotFound, message: "Pre-confirmed block with number 46 was not found. Current pre-confirmed block number is 47." }), retrying
[2026-09-23 23:14:32:508] INFO 📥 Blocks: 46 [0] | Classes: 46 [0] | State: 46 [0]
[2026-09-23 23:14:32:508] INFO 🔗 Sync is at 46/46 [0.17 blocks/s]
[2026-09-23 23:14:35:508] INFO 📥 Blocks: 46 [0] | Classes: 46 [0] | State: 46 [0]
[2026-09-23 23:14:35:508] INFO 🔗 Sync is at 46/46 [0.17 blocks/s]
[2026-09-23 23:14:35:709] WARN mc_gateway_client::methods Failed to get with StarknetError(StarknetError { code: BlockNotFound, message: "Pre-confirmed block with number 47 was not found. Current pre-confirmed block number is 48." }), retrying
[2026-09-23 23:14:35:811] WARN mc_gateway_client::methods Failed to get with StarknetError(StarknetError { code: BlockNotFound, message: "Pre-confirmed block with number 47 was not found. Current pre-confirmed block number is 48." }), retrying
[2026-09-23 23:14:38:508] INFO 📥 Blocks: 47 [0] | Classes: 47 [0] | State: 47 [0]
[2026-09-23 23:14:38:508] INFO 🔗 Sync is at 47/47 [0.17 blocks/s]
[2026-09-23 23:14:41:492] WARN mc_gateway_client::methods Failed to get with StarknetError(StarknetError { code: BlockNotFound, message: "Pre-confirmed block with number 48 was not found. Current pre-confirmed block number is 49." }), retrying
[2026-09-23 23:14:41:508] INFO 📥 Blocks: 47 [0] | Classes: 47 [0] | State: 47 [0]
[2026-09-23 23:14:41:508] INFO 🔗 Sync is at 47/47 [0.17 blocks/s]
[2026-09-23 23:14:41:593] WARN mc_gateway_client::methods Failed to get with StarknetError(StarknetError { code: BlockNotFound, message: "Pre-confirmed block with number 48 was not found. Current pre-confirmed block number is 49." }), retrying
[2026-09-23 23:14:41:794] WARN mc_gateway_client::methods Failed to get with StarknetError(StarknetError { code: BlockNotFound, message: "Pre-confirmed block with number 48 was not found. Current pre-confirmed block number is 49." }), retrying
[2026-09-23 23:14:44:508] INFO 📥 Blocks: 48 [0] | Classes: 48 [0] | State: 48 [0]
[2026-09-23 23:14:44:508] INFO 🔗 Sync is at 48/48 [0.17 blocks/s]
[2026-09-23 23:14:47:500] WARN mc_gateway_client::methods Failed to get with StarknetError(StarknetError { code: BlockNotFound, message: "Pre-confirmed block with number 49 was not found. Current pre-confirmed block number is 50." }), retrying
[2026-09-23 23:14:47:508] INFO 📥 Blocks: 48 [0] | Classes: 48 [0] | State: 48 [0]
[2026-09-23 23:14:47:508] INFO 🔗 Sync is at 48/48 [0.17 blocks/s]
[2026-09-23 23:14:47:602] WARN mc_gateway_client::methods Failed to get with StarknetError(StarknetError { code: BlockNotFound, message: "Pre-confirmed block with number 49 was not found. Current pre-confirmed block number is 50." }), retrying
[2026-09-23 23:14:47:803] WARN mc_gateway_client::methods Failed to get with StarknetError(StarknetError { code: BlockNotFound, message: "Pre-confirmed block with number 49 was not found. Current pre-confirmed block number is 50." }), retrying
[2026-09-23 23:14:50:508] INFO 📥 Blocks: 49 [0] | Classes: 49 [0] | State: 49 [0]
[2026-09-23 23:14:50:508] INFO 🔗 Sync is at 49/49 [0.17 blocks/s]
[2026-09-23 23:14:53:504] WARN mc_gateway_client::methods Failed to get with StarknetError(StarknetError { code: BlockNotFound, message: "Pre-confirmed block with number 50 was not found. Current pre-confirmed block number is 51." }), retrying
[2026-09-23 23:14:53:508] INFO 📥 Blocks: 49 [0] | Classes: 49 [0] | State: 49 [0]
[2026-09-23 23:14:53:508] INFO 🔗 Sync is at 49/49 [0.17 blocks/s]
[2026-09-23 23:14:53:607] WARN mc_gateway_client::methods Failed to get with StarknetError(StarknetError { code: BlockNotFound, message: "Pre-confirmed block with number 50 was not found. Current pre-confirmed block number is 51." }), retrying
[2026-09-23 23:14:53:809] WARN mc_gateway_client::methods Failed to get with StarknetError(StarknetError { code: BlockNotFound, message: "Pre-confirmed block with number 50 was not found. Current pre-confirmed block number is 51." }), retrying
[2026-09-23 23:14:56:508] INFO 📥 Blocks: 50 [0] | Classes: 50 [0] | State: 50 [0]
[2026-09-23 23:14:56:508] INFO 🔗 Sync is at 50/50 [0.17 blocks/s]
[2026-09-23 23:14:59:529] INFO 📥 Blocks: 50 [0] | Classes: 50 [0] | State: 50 [0]
[2026-09-23 23:14:59:529] INFO 🔗 Sync is at 50/50 [0.16 blocks/s]
[2026-09-23 23:14:59:542] WARN mc_gateway_client::methods Failed to get with StarknetError(StarknetError { code: BlockNotFound, message: "Pre-confirmed block with number 51 was not found. Current pre-confirmed block number is 52." }), retrying
[2026-09-23 23:14:59:645] WARN mc_gateway_client::methods Failed to get with StarknetError(StarknetError { code: BlockNotFound, message: "Pre-confirmed block with number 51 was not found. Current pre-confirmed block number is 52." }), retrying
[2026-09-23 23:14:59:846] WARN mc_gateway_client::methods Failed to get with StarknetError(StarknetError { code: BlockNotFound, message: "Pre-confirmed block with number 51 was not found. Current pre-confirmed block number is 52." }), retrying
[2026-09-23 23:15:02:530] INFO 📥 Blocks: 51 [0] | Classes: 51 [0] | State: 51 [0]
[2026-09-23 23:15:02:530] INFO 🔗 Sync is at 51/51 [0.17 blocks/s]
[2026-09-23 23:15:05:530] INFO 📥 Blocks: 51 [0] | Classes: 51 [0] | State: 51 [0]
[2026-09-23 23:15:05:530] INFO 🔗 Sync is at 51/51 [0.17 blocks/s]
[2026-09-23 23:15:05:567] WARN mc_gateway_client::methods Failed to get with StarknetError(StarknetError { code: BlockNotFound, message: "Pre-confirmed block with number 52 was not found. Current pre-confirmed block number is 53." }), retrying
[2026-09-23 23:15:05:670] WARN mc_gateway_client::methods Failed to get with StarknetError(StarknetError { code: BlockNotFound, message: "Pre-confirmed block with number 52 was not found. Current pre-confirmed block number is 53." }), retrying
[2026-09-23 23:15:05:871] WARN mc_gateway_client::methods Failed to get with StarknetError(StarknetError { code: BlockNotFound, message: "Pre-confirmed block with number 52 was not found. Current pre-confirmed block number is 53." }), retrying
[2026-09-23 23:15:08:530] INFO 📥 Blocks: 52 [0] | Classes: 52 [0] | State: 52 [0]
[2026-09-23 23:15:08:530] INFO 🔗 Sync is at 52/52 [0.17 blocks/s]
[2026-09-23 23:15:11:530] INFO 📥 Blocks: 52 [0] | Classes: 52 [0] | State: 52 [0]
[2026-09-23 23:15:11:530] INFO 🔗 Sync is at 52/52 [0.17 blocks/s]
[2026-09-23 23:15:11:565] WARN mc_gateway_client::methods Failed to get with StarknetError(StarknetError { code: BlockNotFound, message: "Pre-confirmed block with number 53 was not found. Current pre-confirmed block number is 54." }), retrying
[2026-09-23 23:15:11:666] WARN mc_gateway_client::methods Failed to get with StarknetError(StarknetError { code: BlockNotFound, message: "Pre-confirmed block with number 53 was not found. Current pre-confirmed block number is 54." }), retrying
[2026-09-23 23:15:11:868] WARN mc_gateway_client::methods Failed to get with StarknetError(StarknetError { code: BlockNotFound, message: "Pre-confirmed block with number 53 was not found. Current pre-confirmed block number is 54." }), retrying
[2026-09-23 23:15:14:530] INFO 📥 Blocks: 53 [0] | Classes: 53 [0] | State: 53 [0]
[2026-09-23 23:15:14:530] INFO 🔗 Sync is at 53/53 [0.17 blocks/s]
[2026-09-23 23:15:17:530] INFO 📥 Blocks: 53 [0] | Classes: 53 [0] | State: 53 [0]
[2026-09-23 23:15:17:530] INFO 🔗 Sync is at 53/53 [0.17 blocks/s]
[2026-09-23 23:15:17:574] WARN mc_gateway_client::methods Failed to get with StarknetError(StarknetError { code: BlockNotFound, message: "Pre-confirmed block with number 54 was not found. Current pre-confirmed block number is 55." }), retrying
[2026-09-23 23:15:17:675] WARN mc_gateway_client::methods Failed to get with StarknetError(StarknetError { code: BlockNotFound, message: "Pre-confirmed block with number 54 was not found. Current pre-confirmed block number is 55." }), retrying
[2026-09-23 23:15:17:876] WARN mc_gateway_client::methods Failed to get with StarknetError(StarknetError { code: BlockNotFound, message: "Pre-confirmed block with number 54 was not found. Current pre-confirmed block number is 55." }), retrying
[2026-09-23 23:15:20:530] INFO 📥 Blocks: 54 [0] | Classes: 54 [0] | State: 54 [0]
[2026-09-23 23:15:20:530] INFO 🔗 Sync is at 54/54 [0.17 blocks/s]
[2026-09-23 23:15:23:529] INFO 📥 Blocks: 54 [0] | Classes: 54 [0] | State: 54 [0]
[2026-09-23 23:15:23:529] INFO 🔗 Sync is at 54/54 [0.17 blocks/s]
[2026-09-23 23:15:23:585] WARN mc_gateway_client::methods Failed to get with StarknetError(StarknetError { code: BlockNotFound, message: "Pre-confirmed block with number 55 was not found. Current pre-confirmed block number is 56." }), retrying
[2026-09-23 23:15:23:687] WARN mc_gateway_client::methods Failed to get with StarknetError(StarknetError { code: BlockNotFound, message: "Pre-confirmed block with number 55 was not found. Current pre-confirmed block number is 56." }), retrying
[2026-09-23 23:15:23:888] WARN mc_gateway_client::methods Failed to get with StarknetError(StarknetError { code: BlockNotFound, message: "Pre-confirmed block with number 55 was not found. Current pre-confirmed block number is 56." }), retrying
[2026-09-23 23:15:26:530] INFO 📥 Blocks: 55 [0] | Classes: 55 [0] | State: 55 [0]
[2026-09-23 23:15:26:530] INFO 🔗 Sync is at 55/55 [0.17 blocks/s]
[2026-09-23 23:15:29:545] INFO 📥 Blocks: 55 [0] | Classes: 55 [0] | State: 55 [0]
[2026-09-23 23:15:29:545] INFO 🔗 Sync is at 55/55 [0.17 blocks/s]
[2026-09-23 23:15:29:613] WARN mc_gateway_client::methods Failed to get with StarknetError(StarknetError { code: BlockNotFound, message: "Pre-confirmed block with number 56 was not found. Current pre-confirmed block number is 57." }), retrying
[2026-09-23 23:15:29:715] WARN mc_gateway_client::methods Failed to get with StarknetError(StarknetError { code: BlockNotFound, message: "Pre-confirmed block with number 56 was not found. Current pre-confirmed block number is 57." }), retrying
[2026-09-23 23:15:29:916] WARN mc_gateway_client::methods Failed to get with StarknetError(StarknetError { code: BlockNotFound, message: "Pre-confirmed block with number 56 was not found. Current pre-confirmed block number is 57." }), retrying
[2026-09-23 23:15:32:544] INFO 📥 Blocks: 56 [0] | Classes: 56 [0] | State: 56 [0]
[2026-09-23 23:15:32:544] INFO 🔗 Sync is at 56/56 [0.17 blocks/s]
[2026-09-23 23:15:35:544] INFO 📥 Blocks: 56 [0] | Classes: 56 [0] | State: 56 [0]
[2026-09-23 23:15:35:544] INFO 🔗 Sync is at 56/56 [0.17 blocks/s]
[2026-09-23 23:15:35:621] WARN mc_gateway_client::methods Failed to get with StarknetError(StarknetError { code: BlockNotFound, message: "Pre-confirmed block with number 57 was not found. Current pre-confirmed block number is 58." }), retrying
[2026-09-23 23:15:35:723] WARN mc_gateway_client::methods Failed to get with StarknetError(StarknetError { code: BlockNotFound, message: "Pre-confirmed block with number 57 was not found. Current pre-confirmed block number is 58." }), retrying
[2026-09-23 23:15:35:925] WARN mc_gateway_client::methods Failed to get with StarknetError(StarknetError { code: BlockNotFound, message: "Pre-confirmed block with number 57 was not found. Current pre-confirmed block number is 58." }), retrying
[2026-09-23 23:15:38:544] INFO 📥 Blocks: 57 [0] | Classes: 57 [0] | State: 57 [0]
[2026-09-23 23:15:38:544] INFO 🔗 Sync is at 57/57 [0.17 blocks/s]
[2026-09-23 23:15:41:544] INFO 📥 Blocks: 57 [0] | Classes: 57 [0] | State: 57 [0]
[2026-09-23 23:15:41:544] INFO 🔗 Sync is at 57/57 [0.17 blocks/s]
[2026-09-23 23:15:41:630] WARN mc_gateway_client::methods Failed to get with StarknetError(StarknetError { code: BlockNotFound, message: "Pre-confirmed block with number 58 was not found. Current pre-confirmed block number is 59." }), retrying
[2026-09-23 23:15:41:732] WARN mc_gateway_client::methods Failed to get with StarknetError(StarknetError { code: BlockNotFound, message: "Pre-confirmed block with number 58 was not found. Current pre-confirmed block number is 59." }), retrying
[2026-09-23 23:15:41:934] WARN mc_gateway_client::methods Failed to get with StarknetError(StarknetError { code: BlockNotFound, message: "Pre-confirmed block with number 58 was not found. Current pre-confirmed block number is 59." }), retrying
[2026-09-23 23:15:44:544] INFO 📥 Blocks: 58 [0] | Classes: 58 [0] | State: 58 [0]
[2026-09-23 23:15:44:544] INFO 🔗 Sync is at 58/58 [0.17 blocks/s]
[2026-09-23 23:15:47:544] INFO 📥 Blocks: 58 [0] | Classes: 58 [0] | State: 58 [0]
[2026-09-23 23:15:47:544] INFO 🔗 Sync is at 58/58 [0.17 blocks/s]
[2026-09-23 23:15:47:641] WARN mc_gateway_client::methods Failed to get with StarknetError(StarknetError { code: BlockNotFound, message: "Pre-confirmed block with number 59 was not found. Current pre-confirmed block number is 60." }), retrying
[2026-09-23 23:15:47:743] WARN mc_gateway_client::methods Failed to get with StarknetError(StarknetError { code: BlockNotFound, message: "Pre-confirmed block with number 59 was not found. Current pre-confirmed block number is 60." }), retrying
[2026-09-23 23:15:47:945] WARN mc_gateway_client::methods Failed to get with StarknetError(StarknetError { code: BlockNotFound, message: "Pre-confirmed block with number 59 was not found. Current pre-confirmed block number is 60." }), retrying
[2026-09-23 23:15:50:544] INFO 📥 Blocks: 59 [0] | Classes: 59 [0] | State: 59 [0]
[2026-09-23 23:15:50:544] INFO 🔗 Sync is at 59/59 [0.17 blocks/s]
[2026-09-23 23:15:53:544] INFO 📥 Blocks: 59 [0] | Classes: 59 [0] | State: 59 [0]
[2026-09-23 23:15:53:544] INFO 🔗 Sync is at 59/59 [0.17 blocks/s]
[2026-09-23 23:15:53:655] WARN mc_gateway_client::methods Failed to get with StarknetError(StarknetError { code: BlockNotFound, message: "Pre-confirmed block with number 60 was not found. Current pre-confirmed block number is 61." }), retrying
[2026-09-23 23:15:53:757] WARN mc_gateway_client::methods Failed to get with StarknetError(StarknetError { code: BlockNotFound, message: "Pre-confirmed block with number 60 was not found. Current pre-confirmed block number is 61." }), retrying
[2026-09-23 23:15:53:959] WARN mc_gateway_client::methods Failed to get with StarknetError(StarknetError { code: BlockNotFound, message: "Pre-confirmed block with number 60 was not found. Current pre-confirmed block number is 61." }), retrying
[2026-09-23 23:15:56:544] INFO 📥 Blocks: 60 [0] | Classes: 60 [0] | State: 60 [0]
[2026-09-23 23:15:56:544] INFO 🔗 Sync is at 60/60 [0.17 blocks/s]
[2026-09-23 23:15:59:564] INFO 📥 Blocks: 60 [0] | Classes: 60 [0] | State: 60 [0]
[2026-09-23 23:15:59:564] INFO 🔗 Sync is at 60/60 [0.17 blocks/s]
[2026-09-23 23:15:59:677] WARN mc_gateway_client::methods Failed to get with StarknetError(StarknetError { code: BlockNotFound, message: "Pre-confirmed block with number 61 was not found. Current pre-confirmed block number is 62." }), retrying
[2026-09-23 23:15:59:780] WARN mc_gateway_client::methods Failed to get with StarknetError(StarknetError { code: BlockNotFound, message: "Pre-confirmed block with number 61 was not found. Current pre-confirmed block number is 62." }), retrying
[2026-09-23 23:15:59:982] WARN mc_gateway_client::methods Failed to get with StarknetError(StarknetError { code: BlockNotFound, message: "Pre-confirmed block with number 61 was not found. Current pre-confirmed block number is 62." }), retrying
[2026-09-23 23:16:02:564] INFO 📥 Blocks: 61 [0] | Classes: 61 [0] | State: 61 [0]
[2026-09-23 23:16:02:564] INFO 🔗 Sync is at 61/61 [0.17 blocks/s]
[2026-09-23 23:16:05:564] INFO 📥 Blocks: 61 [0] | Classes: 61 [0] | State: 61 [0]
[2026-09-23 23:16:05:564] INFO 🔗 Sync is at 61/61 [0.17 blocks/s]
[2026-09-23 23:16:05:694] WARN mc_gateway_client::methods Failed to get with StarknetError(StarknetError { code: BlockNotFound, message: "Pre-confirmed block with number 62 was not found. Current pre-confirmed block number is 63." }), retrying
[2026-09-23 23:16:05:796] WARN mc_gateway_client::methods Failed to get with StarknetError(StarknetError { code: BlockNotFound, message: "Pre-confirmed block with number 62 was not found. Current pre-confirmed block number is 63." }), retrying
[2026-09-23 23:16:05:997] WARN mc_gateway_client::methods Failed to get with StarknetError(StarknetError { code: BlockNotFound, message: "Pre-confirmed block with number 62 was not found. Current pre-confirmed block number is 63." }), retrying
[2026-09-23 23:16:08:564] INFO 📥 Blocks: 62 [0] | Classes: 62 [0] | State: 62 [0]
[2026-09-23 23:16:08:564] INFO 🔗 Sync is at 62/62 [0.17 blocks/s]
[2026-09-23 23:16:11:564] INFO 📥 Blocks: 62 [0] | Classes: 62 [0] | State: 62 [0]
[2026-09-23 23:16:11:564] INFO 🔗 Sync is at 62/62 [0.17 blocks/s]
[2026-09-23 23:16:11:706] WARN mc_gateway_client::methods Failed to get with StarknetError(StarknetError { code: BlockNotFound, message: "Pre-confirmed block with number 63 was not found. Current pre-confirmed block number is 64." }), retrying
[2026-09-23 23:16:11:807] WARN mc_gateway_client::methods Failed to get with StarknetError(StarknetError { code: BlockNotFound, message: "Pre-confirmed block with number 63 was not found. Current pre-confirmed block number is 64." }), retrying
[2026-09-23 23:16:12:008] WARN mc_gateway_client::methods Failed to get with StarknetError(StarknetError { code: BlockNotFound, message: "Pre-confirmed block with number 63 was not found. Current pre-confirmed block number is 64." }), retrying
[2026-09-23 23:16:14:564] INFO 📥 Blocks: 63 [0] | Classes: 63 [0] | State: 63 [0]
[2026-09-23 23:16:14:564] INFO 🔗 Sync is at 63/63 [0.17 blocks/s]
[2026-09-23 23:16:17:564] INFO 📥 Blocks: 63 [0] | Classes: 63 [0] | State: 63 [0]
[2026-09-23 23:16:17:564] INFO 🔗 Sync is at 63/63 [0.17 blocks/s]
[2026-09-23 23:16:17:714] WARN mc_gateway_client::methods Failed to get with StarknetError(StarknetError { code: BlockNotFound, message: "Pre-confirmed block with number 64 was not found. Current pre-confirmed block number is 65." }), retrying
[2026-09-23 23:16:17:816] WARN mc_gateway_client::methods Failed to get with StarknetError(StarknetError { code: BlockNotFound, message: "Pre-confirmed block with number 64 was not found. Current pre-confirmed block number is 65." }), retrying
[2026-09-23 23:16:18:018] WARN mc_gateway_client::methods Failed to get with StarknetError(StarknetError { code: BlockNotFound, message: "Pre-confirmed block with number 64 was not found. Current pre-confirmed block number is 65." }), retrying
[2026-09-23 23:16:20:564] INFO 📥 Blocks: 64 [0] | Classes: 64 [0] | State: 64 [0]
[2026-09-23 23:16:20:564] INFO 🔗 Sync is at 64/64 [0.17 blocks/s]
[2026-09-23 23:16:23:564] INFO 📥 Blocks: 64 [0] | Classes: 64 [0] | State: 64 [0]
[2026-09-23 23:16:23:564] INFO 🔗 Sync is at 64/64 [0.17 blocks/s]
[2026-09-23 23:16:23:724] WARN mc_gateway_client::methods Failed to get with StarknetError(StarknetError { code: BlockNotFound, message: "Pre-confirmed block with number 65 was not found. Current pre-confirmed block number is 66." }), retrying
[2026-09-23 23:16:23:826] WARN mc_gateway_client::methods Failed to get with StarknetError(StarknetError { code: BlockNotFound, message: "Pre-confirmed block with number 65 was not found. Current pre-confirmed block number is 66." }), retrying
[2026-09-23 23:16:24:028] WARN mc_gateway_client::methods Failed to get with StarknetError(StarknetError { code: BlockNotFound, message: "Pre-confirmed block with number 65 was not found. Current pre-confirmed block number is 66." }), retrying
[2026-09-23 23:16:26:564] INFO 📥 Blocks: 65 [0] | Classes: 65 [0] | State: 65 [0]
[2026-09-23 23:16:26:564] INFO 🔗 Sync is at 65/65 [0.17 blocks/s]
[2026-09-23 23:16:29:581] INFO 📥 Blocks: 65 [0] | Classes: 65 [0] | State: 65 [0]
[2026-09-23 23:16:29:581] INFO 🔗 Sync is at 65/65 [0.17 blocks/s]
[2026-09-23 23:16:29:753] WARN mc_gateway_client::methods Failed to get with StarknetError(StarknetError { code: BlockNotFound, message: "Pre-confirmed block with number 66 was not found. Current pre-confirmed block number is 67." }), retrying
[2026-09-23 23:16:29:854] WARN mc_gateway_client::methods Failed to get with StarknetError(StarknetError { code: BlockNotFound, message: "Pre-confirmed block with number 66 was not found. Current pre-confirmed block number is 67." }), retrying
[2026-09-23 23:16:30:056] WARN mc_gateway_client::methods Failed to get with StarknetError(StarknetError { code: BlockNotFound, message: "Pre-confirmed block with number 66 was not found. Current pre-confirmed block number is 67." }), retrying
[2026-09-23 23:16:32:581] INFO 📥 Blocks: 66 [0] | Classes: 66 [0] | State: 66 [0]
[2026-09-23 23:16:32:581] INFO 🔗 Sync is at 66/66 [0.17 blocks/s]
[2026-09-23 23:16:35:581] INFO 📥 Blocks: 66 [0] | Classes: 66 [0] | State: 66 [0]
[2026-09-23 23:16:35:582] INFO 🔗 Sync is at 66/66 [0.17 blocks/s]
[2026-09-23 23:16:35:768] WARN mc_gateway_client::methods Failed to get with StarknetError(StarknetError { code: BlockNotFound, message: "Pre-confirmed block with number 67 was not found. Current pre-confirmed block number is 68." }), retrying
[2026-09-23 23:16:35:871] WARN mc_gateway_client::methods Failed to get with StarknetError(StarknetError { code: BlockNotFound, message: "Pre-confirmed block with number 67 was not found. Current pre-confirmed block number is 68." }), retrying
[2026-09-23 23:16:36:072] WARN mc_gateway_client::methods Failed to get with StarknetError(StarknetError { code: BlockNotFound, message: "Pre-confirmed block with number 67 was not found. Current pre-confirmed block number is 68." }), retrying
[2026-09-23 23:16:38:582] INFO 📥 Blocks: 67 [0] | Classes: 67 [0] | State: 67 [0]
[2026-09-23 23:16:38:582] INFO 🔗 Sync is at 67/67 [0.17 blocks/s]
[2026-09-23 23:16:41:582] INFO 📥 Blocks: 67 [0] | Classes: 67 [0] | State: 67 [0]
[2026-09-23 23:16:41:582] INFO 🔗 Sync is at 67/67 [0.17 blocks/s]
[2026-09-23 23:16:41:779] WARN mc_gateway_client::methods Failed to get with StarknetError(StarknetError { code: BlockNotFound, message: "Pre-confirmed block with number 68 was not found. Current pre-confirmed block number is 69." }), retrying
[2026-09-23 23:16:41:880] WARN mc_gateway_client::methods Failed to get with StarknetError(StarknetError { code: BlockNotFound, message: "Pre-confirmed block with number 68 was not found. Current pre-confirmed block number is 69." }), retrying
[2026-09-23 23:16:42:081] WARN mc_gateway_client::methods Failed to get with StarknetError(StarknetError { code: BlockNotFound, message: "Pre-confirmed block with number 68 was not found. Current pre-confirmed block number is 69." }), retrying
[2026-09-23 23:16:44:582] INFO 📥 Blocks: 68 [0] | Classes: 68 [0] | State: 68 [0]
[2026-09-23 23:16:44:582] INFO 🔗 Sync is at 68/68 [0.17 blocks/s]
[2026-09-23 23:16:47:582] INFO 📥 Blocks: 68 [0] | Classes: 68 [0] | State: 68 [0]
[2026-09-23 23:16:47:582] INFO 🔗 Sync is at 68/68 [0.17 blocks/s]
[2026-09-23 23:16:47:789] WARN mc_gateway_client::methods Failed to get with StarknetError(StarknetError { code: BlockNotFound, message: "Pre-confirmed block with number 69 was not found. Current pre-confirmed block number is 70." }), retrying
[2026-09-23 23:16:47:891] WARN mc_gateway_client::methods Failed to get with StarknetError(StarknetError { code: BlockNotFound, message: "Pre-confirmed block with number 69 was not found. Current pre-confirmed block number is 70." }), retrying
[2026-09-23 23:16:48:093] WARN mc_gateway_client::methods Failed to get with StarknetError(StarknetError { code: BlockNotFound, message: "Pre-confirmed block with number 69 was not found. Current pre-confirmed block number is 70." }), retrying
[2026-09-23 23:16:50:582] INFO 📥 Blocks: 69 [0] | Classes: 69 [0] | State: 69 [0]
[2026-09-23 23:16:50:582] INFO 🔗 Sync is at 69/69 [0.17 blocks/s]
[2026-09-23 23:16:53:581] INFO 📥 Blocks: 69 [0] | Classes: 69 [0] | State: 69 [0]
[2026-09-23 23:16:53:581] INFO 🔗 Sync is at 69/69 [0.17 blocks/s]
[2026-09-23 23:16:53:796] WARN mc_gateway_client::methods Failed to get with StarknetError(StarknetError { code: BlockNotFound, message: "Pre-confirmed block with number 70 was not found. Current pre-confirmed block number is 71." }), retrying
[2026-09-23 23:16:53:898] WARN mc_gateway_client::methods Failed to get with StarknetError(StarknetError { code: BlockNotFound, message: "Pre-confirmed block with number 70 was not found. Current pre-confirmed block number is 71." }), retrying
[2026-09-23 23:16:54:099] WARN mc_gateway_client::methods Failed to get with StarknetError(StarknetError { code: BlockNotFound, message: "Pre-confirmed block with number 70 was not found. Current pre-confirmed block number is 71." }), retrying
[2026-09-23 23:16:56:582] INFO 📥 Blocks: 70 [0] | Classes: 70 [0] | State: 70 [0]
[2026-09-23 23:16:56:582] INFO 🔗 Sync is at 70/70 [0.17 blocks/s]
[2026-09-23 23:16:59:609] INFO 📥 Blocks: 70 [0] | Classes: 70 [0] | State: 70 [0]
[2026-09-23 23:16:59:609] INFO 🔗 Sync is at 70/70 [0.17 blocks/s]
[2026-09-23 23:16:59:841] WARN mc_gateway_client::methods Failed to get with StarknetError(StarknetError { code: BlockNotFound, message: "Pre-confirmed block with number 71 was not found. Current pre-confirmed block number is 72." }), retrying
[2026-09-23 23:16:59:942] WARN mc_gateway_client::methods Failed to get with StarknetError(StarknetError { code: BlockNotFound, message: "Pre-confirmed block with number 71 was not found. Current pre-confirmed block number is 72." }), retrying
[2026-09-23 23:17:00:145] WARN mc_gateway_client::methods Failed to get with StarknetError(StarknetError { code: BlockNotFound, message: "Pre-confirmed block with number 71 was not found. Current pre-confirmed block number is 72." }), retrying
[2026-09-23 23:17:02:609] INFO 📥 Blocks: 71 [0] | Classes: 71 [0] | State: 71 [0]
[2026-09-23 23:17:02:609] INFO 🔗 Sync is at 71/71 [0.17 blocks/s]
[2026-09-23 23:17:05:609] INFO 📥 Blocks: 71 [0] | Classes: 71 [0] | State: 71 [0]
[2026-09-23 23:17:05:609] INFO 🔗 Sync is at 71/71 [0.17 blocks/s]
[2026-09-23 23:17:05:849] WARN mc_gateway_client::methods Failed to get with StarknetError(StarknetError { code: BlockNotFound, message: "Pre-confirmed block with number 72 was not found. Current pre-confirmed block number is 73." }), retrying
[2026-09-23 23:17:05:951] WARN mc_gateway_client::methods Failed to get with StarknetError(StarknetError { code: BlockNotFound, message: "Pre-confirmed block with number 72 was not found. Current pre-confirmed block number is 73." }), retrying
[2026-09-23 23:17:06:153] WARN mc_gateway_client::methods Failed to get with StarknetError(StarknetError { code: BlockNotFound, message: "Pre-confirmed block with number 72 was not found. Current pre-confirmed block number is 73." }), retrying
[2026-09-23 23:17:08:609] INFO 📥 Blocks: 72 [0] | Classes: 72 [0] | State: 72 [0]
[2026-09-23 23:17:08:609] INFO 🔗 Sync is at 72/72 [0.17 blocks/s]
[2026-09-23 23:17:11:609] INFO 📥 Blocks: 72 [0] | Classes: 72 [0] | State: 72 [0]
[2026-09-23 23:17:11:609] INFO 🔗 Sync is at 72/72 [0.17 blocks/s]
[2026-09-23 23:17:11:861] WARN mc_gateway_client::methods Failed to get with StarknetError(StarknetError { code: BlockNotFound, message: "Pre-confirmed block with number 73 was not found. Current pre-confirmed block number is 74." }), retrying
[2026-09-23 23:17:11:963] WARN mc_gateway_client::methods Failed to get with StarknetError(StarknetError { code: BlockNotFound, message: "Pre-confirmed block with number 73 was not found. Current pre-confirmed block number is 74." }), retrying
[2026-09-23 23:17:12:165] WARN mc_gateway_client::methods Failed to get with StarknetError(StarknetError { code: BlockNotFound, message: "Pre-confirmed block with number 73 was not found. Current pre-confirmed block number is 74." }), retrying
[2026-09-23 23:17:14:608] INFO 📥 Blocks: 73 [0] | Classes: 73 [0] | State: 73 [0]
[2026-09-23 23:17:14:608] INFO 🔗 Sync is at 73/73 [0.17 blocks/s]
[2026-09-23 23:17:17:609] INFO 📥 Blocks: 73 [0] | Classes: 73 [0] | State: 73 [0]
[2026-09-23 23:17:17:609] INFO 🔗 Sync is at 73/73 [0.17 blocks/s]
[2026-09-23 23:17:17:872] WARN mc_gateway_client::methods Failed to get with StarknetError(StarknetError { code: BlockNotFound, message: "Pre-confirmed block with number 74 was not found. Current pre-confirmed block number is 75." }), retrying
[2026-09-23 23:17:17:973] WARN mc_gateway_client::methods Failed to get with StarknetError(StarknetError { code: BlockNotFound, message: "Pre-confirmed block with number 74 was not found. Current pre-confirmed block number is 75." }), retrying
[2026-09-23 23:17:18:175] WARN mc_gateway_client::methods Failed to get with StarknetError(StarknetError { code: BlockNotFound, message: "Pre-confirmed block with number 74 was not found. Current pre-confirmed block number is 75." }), retrying
[2026-09-23 23:17:20:609] INFO 📥 Blocks: 74 [0] | Classes: 74 [0] | State: 74 [0]
[2026-09-23 23:17:20:609] INFO 🔗 Sync is at 74/74 [0.17 blocks/s]
[2026-09-23 23:17:23:609] INFO 📥 Blocks: 74 [0] | Classes: 74 [0] | State: 74 [0]
[2026-09-23 23:17:23:609] INFO 🔗 Sync is at 74/74 [0.17 blocks/s]
[2026-09-23 23:17:23:879] WARN mc_gateway_client::methods Failed to get with StarknetError(StarknetError { code: BlockNotFound, message: "Pre-confirmed block with number 75 was not found. Current pre-confirmed block number is 76." }), retrying
[2026-09-23 23:17:23:981] WARN mc_gateway_client::methods Failed to get with StarknetError(StarknetError { code: BlockNotFound, message: "Pre-confirmed block with number 75 was not found. Current pre-confirmed block number is 76." }), retrying
[2026-09-23 23:17:24:183] WARN mc_gateway_client::methods Failed to get with StarknetError(StarknetError { code: BlockNotFound, message: "Pre-confirmed block with number 75 was not found. Current pre-confirmed block number is 76." }), retrying
[2026-09-23 23:17:26:608] INFO 📥 Blocks: 75 [0] | Classes: 75 [0] | State: 75 [0]
[2026-09-23 23:17:26:608] INFO 🔗 Sync is at 75/75 [0.17 blocks/s]
[2026-09-23 23:17:29:626] INFO 📥 Blocks: 75 [0] | Classes: 75 [0] | State: 75 [0]
[2026-09-23 23:17:29:626] INFO 🔗 Sync is at 75/75 [0.17 blocks/s]
[2026-09-23 23:17:29:910] WARN mc_gateway_client::methods Failed to get with StarknetError(StarknetError { code: BlockNotFound, message: "Pre-confirmed block with number 76 was not found. Current pre-confirmed block number is 77." }), retrying
[2026-09-23 23:17:30:012] WARN mc_gateway_client::methods Failed to get with StarknetError(StarknetError { code: BlockNotFound, message: "Pre-confirmed block with number 76 was not found. Current pre-confirmed block number is 77." }), retrying
[2026-09-23 23:17:30:213] WARN mc_gateway_client::methods Failed to get with StarknetError(StarknetError { code: BlockNotFound, message: "Pre-confirmed block with number 76 was not found. Current pre-confirmed block number is 77." }), retrying
[2026-09-23 23:17:32:626] INFO 📥 Blocks: 76 [0] | Classes: 76 [0] | State: 76 [0]
[2026-09-23 23:17:32:626] INFO 🔗 Sync is at 76/76 [0.17 blocks/s]
[2026-09-23 23:17:35:626] INFO 📥 Blocks: 76 [0] | Classes: 76 [0] | State: 76 [0]
[2026-09-23 23:17:35:626] INFO 🔗 Sync is at 76/76 [0.17 blocks/s]
[2026-09-23 23:17:35:920] WARN mc_gateway_client::methods Failed to get with StarknetError(StarknetError { code: BlockNotFound, message: "Pre-confirmed block with number 77 was not found. Current pre-confirmed block number is 78." }), retrying
[2026-09-23 23:17:36:022] WARN mc_gateway_client::methods Failed to get with StarknetError(StarknetError { code: BlockNotFound, message: "Pre-confirmed block with number 77 was not found. Current pre-confirmed block number is 78." }), retrying
[2026-09-23 23:17:36:223] WARN mc_gateway_client::methods Failed to get with StarknetError(StarknetError { code: BlockNotFound, message: "Pre-confirmed block with number 77 was not found. Current pre-confirmed block number is 78." }), retrying
[2026-09-23 23:17:38:627] INFO 📥 Blocks: 77 [0] | Classes: 77 [0] | State: 77 [0]
[2026-09-23 23:17:38:627] INFO 🔗 Sync is at 77/77 [0.17 blocks/s]
[2026-09-23 23:17:41:626] INFO 📥 Blocks: 77 [0] | Classes: 77 [0] | State: 77 [0]
[2026-09-23 23:17:41:626] INFO 🔗 Sync is at 77/77 [0.17 blocks/s]
[2026-09-23 23:17:41:936] WARN mc_gateway_client::methods Failed to get with StarknetError(StarknetError { code: BlockNotFound, message: "Pre-confirmed block with number 78 was not found. Current pre-confirmed block number is 79." }), retrying
[2026-09-23 23:17:42:038] WARN mc_gateway_client::methods Failed to get with StarknetError(StarknetError { code: BlockNotFound, message: "Pre-confirmed block with number 78 was not found. Current pre-confirmed block number is 79." }), retrying
[2026-09-23 23:17:42:240] WARN mc_gateway_client::methods Failed to get with StarknetError(StarknetError { code: BlockNotFound, message: "Pre-confirmed block with number 78 was not found. Current pre-confirmed block number is 79." }), retrying
[2026-09-23 23:17:44:626] INFO 📥 Blocks: 78 [0] | Classes: 78 [0] | State: 78 [0]
[2026-09-23 23:17:44:626] INFO 🔗 Sync is at 78/78 [0.17 blocks/s]
[2026-09-23 23:17:47:626] INFO 📥 Blocks: 78 [0] | Classes: 78 [0] | State: 78 [0]
[2026-09-23 23:17:47:626] INFO 🔗 Sync is at 78/78 [0.17 blocks/s]
[2026-09-23 23:17:47:940] WARN mc_gateway_client::methods Failed to get with StarknetError(StarknetError { code: BlockNotFound, message: "Pre-confirmed block with number 79 was not found. Current pre-confirmed block number is 80." }), retrying
[2026-09-23 23:17:48:042] WARN mc_gateway_client::methods Failed to get with StarknetError(StarknetError { code: BlockNotFound, message: "Pre-confirmed block with number 79 was not found. Current pre-confirmed block number is 80." }), retrying
[2026-09-23 23:17:48:244] WARN mc_gateway_client::methods Failed to get with StarknetError(StarknetError { code: BlockNotFound, message: "Pre-confirmed block with number 79 was not found. Current pre-confirmed block number is 80." }), retrying
[2026-09-23 23:17:50:626] INFO 📥 Blocks: 79 [0] | Classes: 79 [0] | State: 79 [0]
[2026-09-23 23:17:50:626] INFO 🔗 Sync is at 79/79 [0.17 blocks/s]
[2026-09-23 23:17:53:626] INFO 📥 Blocks: 79 [0] | Classes: 79 [0] | State: 79 [0]
[2026-09-23 23:17:53:626] INFO 🔗 Sync is at 79/79 [0.17 blocks/s]
[2026-09-23 23:17:53:952] WARN mc_gateway_client::methods Failed to get with StarknetError(StarknetError { code: BlockNotFound, message: "Pre-confirmed block with number 80 was not found. Current pre-confirmed block number is 81." }), retrying
[2026-09-23 23:17:54:053] WARN mc_gateway_client::methods Failed to get with StarknetError(StarknetError { code: BlockNotFound, message: "Pre-confirmed block with number 80 was not found. Current pre-confirmed block number is 81." }), retrying
[2026-09-23 23:17:54:255] WARN mc_gateway_client::methods Failed to get with StarknetError(StarknetError { code: BlockNotFound, message: "Pre-confirmed block with number 80 was not found. Current pre-confirmed block number is 81." }), retrying
[2026-09-23 23:17:56:626] INFO 📥 Blocks: 80 [0] | Classes: 80 [0] | State: 80 [0]
[2026-09-23 23:17:56:626] INFO 🔗 Sync is at 80/80 [0.17 blocks/s]
[2026-09-23 23:17:59:478] WARN mc_gateway_client::methods Failed to get with StarknetError(StarknetError { code: BlockNotFound, message: "Pre-confirmed block with number 81 was not found. Current pre-confirmed block number is 82." }), retrying
[2026-09-23 23:17:59:580] WARN mc_gateway_client::methods Failed to get with StarknetError(StarknetError { code: BlockNotFound, message: "Pre-confirmed block with number 81 was not found. Current pre-confirmed block number is 82." }), retrying
[2026-09-23 23:17:59:643] INFO 📥 Blocks: 80 [0] | Classes: 80 [0] | State: 80 [0]
[2026-09-23 23:17:59:643] INFO 🔗 Sync is at 80/80 [0.17 blocks/s]
[2026-09-23 23:17:59:782] WARN mc_gateway_client::methods Failed to get with StarknetError(StarknetError { code: BlockNotFound, message: "Pre-confirmed block with number 81 was not found. Current pre-confirmed block number is 82." }), retrying
[2026-09-23 23:18:00:183] WARN mc_gateway_client::methods Failed to get with StarknetError(StarknetError { code: BlockNotFound, message: "Pre-confirmed block with number 81 was not found. Current pre-confirmed block number is 82." }), retrying
[2026-09-23 23:18:02:643] INFO 📥 Blocks: 81 [0] | Classes: 81 [0] | State: 81 [0]
[2026-09-23 23:18:02:643] INFO 🔗 Sync is at 81/81 [0.17 blocks/s]
[2026-09-23 23:18:05:491] WARN mc_gateway_client::methods Failed to get with StarknetError(StarknetError { code: BlockNotFound, message: "Pre-confirmed block with number 82 was not found. Current pre-confirmed block number is 83." }), retrying
[2026-09-23 23:18:05:592] WARN mc_gateway_client::methods Failed to get with StarknetError(StarknetError { code: BlockNotFound, message: "Pre-confirmed block with number 82 was not found. Current pre-confirmed block number is 83." }), retrying
[2026-09-23 23:18:05:643] INFO 📥 Blocks: 81 [0] | Classes: 81 [0] | State: 81 [0]
[2026-09-23 23:18:05:643] INFO 🔗 Sync is at 81/81 [0.17 blocks/s]
[2026-09-23 23:18:05:794] WARN mc_gateway_client::methods Failed to get with StarknetError(StarknetError { code: BlockNotFound, message: "Pre-confirmed block with number 82 was not found. Current pre-confirmed block number is 83." }), retrying
[2026-09-23 23:18:06:196] WARN mc_gateway_client::methods Failed to get with StarknetError(StarknetError { code: BlockNotFound, message: "Pre-confirmed block with number 82 was not found. Current pre-confirmed block number is 83." }), retrying
[2026-09-23 23:18:08:642] INFO 📥 Blocks: 82 [0] | Classes: 82 [0] | State: 82 [0]
[2026-09-23 23:18:08:642] INFO 🔗 Sync is at 82/82 [0.17 blocks/s]
[2026-09-23 23:18:11:643] INFO 📥 Blocks: 83 [0] | Classes: 83 [0] | State: 83 [0]
[2026-09-23 23:18:11:643] INFO 🔗 Sync is at 83/83 [0.17 blocks/s]
[2026-09-23 23:18:14:643] INFO 📥 Blocks: 83 [0] | Classes: 83 [0] | State: 83 [0]
[2026-09-23 23:18:14:643] INFO 🔗 Sync is at 83/83 [0.17 blocks/s]
[2026-09-23 23:18:17:643] INFO 📥 Blocks: 84 [0] | Classes: 84 [0] | State: 84 [0]
[2026-09-23 23:18:17:643] INFO 🔗 Sync is at 84/84 [0.17 blocks/s]
[2026-09-23 23:18:20:642] INFO 📥 Blocks: 84 [0] | Classes: 84 [0] | State: 84 [0]
[2026-09-23 23:18:20:642] INFO 🔗 Sync is at 84/84 [0.17 blocks/s]
[2026-09-23 23:18:23:643] INFO 📥 Blocks: 85 [0] | Classes: 85 [0] | State: 85 [0]
[2026-09-23 23:18:23:643] INFO 🔗 Sync is at 85/85 [0.17 blocks/s]
[2026-09-23 23:18:26:642] INFO 📥 Blocks: 85 [0] | Classes: 85 [0] | State: 85 [0]
[2026-09-23 23:18:26:643] INFO 🔗 Sync is at 85/85 [0.17 blocks/s]
[2026-09-23 23:18:29:663] INFO 📥 Blocks: 86 [0] | Classes: 86 [0] | State: 86 [0]
[2026-09-23 23:18:29:663] INFO 🔗 Sync is at 86/86 [0.17 blocks/s]
[2026-09-23 23:18:32:663] INFO 📥 Blocks: 86 [0] | Classes: 86 [0] | State: 86 [0]
[2026-09-23 23:18:32:663] INFO 🔗 Sync is at 86/86 [0.17 blocks/s]
[2026-09-23 23:18:35:663] INFO 📥 Blocks: 87 [0] | Classes: 87 [0] | State: 87 [0]
[2026-09-23 23:18:35:663] INFO 🔗 Sync is at 87/87 [0.17 blocks/s]
[2026-09-23 23:18:38:663] INFO 📥 Blocks: 87 [0] | Classes: 87 [0] | State: 87 [0]
[2026-09-23 23:18:38:663] INFO 🔗 Sync is at 87/87 [0.17 blocks/s]
[2026-09-23 23:18:41:664] INFO 📥 Blocks: 88 [0] | Classes: 88 [0] | State: 88 [0]
[2026-09-23 23:18:41:664] INFO 🔗 Sync is at 88/88 [0.17 blocks/s]
[2026-09-23 23:18:44:663] INFO 📥 Blocks: 88 [0] | Classes: 88 [0] | State: 88 [0]
[2026-09-23 23:18:44:663] INFO 🔗 Sync is at 88/88 [0.17 blocks/s]
[2026-09-23 23:18:47:663] INFO 📥 Blocks: 89 [0] | Classes: 89 [0] | State: 89 [0]
[2026-09-23 23:18:47:663] INFO 🔗 Sync is at 89/89 [0.17 blocks/s]
[2026-09-23 23:18:50:663] INFO 📥 Blocks: 89 [0] | Classes: 89 [0] | State: 89 [0]
[2026-09-23 23:18:50:663] INFO 🔗 Sync is at 89/89 [0.17 blocks/s]
[2026-09-23 23:18:53:663] INFO 📥 Blocks: 90 [0] | Classes: 90 [0] | State: 90 [0]
[2026-09-23 23:18:53:663] INFO 🔗 Sync is at 90/90 [0.17 blocks/s]
[2026-09-23 23:18:56:663] INFO 📥 Blocks: 90 [0] | Classes: 90 [0] | State: 90 [0]
[2026-09-23 23:18:56:663] INFO 🔗 Sync is at 90/90 [0.17 blocks/s]
[2026-09-23 23:18:59:677] INFO 📥 Blocks: 91 [0] | Classes: 91 [0] | State: 91 [0]
[2026-09-23 23:18:59:677] INFO 🔗 Sync is at 91/91 [0.17 blocks/s]
[2026-09-23 23:19:02:677] INFO 📥 Blocks: 91 [0] | Classes: 91 [0] | State: 91 [0]
[2026-09-23 23:19:02:677] INFO 🔗 Sync is at 91/91 [0.17 blocks/s]
[2026-09-23 23:19:05:677] INFO 📥 Blocks: 92 [0] | Classes: 92 [0] | State: 92 [0]
[2026-09-23 23:19:05:677] INFO 🔗 Sync is at 92/92 [0.17 blocks/s]
[2026-09-23 23:19:08:677] INFO 📥 Blocks: 92 [0] | Classes: 92 [0] | State: 92 [0]
[2026-09-23 23:19:08:677] INFO 🔗 Sync is at 92/92 [0.17 blocks/s]
[2026-09-23 23:19:11:677] INFO 📥 Blocks: 93 [0] | Classes: 93 [0] | State: 93 [0]
[2026-09-23 23:19:11:677] INFO 🔗 Sync is at 93/93 [0.17 blocks/s]
[2026-09-23 23:19:14:676] INFO 📥 Blocks: 93 [0] | Classes: 93 [0] | State: 93 [0]
[2026-09-23 23:19:14:676] INFO 🔗 Sync is at 93/93 [0.17 blocks/s]
[2026-09-23 23:19:17:677] INFO 📥 Blocks: 94 [0] | Classes: 94 [0] | State: 94 [0]
[2026-09-23 23:19:17:677] INFO 🔗 Sync is at 94/94 [0.17 blocks/s]
[2026-09-23 23:19:20:676] INFO 📥 Blocks: 94 [0] | Classes: 94 [0] | State: 94 [0]
[2026-09-23 23:19:20:676] INFO 🔗 Sync is at 94/94 [0.17 blocks/s]
[2026-09-23 23:19:23:676] INFO 📥 Blocks: 95 [0] | Classes: 95 [0] | State: 95 [0]
[2026-09-23 23:19:23:676] INFO 🔗 Sync is at 95/95 [0.17 blocks/s]
[2026-09-23 23:19:26:677] INFO 📥 Blocks: 95 [0] | Classes: 95 [0] | State: 95 [0]
[2026-09-23 23:19:26:677] INFO 🔗 Sync is at 95/95 [0.17 blocks/s]
[2026-09-23 23:19:29:705] INFO 📥 Blocks: 96 [0] | Classes: 96 [0] | State: 96 [0]
[2026-09-23 23:19:29:705] INFO 🔗 Sync is at 96/96 [0.17 blocks/s]
[2026-09-23 23:19:32:705] INFO 📥 Blocks: 96 [0] | Classes: 96 [0] | State: 96 [0]
[2026-09-23 23:19:32:705] INFO 🔗 Sync is at 96/96 [0.17 blocks/s]
[2026-09-23 23:19:35:704] INFO 📥 Blocks: 97 [0] | Classes: 97 [0] | State: 97 [0]
[2026-09-23 23:19:35:704] INFO 🔗 Sync is at 97/97 [0.17 blocks/s]
[2026-09-23 23:19:38:705] INFO 📥 Blocks: 97 [0] | Classes: 97 [0] | State: 97 [0]
[2026-09-23 23:19:38:705] INFO 🔗 Sync is at 97/97 [0.17 blocks/s]
[2026-09-23 23:19:41:705] INFO 📥 Blocks: 97 [0] | Classes: 97 [0] | State: 97 [0]
[2026-09-23 23:19:41:705] INFO 🔗 Sync is at 97/97 [0.17 blocks/s]
[2026-09-23 23:19:44:705] INFO 📥 Blocks: 98 [0] | Classes: 98 [0] | State: 98 [0]
[2026-09-23 23:19:44:705] INFO 🔗 Sync is at 98/98 [0.17 blocks/s]
[2026-09-23 23:19:47:705] INFO 📥 Blocks: 98 [0] | Classes: 98 [0] | State: 98 [0]
[2026-09-23 23:19:47:705] INFO 🔗 Sync is at 98/98 [0.17 blocks/s]
[2026-09-23 23:19:50:705] INFO 📥 Blocks: 99 [0] | Classes: 99 [0] | State: 99 [0]
[2026-09-23 23:19:50:705] INFO 🔗 Sync is at 99/99 [0.17 blocks/s]
[2026-09-23 23:19:53:705] INFO 📥 Blocks: 99 [0] | Classes: 99 [0] | State: 99 [0]
[2026-09-23 23:19:53:705] INFO 🔗 Sync is at 99/99 [0.17 blocks/s]
[2026-09-23 23:19:56:705] INFO 📥 Blocks: 100 [0] | Classes: 100 [0] | State: 100 [0]
[2026-09-23 23:19:56:705] INFO 🔗 Sync is at 100/100 [0.17 blocks/s]
[2026-09-23 23:19:59:721] INFO 📥 Blocks: 100 [0] | Classes: 100 [0] | State: 100 [0]
[2026-09-23 23:19:59:721] INFO 🔗 Sync is at 100/100 [0.17 blocks/s]
[2026-09-23 23:20:02:721] INFO 📥 Blocks: 101 [0] | Classes: 101 [0] | State: 101 [0]
[2026-09-23 23:20:02:721] INFO 🔗 Sync is at 101/101 [0.17 blocks/s]
[2026-09-23 23:20:05:721] INFO 📥 Blocks: 101 [0] | Classes: 101 [0] | State: 101 [0]
[2026-09-23 23:20:05:721] INFO 🔗 Sync is at 101/101 [0.17 blocks/s]
[2026-09-23 23:20:08:720] INFO 📥 Blocks: 102 [0] | Classes: 102 [0] | State: 102 [0]
[2026-09-23 23:20:08:721] INFO 🔗 Sync is at 102/102 [0.17 blocks/s]
[2026-09-23 23:20:11:721] INFO 📥 Blocks: 102 [0] | Classes: 102 [0] | State: 102 [0]
[2026-09-23 23:20:11:721] INFO 🔗 Sync is at 102/102 [0.17 blocks/s]
[2026-09-23 23:20:14:720] INFO 📥 Blocks: 103 [0] | Classes: 103 [0] | State: 103 [0]
[2026-09-23 23:20:14:720] INFO 🔗 Sync is at 103/103 [0.17 blocks/s]
[2026-09-23 23:20:17:721] INFO 📥 Blocks: 103 [0] | Classes: 103 [0] | State: 103 [0]
[2026-09-23 23:20:17:721] INFO 🔗 Sync is at 103/103 [0.17 blocks/s]
[2026-09-23 23:20:20:721] INFO 📥 Blocks: 104 [0] | Classes: 104 [0] | State: 104 [0]
[2026-09-23 23:20:20:721] INFO 🔗 Sync is at 104/104 [0.17 blocks/s]
[2026-09-23 23:20:23:720] INFO 📥 Blocks: 104 [0] | Classes: 104 [0] | State: 104 [0]
[2026-09-23 23:20:23:720] INFO 🔗 Sync is at 104/104 [0.17 blocks/s]
[2026-09-23 23:20:26:721] INFO 📥 Blocks: 105 [0] | Classes: 105 [0] | State: 105 [0]
[2026-09-23 23:20:26:721] INFO 🔗 Sync is at 105/105 [0.17 blocks/s]
[2026-09-23 23:20:29:625] WARN mc_gateway_client::methods Failed to get with StarknetError(StarknetError { code: BlockNotFound, message: "Pre-confirmed block with number 106 was not found. Current pre-confirmed block number is 107." }), retrying
[2026-09-23 23:20:29:726] WARN mc_gateway_client::methods Failed to get with StarknetError(StarknetError { code: BlockNotFound, message: "Pre-confirmed block with number 106 was not found. Current pre-confirmed block number is 107." }), retrying
[2026-09-23 23:20:29:744] INFO 📥 Blocks: 105 [0] | Classes: 105 [0] | State: 105 [0]
[2026-09-23 23:20:29:744] INFO 🔗 Sync is at 105/105 [0.17 blocks/s]
[2026-09-23 23:20:32:745] INFO 📥 Blocks: 106 [0] | Classes: 106 [0] | State: 106 [0]
[2026-09-23 23:20:32:745] INFO 🔗 Sync is at 106/106 [0.17 blocks/s]
[2026-09-23 23:20:35:745] INFO 📥 Blocks: 106 [0] | Classes: 106 [0] | State: 106 [0]
[2026-09-23 23:20:35:745] INFO 🔗 Sync is at 106/106 [0.17 blocks/s]
[2026-09-23 23:20:38:745] INFO 📥 Blocks: 107 [0] | Classes: 107 [0] | State: 107 [0]
[2026-09-23 23:20:38:745] INFO 🔗 Sync is at 107/107 [0.17 blocks/s]
[2026-09-23 23:20:41:745] INFO 📥 Blocks: 107 [0] | Classes: 107 [0] | State: 107 [0]
[2026-09-23 23:20:41:745] INFO 🔗 Sync is at 107/107 [0.17 blocks/s]
[2026-09-23 23:20:44:744] INFO 📥 Blocks: 108 [0] | Classes: 108 [0] | State: 108 [0]
[2026-09-23 23:20:44:744] INFO 🔗 Sync is at 108/108 [0.17 blocks/s]
[2026-09-23 23:20:47:744] INFO 📥 Blocks: 108 [0] | Classes: 108 [0] | State: 108 [0]
[2026-09-23 23:20:47:745] INFO 🔗 Sync is at 108/108 [0.17 blocks/s]
[2026-09-23 23:20:50:744] INFO 📥 Blocks: 109 [0] | Classes: 109 [0] | State: 109 [0]
[2026-09-23 23:20:50:744] INFO 🔗 Sync is at 109/109 [0.17 blocks/s]
[2026-09-23 23:20:53:745] INFO 📥 Blocks: 109 [0] | Classes: 109 [0] | State: 109 [0]
[2026-09-23 23:20:53:745] INFO 🔗 Sync is at 109/109 [0.17 blocks/s]
[2026-09-23 23:20:56:745] INFO 📥 Blocks: 110 [0] | Classes: 110 [0] | State: 110 [0]
[2026-09-23 23:20:56:745] INFO 🔗 Sync is at 110/110 [0.17 blocks/s]
[2026-09-23 23:20:59:763] INFO 📥 Blocks: 110 [0] | Classes: 110 [0] | State: 110 [0]
[2026-09-23 23:20:59:763] INFO 🔗 Sync is at 110/110 [0.17 blocks/s]
[2026-09-23 23:21:02:763] INFO 📥 Blocks: 111 [0] | Classes: 111 [0] | State: 111 [0]
[2026-09-23 23:21:02:763] INFO 🔗 Sync is at 111/111 [0.17 blocks/s]
[2026-09-23 23:21:05:763] INFO 📥 Blocks: 111 [0] | Classes: 111 [0] | State: 111 [0]
[2026-09-23 23:21:05:763] INFO 🔗 Sync is at 111/111 [0.17 blocks/s]
[2026-09-23 23:21:08:763] INFO 📥 Blocks: 112 [0] | Classes: 112 [0] | State: 112 [0]
[2026-09-23 23:21:08:763] INFO 🔗 Sync is at 112/112 [0.17 blocks/s]
[2026-09-23 23:21:11:763] INFO 📥 Blocks: 112 [0] | Classes: 112 [0] | State: 112 [0]
[2026-09-23 23:21:11:763] INFO 🔗 Sync is at 112/112 [0.17 blocks/s]
[2026-09-23 23:21:14:763] INFO 📥 Blocks: 113 [0] | Classes: 113 [0] | State: 113 [0]
[2026-09-23 23:21:14:763] INFO 🔗 Sync is at 113/113 [0.17 blocks/s]
[2026-09-23 23:21:17:763] INFO 📥 Blocks: 113 [0] | Classes: 113 [0] | State: 113 [0]
[2026-09-23 23:21:17:763] INFO 🔗 Sync is at 113/113 [0.17 blocks/s]
[2026-09-23 23:21:20:763] INFO 📥 Blocks: 114 [0] | Classes: 114 [0] | State: 114 [0]
[2026-09-23 23:21:20:763] INFO 🔗 Sync is at 114/114 [0.17 blocks/s]
[2026-09-23 23:21:23:763] INFO 📥 Blocks: 114 [0] | Classes: 114 [0] | State: 114 [0]
[2026-09-23 23:21:23:763] INFO 🔗 Sync is at 114/114 [0.17 blocks/s]
[2026-09-23 23:21:26:763] INFO 📥 Blocks: 115 [0] | Classes: 115 [0] | State: 115 [0]
[2026-09-23 23:21:26:763] INFO 🔗 Sync is at 115/115 [0.17 blocks/s]
[2026-09-23 23:21:29:782] INFO 📥 Blocks: 115 [0] | Classes: 115 [0] | State: 115 [0]
[2026-09-23 23:21:29:782] INFO 🔗 Sync is at 115/115 [0.17 blocks/s]
[2026-09-23 23:21:32:783] INFO 📥 Blocks: 116 [0] | Classes: 116 [0] | State: 116 [0]
[2026-09-23 23:21:32:783] INFO 🔗 Sync is at 116/116 [0.17 blocks/s]
[2026-09-23 23:21:35:783] INFO 📥 Blocks: 116 [0] | Classes: 116 [0] | State: 116 [0]
[2026-09-23 23:21:35:783] INFO 🔗 Sync is at 116/116 [0.17 blocks/s]
[2026-09-23 23:21:38:783] INFO 📥 Blocks: 117 [0] | Classes: 117 [0] | State: 117 [0]
[2026-09-23 23:21:38:783] INFO 🔗 Sync is at 117/117 [0.17 blocks/s]
[2026-09-23 23:21:41:782] INFO 📥 Blocks: 117 [0] | Classes: 117 [0] | State: 117 [0]
[2026-09-23 23:21:41:782] INFO 🔗 Sync is at 117/117 [0.17 blocks/s]
[2026-09-23 23:21:44:783] INFO 📥 Blocks: 118 [0] | Classes: 118 [0] | State: 118 [0]
[2026-09-23 23:21:44:783] INFO 🔗 Sync is at 118/118 [0.17 blocks/s]
[2026-09-23 23:21:47:684] WARN mc_gateway_client::methods Failed to get with StarknetError(StarknetError { code: BlockNotFound, message: "Pre-confirmed block with number 119 was not found. Current pre-confirmed block number is 120." }), retrying
[2026-09-23 23:21:47:782] INFO 📥 Blocks: 118 [0] | Classes: 118 [0] | State: 118 [0]
[2026-09-23 23:21:47:782] INFO 🔗 Sync is at 118/118 [0.17 blocks/s]
[2026-09-23 23:21:47:786] WARN mc_gateway_client::methods Failed to get with StarknetError(StarknetError { code: BlockNotFound, message: "Pre-confirmed block with number 119 was not found. Current pre-confirmed block number is 120." }), retrying
[2026-09-23 23:21:47:988] WARN mc_gateway_client::methods Failed to get with StarknetError(StarknetError { code: BlockNotFound, message: "Pre-confirmed block with number 119 was not found. Current pre-confirmed block number is 120." }), retrying
[2026-09-23 23:21:50:783] INFO 📥 Blocks: 119 [0] | Classes: 119 [0] | State: 119 [0]
[2026-09-23 23:21:50:783] INFO 🔗 Sync is at 119/119 [0.17 blocks/s]
[2026-09-23 23:21:53:782] INFO 📥 Blocks: 119 [0] | Classes: 119 [0] | State: 119 [0]
[2026-09-23 23:21:53:782] INFO 🔗 Sync is at 119/119 [0.17 blocks/s]
[2026-09-23 23:21:56:782] INFO 📥 Blocks: 120 [0] | Classes: 120 [0] | State: 120 [0]
[2026-09-23 23:21:56:782] INFO 🔗 Sync is at 120/120 [0.17 blocks/s]
[2026-09-23 23:21:59:805] INFO 📥 Blocks: 120 [0] | Classes: 120 [0] | State: 120 [0]
[2026-09-23 23:21:59:805] INFO 🔗 Sync is at 120/120 [0.17 blocks/s]
[2026-09-23 23:22:02:805] INFO 📥 Blocks: 121 [0] | Classes: 121 [0] | State: 121 [0]
[2026-09-23 23:22:02:805] INFO 🔗 Sync is at 121/121 [0.17 blocks/s]
[2026-09-23 23:22:05:804] INFO 📥 Blocks: 121 [0] | Classes: 121 [0] | State: 121 [0]
[2026-09-23 23:22:05:804] INFO 🔗 Sync is at 121/121 [0.17 blocks/s]
[2026-09-23 23:22:08:804] INFO 📥 Blocks: 122 [0] | Classes: 122 [0] | State: 122 [0]
[2026-09-23 23:22:08:804] INFO 🔗 Sync is at 122/122 [0.17 blocks/s]
[2026-09-23 23:22:11:805] INFO 📥 Blocks: 122 [0] | Classes: 122 [0] | State: 122 [0]
[2026-09-23 23:22:11:805] INFO 🔗 Sync is at 122/122 [0.17 blocks/s]
[2026-09-23 23:22:14:805] INFO 📥 Blocks: 123 [0] | Classes: 123 [0] | State: 123 [0]
[2026-09-23 23:22:14:805] INFO 🔗 Sync is at 123/123 [0.17 blocks/s]
[2026-09-23 23:22:17:725] WARN mc_gateway_client::methods Failed to get with StarknetError(StarknetError { code: BlockNotFound, message: "Pre-confirmed block with number 124 was not found. Current pre-confirmed block number is 125." }), retrying
[2026-09-23 23:22:17:804] INFO 📥 Blocks: 123 [0] | Classes: 123 [0] | State: 123 [0]
[2026-09-23 23:22:17:804] INFO 🔗 Sync is at 123/123 [0.17 blocks/s]
[2026-09-23 23:22:17:829] WARN mc_gateway_client::methods Failed to get with StarknetError(StarknetError { code: BlockNotFound, message: "Pre-confirmed block with number 124 was not found. Current pre-confirmed block number is 125." }), retrying
[2026-09-23 23:22:18:031] WARN mc_gateway_client::methods Failed to get with StarknetError(StarknetError { code: BlockNotFound, message: "Pre-confirmed block with number 124 was not found. Current pre-confirmed block number is 125." }), retrying
[2026-09-23 23:22:20:804] INFO 📥 Blocks: 124 [0] | Classes: 124 [0] | State: 124 [0]
[2026-09-23 23:22:20:804] INFO 🔗 Sync is at 124/124 [0.17 blocks/s]
[2026-09-23 23:22:23:805] INFO 📥 Blocks: 124 [0] | Classes: 124 [0] | State: 124 [0]
[2026-09-23 23:22:23:805] INFO 🔗 Sync is at 124/124 [0.17 blocks/s]
[2026-09-23 23:22:26:804] INFO 📥 Blocks: 125 [0] | Classes: 125 [0] | State: 125 [0]
[2026-09-23 23:22:26:804] INFO 🔗 Sync is at 125/125 [0.17 blocks/s]
[2026-09-23 23:22:29:741] WARN mc_gateway_client::methods Failed to get with StarknetError(StarknetError { code: BlockNotFound, message: "Pre-confirmed block with number 126 was not found. Current pre-confirmed block number is 127." }), retrying
[2026-09-23 23:22:29:831] INFO 📥 Blocks: 125 [0] | Classes: 125 [0] | State: 125 [0]
[2026-09-23 23:22:29:831] INFO 🔗 Sync is at 125/125 [0.17 blocks/s]
[2026-09-23 23:22:29:843] WARN mc_gateway_client::methods Failed to get with StarknetError(StarknetError { code: BlockNotFound, message: "Pre-confirmed block with number 126 was not found. Current pre-confirmed block number is 127." }), retrying
[2026-09-23 23:22:30:047] WARN mc_gateway_client::methods Failed to get with StarknetError(StarknetError { code: BlockNotFound, message: "Pre-confirmed block with number 126 was not found. Current pre-confirmed block number is 127." }), retrying
[2026-09-23 23:22:32:831] INFO 📥 Blocks: 126 [0] | Classes: 126 [0] | State: 126 [0]
[2026-09-23 23:22:32:831] INFO 🔗 Sync is at 126/126 [0.17 blocks/s]
[2026-09-23 23:22:35:831] INFO 📥 Blocks: 126 [0] | Classes: 126 [0] | State: 126 [0]
[2026-09-23 23:22:35:831] INFO 🔗 Sync is at 126/126 [0.17 blocks/s]
[2026-09-23 23:22:38:830] INFO 📥 Blocks: 127 [0] | Classes: 127 [0] | State: 127 [0]
[2026-09-23 23:22:38:830] INFO 🔗 Sync is at 127/127 [0.17 blocks/s]
[2026-09-23 23:22:41:769] WARN mc_gateway_client::methods Failed to get with StarknetError(StarknetError { code: BlockNotFound, message: "Pre-confirmed block with number 128 was not found. Current pre-confirmed block number is 129." }), retrying
[2026-09-23 23:22:41:831] INFO 📥 Blocks: 127 [0] | Classes: 127 [0] | State: 127 [0]
[2026-09-23 23:22:41:831] INFO 🔗 Sync is at 127/127 [0.17 blocks/s]
[2026-09-23 23:22:41:874] WARN mc_gateway_client::methods Failed to get with StarknetError(StarknetError { code: BlockNotFound, message: "Pre-confirmed block with number 128 was not found. Current pre-confirmed block number is 129." }), retrying
[2026-09-23 23:22:42:080] WARN mc_gateway_client::methods Failed to get with StarknetError(StarknetError { code: BlockNotFound, message: "Pre-confirmed block with number 128 was not found. Current pre-confirmed block number is 129." }), retrying
[2026-09-23 23:22:44:831] INFO 📥 Blocks: 128 [0] | Classes: 128 [0] | State: 128 [0]
[2026-09-23 23:22:44:831] INFO 🔗 Sync is at 128/128 [0.17 blocks/s]
[2026-09-23 23:22:47:835] INFO 📥 Blocks: 128 [0] | Classes: 128 [0] | State: 128 [0]
[2026-09-23 23:22:47:835] INFO 🔗 Sync is at 128/128 [0.17 blocks/s]
[2026-09-23 23:22:50:830] INFO 📥 Blocks: 129 [0] | Classes: 129 [0] | State: 129 [0]
[2026-09-23 23:22:50:830] INFO 🔗 Sync is at 129/129 [0.17 blocks/s]
[2026-09-23 23:22:53:832] INFO 📥 Blocks: 129 [0] | Classes: 129 [0] | State: 129 [0]
[2026-09-23 23:22:53:832] INFO 🔗 Sync is at 129/129 [0.17 blocks/s]
[2026-09-23 23:22:53:840] WARN mc_gateway_client::methods Failed to get with StarknetError(StarknetError { code: BlockNotFound, message: "Pre-confirmed block with number 130 was not found. Current pre-confirmed block number is 131." }), retrying
[2026-09-23 23:22:53:943] WARN mc_gateway_client::methods Failed to get with StarknetError(StarknetError { code: BlockNotFound, message: "Pre-confirmed block with number 130 was not found. Current pre-confirmed block number is 131." }), retrying
[2026-09-23 23:22:54:151] WARN mc_gateway_client::methods Failed to get with StarknetError(StarknetError { code: BlockNotFound, message: "Pre-confirmed block with number 130 was not found. Current pre-confirmed block number is 131." }), retrying
[2026-09-23 23:22:56:831] INFO 📥 Blocks: 130 [0] | Classes: 130 [0] | State: 130 [0]
[2026-09-23 23:22:56:831] INFO 🔗 Sync is at 130/130 [0.17 blocks/s]
[2026-09-23 23:22:59:852] INFO 📥 Blocks: 130 [0] | Classes: 130 [0] | State: 130 [0]
[2026-09-23 23:22:59:852] INFO 🔗 Sync is at 130/130 [0.17 blocks/s]
[2026-09-23 23:22:59:879] WARN mc_gateway_client::methods Failed to get with StarknetError(StarknetError { code: BlockNotFound, message: "Pre-confirmed block with number 131 was not found. Current pre-confirmed block number is 132." }), retrying
[2026-09-23 23:22:59:982] WARN mc_gateway_client::methods Failed to get with StarknetError(StarknetError { code: BlockNotFound, message: "Pre-confirmed block with number 131 was not found. Current pre-confirmed block number is 132." }), retrying
[2026-09-23 23:23:00:191] WARN mc_gateway_client::methods Failed to get with StarknetError(StarknetError { code: BlockNotFound, message: "Pre-confirmed block with number 131 was not found. Current pre-confirmed block number is 132." }), retrying
[2026-09-23 23:23:02:846] INFO 📥 Blocks: 131 [0] | Classes: 131 [0] | State: 131 [0]
[2026-09-23 23:23:02:846] INFO 🔗 Sync is at 131/131 [0.17 blocks/s]
[2026-09-23 23:23:05:846] INFO 📥 Blocks: 131 [0] | Classes: 131 [0] | State: 131 [0]
[2026-09-23 23:23:05:846] INFO 🔗 Sync is at 131/131 [0.17 blocks/s]
[2026-09-23 23:23:05:873] WARN mc_gateway_client::methods Failed to get with StarknetError(StarknetError { code: BlockNotFound, message: "Pre-confirmed block with number 132 was not found. Current pre-confirmed block number is 133." }), retrying
[2026-09-23 23:23:05:975] WARN mc_gateway_client::methods Failed to get with StarknetError(StarknetError { code: BlockNotFound, message: "Pre-confirmed block with number 132 was not found. Current pre-confirmed block number is 133." }), retrying
[2026-09-23 23:23:06:178] WARN mc_gateway_client::methods Failed to get with StarknetError(StarknetError { code: BlockNotFound, message: "Pre-confirmed block with number 132 was not found. Current pre-confirmed block number is 133." }), retrying
[2026-09-23 23:23:08:846] INFO 📥 Blocks: 132 [0] | Classes: 132 [0] | State: 132 [0]
[2026-09-23 23:23:08:846] INFO 🔗 Sync is at 132/132 [0.17 blocks/s]
[2026-09-23 23:23:11:846] INFO 📥 Blocks: 132 [0] | Classes: 132 [0] | State: 132 [0]
[2026-09-23 23:23:11:846] INFO 🔗 Sync is at 132/132 [0.16 blocks/s]
[2026-09-23 23:23:11:879] WARN mc_gateway_client::methods Failed to get with StarknetError(StarknetError { code: BlockNotFound, message: "Pre-confirmed block with number 133 was not found. Current pre-confirmed block number is 134." }), retrying
[2026-09-23 23:23:11:990] WARN mc_gateway_client::methods Failed to get with StarknetError(StarknetError { code: BlockNotFound, message: "Pre-confirmed block with number 133 was not found. Current pre-confirmed block number is 134." }), retrying
[2026-09-23 23:23:12:194] WARN mc_gateway_client::methods Failed to get with StarknetError(StarknetError { code: BlockNotFound, message: "Pre-confirmed block with number 133 was not found. Current pre-confirmed block number is 134." }), retrying
[2026-09-23 23:23:14:846] INFO 📥 Blocks: 133 [0] | Classes: 133 [0] | State: 133 [0]
[2026-09-23 23:23:14:846] INFO 🔗 Sync is at 133/133 [0.17 blocks/s]
[2026-09-23 23:23:17:846] INFO 📥 Blocks: 133 [0] | Classes: 133 [0] | State: 133 [0]
[2026-09-23 23:23:17:846] INFO 🔗 Sync is at 133/133 [0.16 blocks/s]
[2026-09-23 23:23:17:896] WARN mc_gateway_client::methods Failed to get with StarknetError(StarknetError { code: BlockNotFound, message: "Pre-confirmed block with number 134 was not found. Current pre-confirmed block number is 135." }), retrying
[2026-09-23 23:23:17:998] WARN mc_gateway_client::methods Failed to get with StarknetError(StarknetError { code: BlockNotFound, message: "Pre-confirmed block with number 134 was not found. Current pre-confirmed block number is 135." }), retrying
[2026-09-23 23:23:18:200] WARN mc_gateway_client::methods Failed to get with StarknetError(StarknetError { code: BlockNotFound, message: "Pre-confirmed block with number 134 was not found. Current pre-confirmed block number is 135." }), retrying
[2026-09-23 23:23:20:847] INFO 📥 Blocks: 134 [0] | Classes: 134 [0] | State: 134 [0]
[2026-09-23 23:23:20:847] INFO 🔗 Sync is at 134/134 [0.17 blocks/s]
[2026-09-23 23:23:23:846] INFO 📥 Blocks: 134 [0] | Classes: 134 [0] | State: 134 [0]
[2026-09-23 23:23:23:846] INFO 🔗 Sync is at 134/134 [0.16 blocks/s]
[2026-09-23 23:23:23:923] WARN mc_gateway_client::methods Failed to get with StarknetError(StarknetError { code: BlockNotFound, message: "Pre-confirmed block with number 135 was not found. Current pre-confirmed block number is 136." }), retrying
[2026-09-23 23:23:24:030] WARN mc_gateway_client::methods Failed to get with StarknetError(StarknetError { code: BlockNotFound, message: "Pre-confirmed block with number 135 was not found. Current pre-confirmed block number is 136." }), retrying
[2026-09-23 23:23:24:232] WARN mc_gateway_client::methods Failed to get with StarknetError(StarknetError { code: BlockNotFound, message: "Pre-confirmed block with number 135 was not found. Current pre-confirmed block number is 136." }), retrying
[2026-09-23 23:23:26:846] INFO 📥 Blocks: 135 [0] | Classes: 135 [0] | State: 135 [0]
[2026-09-23 23:23:26:846] INFO 🔗 Sync is at 135/135 [0.17 blocks/s]
[2026-09-23 23:23:29:868] INFO 📥 Blocks: 135 [0] | Classes: 135 [0] | State: 135 [0]
[2026-09-23 23:23:29:868] INFO 🔗 Sync is at 135/135 [0.16 blocks/s]
[2026-09-23 23:23:29:966] WARN mc_gateway_client::methods Failed to get with StarknetError(StarknetError { code: BlockNotFound, message: "Pre-confirmed block with number 136 was not found. Current pre-confirmed block number is 137." }), retrying
[2026-09-23 23:23:30:073] WARN mc_gateway_client::methods Failed to get with StarknetError(StarknetError { code: BlockNotFound, message: "Pre-confirmed block with number 136 was not found. Current pre-confirmed block number is 137." }), retrying
[2026-09-23 23:23:30:277] WARN mc_gateway_client::methods Failed to get with StarknetError(StarknetError { code: BlockNotFound, message: "Pre-confirmed block with number 136 was not found. Current pre-confirmed block number is 137." }), retrying
[2026-09-23 23:23:32:867] INFO 📥 Blocks: 136 [0] | Classes: 136 [0] | State: 136 [0]
[2026-09-23 23:23:32:867] INFO 🔗 Sync is at 136/136 [0.17 blocks/s]
[2026-09-23 23:23:35:869] INFO 📥 Blocks: 136 [0] | Classes: 136 [0] | State: 136 [0]
[2026-09-23 23:23:35:869] INFO 🔗 Sync is at 136/136 [0.16 blocks/s]
[2026-09-23 23:23:36:016] WARN mc_gateway_client::methods Failed to get with StarknetError(StarknetError { code: BlockNotFound, message: "Pre-confirmed block with number 137 was not found. Current pre-confirmed block number is 138." }), retrying
[2026-09-23 23:23:36:120] WARN mc_gateway_client::methods Failed to get with StarknetError(StarknetError { code: BlockNotFound, message: "Pre-confirmed block with number 137 was not found. Current pre-confirmed block number is 138." }), retrying
[2026-09-23 23:23:36:322] WARN mc_gateway_client::methods Failed to get with StarknetError(StarknetError { code: BlockNotFound, message: "Pre-confirmed block with number 137 was not found. Current pre-confirmed block number is 138." }), retrying
[2026-09-23 23:23:38:867] INFO 📥 Blocks: 137 [0] | Classes: 137 [0] | State: 137 [0]
[2026-09-23 23:23:38:867] INFO 🔗 Sync is at 137/137 [0.17 blocks/s]
[2026-09-23 23:23:41:867] INFO 📥 Blocks: 137 [0] | Classes: 137 [0] | State: 137 [0]
[2026-09-23 23:23:41:867] INFO 🔗 Sync is at 137/137 [0.16 blocks/s]
[2026-09-23 23:23:42:008] WARN mc_gateway_client::methods Failed to get with StarknetError(StarknetError { code: BlockNotFound, message: "Pre-confirmed block with number 138 was not found. Current pre-confirmed block number is 139." }), retrying
[2026-09-23 23:23:42:111] WARN mc_gateway_client::methods Failed to get with StarknetError(StarknetError { code: BlockNotFound, message: "Pre-confirmed block with number 138 was not found. Current pre-confirmed block number is 139." }), retrying
[2026-09-23 23:23:42:313] WARN mc_gateway_client::methods Failed to get with StarknetError(StarknetError { code: BlockNotFound, message: "Pre-confirmed block with number 138 was not found. Current pre-confirmed block number is 139." }), retrying
[2026-09-23 23:23:44:867] INFO 📥 Blocks: 138 [0] | Classes: 138 [0] | State: 138 [0]
[2026-09-23 23:23:44:867] INFO 🔗 Sync is at 138/138 [0.17 blocks/s]
[2026-09-23 23:23:47:867] INFO 📥 Blocks: 138 [0] | Classes: 138 [0] | State: 138 [0]
[2026-09-23 23:23:47:867] INFO 🔗 Sync is at 138/138 [0.16 blocks/s]
[2026-09-23 23:23:48:038] WARN mc_gateway_client::methods Failed to get with StarknetError(StarknetError { code: BlockNotFound, message: "Pre-confirmed block with number 139 was not found. Current pre-confirmed block number is 140." }), retrying
[2026-09-23 23:23:48:145] WARN mc_gateway_client::methods Failed to get with StarknetError(StarknetError { code: BlockNotFound, message: "Pre-confirmed block with number 139 was not found. Current pre-confirmed block number is 140." }), retrying
[2026-09-23 23:23:48:346] WARN mc_gateway_client::methods Failed to get with StarknetError(StarknetError { code: BlockNotFound, message: "Pre-confirmed block with number 139 was not found. Current pre-confirmed block number is 140." }), retrying
[2026-09-23 23:23:50:868] INFO 📥 Blocks: 139 [0] | Classes: 139 [0] | State: 139 [0]
[2026-09-23 23:23:50:868] INFO 🔗 Sync is at 139/139 [0.17 blocks/s]
[2026-09-23 23:23:53:869] INFO 📥 Blocks: 139 [0] | Classes: 139 [0] | State: 139 [0]
[2026-09-23 23:23:53:869] INFO 🔗 Sync is at 139/139 [0.16 blocks/s]
[2026-09-23 23:23:54:055] WARN mc_gateway_client::methods Failed to get with StarknetError(StarknetError { code: BlockNotFound, message: "Pre-confirmed block with number 140 was not found. Current pre-confirmed block number is 141." }), retrying
[2026-09-23 23:23:54:157] WARN mc_gateway_client::methods Failed to get with StarknetError(StarknetError { code: BlockNotFound, message: "Pre-confirmed block with number 140 was not found. Current pre-confirmed block number is 141." }), retrying
[2026-09-23 23:23:54:360] WARN mc_gateway_client::methods Failed to get with StarknetError(StarknetError { code: BlockNotFound, message: "Pre-confirmed block with number 140 was not found. Current pre-confirmed block number is 141." }), retrying
[2026-09-23 23:23:56:867] INFO 📥 Blocks: 140 [0] | Classes: 140 [0] | State: 140 [0]
[2026-09-23 23:23:56:867] INFO 🔗 Sync is at 140/140 [0.17 blocks/s]
[2026-09-23 23:23:59:890] INFO 📥 Blocks: 140 [0] | Classes: 140 [0] | State: 140 [0]
[2026-09-23 23:23:59:890] INFO 🔗 Sync is at 140/140 [0.16 blocks/s]
[2026-09-23 23:24:00:127] WARN mc_gateway_client::methods Failed to get with StarknetError(StarknetError { code: BlockNotFound, message: "Pre-confirmed block with number 141 was not found. Current pre-confirmed block number is 142." }), retrying
[2026-09-23 23:24:00:229] WARN mc_gateway_client::methods Failed to get with StarknetError(StarknetError { code: BlockNotFound, message: "Pre-confirmed block with number 141 was not found. Current pre-confirmed block number is 142." }), retrying
[2026-09-23 23:24:00:430] WARN mc_gateway_client::methods Failed to get with StarknetError(StarknetError { code: BlockNotFound, message: "Pre-confirmed block with number 141 was not found. Current pre-confirmed block number is 142." }), retrying
[2026-09-23 23:24:02:890] INFO 📥 Blocks: 141 [0] | Classes: 141 [0] | State: 141 [0]
[2026-09-23 23:24:02:890] INFO 🔗 Sync is at 141/141 [0.17 blocks/s]
[2026-09-23 23:24:05:890] INFO 📥 Blocks: 141 [0] | Classes: 141 [0] | State: 141 [0]
[2026-09-23 23:24:05:891] INFO 🔗 Sync is at 141/141 [0.16 blocks/s]
[2026-09-23 23:24:06:230] WARN mc_gateway_client::methods Failed to get with StarknetError(StarknetError { code: BlockNotFound, message: "Pre-confirmed block with number 142 was not found. Current pre-confirmed block number is 143." }), retrying
[2026-09-23 23:24:06:332] WARN mc_gateway_client::methods Failed to get with StarknetError(StarknetError { code: BlockNotFound, message: "Pre-confirmed block with number 142 was not found. Current pre-confirmed block number is 143." }), retrying
[2026-09-23 23:24:06:534] WARN mc_gateway_client::methods Failed to get with StarknetError(StarknetError { code: BlockNotFound, message: "Pre-confirmed block with number 142 was not found. Current pre-confirmed block number is 143." }), retrying
[2026-09-23 23:24:08:890] INFO 📥 Blocks: 142 [0] | Classes: 142 [0] | State: 142 [0]
[2026-09-23 23:24:08:890] INFO 🔗 Sync is at 142/142 [0.17 blocks/s]
[2026-09-23 23:24:11:890] INFO 📥 Blocks: 142 [0] | Classes: 142 [0] | State: 142 [0]
[2026-09-23 23:24:11:890] INFO 🔗 Sync is at 142/142 [0.16 blocks/s]
[2026-09-23 23:24:12:279] WARN mc_gateway_client::methods Failed to get with StarknetError(StarknetError { code: BlockNotFound, message: "Pre-confirmed block with number 143 was not found. Current pre-confirmed block number is 144." }), retrying
[2026-09-23 23:24:12:381] WARN mc_gateway_client::methods Failed to get with StarknetError(StarknetError { code: BlockNotFound, message: "Pre-confirmed block with number 143 was not found. Current pre-confirmed block number is 144." }), retrying
[2026-09-23 23:24:12:584] WARN mc_gateway_client::methods Failed to get with StarknetError(StarknetError { code: BlockNotFound, message: "Pre-confirmed block with number 143 was not found. Current pre-confirmed block number is 144." }), retrying
[2026-09-23 23:24:14:890] INFO 📥 Blocks: 143 [0] | Classes: 143 [0] | State: 143 [0]
[2026-09-23 23:24:14:890] INFO 🔗 Sync is at 143/143 [0.17 blocks/s]
[2026-09-23 23:24:17:874] WARN mc_gateway_client::methods Failed to get with StarknetError(StarknetError { code: BlockNotFound, message: "Pre-confirmed block with number 144 was not found. Current pre-confirmed block number is 145." }), retrying
[2026-09-23 23:24:17:890] INFO 📥 Blocks: 143 [0] | Classes: 143 [0] | State: 143 [0]
[2026-09-23 23:24:17:890] INFO 🔗 Sync is at 143/143 [0.16 blocks/s]
[2026-09-23 23:24:17:976] WARN mc_gateway_client::methods Failed to get with StarknetError(StarknetError { code: BlockNotFound, message: "Pre-confirmed block with number 144 was not found. Current pre-confirmed block number is 145." }), retrying
[2026-09-23 23:24:18:178] WARN mc_gateway_client::methods Failed to get with StarknetError(StarknetError { code: BlockNotFound, message: "Pre-confirmed block with number 144 was not found. Current pre-confirmed block number is 145." }), retrying
[2026-09-23 23:24:18:581] WARN mc_gateway_client::methods Failed to get with StarknetError(StarknetError { code: BlockNotFound, message: "Pre-confirmed block with number 144 was not found. Current pre-confirmed block number is 145." }), retrying
[2026-09-23 23:24:20:890] INFO 📥 Blocks: 144 [0] | Classes: 144 [0] | State: 144 [0]
[2026-09-23 23:24:20:890] INFO 🔗 Sync is at 144/144 [0.17 blocks/s]
[2026-09-23 23:24:23:890] INFO 📥 Blocks: 144 [0] | Classes: 144 [0] | State: 144 [0]
[2026-09-23 23:24:23:890] INFO 🔗 Sync is at 144/144 [0.16 blocks/s]
[2026-09-23 23:24:24:258] WARN mc_gateway_client::methods Failed to get with StarknetError(StarknetError { code: BlockNotFound, message: "Pre-confirmed block with number 145 was not found. Current pre-confirmed block number is 146." }), retrying
[2026-09-23 23:24:24:359] WARN mc_gateway_client::methods Failed to get with StarknetError(StarknetError { code: BlockNotFound, message: "Pre-confirmed block with number 145 was not found. Current pre-confirmed block number is 146." }), retrying
[2026-09-23 23:24:24:561] WARN mc_gateway_client::methods Failed to get with StarknetError(StarknetError { code: BlockNotFound, message: "Pre-confirmed block with number 145 was not found. Current pre-confirmed block number is 146." }), retrying
[2026-09-23 23:24:26:890] INFO 📥 Blocks: 145 [0] | Classes: 145 [0] | State: 145 [0]
[2026-09-23 23:24:26:890] INFO 🔗 Sync is at 145/145 [0.17 blocks/s]
[2026-09-23 23:24:29:902] INFO 📥 Blocks: 145 [0] | Classes: 145 [0] | State: 145 [0]
[2026-09-23 23:24:29:902] INFO 🔗 Sync is at 145/145 [0.16 blocks/s]
[2026-09-23 23:24:30:290] WARN mc_gateway_client::methods Failed to get with StarknetError(StarknetError { code: BlockNotFound, message: "Pre-confirmed block with number 146 was not found. Current pre-confirmed block number is 147." }), retrying
[2026-09-23 23:24:30:391] WARN mc_gateway_client::methods Failed to get with StarknetError(StarknetError { code: BlockNotFound, message: "Pre-confirmed block with number 146 was not found. Current pre-confirmed block number is 147." }), retrying
[2026-09-23 23:24:30:592] WARN mc_gateway_client::methods Failed to get with StarknetError(StarknetError { code: BlockNotFound, message: "Pre-confirmed block with number 146 was not found. Current pre-confirmed block number is 147." }), retrying
[2026-09-23 23:24:32:902] INFO 📥 Blocks: 146 [0] | Classes: 146 [0] | State: 146 [0]
[2026-09-23 23:24:32:902] INFO 🔗 Sync is at 146/146 [0.17 blocks/s]
[2026-09-23 23:24:35:902] INFO 📥 Blocks: 146 [0] | Classes: 146 [0] | State: 146 [0]
[2026-09-23 23:24:35:902] INFO 🔗 Sync is at 146/146 [0.16 blocks/s]
[2026-09-23 23:24:36:278] WARN mc_gateway_client::methods Failed to get with StarknetError(StarknetError { code: BlockNotFound, message: "Pre-confirmed block with number 147 was not found. Current pre-confirmed block number is 148." }), retrying
[2026-09-23 23:24:36:380] WARN mc_gateway_client::methods Failed to get with StarknetError(StarknetError { code: BlockNotFound, message: "Pre-confirmed block with number 147 was not found. Current pre-confirmed block number is 148." }), retrying
[2026-09-23 23:24:36:581] WARN mc_gateway_client::methods Failed to get with StarknetError(StarknetError { code: BlockNotFound, message: "Pre-confirmed block with number 147 was not found. Current pre-confirmed block number is 148." }), retrying
[2026-09-23 23:24:38:902] INFO 📥 Blocks: 147 [0] | Classes: 147 [0] | State: 147 [0]
[2026-09-23 23:24:38:902] INFO 🔗 Sync is at 147/147 [0.17 blocks/s]
[2026-09-23 23:24:41:902] INFO 📥 Blocks: 147 [0] | Classes: 147 [0] | State: 147 [0]
[2026-09-23 23:24:41:902] INFO 🔗 Sync is at 147/147 [0.17 blocks/s]
[2026-09-23 23:24:42:288] WARN mc_gateway_client::methods Failed to get with StarknetError(StarknetError { code: BlockNotFound, message: "Pre-confirmed block with number 148 was not found. Current pre-confirmed block number is 149." }), retrying
[2026-09-23 23:24:42:390] WARN mc_gateway_client::methods Failed to get with StarknetError(StarknetError { code: BlockNotFound, message: "Pre-confirmed block with number 148 was not found. Current pre-confirmed block number is 149." }), retrying
[2026-09-23 23:24:42:592] WARN mc_gateway_client::methods Failed to get with StarknetError(StarknetError { code: BlockNotFound, message: "Pre-confirmed block with number 148 was not found. Current pre-confirmed block number is 149." }), retrying
[2026-09-23 23:24:44:901] INFO 📥 Blocks: 148 [0] | Classes: 148 [0] | State: 148 [0]
[2026-09-23 23:24:44:901] INFO 🔗 Sync is at 148/148 [0.17 blocks/s]
[2026-09-23 23:24:47:901] INFO 📥 Blocks: 148 [0] | Classes: 148 [0] | State: 148 [0]
[2026-09-23 23:24:47:901] INFO 🔗 Sync is at 148/148 [0.17 blocks/s]
[2026-09-23 23:24:48:296] WARN mc_gateway_client::methods Failed to get with StarknetError(StarknetError { code: BlockNotFound, message: "Pre-confirmed block with number 149 was not found. Current pre-confirmed block number is 150." }), retrying
[2026-09-23 23:24:48:397] WARN mc_gateway_client::methods Failed to get with StarknetError(StarknetError { code: BlockNotFound, message: "Pre-confirmed block with number 149 was not found. Current pre-confirmed block number is 150." }), retrying
[2026-09-23 23:24:48:599] WARN mc_gateway_client::methods Failed to get with StarknetError(StarknetError { code: BlockNotFound, message: "Pre-confirmed block with number 149 was not found. Current pre-confirmed block number is 150." }), retrying
[2026-09-23 23:24:50:902] INFO 📥 Blocks: 149 [0] | Classes: 149 [0] | State: 149 [0]
[2026-09-23 23:24:50:902] INFO 🔗 Sync is at 149/149 [0.17 blocks/s]
[2026-09-23 23:24:53:902] INFO 📥 Blocks: 149 [0] | Classes: 149 [0] | State: 149 [0]
[2026-09-23 23:24:53:902] INFO 🔗 Sync is at 149/149 [0.17 blocks/s]
[2026-09-23 23:24:54:330] WARN mc_gateway_client::methods Failed to get with StarknetError(StarknetError { code: BlockNotFound, message: "Pre-confirmed block with number 150 was not found. Current pre-confirmed block number is 151." }), retrying
[2026-09-23 23:24:54:432] WARN mc_gateway_client::methods Failed to get with StarknetError(StarknetError { code: BlockNotFound, message: "Pre-confirmed block with number 150 was not found. Current pre-confirmed block number is 151." }), retrying
[2026-09-23 23:24:54:634] WARN mc_gateway_client::methods Failed to get with StarknetError(StarknetError { code: BlockNotFound, message: "Pre-confirmed block with number 150 was not found. Current pre-confirmed block number is 151." }), retrying
[2026-09-23 23:24:56:902] INFO 📥 Blocks: 150 [0] | Classes: 150 [0] | State: 150 [0]
[2026-09-23 23:24:56:902] INFO 🔗 Sync is at 150/150 [0.17 blocks/s]
[2026-09-23 23:24:59:928] INFO 📥 Blocks: 150 [0] | Classes: 150 [0] | State: 150 [0]
[2026-09-23 23:24:59:928] INFO 🔗 Sync is at 150/150 [0.17 blocks/s]
[2026-09-23 23:25:00:343] WARN mc_gateway_client::methods Failed to get with StarknetError(StarknetError { code: BlockNotFound, message: "Pre-confirmed block with number 151 was not found. Current pre-confirmed block number is 152." }), retrying
[2026-09-23 23:25:00:445] WARN mc_gateway_client::methods Failed to get with StarknetError(StarknetError { code: BlockNotFound, message: "Pre-confirmed block with number 151 was not found. Current pre-confirmed block number is 152." }), retrying
[2026-09-23 23:25:00:647] WARN mc_gateway_client::methods Failed to get with StarknetError(StarknetError { code: BlockNotFound, message: "Pre-confirmed block with number 151 was not found. Current pre-confirmed block number is 152." }), retrying
[2026-09-23 23:25:02:928] INFO 📥 Blocks: 151 [0] | Classes: 151 [0] | State: 151 [0]
[2026-09-23 23:25:02:928] INFO 🔗 Sync is at 151/151 [0.17 blocks/s]
[2026-09-23 23:25:05:929] INFO 📥 Blocks: 151 [0] | Classes: 151 [0] | State: 151 [0]
[2026-09-23 23:25:05:929] INFO 🔗 Sync is at 151/151 [0.17 blocks/s]
[2026-09-23 23:25:06:357] WARN mc_gateway_client::methods Failed to get with StarknetError(StarknetError { code: BlockNotFound, message: "Pre-confirmed block with number 152 was not found. Current pre-confirmed block number is 153." }), retrying
[2026-09-23 23:25:06:459] WARN mc_gateway_client::methods Failed to get with StarknetError(StarknetError { code: BlockNotFound, message: "Pre-confirmed block with number 152 was not found. Current pre-confirmed block number is 153." }), retrying
[2026-09-23 23:25:06:659] WARN mc_gateway_client::methods Failed to get with StarknetError(StarknetError { code: BlockNotFound, message: "Pre-confirmed block with number 152 was not found. Current pre-confirmed block number is 153." }), retrying
[2026-09-23 23:25:08:928] INFO 📥 Blocks: 152 [0] | Classes: 152 [0] | State: 152 [0]
[2026-09-23 23:25:08:928] INFO 🔗 Sync is at 152/152 [0.17 blocks/s]
[2026-09-23 23:25:11:928] INFO 📥 Blocks: 152 [0] | Classes: 152 [0] | State: 152 [0]
[2026-09-23 23:25:11:929] INFO 🔗 Sync is at 152/152 [0.17 blocks/s]
[2026-09-23 23:25:12:373] WARN mc_gateway_client::methods Failed to get with StarknetError(StarknetError { code: BlockNotFound, message: "Pre-confirmed block with number 153 was not found. Current pre-confirmed block number is 154." }), retrying
[2026-09-23 23:25:12:475] WARN mc_gateway_client::methods Failed to get with StarknetError(StarknetError { code: BlockNotFound, message: "Pre-confirmed block with number 153 was not found. Current pre-confirmed block number is 154." }), retrying
[2026-09-23 23:25:12:675] WARN mc_gateway_client::methods Failed to get with StarknetError(StarknetError { code: BlockNotFound, message: "Pre-confirmed block with number 153 was not found. Current pre-confirmed block number is 154." }), retrying
[2026-09-23 23:25:14:929] INFO 📥 Blocks: 153 [0] | Classes: 153 [0] | State: 153 [0]
[2026-09-23 23:25:14:929] INFO 🔗 Sync is at 153/153 [0.17 blocks/s]
[2026-09-23 23:25:17:929] INFO 📥 Blocks: 153 [0] | Classes: 153 [0] | State: 153 [0]
[2026-09-23 23:25:17:929] INFO 🔗 Sync is at 153/153 [0.17 blocks/s]
[2026-09-23 23:25:18:383] WARN mc_gateway_client::methods Failed to get with StarknetError(StarknetError { code: BlockNotFound, message: "Pre-confirmed block with number 154 was not found. Current pre-confirmed block number is 155." }), retrying
[2026-09-23 23:25:18:485] WARN mc_gateway_client::methods Failed to get with StarknetError(StarknetError { code: BlockNotFound, message: "Pre-confirmed block with number 154 was not found. Current pre-confirmed block number is 155." }), retrying
[2026-09-23 23:25:18:687] WARN mc_gateway_client::methods Failed to get with StarknetError(StarknetError { code: BlockNotFound, message: "Pre-confirmed block with number 154 was not found. Current pre-confirmed block number is 155." }), retrying
[2026-09-23 23:25:20:929] INFO 📥 Blocks: 154 [0] | Classes: 154 [0] | State: 154 [0]
[2026-09-23 23:25:20:929] INFO 🔗 Sync is at 154/154 [0.17 blocks/s]
[2026-09-23 23:25:23:928] INFO 📥 Blocks: 154 [0] | Classes: 154 [0] | State: 154 [0]
[2026-09-23 23:25:23:928] INFO 🔗 Sync is at 154/154 [0.17 blocks/s]
[2026-09-23 23:25:24:385] WARN mc_gateway_client::methods Failed to get with StarknetError(StarknetError { code: BlockNotFound, message: "Pre-confirmed block with number 155 was not found. Current pre-confirmed block number is 156." }), retrying
[2026-09-23 23:25:24:487] WARN mc_gateway_client::methods Failed to get with StarknetError(StarknetError { code: BlockNotFound, message: "Pre-confirmed block with number 155 was not found. Current pre-confirmed block number is 156." }), retrying
[2026-09-23 23:25:24:689] WARN mc_gateway_client::methods Failed to get with StarknetError(StarknetError { code: BlockNotFound, message: "Pre-confirmed block with number 155 was not found. Current pre-confirmed block number is 156." }), retrying
[2026-09-23 23:25:26:928] INFO 📥 Blocks: 155 [0] | Classes: 155 [0] | State: 155 [0]
[2026-09-23 23:25:26:928] INFO 🔗 Sync is at 155/155 [0.17 blocks/s]
[2026-09-23 23:25:29:949] INFO 📥 Blocks: 155 [0] | Classes: 155 [0] | State: 155 [0]
[2026-09-23 23:25:29:949] INFO 🔗 Sync is at 155/155 [0.17 blocks/s]
[2026-09-23 23:25:30:415] WARN mc_gateway_client::methods Failed to get with StarknetError(StarknetError { code: BlockNotFound, message: "Pre-confirmed block with number 156 was not found. Current pre-confirmed block number is 157." }), retrying
[2026-09-23 23:25:30:516] WARN mc_gateway_client::methods Failed to get with StarknetError(StarknetError { code: BlockNotFound, message: "Pre-confirmed block with number 156 was not found. Current pre-confirmed block number is 157." }), retrying
[2026-09-23 23:25:30:717] WARN mc_gateway_client::methods Failed to get with StarknetError(StarknetError { code: BlockNotFound, message: "Pre-confirmed block with number 156 was not found. Current pre-confirmed block number is 157." }), retrying
[2026-09-23 23:25:32:948] INFO 📥 Blocks: 156 [0] | Classes: 156 [0] | State: 156 [0]
[2026-09-23 23:25:32:948] INFO 🔗 Sync is at 156/156 [0.17 blocks/s]
[2026-09-23 23:25:35:948] INFO 📥 Blocks: 156 [0] | Classes: 156 [0] | State: 156 [0]
[2026-09-23 23:25:35:948] INFO 🔗 Sync is at 156/156 [0.17 blocks/s]
[2026-09-23 23:25:36:425] WARN mc_gateway_client::methods Failed to get with StarknetError(StarknetError { code: BlockNotFound, message: "Pre-confirmed block with number 157 was not found. Current pre-confirmed block number is 158." }), retrying
[2026-09-23 23:25:36:527] WARN mc_gateway_client::methods Failed to get with StarknetError(StarknetError { code: BlockNotFound, message: "Pre-confirmed block with number 157 was not found. Current pre-confirmed block number is 158." }), retrying
[2026-09-23 23:25:36:728] WARN mc_gateway_client::methods Failed to get with StarknetError(StarknetError { code: BlockNotFound, message: "Pre-confirmed block with number 157 was not found. Current pre-confirmed block number is 158." }), retrying
[2026-09-23 23:25:38:949] INFO 📥 Blocks: 157 [0] | Classes: 157 [0] | State: 157 [0]
[2026-09-23 23:25:38:949] INFO 🔗 Sync is at 157/157 [0.17 blocks/s]
[2026-09-23 23:25:41:943] WARN mc_gateway_client::methods Failed to get with StarknetError(StarknetError { code: BlockNotFound, message: "Pre-confirmed block with number 158 was not found. Current pre-confirmed block number is 159." }), retrying
[2026-09-23 23:25:41:949] INFO 📥 Blocks: 157 [0] | Classes: 157 [0] | State: 157 [0]
[2026-09-23 23:25:41:949] INFO 🔗 Sync is at 157/157 [0.17 blocks/s]
[2026-09-23 23:25:42:044] WARN mc_gateway_client::methods Failed to get with StarknetError(StarknetError { code: BlockNotFound, message: "Pre-confirmed block with number 158 was not found. Current pre-confirmed block number is 159." }), retrying
[2026-09-23 23:25:42:248] WARN mc_gateway_client::methods Failed to get with StarknetError(StarknetError { code: BlockNotFound, message: "Pre-confirmed block with number 158 was not found. Current pre-confirmed block number is 159." }), retrying
[2026-09-23 23:25:42:651] WARN mc_gateway_client::methods Failed to get with StarknetError(StarknetError { code: BlockNotFound, message: "Pre-confirmed block with number 158 was not found. Current pre-confirmed block number is 159." }), retrying
[2026-09-23 23:25:44:949] INFO 📥 Blocks: 158 [0] | Classes: 158 [0] | State: 158 [0]
[2026-09-23 23:25:44:949] INFO 🔗 Sync is at 158/158 [0.17 blocks/s]
[2026-09-23 23:25:47:948] INFO 📥 Blocks: 159 [0] | Classes: 159 [0] | State: 159 [0]
[2026-09-23 23:25:47:948] INFO 🔗 Sync is at 159/159 [0.17 blocks/s]
[2026-09-23 23:25:50:948] INFO 📥 Blocks: 159 [0] | Classes: 159 [0] | State: 159 [0]
[2026-09-23 23:25:50:948] INFO 🔗 Sync is at 159/159 [0.17 blocks/s]
[2026-09-23 23:25:53:949] INFO 📥 Blocks: 159 [1] | Classes: 159 [0] | State: 159 [0]
[2026-09-23 23:25:53:949] INFO 🔗 Sync is at 159/160 [0.17 blocks/s]
[2026-09-23 23:25:56:949] INFO 📥 Blocks: 160 [0] | Classes: 160 [0] | State: 160 [0]
[2026-09-23 23:25:56:949] INFO 🔗 Sync is at 160/160 [0.17 blocks/s]
[2026-09-23 23:25:59:973] INFO 📥 Blocks: 160 [0] | Classes: 160 [0] | State: 160 [0]
[2026-09-23 23:25:59:973] INFO 🔗 Sync is at 160/160 [0.17 blocks/s]
[2026-09-23 23:26:02:973] INFO 📥 Blocks: 161 [0] | Classes: 161 [0] | State: 161 [0]
[2026-09-23 23:26:02:973] INFO 🔗 Sync is at 161/161 [0.17 blocks/s]
[2026-09-23 23:26:05:973] INFO 📥 Blocks: 161 [0] | Classes: 161 [0] | State: 161 [0]
[2026-09-23 23:26:05:973] INFO 🔗 Sync is at 161/161 [0.17 blocks/s]
[2026-09-23 23:26:08:973] INFO 📥 Blocks: 162 [0] | Classes: 162 [0] | State: 162 [0]
[2026-09-23 23:26:08:973] INFO 🔗 Sync is at 162/162 [0.17 blocks/s]
[2026-09-23 23:26:11:973] INFO 📥 Blocks: 162 [0] | Classes: 162 [0] | State: 162 [0]
[2026-09-23 23:26:11:973] INFO 🔗 Sync is at 162/162 [0.17 blocks/s]
[2026-09-23 23:26:14:972] INFO 📥 Blocks: 163 [0] | Classes: 163 [0] | State: 163 [0]
[2026-09-23 23:26:14:972] INFO 🔗 Sync is at 163/163 [0.17 blocks/s]
[2026-09-23 23:26:17:973] INFO 📥 Blocks: 163 [0] | Classes: 163 [0] | State: 163 [0]
[2026-09-23 23:26:17:973] INFO 🔗 Sync is at 163/163 [0.17 blocks/s]
[2026-09-23 23:26:20:973] INFO 📥 Blocks: 164 [0] | Classes: 164 [0] | State: 164 [0]
[2026-09-23 23:26:20:973] INFO 🔗 Sync is at 164/164 [0.17 blocks/s]
[2026-09-23 23:26:23:973] INFO 📥 Blocks: 164 [0] | Classes: 164 [0] | State: 164 [0]
[2026-09-23 23:26:23:973] INFO 🔗 Sync is at 164/164 [0.17 blocks/s]
[2026-09-23 23:26:26:973] INFO 📥 Blocks: 165 [0] | Classes: 165 [0] | State: 165 [0]
[2026-09-23 23:26:26:973] INFO 🔗 Sync is at 165/165 [0.17 blocks/s]
[2026-09-23 23:26:30:003] INFO 📥 Blocks: 165 [0] | Classes: 165 [0] | State: 165 [0]
[2026-09-23 23:26:30:003] INFO 🔗 Sync is at 165/165 [0.17 blocks/s]
[2026-09-23 23:26:33:004] INFO 📥 Blocks: 166 [0] | Classes: 166 [0] | State: 166 [0]
[2026-09-23 23:26:33:004] INFO 🔗 Sync is at 166/166 [0.17 blocks/s]
[2026-09-23 23:26:36:003] INFO 📥 Blocks: 166 [0] | Classes: 166 [0] | State: 166 [0]
[2026-09-23 23:26:36:003] INFO 🔗 Sync is at 166/166 [0.17 blocks/s]
[2026-09-23 23:26:39:004] INFO 📥 Blocks: 167 [0] | Classes: 167 [0] | State: 167 [0]
[2026-09-23 23:26:39:004] INFO 🔗 Sync is at 167/167 [0.17 blocks/s]
[2026-09-23 23:26:42:004] INFO 📥 Blocks: 167 [0] | Classes: 167 [0] | State: 167 [0]
[2026-09-23 23:26:42:004] INFO 🔗 Sync is at 167/167 [0.17 blocks/s]
[2026-09-23 23:26:45:004] INFO 📥 Blocks: 168 [0] | Classes: 168 [0] | State: 168 [0]
[2026-09-23 23:26:45:004] INFO 🔗 Sync is at 168/168 [0.17 blocks/s]
[2026-09-23 23:26:48:006] INFO 📥 Blocks: 168 [0] | Classes: 168 [0] | State: 168 [0]
[2026-09-23 23:26:48:006] INFO 🔗 Sync is at 168/168 [0.17 blocks/s]
[2026-09-23 23:26:51:003] INFO 📥 Blocks: 169 [0] | Classes: 169 [0] | State: 169 [0]
[2026-09-23 23:26:51:003] INFO 🔗 Sync is at 169/169 [0.17 blocks/s]
[2026-09-23 23:26:54:003] INFO 📥 Blocks: 169 [0] | Classes: 169 [0] | State: 169 [0]
[2026-09-23 23:26:54:003] INFO 🔗 Sync is at 169/169 [0.17 blocks/s]
[2026-09-23 23:26:57:004] INFO 📥 Blocks: 170 [0] | Classes: 170 [0] | State: 170 [0]
[2026-09-23 23:26:57:004] INFO 🔗 Sync is at 170/170 [0.17 blocks/s]
[2026-09-23 23:27:00:026] INFO 📥 Blocks: 170 [0] | Classes: 170 [0] | State: 170 [0]
[2026-09-23 23:27:00:026] INFO 🔗 Sync is at 170/170 [0.17 blocks/s]
[2026-09-23 23:27:03:026] INFO 📥 Blocks: 171 [0] | Classes: 171 [0] | State: 171 [0]
[2026-09-23 23:27:03:026] INFO 🔗 Sync is at 171/171 [0.17 blocks/s]
