[2026-09-23 23:09:58:763] INFO No private key provided, auto-generating one for block signing
[2026-09-23 23:09:58:763] INFO 🥷  Madara Node
[2026-09-23 23:09:58:763] INFO 💁 Support URL: https://github.com/madara-alliance/madara/issues
[2026-09-23 23:09:58:763] INFO 🏷  Node Name: MadaraAlphaDrone2
[2026-09-23 23:09:58:763] INFO 👤 Role: Full Node
[2026-09-23 23:09:58:763] INFO 🌐 Network: Madara (chain id `convoy_alpha`)
[2026-09-23 23:09:58:768] INFO 💻 Operating system: Linux 12 Debian GNU/Linux
[2026-09-23 23:09:58:768] INFO 💻 CPU architecture: x86_64
[2026-09-23 23:09:58:768] INFO 💻 CPU: Intel(R) Core(TM) Ultra 9 285H
[2026-09-23 23:09:58:768] INFO 💻 CPU cores: 16
[2026-09-23 23:09:58:768] INFO 💻 Memory: 24032MiB
[2026-09-23 23:09:58:768] INFO 💻 Kernel: 6.6.87.2-microsoft-standard-WSL2
[2026-09-23 23:09:58:768] INFO Cairo native disabled - all contracts will use Cairo VM
[2026-09-23 23:09:58:768] INFO 💾 Opening database at: /madara_db
[2026-09-23 23:09:58:768] INFO 💾  Preconfirmed blocks will be saved to database
[2026-09-23 23:09:58:769] INFO 📦 Creating new database at version 8
[2026-09-23 23:09:59:000] INFO 📝 Database write mode: WAL enabled, fsync disabled (recommended)
[2026-09-23 23:09:59:000] INFO 💼 Starting chain with block: empty state
[2026-09-23 23:09:59:048] INFO 📱 Running JSON-RPC server at http://0.0.0.0:9944/rpc/v0.9.0/ (allowed origins=["*"], supported versions=["/rpc/v0.7.1/", "/rpc/v0.8.1/", "/rpc/v0.9.0/"])
[2026-09-23 23:09:59:103] INFO 🌐 Initializing sync from gateway
[2026-09-23 23:09:59:103] INFO 📊 Database head status: latest_full_block=0, starting sync from block #0
[2026-09-23 23:09:59:107] WARN mc_gateway_client::methods Failed to get with StarknetError(StarknetError { code: BlockNotFound, message: "Pre-confirmed block with number 0 was not found. Current pre-confirmed block number is 2." }), retrying
[2026-09-23 23:10:02:104] INFO 📥 Blocks: 1 [0] | Classes: 1 [0] | State: 1 [0]
[2026-09-23 23:10:02:104] INFO 🔗 Sync is at 1/1 [0.67 blocks/s]
[2026-09-23 23:10:05:104] INFO 📥 Blocks: 1 [0] | Classes: 1 [0] | State: 1 [0]
[2026-09-23 23:10:05:104] INFO 🔗 Sync is at 1/1 [0.33 blocks/s]
[2026-09-23 23:10:08:104] INFO 📥 Blocks: 2 [0] | Classes: 2 [0] | State: 2 [0]
[2026-09-23 23:10:08:104] INFO 🔗 Sync is at 2/2 [0.33 blocks/s]
[2026-09-23 23:10:11:105] INFO 📥 Blocks: 2 [0] | Classes: 2 [0] | State: 2 [0]
[2026-09-23 23:10:11:105] INFO 🔗 Sync is at 2/2 [0.25 blocks/s]
[2026-09-23 23:10:14:104] INFO 📥 Blocks: 3 [0] | Classes: 3 [0] | State: 3 [0]
[2026-09-23 23:10:14:104] INFO 🔗 Sync is at 3/3 [0.27 blocks/s]
[2026-09-23 23:10:17:104] INFO 📥 Blocks: 3 [0] | Classes: 3 [0] | State: 3 [0]
[2026-09-23 23:10:17:104] INFO 🔗 Sync is at 3/3 [0.22 blocks/s]
[2026-09-23 23:10:20:105] INFO 📥 Blocks: 4 [0] | Classes: 4 [0] | State: 4 [0]
[2026-09-23 23:10:20:105] INFO 🔗 Sync is at 4/4 [0.24 blocks/s]
[2026-09-23 23:10:23:104] INFO 📥 Blocks: 4 [0] | Classes: 4 [0] | State: 4 [0]
[2026-09-23 23:10:23:104] INFO 🔗 Sync is at 4/4 [0.21 blocks/s]
[2026-09-23 23:10:26:104] INFO 📥 Blocks: 5 [0] | Classes: 5 [0] | State: 5 [0]
[2026-09-23 23:10:26:104] INFO 🔗 Sync is at 5/5 [0.22 blocks/s]
[2026-09-23 23:10:29:123] INFO 📥 Blocks: 5 [0] | Classes: 5 [0] | State: 5 [0]
[2026-09-23 23:10:29:123] INFO 🔗 Sync is at 5/5 [0.20 blocks/s]
[2026-09-23 23:10:32:122] INFO 📥 Blocks: 6 [0] | Classes: 6 [0] | State: 6 [0]
[2026-09-23 23:10:32:122] INFO 🔗 Sync is at 6/6 [0.21 blocks/s]
[2026-09-23 23:10:35:123] INFO 📥 Blocks: 6 [0] | Classes: 6 [0] | State: 6 [0]
[2026-09-23 23:10:35:123] INFO 🔗 Sync is at 6/6 [0.19 blocks/s]
[2026-09-23 23:10:38:123] INFO 📥 Blocks: 7 [0] | Classes: 7 [0] | State: 7 [0]
[2026-09-23 23:10:38:123] INFO 🔗 Sync is at 7/7 [0.21 blocks/s]
[2026-09-23 23:10:41:123] INFO 📥 Blocks: 7 [0] | Classes: 7 [0] | State: 7 [0]
[2026-09-23 23:10:41:123] INFO 🔗 Sync is at 7/7 [0.19 blocks/s]
[2026-09-23 23:10:44:123] INFO 📥 Blocks: 8 [0] | Classes: 8 [0] | State: 8 [0]
[2026-09-23 23:10:44:123] INFO 🔗 Sync is at 8/8 [0.20 blocks/s]
[2026-09-23 23:10:47:123] INFO 📥 Blocks: 8 [0] | Classes: 8 [0] | State: 8 [0]
[2026-09-23 23:10:47:123] INFO 🔗 Sync is at 8/8 [0.19 blocks/s]
[2026-09-23 23:10:50:122] INFO 📥 Blocks: 9 [0] | Classes: 9 [0] | State: 9 [0]
[2026-09-23 23:10:50:122] INFO 🔗 Sync is at 9/9 [0.20 blocks/s]
[2026-09-23 23:10:53:123] INFO 📥 Blocks: 9 [0] | Classes: 9 [0] | State: 9 [0]
[2026-09-23 23:10:53:123] INFO 🔗 Sync is at 9/9 [0.19 blocks/s]
[2026-09-23 23:10:56:123] INFO 📥 Blocks: 10 [0] | Classes: 10 [0] | State: 10 [0]
[2026-09-23 23:10:56:123] INFO 🔗 Sync is at 10/10 [0.19 blocks/s]
[2026-09-23 23:10:59:142] INFO 📥 Blocks: 10 [0] | Classes: 10 [0] | State: 10 [0]
[2026-09-23 23:10:59:142] INFO 🔗 Sync is at 10/10 [0.18 blocks/s]
[2026-09-23 23:11:02:142] INFO 📥 Blocks: 11 [0] | Classes: 11 [0] | State: 11 [0]
[2026-09-23 23:11:02:142] INFO 🔗 Sync is at 11/11 [0.19 blocks/s]
[2026-09-23 23:11:05:142] INFO 📥 Blocks: 11 [0] | Classes: 11 [0] | State: 11 [0]
[2026-09-23 23:11:05:142] INFO 🔗 Sync is at 11/11 [0.18 blocks/s]
[2026-09-23 23:11:08:142] INFO 📥 Blocks: 12 [0] | Classes: 12 [0] | State: 12 [0]
[2026-09-23 23:11:08:142] INFO 🔗 Sync is at 12/12 [0.19 blocks/s]
[2026-09-23 23:11:11:109] WARN mc_gateway_client::methods Failed to get with StarknetError(StarknetError { code: BlockNotFound, message: "Pre-confirmed block with number 13 was not found. Current pre-confirmed block number is 14." }), retrying
[2026-09-23 23:11:11:142] INFO 📥 Blocks: 12 [0] | Classes: 12 [0] | State: 12 [0]
[2026-09-23 23:11:11:142] INFO 🔗 Sync is at 12/12 [0.18 blocks/s]
[2026-09-23 23:11:11:212] WARN mc_gateway_client::methods Failed to get with StarknetError(StarknetError { code: BlockNotFound, message: "Pre-confirmed block with number 13 was not found. Current pre-confirmed block number is 14." }), retrying
[2026-09-23 23:11:14:142] INFO 📥 Blocks: 13 [0] | Classes: 13 [0] | State: 13 [0]
[2026-09-23 23:11:14:142] INFO 🔗 Sync is at 13/13 [0.19 blocks/s]
[2026-09-23 23:11:17:142] INFO 📥 Blocks: 13 [0] | Classes: 13 [0] | State: 13 [0]
[2026-09-23 23:11:17:142] INFO 🔗 Sync is at 13/13 [0.18 blocks/s]
[2026-09-23 23:11:20:142] INFO 📥 Blocks: 14 [0] | Classes: 14 [0] | State: 14 [0]
[2026-09-23 23:11:20:142] INFO 🔗 Sync is at 14/14 [0.19 blocks/s]
[2026-09-23 23:11:23:141] INFO 📥 Blocks: 14 [0] | Classes: 14 [0] | State: 14 [0]
[2026-09-23 23:11:23:141] INFO 🔗 Sync is at 14/14 [0.18 blocks/s]
[2026-09-23 23:11:26:142] INFO 📥 Blocks: 15 [0] | Classes: 15 [0] | State: 15 [0]
[2026-09-23 23:11:26:142] INFO 🔗 Sync is at 15/15 [0.18 blocks/s]
[2026-09-23 23:11:29:158] INFO 📥 Blocks: 15 [0] | Classes: 15 [0] | State: 15 [0]
[2026-09-23 23:11:29:158] INFO 🔗 Sync is at 15/15 [0.18 blocks/s]
[2026-09-23 23:11:32:158] INFO 📥 Blocks: 16 [0] | Classes: 16 [0] | State: 16 [0]
[2026-09-23 23:11:32:158] INFO 🔗 Sync is at 16/16 [0.18 blocks/s]
[2026-09-23 23:11:35:158] INFO 📥 Blocks: 16 [0] | Classes: 16 [0] | State: 16 [0]
[2026-09-23 23:11:35:158] INFO 🔗 Sync is at 16/16 [0.18 blocks/s]
[2026-09-23 23:11:38:157] INFO 📥 Blocks: 17 [0] | Classes: 17 [0] | State: 17 [0]
[2026-09-23 23:11:38:157] INFO 🔗 Sync is at 17/17 [0.18 blocks/s]
[2026-09-23 23:11:41:158] INFO 📥 Blocks: 17 [0] | Classes: 17 [0] | State: 17 [0]
[2026-09-23 23:11:41:158] INFO 🔗 Sync is at 17/17 [0.18 blocks/s]
[2026-09-23 23:11:44:158] INFO 📥 Blocks: 18 [0] | Classes: 18 [0] | State: 18 [0]
[2026-09-23 23:11:44:158] INFO 🔗 Sync is at 18/18 [0.18 blocks/s]
[2026-09-23 23:11:47:157] INFO 📥 Blocks: 18 [0] | Classes: 18 [0] | State: 18 [0]
[2026-09-23 23:11:47:157] INFO 🔗 Sync is at 18/18 [0.18 blocks/s]
[2026-09-23 23:11:50:157] INFO 📥 Blocks: 19 [0] | Classes: 19 [0] | State: 19 [0]
[2026-09-23 23:11:50:157] INFO 🔗 Sync is at 19/19 [0.18 blocks/s]
[2026-09-23 23:11:53:158] INFO 📥 Blocks: 19 [0] | Classes: 19 [0] | State: 19 [0]
[2026-09-23 23:11:53:158] INFO 🔗 Sync is at 19/19 [0.18 blocks/s]
[2026-09-23 23:11:56:157] INFO 📥 Blocks: 20 [0] | Classes: 20 [0] | State: 20 [0]
[2026-09-23 23:11:56:157] INFO 🔗 Sync is at 20/20 [0.18 blocks/s]
[2026-09-23 23:11:59:171] INFO 📥 Blocks: 20 [0] | Classes: 20 [0] | State: 20 [0]
[2026-09-23 23:11:59:171] INFO 🔗 Sync is at 20/20 [0.17 blocks/s]
[2026-09-23 23:12:02:171] INFO 📥 Blocks: 21 [0] | Classes: 21 [0] | State: 21 [0]
[2026-09-23 23:12:02:171] INFO 🔗 Sync is at 21/21 [0.18 blocks/s]
[2026-09-23 23:12:05:172] INFO 📥 Blocks: 21 [0] | Classes: 21 [0] | State: 21 [0]
[2026-09-23 23:12:05:172] INFO 🔗 Sync is at 21/21 [0.17 blocks/s]
[2026-09-23 23:12:08:172] INFO 📥 Blocks: 22 [0] | Classes: 22 [0] | State: 22 [0]
[2026-09-23 23:12:08:172] INFO 🔗 Sync is at 22/22 [0.18 blocks/s]
[2026-09-23 23:12:11:171] INFO 📥 Blocks: 22 [0] | Classes: 22 [0] | State: 22 [0]
[2026-09-23 23:12:11:171] INFO 🔗 Sync is at 22/22 [0.17 blocks/s]
[2026-09-23 23:12:14:171] INFO 📥 Blocks: 23 [0] | Classes: 23 [0] | State: 23 [0]
[2026-09-23 23:12:14:171] INFO 🔗 Sync is at 23/23 [0.18 blocks/s]
[2026-09-23 23:12:17:172] INFO 📥 Blocks: 23 [0] | Classes: 23 [0] | State: 23 [0]
[2026-09-23 23:12:17:172] INFO 🔗 Sync is at 23/23 [0.17 blocks/s]
[2026-09-23 23:12:20:172] INFO 📥 Blocks: 24 [0] | Classes: 24 [0] | State: 24 [0]
[2026-09-23 23:12:20:172] INFO 🔗 Sync is at 24/24 [0.18 blocks/s]
[2026-09-23 23:12:23:172] INFO 📥 Blocks: 24 [0] | Classes: 24 [0] | State: 24 [0]
[2026-09-23 23:12:23:172] INFO 🔗 Sync is at 24/24 [0.17 blocks/s]
[2026-09-23 23:12:26:172] INFO 📥 Blocks: 25 [0] | Classes: 25 [0] | State: 25 [0]
[2026-09-23 23:12:26:172] INFO 🔗 Sync is at 25/25 [0.18 blocks/s]
[2026-09-23 23:12:29:189] INFO 📥 Blocks: 25 [0] | Classes: 25 [0] | State: 25 [0]
[2026-09-23 23:12:29:189] INFO 🔗 Sync is at 25/25 [0.17 blocks/s]
[2026-09-23 23:12:32:189] INFO 📥 Blocks: 26 [0] | Classes: 26 [0] | State: 26 [0]
[2026-09-23 23:12:32:189] INFO 🔗 Sync is at 26/26 [0.18 blocks/s]
[2026-09-23 23:12:35:189] INFO 📥 Blocks: 26 [0] | Classes: 26 [0] | State: 26 [0]
[2026-09-23 23:12:35:189] INFO 🔗 Sync is at 26/26 [0.17 blocks/s]
[2026-09-23 23:12:38:189] INFO 📥 Blocks: 27 [0] | Classes: 27 [0] | State: 27 [0]
[2026-09-23 23:12:38:189] INFO 🔗 Sync is at 27/27 [0.18 blocks/s]
[2026-09-23 23:12:41:186] WARN mc_gateway_client::methods Failed to get with StarknetError(StarknetError { code: BlockNotFound, message: "Pre-confirmed block with number 28 was not found. Current pre-confirmed block number is 29." }), retrying
[2026-09-23 23:12:41:189] INFO 📥 Blocks: 27 [0] | Classes: 27 [0] | State: 27 [0]
[2026-09-23 23:12:41:189] INFO 🔗 Sync is at 27/27 [0.17 blocks/s]
[2026-09-23 23:12:41:288] WARN mc_gateway_client::methods Failed to get with StarknetError(StarknetError { code: BlockNotFound, message: "Pre-confirmed block with number 28 was not found. Current pre-confirmed block number is 29." }), retrying
[2026-09-23 23:12:44:190] INFO 📥 Blocks: 28 [0] | Classes: 28 [0] | State: 28 [0]
[2026-09-23 23:12:44:190] INFO 🔗 Sync is at 28/28 [0.18 blocks/s]
[2026-09-23 23:12:47:189] INFO 📥 Blocks: 28 [0] | Classes: 28 [0] | State: 28 [0]
[2026-09-23 23:12:47:189] INFO 🔗 Sync is at 28/28 [0.17 blocks/s]
[2026-09-23 23:12:50:189] INFO 📥 Blocks: 29 [0] | Classes: 29 [0] | State: 29 [0]
[2026-09-23 23:12:50:189] INFO 🔗 Sync is at 29/29 [0.18 blocks/s]
[2026-09-23 23:12:53:189] INFO 📥 Blocks: 29 [0] | Classes: 29 [0] | State: 29 [0]
[2026-09-23 23:12:53:189] INFO 🔗 Sync is at 29/29 [0.17 blocks/s]
[2026-09-23 23:12:56:189] INFO 📥 Blocks: 30 [0] | Classes: 30 [0] | State: 30 [0]
[2026-09-23 23:12:56:189] INFO 🔗 Sync is at 30/30 [0.18 blocks/s]
[2026-09-23 23:12:59:210] INFO 📥 Blocks: 30 [0] | Classes: 30 [0] | State: 30 [0]
[2026-09-23 23:12:59:210] INFO 🔗 Sync is at 30/30 [0.17 blocks/s]
[2026-09-23 23:13:02:210] INFO 📥 Blocks: 31 [0] | Classes: 31 [0] | State: 31 [0]
[2026-09-23 23:13:02:210] INFO 🔗 Sync is at 31/31 [0.17 blocks/s]
[2026-09-23 23:13:05:210] INFO 📥 Blocks: 31 [0] | Classes: 31 [0] | State: 31 [0]
[2026-09-23 23:13:05:210] INFO 🔗 Sync is at 31/31 [0.17 blocks/s]
[2026-09-23 23:13:08:211] INFO 📥 Blocks: 32 [0] | Classes: 32 [0] | State: 32 [0]
[2026-09-23 23:13:08:211] INFO 🔗 Sync is at 32/32 [0.17 blocks/s]
[2026-09-23 23:13:11:210] INFO 📥 Blocks: 32 [0] | Classes: 32 [0] | State: 32 [0]
[2026-09-23 23:13:11:210] INFO 🔗 Sync is at 32/32 [0.17 blocks/s]
[2026-09-23 23:13:14:210] INFO 📥 Blocks: 33 [0] | Classes: 33 [0] | State: 33 [0]
[2026-09-23 23:13:14:210] INFO 🔗 Sync is at 33/33 [0.17 blocks/s]
[2026-09-23 23:13:17:210] INFO 📥 Blocks: 33 [0] | Classes: 33 [0] | State: 33 [0]
[2026-09-23 23:13:17:210] INFO 🔗 Sync is at 33/33 [0.17 blocks/s]
[2026-09-23 23:13:20:211] INFO 📥 Blocks: 34 [0] | Classes: 34 [0] | State: 34 [0]
[2026-09-23 23:13:20:211] INFO 🔗 Sync is at 34/34 [0.17 blocks/s]
[2026-09-23 23:13:23:210] INFO 📥 Blocks: 34 [0] | Classes: 34 [0] | State: 34 [0]
[2026-09-23 23:13:23:210] INFO 🔗 Sync is at 34/34 [0.17 blocks/s]
[2026-09-23 23:13:26:210] INFO 📥 Blocks: 35 [0] | Classes: 35 [0] | State: 35 [0]
[2026-09-23 23:13:26:210] INFO 🔗 Sync is at 35/35 [0.17 blocks/s]
[2026-09-23 23:13:29:223] INFO 📥 Blocks: 35 [0] | Classes: 35 [0] | State: 35 [0]
[2026-09-23 23:13:29:223] INFO 🔗 Sync is at 35/35 [0.17 blocks/s]
[2026-09-23 23:13:32:223] INFO 📥 Blocks: 36 [0] | Classes: 36 [0] | State: 36 [0]
[2026-09-23 23:13:32:224] INFO 🔗 Sync is at 36/36 [0.17 blocks/s]
[2026-09-23 23:13:35:223] INFO 📥 Blocks: 36 [0] | Classes: 36 [0] | State: 36 [0]
[2026-09-23 23:13:35:223] INFO 🔗 Sync is at 36/36 [0.17 blocks/s]
[2026-09-23 23:13:38:224] INFO 📥 Blocks: 37 [0] | Classes: 37 [0] | State: 37 [0]
[2026-09-23 23:13:38:224] INFO 🔗 Sync is at 37/37 [0.17 blocks/s]
[2026-09-23 23:13:41:223] INFO 📥 Blocks: 37 [0] | Classes: 37 [0] | State: 37 [0]
[2026-09-23 23:13:41:224] INFO 🔗 Sync is at 37/37 [0.17 blocks/s]
[2026-09-23 23:13:44:223] INFO 📥 Blocks: 38 [0] | Classes: 38 [0] | State: 38 [0]
[2026-09-23 23:13:44:223] INFO 🔗 Sync is at 38/38 [0.17 blocks/s]
[2026-09-23 23:13:47:223] INFO 📥 Blocks: 38 [0] | Classes: 38 [0] | State: 38 [0]
[2026-09-23 23:13:47:223] INFO 🔗 Sync is at 38/38 [0.17 blocks/s]
[2026-09-23 23:13:50:224] INFO 📥 Blocks: 39 [0] | Classes: 39 [0] | State: 39 [0]
[2026-09-23 23:13:50:224] INFO 🔗 Sync is at 39/39 [0.17 blocks/s]
[2026-09-23 23:13:53:224] INFO 📥 Blocks: 39 [0] | Classes: 39 [0] | State: 39 [0]
[2026-09-23 23:13:53:224] INFO 🔗 Sync is at 39/39 [0.17 blocks/s]
[2026-09-23 23:13:56:224] INFO 📥 Blocks: 40 [0] | Classes: 40 [0] | State: 40 [0]
[2026-09-23 23:13:56:224] INFO 🔗 Sync is at 40/40 [0.17 blocks/s]
[2026-09-23 23:13:59:239] INFO 📥 Blocks: 40 [0] | Classes: 40 [0] | State: 40 [0]
[2026-09-23 23:13:59:239] INFO 🔗 Sync is at 40/40 [0.17 blocks/s]
[2026-09-23 23:13:59:262] WARN mc_gateway_client::methods Failed to get with StarknetError(StarknetError { code: BlockNotFound, message: "Pre-confirmed block with number 41 was not found. Current pre-confirmed block number is 42." }), retrying
[2026-09-23 23:13:59:365] WARN mc_gateway_client::methods Failed to get with StarknetError(StarknetError { code: BlockNotFound, message: "Pre-confirmed block with number 41 was not found. Current pre-confirmed block number is 42." }), retrying
[2026-09-23 23:13:59:567] WARN mc_gateway_client::methods Failed to get with StarknetError(StarknetError { code: BlockNotFound, message: "Pre-confirmed block with number 41 was not found. Current pre-confirmed block number is 42." }), retrying
[2026-09-23 23:14:02:239] INFO 📥 Blocks: 41 [0] | Classes: 41 [0] | State: 41 [0]
[2026-09-23 23:14:02:239] INFO 🔗 Sync is at 41/41 [0.17 blocks/s]
[2026-09-23 23:14:05:238] INFO 📥 Blocks: 41 [0] | Classes: 41 [0] | State: 41 [0]
[2026-09-23 23:14:05:238] INFO 🔗 Sync is at 41/41 [0.17 blocks/s]
[2026-09-23 23:14:08:239] INFO 📥 Blocks: 42 [0] | Classes: 42 [0] | State: 42 [0]
[2026-09-23 23:14:08:239] INFO 🔗 Sync is at 42/42 [0.17 blocks/s]
[2026-09-23 23:14:11:239] INFO 📥 Blocks: 42 [0] | Classes: 42 [0] | State: 42 [0]
[2026-09-23 23:14:11:239] INFO 🔗 Sync is at 42/42 [0.17 blocks/s]
[2026-09-23 23:14:14:238] INFO 📥 Blocks: 43 [0] | Classes: 43 [0] | State: 43 [0]
[2026-09-23 23:14:14:238] INFO 🔗 Sync is at 43/43 [0.17 blocks/s]
[2026-09-23 23:14:17:239] INFO 📥 Blocks: 43 [0] | Classes: 43 [0] | State: 43 [0]
[2026-09-23 23:14:17:239] INFO 🔗 Sync is at 43/43 [0.17 blocks/s]
[2026-09-23 23:14:20:238] INFO 📥 Blocks: 44 [0] | Classes: 44 [0] | State: 44 [0]
[2026-09-23 23:14:20:238] INFO 🔗 Sync is at 44/44 [0.17 blocks/s]
[2026-09-23 23:14:23:239] INFO 📥 Blocks: 44 [0] | Classes: 44 [0] | State: 44 [0]
[2026-09-23 23:14:23:239] INFO 🔗 Sync is at 44/44 [0.17 blocks/s]
[2026-09-23 23:14:26:239] INFO 📥 Blocks: 45 [0] | Classes: 45 [0] | State: 45 [0]
[2026-09-23 23:14:26:239] INFO 🔗 Sync is at 45/45 [0.17 blocks/s]
[2026-09-23 23:14:29:256] INFO 📥 Blocks: 45 [0] | Classes: 45 [0] | State: 45 [0]
[2026-09-23 23:14:29:256] INFO 🔗 Sync is at 45/45 [0.17 blocks/s]
[2026-09-23 23:14:32:257] INFO 📥 Blocks: 46 [0] | Classes: 46 [0] | State: 46 [0]
[2026-09-23 23:14:32:257] INFO 🔗 Sync is at 46/46 [0.17 blocks/s]
[2026-09-23 23:14:35:256] INFO 📥 Blocks: 46 [0] | Classes: 46 [0] | State: 46 [0]
[2026-09-23 23:14:35:256] INFO 🔗 Sync is at 46/46 [0.17 blocks/s]
[2026-09-23 23:14:35:282] WARN mc_gateway_client::methods Failed to get with StarknetError(StarknetError { code: BlockNotFound, message: "Pre-confirmed block with number 47 was not found. Current pre-confirmed block number is 48." }), retrying
[2026-09-23 23:14:35:384] WARN mc_gateway_client::methods Failed to get with StarknetError(StarknetError { code: BlockNotFound, message: "Pre-confirmed block with number 47 was not found. Current pre-confirmed block number is 48." }), retrying
[2026-09-23 23:14:35:585] WARN mc_gateway_client::methods Failed to get with StarknetError(StarknetError { code: BlockNotFound, message: "Pre-confirmed block with number 47 was not found. Current pre-confirmed block number is 48." }), retrying
[2026-09-23 23:14:38:257] INFO 📥 Blocks: 47 [0] | Classes: 47 [0] | State: 47 [0]
[2026-09-23 23:14:38:257] INFO 🔗 Sync is at 47/47 [0.17 blocks/s]
[2026-09-23 23:14:41:257] INFO 📥 Blocks: 47 [0] | Classes: 47 [0] | State: 47 [0]
[2026-09-23 23:14:41:257] INFO 🔗 Sync is at 47/47 [0.17 blocks/s]
[2026-09-23 23:14:44:257] INFO 📥 Blocks: 48 [0] | Classes: 48 [0] | State: 48 [0]
[2026-09-23 23:14:44:257] INFO 🔗 Sync is at 48/48 [0.17 blocks/s]
[2026-09-23 23:14:47:256] INFO 📥 Blocks: 48 [0] | Classes: 48 [0] | State: 48 [0]
[2026-09-23 23:14:47:256] INFO 🔗 Sync is at 48/48 [0.17 blocks/s]
[2026-09-23 23:14:50:256] INFO 📥 Blocks: 49 [0] | Classes: 49 [0] | State: 49 [0]
[2026-09-23 23:14:50:256] INFO 🔗 Sync is at 49/49 [0.17 blocks/s]
[2026-09-23 23:14:53:257] INFO 📥 Blocks: 49 [0] | Classes: 49 [0] | State: 49 [0]
[2026-09-23 23:14:53:257] INFO 🔗 Sync is at 49/49 [0.17 blocks/s]
[2026-09-23 23:14:53:296] WARN mc_gateway_client::methods Failed to get with StarknetError(StarknetError { code: BlockNotFound, message: "Pre-confirmed block with number 50 was not found. Current pre-confirmed block number is 51." }), retrying
[2026-09-23 23:14:53:397] WARN mc_gateway_client::methods Failed to get with StarknetError(StarknetError { code: BlockNotFound, message: "Pre-confirmed block with number 50 was not found. Current pre-confirmed block number is 51." }), retrying
[2026-09-23 23:14:53:599] WARN mc_gateway_client::methods Failed to get with StarknetError(StarknetError { code: BlockNotFound, message: "Pre-confirmed block with number 50 was not found. Current pre-confirmed block number is 51." }), retrying
[2026-09-23 23:14:56:257] INFO 📥 Blocks: 50 [0] | Classes: 50 [0] | State: 50 [0]
[2026-09-23 23:14:56:257] INFO 🔗 Sync is at 50/50 [0.17 blocks/s]
[2026-09-23 23:14:59:279] INFO 📥 Blocks: 50 [0] | Classes: 50 [0] | State: 50 [0]
[2026-09-23 23:14:59:279] INFO 🔗 Sync is at 50/50 [0.16 blocks/s]
[2026-09-23 23:15:02:279] INFO 📥 Blocks: 51 [0] | Classes: 51 [0] | State: 51 [0]
[2026-09-23 23:15:02:279] INFO 🔗 Sync is at 51/51 [0.17 blocks/s]
[2026-09-23 23:15:05:279] INFO 📥 Blocks: 51 [0] | Classes: 51 [0] | State: 51 [0]
[2026-09-23 23:15:05:279] INFO 🔗 Sync is at 51/51 [0.17 blocks/s]
[2026-09-23 23:15:05:324] WARN mc_gateway_client::methods Failed to get with StarknetError(StarknetError { code: BlockNotFound, message: "Pre-confirmed block with number 52 was not found. Current pre-confirmed block number is 53." }), retrying
[2026-09-23 23:15:05:426] WARN mc_gateway_client::methods Failed to get with StarknetError(StarknetError { code: BlockNotFound, message: "Pre-confirmed block with number 52 was not found. Current pre-confirmed block number is 53." }), retrying
[2026-09-23 23:15:05:628] WARN mc_gateway_client::methods Failed to get with StarknetError(StarknetError { code: BlockNotFound, message: "Pre-confirmed block with number 52 was not found. Current pre-confirmed block number is 53." }), retrying
[2026-09-23 23:15:08:279] INFO 📥 Blocks: 52 [0] | Classes: 52 [0] | State: 52 [0]
[2026-09-23 23:15:08:279] INFO 🔗 Sync is at 52/52 [0.17 blocks/s]
[2026-09-23 23:15:11:278] INFO 📥 Blocks: 52 [0] | Classes: 52 [0] | State: 52 [0]
[2026-09-23 23:15:11:278] INFO 🔗 Sync is at 52/52 [0.17 blocks/s]
[2026-09-23 23:15:11:327] WARN mc_gateway_client::methods Failed to get with StarknetError(StarknetError { code: BlockNotFound, message: "Pre-confirmed block with number 53 was not found. Current pre-confirmed block number is 54." }), retrying
[2026-09-23 23:15:11:429] WARN mc_gateway_client::methods Failed to get with StarknetError(StarknetError { code: BlockNotFound, message: "Pre-confirmed block with number 53 was not found. Current pre-confirmed block number is 54." }), retrying
[2026-09-23 23:15:11:631] WARN mc_gateway_client::methods Failed to get with StarknetError(StarknetError { code: BlockNotFound, message: "Pre-confirmed block with number 53 was not found. Current pre-confirmed block number is 54." }), retrying
[2026-09-23 23:15:14:278] INFO 📥 Blocks: 53 [0] | Classes: 53 [0] | State: 53 [0]
[2026-09-23 23:15:14:279] INFO 🔗 Sync is at 53/53 [0.17 blocks/s]
[2026-09-23 23:15:17:278] INFO 📥 Blocks: 53 [0] | Classes: 53 [0] | State: 53 [0]
[2026-09-23 23:15:17:278] INFO 🔗 Sync is at 53/53 [0.17 blocks/s]
[2026-09-23 23:15:17:335] WARN mc_gateway_client::methods Failed to get with StarknetError(StarknetError { code: BlockNotFound, message: "Pre-confirmed block with number 54 was not found. Current pre-confirmed block number is 55." }), retrying
[2026-09-23 23:15:17:437] WARN mc_gateway_client::methods Failed to get with StarknetError(StarknetError { code: BlockNotFound, message: "Pre-confirmed block with number 54 was not found. Current pre-confirmed block number is 55." }), retrying
[2026-09-23 23:15:17:639] WARN mc_gateway_client::methods Failed to get with StarknetError(StarknetError { code: BlockNotFound, message: "Pre-confirmed block with number 54 was not found. Current pre-confirmed block number is 55." }), retrying
[2026-09-23 23:15:20:278] INFO 📥 Blocks: 54 [0] | Classes: 54 [0] | State: 54 [0]
[2026-09-23 23:15:20:278] INFO 🔗 Sync is at 54/54 [0.17 blocks/s]
[2026-09-23 23:15:23:278] INFO 📥 Blocks: 54 [0] | Classes: 54 [0] | State: 54 [0]
[2026-09-23 23:15:23:278] INFO 🔗 Sync is at 54/54 [0.17 blocks/s]
[2026-09-23 23:15:23:342] WARN mc_gateway_client::methods Failed to get with StarknetError(StarknetError { code: BlockNotFound, message: "Pre-confirmed block with number 55 was not found. Current pre-confirmed block number is 56." }), retrying
[2026-09-23 23:15:23:444] WARN mc_gateway_client::methods Failed to get with StarknetError(StarknetError { code: BlockNotFound, message: "Pre-confirmed block with number 55 was not found. Current pre-confirmed block number is 56." }), retrying
[2026-09-23 23:15:23:646] WARN mc_gateway_client::methods Failed to get with StarknetError(StarknetError { code: BlockNotFound, message: "Pre-confirmed block with number 55 was not found. Current pre-confirmed block number is 56." }), retrying
[2026-09-23 23:15:26:278] INFO 📥 Blocks: 55 [0] | Classes: 55 [0] | State: 55 [0]
[2026-09-23 23:15:26:278] INFO 🔗 Sync is at 55/55 [0.17 blocks/s]
[2026-09-23 23:15:29:293] INFO 📥 Blocks: 55 [0] | Classes: 55 [0] | State: 55 [0]
[2026-09-23 23:15:29:293] INFO 🔗 Sync is at 55/55 [0.17 blocks/s]
[2026-09-23 23:15:29:369] WARN mc_gateway_client::methods Failed to get with StarknetError(StarknetError { code: BlockNotFound, message: "Pre-confirmed block with number 56 was not found. Current pre-confirmed block number is 57." }), retrying
[2026-09-23 23:15:29:471] WARN mc_gateway_client::methods Failed to get with StarknetError(StarknetError { code: BlockNotFound, message: "Pre-confirmed block with number 56 was not found. Current pre-confirmed block number is 57." }), retrying
[2026-09-23 23:15:29:672] WARN mc_gateway_client::methods Failed to get with StarknetError(StarknetError { code: BlockNotFound, message: "Pre-confirmed block with number 56 was not found. Current pre-confirmed block number is 57." }), retrying
[2026-09-23 23:15:32:293] INFO 📥 Blocks: 56 [0] | Classes: 56 [0] | State: 56 [0]
[2026-09-23 23:15:32:293] INFO 🔗 Sync is at 56/56 [0.17 blocks/s]
[2026-09-23 23:15:35:293] INFO 📥 Blocks: 56 [0] | Classes: 56 [0] | State: 56 [0]
[2026-09-23 23:15:35:293] INFO 🔗 Sync is at 56/56 [0.17 blocks/s]
[2026-09-23 23:15:35:384] WARN mc_gateway_client::methods Failed to get with StarknetError(StarknetError { code: BlockNotFound, message: "Pre-confirmed block with number 57 was not found. Current pre-confirmed block number is 58." }), retrying
[2026-09-23 23:15:35:486] WARN mc_gateway_client::methods Failed to get with StarknetError(StarknetError { code: BlockNotFound, message: "Pre-confirmed block with number 57 was not found. Current pre-confirmed block number is 58." }), retrying
[2026-09-23 23:15:35:687] WARN mc_gateway_client::methods Failed to get with StarknetError(StarknetError { code: BlockNotFound, message: "Pre-confirmed block with number 57 was not found. Current pre-confirmed block number is 58." }), retrying
[2026-09-23 23:15:38:293] INFO 📥 Blocks: 57 [0] | Classes: 57 [0] | State: 57 [0]
[2026-09-23 23:15:38:293] INFO 🔗 Sync is at 57/57 [0.17 blocks/s]
[2026-09-23 23:15:41:293] INFO 📥 Blocks: 57 [0] | Classes: 57 [0] | State: 57 [0]
[2026-09-23 23:15:41:293] INFO 🔗 Sync is at 57/57 [0.17 blocks/s]
[2026-09-23 23:15:41:393] WARN mc_gateway_client::methods Failed to get with StarknetError(StarknetError { code: BlockNotFound, message: "Pre-confirmed block with number 58 was not found. Current pre-confirmed block number is 59." }), retrying
[2026-09-23 23:15:41:494] WARN mc_gateway_client::methods Failed to get with StarknetError(StarknetError { code: BlockNotFound, message: "Pre-confirmed block with number 58 was not found. Current pre-confirmed block number is 59." }), retrying
[2026-09-23 23:15:41:696] WARN mc_gateway_client::methods Failed to get with StarknetError(StarknetError { code: BlockNotFound, message: "Pre-confirmed block with number 58 was not found. Current pre-confirmed block number is 59." }), retrying
[2026-09-23 23:15:44:293] INFO 📥 Blocks: 58 [0] | Classes: 58 [0] | State: 58 [0]
[2026-09-23 23:15:44:293] INFO 🔗 Sync is at 58/58 [0.17 blocks/s]
[2026-09-23 23:15:47:293] INFO 📥 Blocks: 58 [0] | Classes: 58 [0] | State: 58 [0]
[2026-09-23 23:15:47:293] INFO 🔗 Sync is at 58/58 [0.17 blocks/s]
[2026-09-23 23:15:47:405] WARN mc_gateway_client::methods Failed to get with StarknetError(StarknetError { code: BlockNotFound, message: "Pre-confirmed block with number 59 was not found. Current pre-confirmed block number is 60." }), retrying
[2026-09-23 23:15:47:506] WARN mc_gateway_client::methods Failed to get with StarknetError(StarknetError { code: BlockNotFound, message: "Pre-confirmed block with number 59 was not found. Current pre-confirmed block number is 60." }), retrying
[2026-09-23 23:15:47:708] WARN mc_gateway_client::methods Failed to get with StarknetError(StarknetError { code: BlockNotFound, message: "Pre-confirmed block with number 59 was not found. Current pre-confirmed block number is 60." }), retrying
[2026-09-23 23:15:50:293] INFO 📥 Blocks: 59 [0] | Classes: 59 [0] | State: 59 [0]
[2026-09-23 23:15:50:293] INFO 🔗 Sync is at 59/59 [0.17 blocks/s]
[2026-09-23 23:15:53:293] INFO 📥 Blocks: 59 [0] | Classes: 59 [0] | State: 59 [0]
[2026-09-23 23:15:53:293] INFO 🔗 Sync is at 59/59 [0.17 blocks/s]
[2026-09-23 23:15:53:415] WARN mc_gateway_client::methods Failed to get with StarknetError(StarknetError { code: BlockNotFound, message: "Pre-confirmed block with number 60 was not found. Current pre-confirmed block number is 61." }), retrying
[2026-09-23 23:15:53:517] WARN mc_gateway_client::methods Failed to get with StarknetError(StarknetError { code: BlockNotFound, message: "Pre-confirmed block with number 60 was not found. Current pre-confirmed block number is 61." }), retrying
[2026-09-23 23:15:53:718] WARN mc_gateway_client::methods Failed to get with StarknetError(StarknetError { code: BlockNotFound, message: "Pre-confirmed block with number 60 was not found. Current pre-confirmed block number is 61." }), retrying
[2026-09-23 23:15:56:293] INFO 📥 Blocks: 60 [0] | Classes: 60 [0] | State: 60 [0]
[2026-09-23 23:15:56:293] INFO 🔗 Sync is at 60/60 [0.17 blocks/s]
[2026-09-23 23:15:59:313] INFO 📥 Blocks: 60 [0] | Classes: 60 [0] | State: 60 [0]
[2026-09-23 23:15:59:313] INFO 🔗 Sync is at 60/60 [0.17 blocks/s]
[2026-09-23 23:15:59:444] WARN mc_gateway_client::methods Failed to get with StarknetError(StarknetError { code: BlockNotFound, message: "Pre-confirmed block with number 61 was not found. Current pre-confirmed block number is 62." }), retrying
[2026-09-23 23:15:59:546] WARN mc_gateway_client::methods Failed to get with StarknetError(StarknetError { code: BlockNotFound, message: "Pre-confirmed block with number 61 was not found. Current pre-confirmed block number is 62." }), retrying
[2026-09-23 23:15:59:749] WARN mc_gateway_client::methods Failed to get with StarknetError(StarknetError { code: BlockNotFound, message: "Pre-confirmed block with number 61 was not found. Current pre-confirmed block number is 62." }), retrying
[2026-09-23 23:16:02:313] INFO 📥 Blocks: 61 [0] | Classes: 61 [0] | State: 61 [0]
[2026-09-23 23:16:02:313] INFO 🔗 Sync is at 61/61 [0.17 blocks/s]
[2026-09-23 23:16:05:312] INFO 📥 Blocks: 61 [0] | Classes: 61 [0] | State: 61 [0]
[2026-09-23 23:16:05:312] INFO 🔗 Sync is at 61/61 [0.17 blocks/s]
[2026-09-23 23:16:05:457] WARN mc_gateway_client::methods Failed to get with StarknetError(StarknetError { code: BlockNotFound, message: "Pre-confirmed block with number 62 was not found. Current pre-confirmed block number is 63." }), retrying
[2026-09-23 23:16:05:559] WARN mc_gateway_client::methods Failed to get with StarknetError(StarknetError { code: BlockNotFound, message: "Pre-confirmed block with number 62 was not found. Current pre-confirmed block number is 63." }), retrying
[2026-09-23 23:16:05:761] WARN mc_gateway_client::methods Failed to get with StarknetError(StarknetError { code: BlockNotFound, message: "Pre-confirmed block with number 62 was not found. Current pre-confirmed block number is 63." }), retrying
[2026-09-23 23:16:08:312] INFO 📥 Blocks: 62 [0] | Classes: 62 [0] | State: 62 [0]
[2026-09-23 23:16:08:312] INFO 🔗 Sync is at 62/62 [0.17 blocks/s]
[2026-09-23 23:16:11:313] INFO 📥 Blocks: 62 [0] | Classes: 62 [0] | State: 62 [0]
[2026-09-23 23:16:11:313] INFO 🔗 Sync is at 62/62 [0.17 blocks/s]
[2026-09-23 23:16:11:468] WARN mc_gateway_client::methods Failed to get with StarknetError(StarknetError { code: BlockNotFound, message: "Pre-confirmed block with number 63 was not found. Current pre-confirmed block number is 64." }), retrying
[2026-09-23 23:16:11:569] WARN mc_gateway_client::methods Failed to get with StarknetError(StarknetError { code: BlockNotFound, message: "Pre-confirmed block with number 63 was not found. Current pre-confirmed block number is 64." }), retrying
[2026-09-23 23:16:11:771] WARN mc_gateway_client::methods Failed to get with StarknetError(StarknetError { code: BlockNotFound, message: "Pre-confirmed block with number 63 was not found. Current pre-confirmed block number is 64." }), retrying
[2026-09-23 23:16:14:312] INFO 📥 Blocks: 63 [0] | Classes: 63 [0] | State: 63 [0]
[2026-09-23 23:16:14:313] INFO 🔗 Sync is at 63/63 [0.17 blocks/s]
[2026-09-23 23:16:17:313] INFO 📥 Blocks: 63 [0] | Classes: 63 [0] | State: 63 [0]
[2026-09-23 23:16:17:313] INFO 🔗 Sync is at 63/63 [0.17 blocks/s]
[2026-09-23 23:16:17:477] WARN mc_gateway_client::methods Failed to get with StarknetError(StarknetError { code: BlockNotFound, message: "Pre-confirmed block with number 64 was not found. Current pre-confirmed block number is 65." }), retrying
[2026-09-23 23:16:17:579] WARN mc_gateway_client::methods Failed to get with StarknetError(StarknetError { code: BlockNotFound, message: "Pre-confirmed block with number 64 was not found. Current pre-confirmed block number is 65." }), retrying
[2026-09-23 23:16:17:780] WARN mc_gateway_client::methods Failed to get with StarknetError(StarknetError { code: BlockNotFound, message: "Pre-confirmed block with number 64 was not found. Current pre-confirmed block number is 65." }), retrying
[2026-09-23 23:16:20:313] INFO 📥 Blocks: 64 [0] | Classes: 64 [0] | State: 64 [0]
[2026-09-23 23:16:20:313] INFO 🔗 Sync is at 64/64 [0.17 blocks/s]
[2026-09-23 23:16:23:313] INFO 📥 Blocks: 64 [0] | Classes: 64 [0] | State: 64 [0]
[2026-09-23 23:16:23:313] INFO 🔗 Sync is at 64/64 [0.17 blocks/s]
[2026-09-23 23:16:23:484] WARN mc_gateway_client::methods Failed to get with StarknetError(StarknetError { code: BlockNotFound, message: "Pre-confirmed block with number 65 was not found. Current pre-confirmed block number is 66." }), retrying
[2026-09-23 23:16:23:586] WARN mc_gateway_client::methods Failed to get with StarknetError(StarknetError { code: BlockNotFound, message: "Pre-confirmed block with number 65 was not found. Current pre-confirmed block number is 66." }), retrying
[2026-09-23 23:16:23:787] WARN mc_gateway_client::methods Failed to get with StarknetError(StarknetError { code: BlockNotFound, message: "Pre-confirmed block with number 65 was not found. Current pre-confirmed block number is 66." }), retrying
[2026-09-23 23:16:26:312] INFO 📥 Blocks: 65 [0] | Classes: 65 [0] | State: 65 [0]
[2026-09-23 23:16:26:312] INFO 🔗 Sync is at 65/65 [0.17 blocks/s]
[2026-09-23 23:16:29:331] INFO 📥 Blocks: 65 [0] | Classes: 65 [0] | State: 65 [0]
[2026-09-23 23:16:29:331] INFO 🔗 Sync is at 65/65 [0.17 blocks/s]
[2026-09-23 23:16:29:516] WARN mc_gateway_client::methods Failed to get with StarknetError(StarknetError { code: BlockNotFound, message: "Pre-confirmed block with number 66 was not found. Current pre-confirmed block number is 67." }), retrying
[2026-09-23 23:16:29:618] WARN mc_gateway_client::methods Failed to get with StarknetError(StarknetError { code: BlockNotFound, message: "Pre-confirmed block with number 66 was not found. Current pre-confirmed block number is 67." }), retrying
[2026-09-23 23:16:29:820] WARN mc_gateway_client::methods Failed to get with StarknetError(StarknetError { code: BlockNotFound, message: "Pre-confirmed block with number 66 was not found. Current pre-confirmed block number is 67." }), retrying
[2026-09-23 23:16:32:331] INFO 📥 Blocks: 66 [0] | Classes: 66 [0] | State: 66 [0]
[2026-09-23 23:16:32:331] INFO 🔗 Sync is at 66/66 [0.17 blocks/s]
[2026-09-23 23:16:35:331] INFO 📥 Blocks: 66 [0] | Classes: 66 [0] | State: 66 [0]
[2026-09-23 23:16:35:331] INFO 🔗 Sync is at 66/66 [0.17 blocks/s]
[2026-09-23 23:16:35:524] WARN mc_gateway_client::methods Failed to get with StarknetError(StarknetError { code: BlockNotFound, message: "Pre-confirmed block with number 67 was not found. Current pre-confirmed block number is 68." }), retrying
[2026-09-23 23:16:35:626] WARN mc_gateway_client::methods Failed to get with StarknetError(StarknetError { code: BlockNotFound, message: "Pre-confirmed block with number 67 was not found. Current pre-confirmed block number is 68." }), retrying
[2026-09-23 23:16:35:828] WARN mc_gateway_client::methods Failed to get with StarknetError(StarknetError { code: BlockNotFound, message: "Pre-confirmed block with number 67 was not found. Current pre-confirmed block number is 68." }), retrying
[2026-09-23 23:16:38:331] INFO 📥 Blocks: 67 [0] | Classes: 67 [0] | State: 67 [0]
[2026-09-23 23:16:38:331] INFO 🔗 Sync is at 67/67 [0.17 blocks/s]
[2026-09-23 23:16:41:330] INFO 📥 Blocks: 67 [0] | Classes: 67 [0] | State: 67 [0]
[2026-09-23 23:16:41:330] INFO 🔗 Sync is at 67/67 [0.17 blocks/s]
[2026-09-23 23:16:41:534] WARN mc_gateway_client::methods Failed to get with StarknetError(StarknetError { code: BlockNotFound, message: "Pre-confirmed block with number 68 was not found. Current pre-confirmed block number is 69." }), retrying
[2026-09-23 23:16:41:636] WARN mc_gateway_client::methods Failed to get with StarknetError(StarknetError { code: BlockNotFound, message: "Pre-confirmed block with number 68 was not found. Current pre-confirmed block number is 69." }), retrying
[2026-09-23 23:16:41:837] WARN mc_gateway_client::methods Failed to get with StarknetError(StarknetError { code: BlockNotFound, message: "Pre-confirmed block with number 68 was not found. Current pre-confirmed block number is 69." }), retrying
[2026-09-23 23:16:44:330] INFO 📥 Blocks: 68 [0] | Classes: 68 [0] | State: 68 [0]
[2026-09-23 23:16:44:330] INFO 🔗 Sync is at 68/68 [0.17 blocks/s]
[2026-09-23 23:16:47:330] INFO 📥 Blocks: 68 [0] | Classes: 68 [0] | State: 68 [0]
[2026-09-23 23:16:47:330] INFO 🔗 Sync is at 68/68 [0.17 blocks/s]
[2026-09-23 23:16:47:544] WARN mc_gateway_client::methods Failed to get with StarknetError(StarknetError { code: BlockNotFound, message: "Pre-confirmed block with number 69 was not found. Current pre-confirmed block number is 70." }), retrying
[2026-09-23 23:16:47:645] WARN mc_gateway_client::methods Failed to get with StarknetError(StarknetError { code: BlockNotFound, message: "Pre-confirmed block with number 69 was not found. Current pre-confirmed block number is 70." }), retrying
[2026-09-23 23:16:47:847] WARN mc_gateway_client::methods Failed to get with StarknetError(StarknetError { code: BlockNotFound, message: "Pre-confirmed block with number 69 was not found. Current pre-confirmed block number is 70." }), retrying
[2026-09-23 23:16:50:330] INFO 📥 Blocks: 69 [0] | Classes: 69 [0] | State: 69 [0]
[2026-09-23 23:16:50:330] INFO 🔗 Sync is at 69/69 [0.17 blocks/s]
[2026-09-23 23:16:53:330] INFO 📥 Blocks: 69 [0] | Classes: 69 [0] | State: 69 [0]
[2026-09-23 23:16:53:330] INFO 🔗 Sync is at 69/69 [0.17 blocks/s]
[2026-09-23 23:16:53:554] WARN mc_gateway_client::methods Failed to get with StarknetError(StarknetError { code: BlockNotFound, message: "Pre-confirmed block with number 70 was not found. Current pre-confirmed block number is 71." }), retrying
[2026-09-23 23:16:53:656] WARN mc_gateway_client::methods Failed to get with StarknetError(StarknetError { code: BlockNotFound, message: "Pre-confirmed block with number 70 was not found. Current pre-confirmed block number is 71." }), retrying
[2026-09-23 23:16:53:858] WARN mc_gateway_client::methods Failed to get with StarknetError(StarknetError { code: BlockNotFound, message: "Pre-confirmed block with number 70 was not found. Current pre-confirmed block number is 71." }), retrying
[2026-09-23 23:16:56:331] INFO 📥 Blocks: 70 [0] | Classes: 70 [0] | State: 70 [0]
[2026-09-23 23:16:56:331] INFO 🔗 Sync is at 70/70 [0.17 blocks/s]
[2026-09-23 23:16:59:357] INFO 📥 Blocks: 70 [0] | Classes: 70 [0] | State: 70 [0]
[2026-09-23 23:16:59:357] INFO 🔗 Sync is at 70/70 [0.17 blocks/s]
[2026-09-23 23:16:59:594] WARN mc_gateway_client::methods Failed to get with StarknetError(StarknetError { code: BlockNotFound, message: "Pre-confirmed block with number 71 was not found. Current pre-confirmed block number is 72." }), retrying
[2026-09-23 23:16:59:696] WARN mc_gateway_client::methods Failed to get with StarknetError(StarknetError { code: BlockNotFound, message: "Pre-confirmed block with number 71 was not found. Current pre-confirmed block number is 72." }), retrying
[2026-09-23 23:16:59:898] WARN mc_gateway_client::methods Failed to get with StarknetError(StarknetError { code: BlockNotFound, message: "Pre-confirmed block with number 71 was not found. Current pre-confirmed block number is 72." }), retrying
[2026-09-23 23:17:02:358] INFO 📥 Blocks: 71 [0] | Classes: 71 [0] | State: 71 [0]
[2026-09-23 23:17:02:358] INFO 🔗 Sync is at 71/71 [0.17 blocks/s]
[2026-09-23 23:17:05:357] INFO 📥 Blocks: 71 [0] | Classes: 71 [0] | State: 71 [0]
[2026-09-23 23:17:05:357] INFO 🔗 Sync is at 71/71 [0.17 blocks/s]
[2026-09-23 23:17:05:604] WARN mc_gateway_client::methods Failed to get with StarknetError(StarknetError { code: BlockNotFound, message: "Pre-confirmed block with number 72 was not found. Current pre-confirmed block number is 73." }), retrying
[2026-09-23 23:17:05:706] WARN mc_gateway_client::methods Failed to get with StarknetError(StarknetError { code: BlockNotFound, message: "Pre-confirmed block with number 72 was not found. Current pre-confirmed block number is 73." }), retrying
[2026-09-23 23:17:05:907] WARN mc_gateway_client::methods Failed to get with StarknetError(StarknetError { code: BlockNotFound, message: "Pre-confirmed block with number 72 was not found. Current pre-confirmed block number is 73." }), retrying
[2026-09-23 23:17:08:357] INFO 📥 Blocks: 72 [0] | Classes: 72 [0] | State: 72 [0]
[2026-09-23 23:17:08:357] INFO 🔗 Sync is at 72/72 [0.17 blocks/s]
[2026-09-23 23:17:11:357] INFO 📥 Blocks: 72 [0] | Classes: 72 [0] | State: 72 [0]
[2026-09-23 23:17:11:357] INFO 🔗 Sync is at 72/72 [0.17 blocks/s]
[2026-09-23 23:17:11:615] WARN mc_gateway_client::methods Failed to get with StarknetError(StarknetError { code: BlockNotFound, message: "Pre-confirmed block with number 73 was not found. Current pre-confirmed block number is 74." }), retrying
[2026-09-23 23:17:11:717] WARN mc_gateway_client::methods Failed to get with StarknetError(StarknetError { code: BlockNotFound, message: "Pre-confirmed block with number 73 was not found. Current pre-confirmed block number is 74." }), retrying
[2026-09-23 23:17:11:919] WARN mc_gateway_client::methods Failed to get with StarknetError(StarknetError { code: BlockNotFound, message: "Pre-confirmed block with number 73 was not found. Current pre-confirmed block number is 74." }), retrying
[2026-09-23 23:17:14:357] INFO 📥 Blocks: 73 [0] | Classes: 73 [0] | State: 73 [0]
[2026-09-23 23:17:14:357] INFO 🔗 Sync is at 73/73 [0.17 blocks/s]
[2026-09-23 23:17:17:357] INFO 📥 Blocks: 73 [0] | Classes: 73 [0] | State: 73 [0]
[2026-09-23 23:17:17:357] INFO 🔗 Sync is at 73/73 [0.17 blocks/s]
[2026-09-23 23:17:17:625] WARN mc_gateway_client::methods Failed to get with StarknetError(StarknetError { code: BlockNotFound, message: "Pre-confirmed block with number 74 was not found. Current pre-confirmed block number is 75." }), retrying
[2026-09-23 23:17:17:727] WARN mc_gateway_client::methods Failed to get with StarknetError(StarknetError { code: BlockNotFound, message: "Pre-confirmed block with number 74 was not found. Current pre-confirmed block number is 75." }), retrying
[2026-09-23 23:17:17:929] WARN mc_gateway_client::methods Failed to get with StarknetError(StarknetError { code: BlockNotFound, message: "Pre-confirmed block with number 74 was not found. Current pre-confirmed block number is 75." }), retrying
[2026-09-23 23:17:20:358] INFO 📥 Blocks: 74 [0] | Classes: 74 [0] | State: 74 [0]
[2026-09-23 23:17:20:358] INFO 🔗 Sync is at 74/74 [0.17 blocks/s]
[2026-09-23 23:17:23:358] INFO 📥 Blocks: 74 [0] | Classes: 74 [0] | State: 74 [0]
[2026-09-23 23:17:23:358] INFO 🔗 Sync is at 74/74 [0.17 blocks/s]
[2026-09-23 23:17:23:633] WARN mc_gateway_client::methods Failed to get with StarknetError(StarknetError { code: BlockNotFound, message: "Pre-confirmed block with number 75 was not found. Current pre-confirmed block number is 76." }), retrying
[2026-09-23 23:17:23:735] WARN mc_gateway_client::methods Failed to get with StarknetError(StarknetError { code: BlockNotFound, message: "Pre-confirmed block with number 75 was not found. Current pre-confirmed block number is 76." }), retrying
[2026-09-23 23:17:23:937] WARN mc_gateway_client::methods Failed to get with StarknetError(StarknetError { code: BlockNotFound, message: "Pre-confirmed block with number 75 was not found. Current pre-confirmed block number is 76." }), retrying
[2026-09-23 23:17:26:357] INFO 📥 Blocks: 75 [0] | Classes: 75 [0] | State: 75 [0]
[2026-09-23 23:17:26:357] INFO 🔗 Sync is at 75/75 [0.17 blocks/s]
[2026-09-23 23:17:29:375] INFO 📥 Blocks: 75 [0] | Classes: 75 [0] | State: 75 [0]
[2026-09-23 23:17:29:375] INFO 🔗 Sync is at 75/75 [0.17 blocks/s]
[2026-09-23 23:17:29:661] WARN mc_gateway_client::methods Failed to get with StarknetError(StarknetError { code: BlockNotFound, message: "Pre-confirmed block with number 76 was not found. Current pre-confirmed block number is 77." }), retrying
[2026-09-23 23:17:29:765] WARN mc_gateway_client::methods Failed to get with StarknetError(StarknetError { code: BlockNotFound, message: "Pre-confirmed block with number 76 was not found. Current pre-confirmed block number is 77." }), retrying
[2026-09-23 23:17:29:966] WARN mc_gateway_client::methods Failed to get with StarknetError(StarknetError { code: BlockNotFound, message: "Pre-confirmed block with number 76 was not found. Current pre-confirmed block number is 77." }), retrying
[2026-09-23 23:17:32:375] INFO 📥 Blocks: 76 [0] | Classes: 76 [0] | State: 76 [0]
[2026-09-23 23:17:32:375] INFO 🔗 Sync is at 76/76 [0.17 blocks/s]
[2026-09-23 23:17:35:375] INFO 📥 Blocks: 76 [0] | Classes: 76 [0] | State: 76 [0]
[2026-09-23 23:17:35:375] INFO 🔗 Sync is at 76/76 [0.17 blocks/s]
[2026-09-23 23:17:35:671] WARN mc_gateway_client::methods Failed to get with StarknetError(StarknetError { code: BlockNotFound, message: "Pre-confirmed block with number 77 was not found. Current pre-confirmed block number is 78." }), retrying
[2026-09-23 23:17:35:772] WARN mc_gateway_client::methods Failed to get with StarknetError(StarknetError { code: BlockNotFound, message: "Pre-confirmed block with number 77 was not found. Current pre-confirmed block number is 78." }), retrying
[2026-09-23 23:17:35:973] WARN mc_gateway_client::methods Failed to get with StarknetError(StarknetError { code: BlockNotFound, message: "Pre-confirmed block with number 77 was not found. Current pre-confirmed block number is 78." }), retrying
[2026-09-23 23:17:38:375] INFO 📥 Blocks: 77 [0] | Classes: 77 [0] | State: 77 [0]
[2026-09-23 23:17:38:375] INFO 🔗 Sync is at 77/77 [0.17 blocks/s]
[2026-09-23 23:17:41:375] INFO 📥 Blocks: 77 [0] | Classes: 77 [0] | State: 77 [0]
[2026-09-23 23:17:41:375] INFO 🔗 Sync is at 77/77 [0.17 blocks/s]
[2026-09-23 23:17:41:682] WARN mc_gateway_client::methods Failed to get with StarknetError(StarknetError { code: BlockNotFound, message: "Pre-confirmed block with number 78 was not found. Current pre-confirmed block number is 79." }), retrying
[2026-09-23 23:17:41:784] WARN mc_gateway_client::methods Failed to get with StarknetError(StarknetError { code: BlockNotFound, message: "Pre-confirmed block with number 78 was not found. Current pre-confirmed block number is 79." }), retrying
[2026-09-23 23:17:41:985] WARN mc_gateway_client::methods Failed to get with StarknetError(StarknetError { code: BlockNotFound, message: "Pre-confirmed block with number 78 was not found. Current pre-confirmed block number is 79." }), retrying
[2026-09-23 23:17:44:375] INFO 📥 Blocks: 78 [0] | Classes: 78 [0] | State: 78 [0]
[2026-09-23 23:17:44:375] INFO 🔗 Sync is at 78/78 [0.17 blocks/s]
[2026-09-23 23:17:47:374] INFO 📥 Blocks: 78 [0] | Classes: 78 [0] | State: 78 [0]
[2026-09-23 23:17:47:374] INFO 🔗 Sync is at 78/78 [0.17 blocks/s]
[2026-09-23 23:17:47:690] WARN mc_gateway_client::methods Failed to get with StarknetError(StarknetError { code: BlockNotFound, message: "Pre-confirmed block with number 79 was not found. Current pre-confirmed block number is 80." }), retrying
[2026-09-23 23:17:47:792] WARN mc_gateway_client::methods Failed to get with StarknetError(StarknetError { code: BlockNotFound, message: "Pre-confirmed block with number 79 was not found. Current pre-confirmed block number is 80." }), retrying
[2026-09-23 23:17:47:992] WARN mc_gateway_client::methods Failed to get with StarknetError(StarknetError { code: BlockNotFound, message: "Pre-confirmed block with number 79 was not found. Current pre-confirmed block number is 80." }), retrying
[2026-09-23 23:17:50:375] INFO 📥 Blocks: 79 [0] | Classes: 79 [0] | State: 79 [0]
[2026-09-23 23:17:50:375] INFO 🔗 Sync is at 79/79 [0.17 blocks/s]
[2026-09-23 23:17:53:375] INFO 📥 Blocks: 79 [0] | Classes: 79 [0] | State: 79 [0]
[2026-09-23 23:17:53:375] INFO 🔗 Sync is at 79/79 [0.17 blocks/s]
[2026-09-23 23:17:53:702] WARN mc_gateway_client::methods Failed to get with StarknetError(StarknetError { code: BlockNotFound, message: "Pre-confirmed block with number 80 was not found. Current pre-confirmed block number is 81." }), retrying
[2026-09-23 23:17:53:804] WARN mc_gateway_client::methods Failed to get with StarknetError(StarknetError { code: BlockNotFound, message: "Pre-confirmed block with number 80 was not found. Current pre-confirmed block number is 81." }), retrying
[2026-09-23 23:17:54:007] WARN mc_gateway_client::methods Failed to get with StarknetError(StarknetError { code: BlockNotFound, message: "Pre-confirmed block with number 80 was not found. Current pre-confirmed block number is 81." }), retrying
[2026-09-23 23:17:56:375] INFO 📥 Blocks: 80 [0] | Classes: 80 [0] | State: 80 [0]
[2026-09-23 23:17:56:375] INFO 🔗 Sync is at 80/80 [0.17 blocks/s]
[2026-09-23 23:17:59:391] INFO 📥 Blocks: 80 [0] | Classes: 80 [0] | State: 80 [0]
[2026-09-23 23:17:59:391] INFO 🔗 Sync is at 80/80 [0.17 blocks/s]
[2026-09-23 23:17:59:727] WARN mc_gateway_client::methods Failed to get with StarknetError(StarknetError { code: BlockNotFound, message: "Pre-confirmed block with number 81 was not found. Current pre-confirmed block number is 82." }), retrying
[2026-09-23 23:17:59:829] WARN mc_gateway_client::methods Failed to get with StarknetError(StarknetError { code: BlockNotFound, message: "Pre-confirmed block with number 81 was not found. Current pre-confirmed block number is 82." }), retrying
[2026-09-23 23:18:00:031] WARN mc_gateway_client::methods Failed to get with StarknetError(StarknetError { code: BlockNotFound, message: "Pre-confirmed block with number 81 was not found. Current pre-confirmed block number is 82." }), retrying
[2026-09-23 23:18:02:391] INFO 📥 Blocks: 81 [0] | Classes: 81 [0] | State: 81 [0]
[2026-09-23 23:18:02:391] INFO 🔗 Sync is at 81/81 [0.17 blocks/s]
[2026-09-23 23:18:05:391] INFO 📥 Blocks: 81 [0] | Classes: 81 [0] | State: 81 [0]
[2026-09-23 23:18:05:391] INFO 🔗 Sync is at 81/81 [0.17 blocks/s]
[2026-09-23 23:18:05:739] WARN mc_gateway_client::methods Failed to get with StarknetError(StarknetError { code: BlockNotFound, message: "Pre-confirmed block with number 82 was not found. Current pre-confirmed block number is 83." }), retrying
[2026-09-23 23:18:05:841] WARN mc_gateway_client::methods Failed to get with StarknetError(StarknetError { code: BlockNotFound, message: "Pre-confirmed block with number 82 was not found. Current pre-confirmed block number is 83." }), retrying
[2026-09-23 23:18:06:043] WARN mc_gateway_client::methods Failed to get with StarknetError(StarknetError { code: BlockNotFound, message: "Pre-confirmed block with number 82 was not found. Current pre-confirmed block number is 83." }), retrying
[2026-09-23 23:18:08:392] INFO 📥 Blocks: 82 [0] | Classes: 82 [0] | State: 82 [0]
[2026-09-23 23:18:08:392] INFO 🔗 Sync is at 82/82 [0.17 blocks/s]
[2026-09-23 23:18:11:391] INFO 📥 Blocks: 82 [0] | Classes: 82 [0] | State: 82 [0]
[2026-09-23 23:18:11:391] INFO 🔗 Sync is at 82/82 [0.17 blocks/s]
[2026-09-23 23:18:11:749] WARN mc_gateway_client::methods Failed to get with StarknetError(StarknetError { code: BlockNotFound, message: "Pre-confirmed block with number 83 was not found. Current pre-confirmed block number is 84." }), retrying
[2026-09-23 23:18:11:850] WARN mc_gateway_client::methods Failed to get with StarknetError(StarknetError { code: BlockNotFound, message: "Pre-confirmed block with number 83 was not found. Current pre-confirmed block number is 84." }), retrying
[2026-09-23 23:18:12:052] WARN mc_gateway_client::methods Failed to get with StarknetError(StarknetError { code: BlockNotFound, message: "Pre-confirmed block with number 83 was not found. Current pre-confirmed block number is 84." }), retrying
[2026-09-23 23:18:14:391] INFO 📥 Blocks: 83 [0] | Classes: 83 [0] | State: 83 [0]
[2026-09-23 23:18:14:391] INFO 🔗 Sync is at 83/83 [0.17 blocks/s]
[2026-09-23 23:18:17:391] INFO 📥 Blocks: 83 [0] | Classes: 83 [0] | State: 83 [0]
[2026-09-23 23:18:17:391] INFO 🔗 Sync is at 83/83 [0.17 blocks/s]
[2026-09-23 23:18:17:761] WARN mc_gateway_client::methods Failed to get with StarknetError(StarknetError { code: BlockNotFound, message: "Pre-confirmed block with number 84 was not found. Current pre-confirmed block number is 85." }), retrying
[2026-09-23 23:18:17:863] WARN mc_gateway_client::methods Failed to get with StarknetError(StarknetError { code: BlockNotFound, message: "Pre-confirmed block with number 84 was not found. Current pre-confirmed block number is 85." }), retrying
[2026-09-23 23:18:18:064] WARN mc_gateway_client::methods Failed to get with StarknetError(StarknetError { code: BlockNotFound, message: "Pre-confirmed block with number 84 was not found. Current pre-confirmed block number is 85." }), retrying
[2026-09-23 23:18:20:392] INFO 📥 Blocks: 84 [0] | Classes: 84 [0] | State: 84 [0]
[2026-09-23 23:18:20:392] INFO 🔗 Sync is at 84/84 [0.17 blocks/s]
[2026-09-23 23:18:23:392] INFO 📥 Blocks: 84 [0] | Classes: 84 [0] | State: 84 [0]
[2026-09-23 23:18:23:392] INFO 🔗 Sync is at 84/84 [0.17 blocks/s]
[2026-09-23 23:18:23:771] WARN mc_gateway_client::methods Failed to get with StarknetError(StarknetError { code: BlockNotFound, message: "Pre-confirmed block with number 85 was not found. Current pre-confirmed block number is 86." }), retrying
[2026-09-23 23:18:23:873] WARN mc_gateway_client::methods Failed to get with StarknetError(StarknetError { code: BlockNotFound, message: "Pre-confirmed block with number 85 was not found. Current pre-confirmed block number is 86." }), retrying
[2026-09-23 23:18:24:075] WARN mc_gateway_client::methods Failed to get with StarknetError(StarknetError { code: BlockNotFound, message: "Pre-confirmed block with number 85 was not found. Current pre-confirmed block number is 86." }), retrying
[2026-09-23 23:18:26:391] INFO 📥 Blocks: 85 [0] | Classes: 85 [0] | State: 85 [0]
[2026-09-23 23:18:26:391] INFO 🔗 Sync is at 85/85 [0.17 blocks/s]
[2026-09-23 23:18:29:412] INFO 📥 Blocks: 85 [0] | Classes: 85 [0] | State: 85 [0]
[2026-09-23 23:18:29:412] INFO 🔗 Sync is at 85/85 [0.17 blocks/s]
[2026-09-23 23:18:29:803] WARN mc_gateway_client::methods Failed to get with StarknetError(StarknetError { code: BlockNotFound, message: "Pre-confirmed block with number 86 was not found. Current pre-confirmed block number is 87." }), retrying
[2026-09-23 23:18:29:904] WARN mc_gateway_client::methods Failed to get with StarknetError(StarknetError { code: BlockNotFound, message: "Pre-confirmed block with number 86 was not found. Current pre-confirmed block number is 87." }), retrying
[2026-09-23 23:18:30:106] WARN mc_gateway_client::methods Failed to get with StarknetError(StarknetError { code: BlockNotFound, message: "Pre-confirmed block with number 86 was not found. Current pre-confirmed block number is 87." }), retrying
[2026-09-23 23:18:32:411] INFO 📥 Blocks: 86 [0] | Classes: 86 [0] | State: 86 [0]
[2026-09-23 23:18:32:411] INFO 🔗 Sync is at 86/86 [0.17 blocks/s]
[2026-09-23 23:18:35:412] INFO 📥 Blocks: 86 [0] | Classes: 86 [0] | State: 86 [0]
[2026-09-23 23:18:35:412] INFO 🔗 Sync is at 86/86 [0.17 blocks/s]
[2026-09-23 23:18:35:809] WARN mc_gateway_client::methods Failed to get with StarknetError(StarknetError { code: BlockNotFound, message: "Pre-confirmed block with number 87 was not found. Current pre-confirmed block number is 88." }), retrying
[2026-09-23 23:18:35:911] WARN mc_gateway_client::methods Failed to get with StarknetError(StarknetError { code: BlockNotFound, message: "Pre-confirmed block with number 87 was not found. Current pre-confirmed block number is 88." }), retrying
[2026-09-23 23:18:36:113] WARN mc_gateway_client::methods Failed to get with StarknetError(StarknetError { code: BlockNotFound, message: "Pre-confirmed block with number 87 was not found. Current pre-confirmed block number is 88." }), retrying
[2026-09-23 23:18:38:411] INFO 📥 Blocks: 87 [0] | Classes: 87 [0] | State: 87 [0]
[2026-09-23 23:18:38:411] INFO 🔗 Sync is at 87/87 [0.17 blocks/s]
[2026-09-23 23:18:41:412] INFO 📥 Blocks: 87 [0] | Classes: 87 [0] | State: 87 [0]
[2026-09-23 23:18:41:412] INFO 🔗 Sync is at 87/87 [0.17 blocks/s]
[2026-09-23 23:18:41:822] WARN mc_gateway_client::methods Failed to get with StarknetError(StarknetError { code: BlockNotFound, message: "Pre-confirmed block with number 88 was not found. Current pre-confirmed block number is 89." }), retrying
[2026-09-23 23:18:41:923] WARN mc_gateway_client::methods Failed to get with StarknetError(StarknetError { code: BlockNotFound, message: "Pre-confirmed block with number 88 was not found. Current pre-confirmed block number is 89." }), retrying
[2026-09-23 23:18:42:125] WARN mc_gateway_client::methods Failed to get with StarknetError(StarknetError { code: BlockNotFound, message: "Pre-confirmed block with number 88 was not found. Current pre-confirmed block number is 89." }), retrying
[2026-09-23 23:18:44:412] INFO 📥 Blocks: 88 [0] | Classes: 88 [0] | State: 88 [0]
[2026-09-23 23:18:44:412] INFO 🔗 Sync is at 88/88 [0.17 blocks/s]
[2026-09-23 23:18:47:412] INFO 📥 Blocks: 88 [0] | Classes: 88 [0] | State: 88 [0]
[2026-09-23 23:18:47:412] INFO 🔗 Sync is at 88/88 [0.17 blocks/s]
[2026-09-23 23:18:47:834] WARN mc_gateway_client::methods Failed to get with StarknetError(StarknetError { code: BlockNotFound, message: "Pre-confirmed block with number 89 was not found. Current pre-confirmed block number is 90." }), retrying
[2026-09-23 23:18:47:935] WARN mc_gateway_client::methods Failed to get with StarknetError(StarknetError { code: BlockNotFound, message: "Pre-confirmed block with number 89 was not found. Current pre-confirmed block number is 90." }), retrying
[2026-09-23 23:18:48:136] WARN mc_gateway_client::methods Failed to get with StarknetError(StarknetError { code: BlockNotFound, message: "Pre-confirmed block with number 89 was not found. Current pre-confirmed block number is 90." }), retrying
[2026-09-23 23:18:50:412] INFO 📥 Blocks: 89 [0] | Classes: 89 [0] | State: 89 [0]
[2026-09-23 23:18:50:412] INFO 🔗 Sync is at 89/89 [0.17 blocks/s]
[2026-09-23 23:18:53:411] INFO 📥 Blocks: 89 [0] | Classes: 89 [0] | State: 89 [0]
[2026-09-23 23:18:53:411] INFO 🔗 Sync is at 89/89 [0.17 blocks/s]
[2026-09-23 23:18:53:840] WARN mc_gateway_client::methods Failed to get with StarknetError(StarknetError { code: BlockNotFound, message: "Pre-confirmed block with number 90 was not found. Current pre-confirmed block number is 91." }), retrying
[2026-09-23 23:18:53:943] WARN mc_gateway_client::methods Failed to get with StarknetError(StarknetError { code: BlockNotFound, message: "Pre-confirmed block with number 90 was not found. Current pre-confirmed block number is 91." }), retrying
[2026-09-23 23:18:54:145] WARN mc_gateway_client::methods Failed to get with StarknetError(StarknetError { code: BlockNotFound, message: "Pre-confirmed block with number 90 was not found. Current pre-confirmed block number is 91." }), retrying
[2026-09-23 23:18:56:412] INFO 📥 Blocks: 90 [0] | Classes: 90 [0] | State: 90 [0]
[2026-09-23 23:18:56:412] INFO 🔗 Sync is at 90/90 [0.17 blocks/s]
[2026-09-23 23:18:59:426] INFO 📥 Blocks: 90 [0] | Classes: 90 [0] | State: 90 [0]
[2026-09-23 23:18:59:426] INFO 🔗 Sync is at 90/90 [0.17 blocks/s]
[2026-09-23 23:18:59:866] WARN mc_gateway_client::methods Failed to get with StarknetError(StarknetError { code: BlockNotFound, message: "Pre-confirmed block with number 91 was not found. Current pre-confirmed block number is 92." }), retrying
[2026-09-23 23:18:59:968] WARN mc_gateway_client::methods Failed to get with StarknetError(StarknetError { code: BlockNotFound, message: "Pre-confirmed block with number 91 was not found. Current pre-confirmed block number is 92." }), retrying
[2026-09-23 23:19:00:170] WARN mc_gateway_client::methods Failed to get with StarknetError(StarknetError { code: BlockNotFound, message: "Pre-confirmed block with number 91 was not found. Current pre-confirmed block number is 92." }), retrying
[2026-09-23 23:19:02:425] INFO 📥 Blocks: 91 [0] | Classes: 91 [0] | State: 91 [0]
[2026-09-23 23:19:02:425] INFO 🔗 Sync is at 91/91 [0.17 blocks/s]
[2026-09-23 23:19:05:426] INFO 📥 Blocks: 91 [0] | Classes: 91 [0] | State: 91 [0]
[2026-09-23 23:19:05:426] INFO 🔗 Sync is at 91/91 [0.17 blocks/s]
[2026-09-23 23:19:05:877] WARN mc_gateway_client::methods Failed to get with StarknetError(StarknetError { code: BlockNotFound, message: "Pre-confirmed block with number 92 was not found. Current pre-confirmed block number is 93." }), retrying
[2026-09-23 23:19:05:979] WARN mc_gateway_client::methods Failed to get with StarknetError(StarknetError { code: BlockNotFound, message: "Pre-confirmed block with number 92 was not found. Current pre-confirmed block number is 93." }), retrying
[2026-09-23 23:19:06:181] WARN mc_gateway_client::methods Failed to get with StarknetError(StarknetError { code: BlockNotFound, message: "Pre-confirmed block with number 92 was not found. Current pre-confirmed block number is 93." }), retrying
[2026-09-23 23:19:08:425] INFO 📥 Blocks: 92 [0] | Classes: 92 [0] | State: 92 [0]
[2026-09-23 23:19:08:425] INFO 🔗 Sync is at 92/92 [0.17 blocks/s]
[2026-09-23 23:19:11:425] INFO 📥 Blocks: 92 [0] | Classes: 92 [0] | State: 92 [0]
[2026-09-23 23:19:11:425] INFO 🔗 Sync is at 92/92 [0.17 blocks/s]
[2026-09-23 23:19:11:887] WARN mc_gateway_client::methods Failed to get with StarknetError(StarknetError { code: BlockNotFound, message: "Pre-confirmed block with number 93 was not found. Current pre-confirmed block number is 94." }), retrying
[2026-09-23 23:19:11:988] WARN mc_gateway_client::methods Failed to get with StarknetError(StarknetError { code: BlockNotFound, message: "Pre-confirmed block with number 93 was not found. Current pre-confirmed block number is 94." }), retrying
[2026-09-23 23:19:12:189] WARN mc_gateway_client::methods Failed to get with StarknetError(StarknetError { code: BlockNotFound, message: "Pre-confirmed block with number 93 was not found. Current pre-confirmed block number is 94." }), retrying
[2026-09-23 23:19:14:426] INFO 📥 Blocks: 93 [0] | Classes: 93 [0] | State: 93 [0]
[2026-09-23 23:19:14:426] INFO 🔗 Sync is at 93/93 [0.17 blocks/s]
[2026-09-23 23:19:17:426] INFO 📥 Blocks: 93 [0] | Classes: 93 [0] | State: 93 [0]
[2026-09-23 23:19:17:426] INFO 🔗 Sync is at 93/93 [0.17 blocks/s]
[2026-09-23 23:19:17:897] WARN mc_gateway_client::methods Failed to get with StarknetError(StarknetError { code: BlockNotFound, message: "Pre-confirmed block with number 94 was not found. Current pre-confirmed block number is 95." }), retrying
[2026-09-23 23:19:17:999] WARN mc_gateway_client::methods Failed to get with StarknetError(StarknetError { code: BlockNotFound, message: "Pre-confirmed block with number 94 was not found. Current pre-confirmed block number is 95." }), retrying
[2026-09-23 23:19:18:200] WARN mc_gateway_client::methods Failed to get with StarknetError(StarknetError { code: BlockNotFound, message: "Pre-confirmed block with number 94 was not found. Current pre-confirmed block number is 95." }), retrying
[2026-09-23 23:19:20:426] INFO 📥 Blocks: 94 [0] | Classes: 94 [0] | State: 94 [0]
[2026-09-23 23:19:20:426] INFO 🔗 Sync is at 94/94 [0.17 blocks/s]
[2026-09-23 23:19:23:425] INFO 📥 Blocks: 94 [0] | Classes: 94 [0] | State: 94 [0]
[2026-09-23 23:19:23:425] INFO 🔗 Sync is at 94/94 [0.17 blocks/s]
[2026-09-23 23:19:23:908] WARN mc_gateway_client::methods Failed to get with StarknetError(StarknetError { code: BlockNotFound, message: "Pre-confirmed block with number 95 was not found. Current pre-confirmed block number is 96." }), retrying
[2026-09-23 23:19:24:010] WARN mc_gateway_client::methods Failed to get with StarknetError(StarknetError { code: BlockNotFound, message: "Pre-confirmed block with number 95 was not found. Current pre-confirmed block number is 96." }), retrying
[2026-09-23 23:19:24:212] WARN mc_gateway_client::methods Failed to get with StarknetError(StarknetError { code: BlockNotFound, message: "Pre-confirmed block with number 95 was not found. Current pre-confirmed block number is 96." }), retrying
[2026-09-23 23:19:26:425] INFO 📥 Blocks: 95 [0] | Classes: 95 [0] | State: 95 [0]
[2026-09-23 23:19:26:425] INFO 🔗 Sync is at 95/95 [0.17 blocks/s]
[2026-09-23 23:19:29:453] INFO 📥 Blocks: 95 [0] | Classes: 95 [0] | State: 95 [0]
[2026-09-23 23:19:29:453] INFO 🔗 Sync is at 95/95 [0.17 blocks/s]
[2026-09-23 23:19:29:950] WARN mc_gateway_client::methods Failed to get with StarknetError(StarknetError { code: BlockNotFound, message: "Pre-confirmed block with number 96 was not found. Current pre-confirmed block number is 97." }), retrying
[2026-09-23 23:19:30:052] WARN mc_gateway_client::methods Failed to get with StarknetError(StarknetError { code: BlockNotFound, message: "Pre-confirmed block with number 96 was not found. Current pre-confirmed block number is 97." }), retrying
[2026-09-23 23:19:30:253] WARN mc_gateway_client::methods Failed to get with StarknetError(StarknetError { code: BlockNotFound, message: "Pre-confirmed block with number 96 was not found. Current pre-confirmed block number is 97." }), retrying
[2026-09-23 23:19:32:454] INFO 📥 Blocks: 96 [0] | Classes: 96 [0] | State: 96 [0]
[2026-09-23 23:19:32:454] INFO 🔗 Sync is at 96/96 [0.17 blocks/s]
[2026-09-23 23:19:35:454] INFO 📥 Blocks: 96 [0] | Classes: 96 [0] | State: 96 [0]
[2026-09-23 23:19:35:454] INFO 🔗 Sync is at 96/96 [0.17 blocks/s]
[2026-09-23 23:19:35:958] WARN mc_gateway_client::methods Failed to get with StarknetError(StarknetError { code: BlockNotFound, message: "Pre-confirmed block with number 97 was not found. Current pre-confirmed block number is 98." }), retrying
[2026-09-23 23:19:36:060] WARN mc_gateway_client::methods Failed to get with StarknetError(StarknetError { code: BlockNotFound, message: "Pre-confirmed block with number 97 was not found. Current pre-confirmed block number is 98." }), retrying
[2026-09-23 23:19:36:262] WARN mc_gateway_client::methods Failed to get with StarknetError(StarknetError { code: BlockNotFound, message: "Pre-confirmed block with number 97 was not found. Current pre-confirmed block number is 98." }), retrying
[2026-09-23 23:19:38:453] INFO 📥 Blocks: 97 [0] | Classes: 97 [0] | State: 97 [0]
[2026-09-23 23:19:38:453] INFO 🔗 Sync is at 97/97 [0.17 blocks/s]
[2026-09-23 23:19:41:454] INFO 📥 Blocks: 97 [0] | Classes: 97 [0] | State: 97 [0]
[2026-09-23 23:19:41:454] INFO 🔗 Sync is at 97/97 [0.17 blocks/s]
[2026-09-23 23:19:41:975] WARN mc_gateway_client::methods Failed to get with StarknetError(StarknetError { code: BlockNotFound, message: "Pre-confirmed block with number 98 was not found. Current pre-confirmed block number is 99." }), retrying
[2026-09-23 23:19:42:077] WARN mc_gateway_client::methods Failed to get with StarknetError(StarknetError { code: BlockNotFound, message: "Pre-confirmed block with number 98 was not found. Current pre-confirmed block number is 99." }), retrying
[2026-09-23 23:19:42:279] WARN mc_gateway_client::methods Failed to get with StarknetError(StarknetError { code: BlockNotFound, message: "Pre-confirmed block with number 98 was not found. Current pre-confirmed block number is 99." }), retrying
[2026-09-23 23:19:44:454] INFO 📥 Blocks: 98 [0] | Classes: 98 [0] | State: 98 [0]
[2026-09-23 23:19:44:454] INFO 🔗 Sync is at 98/98 [0.17 blocks/s]
[2026-09-23 23:19:47:453] INFO 📥 Blocks: 98 [0] | Classes: 98 [0] | State: 98 [0]
[2026-09-23 23:19:47:453] INFO 🔗 Sync is at 98/98 [0.17 blocks/s]
[2026-09-23 23:19:47:980] WARN mc_gateway_client::methods Failed to get with StarknetError(StarknetError { code: BlockNotFound, message: "Pre-confirmed block with number 99 was not found. Current pre-confirmed block number is 100." }), retrying
[2026-09-23 23:19:48:082] WARN mc_gateway_client::methods Failed to get with StarknetError(StarknetError { code: BlockNotFound, message: "Pre-confirmed block with number 99 was not found. Current pre-confirmed block number is 100." }), retrying
[2026-09-23 23:19:48:284] WARN mc_gateway_client::methods Failed to get with StarknetError(StarknetError { code: BlockNotFound, message: "Pre-confirmed block with number 99 was not found. Current pre-confirmed block number is 100." }), retrying
[2026-09-23 23:19:50:454] INFO 📥 Blocks: 99 [0] | Classes: 99 [0] | State: 99 [0]
[2026-09-23 23:19:50:454] INFO 🔗 Sync is at 99/99 [0.17 blocks/s]
[2026-09-23 23:19:53:453] INFO 📥 Blocks: 99 [0] | Classes: 99 [0] | State: 99 [0]
[2026-09-23 23:19:53:453] INFO 🔗 Sync is at 99/99 [0.17 blocks/s]
[2026-09-23 23:19:53:993] WARN mc_gateway_client::methods Failed to get with StarknetError(StarknetError { code: BlockNotFound, message: "Pre-confirmed block with number 100 was not found. Current pre-confirmed block number is 101." }), retrying
[2026-09-23 23:19:54:095] WARN mc_gateway_client::methods Failed to get with StarknetError(StarknetError { code: BlockNotFound, message: "Pre-confirmed block with number 100 was not found. Current pre-confirmed block number is 101." }), retrying
[2026-09-23 23:19:54:297] WARN mc_gateway_client::methods Failed to get with StarknetError(StarknetError { code: BlockNotFound, message: "Pre-confirmed block with number 100 was not found. Current pre-confirmed block number is 101." }), retrying
[2026-09-23 23:19:56:453] INFO 📥 Blocks: 100 [0] | Classes: 100 [0] | State: 100 [0]
[2026-09-23 23:19:56:453] INFO 🔗 Sync is at 100/100 [0.17 blocks/s]
[2026-09-23 23:19:59:469] INFO 📥 Blocks: 100 [0] | Classes: 100 [0] | State: 100 [0]
[2026-09-23 23:19:59:469] INFO 🔗 Sync is at 100/100 [0.17 blocks/s]
[2026-09-23 23:20:00:019] WARN mc_gateway_client::methods Failed to get with StarknetError(StarknetError { code: BlockNotFound, message: "Pre-confirmed block with number 101 was not found. Current pre-confirmed block number is 102." }), retrying
[2026-09-23 23:20:00:122] WARN mc_gateway_client::methods Failed to get with StarknetError(StarknetError { code: BlockNotFound, message: "Pre-confirmed block with number 101 was not found. Current pre-confirmed block number is 102." }), retrying
[2026-09-23 23:20:00:324] WARN mc_gateway_client::methods Failed to get with StarknetError(StarknetError { code: BlockNotFound, message: "Pre-confirmed block with number 101 was not found. Current pre-confirmed block number is 102." }), retrying
[2026-09-23 23:20:02:469] INFO 📥 Blocks: 101 [0] | Classes: 101 [0] | State: 101 [0]
[2026-09-23 23:20:02:469] INFO 🔗 Sync is at 101/101 [0.17 blocks/s]
[2026-09-23 23:20:05:470] INFO 📥 Blocks: 101 [0] | Classes: 101 [0] | State: 101 [0]
[2026-09-23 23:20:05:470] INFO 🔗 Sync is at 101/101 [0.17 blocks/s]
[2026-09-23 23:20:06:031] WARN mc_gateway_client::methods Failed to get with StarknetError(StarknetError { code: BlockNotFound, message: "Pre-confirmed block with number 102 was not found. Current pre-confirmed block number is 103." }), retrying
[2026-09-23 23:20:06:132] WARN mc_gateway_client::methods Failed to get with StarknetError(StarknetError { code: BlockNotFound, message: "Pre-confirmed block with number 102 was not found. Current pre-confirmed block number is 103." }), retrying
[2026-09-23 23:20:06:333] WARN mc_gateway_client::methods Failed to get with StarknetError(StarknetError { code: BlockNotFound, message: "Pre-confirmed block with number 102 was not found. Current pre-confirmed block number is 103." }), retrying
[2026-09-23 23:20:08:469] INFO 📥 Blocks: 102 [0] | Classes: 102 [0] | State: 102 [0]
[2026-09-23 23:20:08:469] INFO 🔗 Sync is at 102/102 [0.17 blocks/s]
[2026-09-23 23:20:11:470] INFO 📥 Blocks: 102 [0] | Classes: 102 [0] | State: 102 [0]
[2026-09-23 23:20:11:470] INFO 🔗 Sync is at 102/102 [0.17 blocks/s]
[2026-09-23 23:20:12:055] WARN mc_gateway_client::methods Failed to get with StarknetError(StarknetError { code: BlockNotFound, message: "Pre-confirmed block with number 103 was not found. Current pre-confirmed block number is 104." }), retrying
[2026-09-23 23:20:12:157] WARN mc_gateway_client::methods Failed to get with StarknetError(StarknetError { code: BlockNotFound, message: "Pre-confirmed block with number 103 was not found. Current pre-confirmed block number is 104." }), retrying
[2026-09-23 23:20:12:359] WARN mc_gateway_client::methods Failed to get with StarknetError(StarknetError { code: BlockNotFound, message: "Pre-confirmed block with number 103 was not found. Current pre-confirmed block number is 104." }), retrying
[2026-09-23 23:20:14:469] INFO 📥 Blocks: 103 [0] | Classes: 103 [0] | State: 103 [0]
[2026-09-23 23:20:14:469] INFO 🔗 Sync is at 103/103 [0.17 blocks/s]
[2026-09-23 23:20:17:469] INFO 📥 Blocks: 103 [0] | Classes: 103 [0] | State: 103 [0]
[2026-09-23 23:20:17:469] INFO 🔗 Sync is at 103/103 [0.17 blocks/s]
[2026-09-23 23:20:18:051] WARN mc_gateway_client::methods Failed to get with StarknetError(StarknetError { code: BlockNotFound, message: "Pre-confirmed block with number 104 was not found. Current pre-confirmed block number is 105." }), retrying
[2026-09-23 23:20:18:153] WARN mc_gateway_client::methods Failed to get with StarknetError(StarknetError { code: BlockNotFound, message: "Pre-confirmed block with number 104 was not found. Current pre-confirmed block number is 105." }), retrying
[2026-09-23 23:20:18:355] WARN mc_gateway_client::methods Failed to get with StarknetError(StarknetError { code: BlockNotFound, message: "Pre-confirmed block with number 104 was not found. Current pre-confirmed block number is 105." }), retrying
[2026-09-23 23:20:20:470] INFO 📥 Blocks: 104 [0] | Classes: 104 [0] | State: 104 [0]
[2026-09-23 23:20:20:470] INFO 🔗 Sync is at 104/104 [0.17 blocks/s]
[2026-09-23 23:20:23:469] INFO 📥 Blocks: 104 [0] | Classes: 104 [0] | State: 104 [0]
[2026-09-23 23:20:23:469] INFO 🔗 Sync is at 104/104 [0.17 blocks/s]
[2026-09-23 23:20:24:081] WARN mc_gateway_client::methods Failed to get with StarknetError(StarknetError { code: BlockNotFound, message: "Pre-confirmed block with number 105 was not found. Current pre-confirmed block number is 106." }), retrying
[2026-09-23 23:20:24:183] WARN mc_gateway_client::methods Failed to get with StarknetError(StarknetError { code: BlockNotFound, message: "Pre-confirmed block with number 105 was not found. Current pre-confirmed block number is 106." }), retrying
[2026-09-23 23:20:24:385] WARN mc_gateway_client::methods Failed to get with StarknetError(StarknetError { code: BlockNotFound, message: "Pre-confirmed block with number 105 was not found. Current pre-confirmed block number is 106." }), retrying
[2026-09-23 23:20:26:469] INFO 📥 Blocks: 105 [0] | Classes: 105 [0] | State: 105 [0]
[2026-09-23 23:20:26:469] INFO 🔗 Sync is at 105/105 [0.17 blocks/s]
[2026-09-23 23:20:29:493] INFO 📥 Blocks: 105 [0] | Classes: 105 [0] | State: 105 [0]
[2026-09-23 23:20:29:493] INFO 🔗 Sync is at 105/105 [0.17 blocks/s]
[2026-09-23 23:20:29:615] WARN mc_gateway_client::methods Failed to get with StarknetError(StarknetError { code: BlockNotFound, message: "Pre-confirmed block with number 106 was not found. Current pre-confirmed block number is 107." }), retrying
[2026-09-23 23:20:29:717] WARN mc_gateway_client::methods Failed to get with StarknetError(StarknetError { code: BlockNotFound, message: "Pre-confirmed block with number 106 was not found. Current pre-confirmed block number is 107." }), retrying
[2026-09-23 23:20:29:919] WARN mc_gateway_client::methods Failed to get with StarknetError(StarknetError { code: BlockNotFound, message: "Pre-confirmed block with number 106 was not found. Current pre-confirmed block number is 107." }), retrying
[2026-09-23 23:20:30:320] WARN mc_gateway_client::methods Failed to get with StarknetError(StarknetError { code: BlockNotFound, message: "Pre-confirmed block with number 106 was not found. Current pre-confirmed block number is 107." }), retrying
[2026-09-23 23:20:32:493] INFO 📥 Blocks: 106 [0] | Classes: 106 [0] | State: 106 [0]
[2026-09-23 23:20:32:493] INFO 🔗 Sync is at 106/106 [0.17 blocks/s]
[2026-09-23 23:20:35:493] INFO 📥 Blocks: 106 [0] | Classes: 106 [0] | State: 106 [0]
[2026-09-23 23:20:35:493] INFO 🔗 Sync is at 106/106 [0.17 blocks/s]
[2026-09-23 23:20:35:626] WARN mc_gateway_client::methods Failed to get with StarknetError(StarknetError { code: BlockNotFound, message: "Pre-confirmed block with number 107 was not found. Current pre-confirmed block number is 108." }), retrying
[2026-09-23 23:20:35:728] WARN mc_gateway_client::methods Failed to get with StarknetError(StarknetError { code: BlockNotFound, message: "Pre-confirmed block with number 107 was not found. Current pre-confirmed block number is 108." }), retrying
[2026-09-23 23:20:35:930] WARN mc_gateway_client::methods Failed to get with StarknetError(StarknetError { code: BlockNotFound, message: "Pre-confirmed block with number 107 was not found. Current pre-confirmed block number is 108." }), retrying
[2026-09-23 23:20:36:332] WARN mc_gateway_client::methods Failed to get with StarknetError(StarknetError { code: BlockNotFound, message: "Pre-confirmed block with number 107 was not found. Current pre-confirmed block number is 108." }), retrying
[2026-09-23 23:20:38:493] INFO 📥 Blocks: 107 [0] | Classes: 107 [0] | State: 107 [0]
[2026-09-23 23:20:38:493] INFO 🔗 Sync is at 107/107 [0.17 blocks/s]
[2026-09-23 23:20:41:494] INFO 📥 Blocks: 107 [0] | Classes: 107 [0] | State: 107 [0]
[2026-09-23 23:20:41:494] INFO 🔗 Sync is at 107/107 [0.17 blocks/s]
[2026-09-23 23:20:41:615] WARN mc_gateway_client::methods Failed to get with StarknetError(StarknetError { code: BlockNotFound, message: "Pre-confirmed block with number 108 was not found. Current pre-confirmed block number is 109." }), retrying
[2026-09-23 23:20:41:718] WARN mc_gateway_client::methods Failed to get with StarknetError(StarknetError { code: BlockNotFound, message: "Pre-confirmed block with number 108 was not found. Current pre-confirmed block number is 109." }), retrying
[2026-09-23 23:20:41:920] WARN mc_gateway_client::methods Failed to get with StarknetError(StarknetError { code: BlockNotFound, message: "Pre-confirmed block with number 108 was not found. Current pre-confirmed block number is 109." }), retrying
[2026-09-23 23:20:42:321] WARN mc_gateway_client::methods Failed to get with StarknetError(StarknetError { code: BlockNotFound, message: "Pre-confirmed block with number 108 was not found. Current pre-confirmed block number is 109." }), retrying
[2026-09-23 23:20:44:493] INFO 📥 Blocks: 108 [0] | Classes: 108 [0] | State: 108 [0]
[2026-09-23 23:20:44:493] INFO 🔗 Sync is at 108/108 [0.17 blocks/s]
[2026-09-23 23:20:47:493] INFO 📥 Blocks: 108 [0] | Classes: 108 [0] | State: 108 [0]
[2026-09-23 23:20:47:493] INFO 🔗 Sync is at 108/108 [0.17 blocks/s]
[2026-09-23 23:20:50:493] INFO 📥 Blocks: 109 [0] | Classes: 109 [0] | State: 109 [0]
[2026-09-23 23:20:50:493] INFO 🔗 Sync is at 109/109 [0.17 blocks/s]
[2026-09-23 23:20:53:493] INFO 📥 Blocks: 109 [0] | Classes: 109 [0] | State: 109 [0]
[2026-09-23 23:20:53:493] INFO 🔗 Sync is at 109/109 [0.17 blocks/s]
[2026-09-23 23:20:56:493] INFO 📥 Blocks: 110 [0] | Classes: 110 [0] | State: 110 [0]
[2026-09-23 23:20:56:493] INFO 🔗 Sync is at 110/110 [0.17 blocks/s]
[2026-09-23 23:20:59:512] INFO 📥 Blocks: 110 [0] | Classes: 110 [0] | State: 110 [0]
[2026-09-23 23:20:59:512] INFO 🔗 Sync is at 110/110 [0.17 blocks/s]
[2026-09-23 23:21:02:512] INFO 📥 Blocks: 111 [0] | Classes: 111 [0] | State: 111 [0]
[2026-09-23 23:21:02:512] INFO 🔗 Sync is at 111/111 [0.17 blocks/s]
[2026-09-23 23:21:05:512] INFO 📥 Blocks: 111 [0] | Classes: 111 [0] | State: 111 [0]
[2026-09-23 23:21:05:512] INFO 🔗 Sync is at 111/111 [0.17 blocks/s]
[2026-09-23 23:21:08:512] INFO 📥 Blocks: 112 [0] | Classes: 112 [0] | State: 112 [0]
[2026-09-23 23:21:08:512] INFO 🔗 Sync is at 112/112 [0.17 blocks/s]
[2026-09-23 23:21:11:512] INFO 📥 Blocks: 112 [0] | Classes: 112 [0] | State: 112 [0]
[2026-09-23 23:21:11:512] INFO 🔗 Sync is at 112/112 [0.17 blocks/s]
[2026-09-23 23:21:14:512] INFO 📥 Blocks: 113 [0] | Classes: 113 [0] | State: 113 [0]
[2026-09-23 23:21:14:512] INFO 🔗 Sync is at 113/113 [0.17 blocks/s]
[2026-09-23 23:21:17:512] INFO 📥 Blocks: 113 [0] | Classes: 113 [0] | State: 113 [0]
[2026-09-23 23:21:17:512] INFO 🔗 Sync is at 113/113 [0.17 blocks/s]
[2026-09-23 23:21:20:512] INFO 📥 Blocks: 114 [0] | Classes: 114 [0] | State: 114 [0]
[2026-09-23 23:21:20:512] INFO 🔗 Sync is at 114/114 [0.17 blocks/s]
[2026-09-23 23:21:23:512] INFO 📥 Blocks: 114 [0] | Classes: 114 [0] | State: 114 [0]
[2026-09-23 23:21:23:512] INFO 🔗 Sync is at 114/114 [0.17 blocks/s]
[2026-09-23 23:21:26:511] INFO 📥 Blocks: 115 [0] | Classes: 115 [0] | State: 115 [0]
[2026-09-23 23:21:26:511] INFO 🔗 Sync is at 115/115 [0.17 blocks/s]
[2026-09-23 23:21:29:531] INFO 📥 Blocks: 115 [0] | Classes: 115 [0] | State: 115 [0]
[2026-09-23 23:21:29:531] INFO 🔗 Sync is at 115/115 [0.17 blocks/s]
[2026-09-23 23:21:32:531] INFO 📥 Blocks: 116 [0] | Classes: 116 [0] | State: 116 [0]
[2026-09-23 23:21:32:531] INFO 🔗 Sync is at 116/116 [0.17 blocks/s]
[2026-09-23 23:21:35:531] INFO 📥 Blocks: 116 [0] | Classes: 116 [0] | State: 116 [0]
[2026-09-23 23:21:35:531] INFO 🔗 Sync is at 116/116 [0.17 blocks/s]
[2026-09-23 23:21:38:531] INFO 📥 Blocks: 117 [0] | Classes: 117 [0] | State: 117 [0]
[2026-09-23 23:21:38:531] INFO 🔗 Sync is at 117/117 [0.17 blocks/s]
[2026-09-23 23:21:41:531] INFO 📥 Blocks: 117 [0] | Classes: 117 [0] | State: 117 [0]
[2026-09-23 23:21:41:531] INFO 🔗 Sync is at 117/117 [0.17 blocks/s]
[2026-09-23 23:21:44:531] INFO 📥 Blocks: 118 [0] | Classes: 118 [0] | State: 118 [0]
[2026-09-23 23:21:44:531] INFO 🔗 Sync is at 118/118 [0.17 blocks/s]
[2026-09-23 23:21:47:531] INFO 📥 Blocks: 118 [0] | Classes: 118 [0] | State: 118 [0]
[2026-09-23 23:21:47:531] INFO 🔗 Sync is at 118/118 [0.17 blocks/s]
[2026-09-23 23:21:50:531] INFO 📥 Blocks: 119 [0] | Classes: 119 [0] | State: 119 [0]
[2026-09-23 23:21:50:531] INFO 🔗 Sync is at 119/119 [0.17 blocks/s]
[2026-09-23 23:21:53:531] INFO 📥 Blocks: 119 [0] | Classes: 119 [0] | State: 119 [0]
[2026-09-23 23:21:53:531] INFO 🔗 Sync is at 119/119 [0.17 blocks/s]
[2026-09-23 23:21:56:531] INFO 📥 Blocks: 120 [0] | Classes: 120 [0] | State: 120 [0]
[2026-09-23 23:21:56:531] INFO 🔗 Sync is at 120/120 [0.17 blocks/s]
[2026-09-23 23:21:59:553] INFO 📥 Blocks: 120 [0] | Classes: 120 [0] | State: 120 [0]
[2026-09-23 23:21:59:553] INFO 🔗 Sync is at 120/120 [0.17 blocks/s]
[2026-09-23 23:22:02:553] INFO 📥 Blocks: 121 [0] | Classes: 121 [0] | State: 121 [0]
[2026-09-23 23:22:02:553] INFO 🔗 Sync is at 121/121 [0.17 blocks/s]
[2026-09-23 23:22:05:553] INFO 📥 Blocks: 121 [0] | Classes: 121 [0] | State: 121 [0]
[2026-09-23 23:22:05:553] INFO 🔗 Sync is at 121/121 [0.17 blocks/s]
[2026-09-23 23:22:08:553] INFO 📥 Blocks: 122 [0] | Classes: 122 [0] | State: 122 [0]
[2026-09-23 23:22:08:553] INFO 🔗 Sync is at 122/122 [0.17 blocks/s]
[2026-09-23 23:22:11:564] INFO 📥 Blocks: 122 [0] | Classes: 122 [0] | State: 122 [0]
[2026-09-23 23:22:11:578] INFO 🔗 Sync is at 122/122 [0.17 blocks/s]
[2026-09-23 23:22:14:553] INFO 📥 Blocks: 123 [0] | Classes: 123 [0] | State: 123 [0]
[2026-09-23 23:22:14:553] INFO 🔗 Sync is at 123/123 [0.17 blocks/s]
[2026-09-23 23:22:17:553] INFO 📥 Blocks: 123 [0] | Classes: 123 [0] | State: 123 [0]
[2026-09-23 23:22:17:553] INFO 🔗 Sync is at 123/123 [0.17 blocks/s]
[2026-09-23 23:22:20:553] INFO 📥 Blocks: 124 [0] | Classes: 124 [0] | State: 124 [0]
[2026-09-23 23:22:20:553] INFO 🔗 Sync is at 124/124 [0.17 blocks/s]
[2026-09-23 23:22:23:553] INFO 📥 Blocks: 124 [0] | Classes: 124 [0] | State: 124 [0]
[2026-09-23 23:22:23:553] INFO 🔗 Sync is at 124/124 [0.17 blocks/s]
[2026-09-23 23:22:26:553] INFO 📥 Blocks: 125 [0] | Classes: 125 [0] | State: 125 [0]
[2026-09-23 23:22:26:553] INFO 🔗 Sync is at 125/125 [0.17 blocks/s]
[2026-09-23 23:22:29:580] INFO 📥 Blocks: 125 [0] | Classes: 125 [0] | State: 125 [0]
[2026-09-23 23:22:29:580] INFO 🔗 Sync is at 125/125 [0.17 blocks/s]
[2026-09-23 23:22:29:742] WARN mc_gateway_client::methods Failed to get with StarknetError(StarknetError { code: BlockNotFound, message: "Pre-confirmed block with number 126 was not found. Current pre-confirmed block number is 127." }), retrying
[2026-09-23 23:22:29:844] WARN mc_gateway_client::methods Failed to get with StarknetError(StarknetError { code: BlockNotFound, message: "Pre-confirmed block with number 126 was not found. Current pre-confirmed block number is 127." }), retrying
[2026-09-23 23:22:32:579] INFO 📥 Blocks: 126 [0] | Classes: 126 [0] | State: 126 [0]
[2026-09-23 23:22:32:579] INFO 🔗 Sync is at 126/126 [0.17 blocks/s]
[2026-09-23 23:22:35:579] INFO 📥 Blocks: 126 [0] | Classes: 126 [0] | State: 126 [0]
[2026-09-23 23:22:35:579] INFO 🔗 Sync is at 126/126 [0.17 blocks/s]
[2026-09-23 23:22:38:579] INFO 📥 Blocks: 127 [0] | Classes: 127 [0] | State: 127 [0]
[2026-09-23 23:22:38:579] INFO 🔗 Sync is at 127/127 [0.17 blocks/s]
[2026-09-23 23:22:41:579] INFO 📥 Blocks: 127 [0] | Classes: 127 [0] | State: 127 [0]
[2026-09-23 23:22:41:579] INFO 🔗 Sync is at 127/127 [0.17 blocks/s]
[2026-09-23 23:22:44:579] INFO 📥 Blocks: 128 [0] | Classes: 128 [0] | State: 128 [0]
[2026-09-23 23:22:44:580] INFO 🔗 Sync is at 128/128 [0.17 blocks/s]
[2026-09-23 23:22:47:579] INFO 📥 Blocks: 128 [0] | Classes: 128 [0] | State: 128 [0]
[2026-09-23 23:22:47:579] INFO 🔗 Sync is at 128/128 [0.17 blocks/s]
[2026-09-23 23:22:50:579] INFO 📥 Blocks: 129 [0] | Classes: 129 [0] | State: 129 [0]
[2026-09-23 23:22:50:579] INFO 🔗 Sync is at 129/129 [0.17 blocks/s]
[2026-09-23 23:22:53:579] INFO 📥 Blocks: 129 [0] | Classes: 129 [0] | State: 129 [0]
[2026-09-23 23:22:53:579] INFO 🔗 Sync is at 129/129 [0.17 blocks/s]
[2026-09-23 23:22:56:579] INFO 📥 Blocks: 130 [0] | Classes: 130 [0] | State: 130 [0]
[2026-09-23 23:22:56:579] INFO 🔗 Sync is at 130/130 [0.17 blocks/s]
[2026-09-23 23:22:59:594] INFO 📥 Blocks: 130 [0] | Classes: 130 [0] | State: 130 [0]
[2026-09-23 23:22:59:594] INFO 🔗 Sync is at 130/130 [0.17 blocks/s]
[2026-09-23 23:23:02:595] INFO 📥 Blocks: 131 [0] | Classes: 131 [0] | State: 131 [0]
[2026-09-23 23:23:02:595] INFO 🔗 Sync is at 131/131 [0.17 blocks/s]
[2026-09-23 23:23:05:595] INFO 📥 Blocks: 131 [0] | Classes: 131 [0] | State: 131 [0]
[2026-09-23 23:23:05:595] INFO 🔗 Sync is at 131/131 [0.17 blocks/s]
[2026-09-23 23:23:08:594] INFO 📥 Blocks: 132 [0] | Classes: 132 [0] | State: 132 [0]
[2026-09-23 23:23:08:595] INFO 🔗 Sync is at 132/132 [0.17 blocks/s]
[2026-09-23 23:23:11:594] INFO 📥 Blocks: 132 [0] | Classes: 132 [0] | State: 132 [0]
[2026-09-23 23:23:11:594] INFO 🔗 Sync is at 132/132 [0.17 blocks/s]
[2026-09-23 23:23:14:594] INFO 📥 Blocks: 133 [0] | Classes: 133 [0] | State: 133 [0]
[2026-09-23 23:23:14:594] INFO 🔗 Sync is at 133/133 [0.17 blocks/s]
[2026-09-23 23:23:17:595] INFO 📥 Blocks: 133 [0] | Classes: 133 [0] | State: 133 [0]
[2026-09-23 23:23:17:595] INFO 🔗 Sync is at 133/133 [0.17 blocks/s]
[2026-09-23 23:23:17:778] WARN mc_gateway_client::methods Failed to get with StarknetError(StarknetError { code: BlockNotFound, message: "Pre-confirmed block with number 134 was not found. Current pre-confirmed block number is 135." }), retrying
[2026-09-23 23:23:17:881] WARN mc_gateway_client::methods Failed to get with StarknetError(StarknetError { code: BlockNotFound, message: "Pre-confirmed block with number 134 was not found. Current pre-confirmed block number is 135." }), retrying
[2026-09-23 23:23:18:083] WARN mc_gateway_client::methods Failed to get with StarknetError(StarknetError { code: BlockNotFound, message: "Pre-confirmed block with number 134 was not found. Current pre-confirmed block number is 135." }), retrying
[2026-09-23 23:23:20:595] INFO 📥 Blocks: 134 [0] | Classes: 134 [0] | State: 134 [0]
[2026-09-23 23:23:20:595] INFO 🔗 Sync is at 134/134 [0.17 blocks/s]
[2026-09-23 23:23:23:594] INFO 📥 Blocks: 134 [0] | Classes: 134 [0] | State: 134 [0]
[2026-09-23 23:23:23:595] INFO 🔗 Sync is at 134/134 [0.17 blocks/s]
[2026-09-23 23:23:26:595] INFO 📥 Blocks: 135 [0] | Classes: 135 [0] | State: 135 [0]
[2026-09-23 23:23:26:595] INFO 🔗 Sync is at 135/135 [0.17 blocks/s]
[2026-09-23 23:23:29:621] INFO 📥 Blocks: 135 [0] | Classes: 135 [0] | State: 135 [0]
[2026-09-23 23:23:29:621] INFO 🔗 Sync is at 135/135 [0.17 blocks/s]
[2026-09-23 23:23:32:618] INFO 📥 Blocks: 136 [0] | Classes: 136 [0] | State: 136 [0]
[2026-09-23 23:23:32:618] INFO 🔗 Sync is at 136/136 [0.17 blocks/s]
[2026-09-23 23:23:35:617] INFO 📥 Blocks: 136 [0] | Classes: 136 [0] | State: 136 [0]
[2026-09-23 23:23:35:617] INFO 🔗 Sync is at 136/136 [0.17 blocks/s]
[2026-09-23 23:23:38:616] INFO 📥 Blocks: 137 [0] | Classes: 137 [0] | State: 137 [0]
[2026-09-23 23:23:38:616] INFO 🔗 Sync is at 137/137 [0.17 blocks/s]
[2026-09-23 23:23:41:618] INFO 📥 Blocks: 137 [0] | Classes: 137 [0] | State: 137 [0]
[2026-09-23 23:23:41:618] INFO 🔗 Sync is at 137/137 [0.17 blocks/s]
[2026-09-23 23:23:41:831] WARN mc_gateway_client::methods Failed to get with StarknetError(StarknetError { code: BlockNotFound, message: "Pre-confirmed block with number 138 was not found. Current pre-confirmed block number is 139." }), retrying
[2026-09-23 23:23:41:935] WARN mc_gateway_client::methods Failed to get with StarknetError(StarknetError { code: BlockNotFound, message: "Pre-confirmed block with number 138 was not found. Current pre-confirmed block number is 139." }), retrying
[2026-09-23 23:23:42:137] WARN mc_gateway_client::methods Failed to get with StarknetError(StarknetError { code: BlockNotFound, message: "Pre-confirmed block with number 138 was not found. Current pre-confirmed block number is 139." }), retrying
[2026-09-23 23:23:44:616] INFO 📥 Blocks: 138 [0] | Classes: 138 [0] | State: 138 [0]
[2026-09-23 23:23:44:616] INFO 🔗 Sync is at 138/138 [0.17 blocks/s]
[2026-09-23 23:23:47:616] INFO 📥 Blocks: 138 [0] | Classes: 138 [0] | State: 138 [0]
[2026-09-23 23:23:47:616] INFO 🔗 Sync is at 138/138 [0.17 blocks/s]
[2026-09-23 23:23:50:616] INFO 📥 Blocks: 139 [0] | Classes: 139 [0] | State: 139 [0]
[2026-09-23 23:23:50:616] INFO 🔗 Sync is at 139/139 [0.17 blocks/s]
[2026-09-23 23:23:53:618] INFO 📥 Blocks: 139 [0] | Classes: 139 [0] | State: 139 [0]
[2026-09-23 23:23:53:618] INFO 🔗 Sync is at 139/139 [0.17 blocks/s]
[2026-09-23 23:23:53:802] WARN mc_gateway_client::methods Failed to get with StarknetError(StarknetError { code: BlockNotFound, message: "Pre-confirmed block with number 140 was not found. Current pre-confirmed block number is 141." }), retrying
[2026-09-23 23:23:53:904] WARN mc_gateway_client::methods Failed to get with StarknetError(StarknetError { code: BlockNotFound, message: "Pre-confirmed block with number 140 was not found. Current pre-confirmed block number is 141." }), retrying
[2026-09-23 23:23:54:107] WARN mc_gateway_client::methods Failed to get with StarknetError(StarknetError { code: BlockNotFound, message: "Pre-confirmed block with number 140 was not found. Current pre-confirmed block number is 141." }), retrying
[2026-09-23 23:23:56:615] INFO 📥 Blocks: 140 [0] | Classes: 140 [0] | State: 140 [0]
[2026-09-23 23:23:56:615] INFO 🔗 Sync is at 140/140 [0.17 blocks/s]
[2026-09-23 23:23:59:640] INFO 📥 Blocks: 140 [0] | Classes: 140 [0] | State: 140 [0]
[2026-09-23 23:23:59:640] INFO 🔗 Sync is at 140/140 [0.17 blocks/s]
[2026-09-23 23:24:02:639] INFO 📥 Blocks: 141 [0] | Classes: 141 [0] | State: 141 [0]
[2026-09-23 23:24:02:639] INFO 🔗 Sync is at 141/141 [0.17 blocks/s]
[2026-09-23 23:24:05:638] INFO 📥 Blocks: 141 [0] | Classes: 141 [0] | State: 141 [0]
[2026-09-23 23:24:05:638] INFO 🔗 Sync is at 141/141 [0.17 blocks/s]
[2026-09-23 23:24:06:051] WARN mc_gateway_client::methods Failed to get with StarknetError(StarknetError { code: BlockNotFound, message: "Pre-confirmed block with number 142 was not found. Current pre-confirmed block number is 143." }), retrying
[2026-09-23 23:24:06:154] WARN mc_gateway_client::methods Failed to get with StarknetError(StarknetError { code: BlockNotFound, message: "Pre-confirmed block with number 142 was not found. Current pre-confirmed block number is 143." }), retrying
[2026-09-23 23:24:06:361] WARN mc_gateway_client::methods Failed to get with StarknetError(StarknetError { code: BlockNotFound, message: "Pre-confirmed block with number 142 was not found. Current pre-confirmed block number is 143." }), retrying
[2026-09-23 23:24:08:639] INFO 📥 Blocks: 142 [0] | Classes: 142 [0] | State: 142 [0]
[2026-09-23 23:24:08:639] INFO 🔗 Sync is at 142/142 [0.17 blocks/s]
[2026-09-23 23:24:11:638] INFO 📥 Blocks: 142 [0] | Classes: 142 [0] | State: 142 [0]
[2026-09-23 23:24:11:638] INFO 🔗 Sync is at 142/142 [0.17 blocks/s]
[2026-09-23 23:24:12:010] WARN mc_gateway_client::methods Failed to get with StarknetError(StarknetError { code: BlockNotFound, message: "Pre-confirmed block with number 143 was not found. Current pre-confirmed block number is 144." }), retrying
[2026-09-23 23:24:12:112] WARN mc_gateway_client::methods Failed to get with StarknetError(StarknetError { code: BlockNotFound, message: "Pre-confirmed block with number 143 was not found. Current pre-confirmed block number is 144." }), retrying
[2026-09-23 23:24:12:319] WARN mc_gateway_client::methods Failed to get with StarknetError(StarknetError { code: BlockNotFound, message: "Pre-confirmed block with number 143 was not found. Current pre-confirmed block number is 144." }), retrying
[2026-09-23 23:24:14:639] INFO 📥 Blocks: 143 [0] | Classes: 143 [0] | State: 143 [0]
[2026-09-23 23:24:14:639] INFO 🔗 Sync is at 143/143 [0.17 blocks/s]
[2026-09-23 23:24:17:639] INFO 📥 Blocks: 143 [0] | Classes: 143 [0] | State: 143 [0]
[2026-09-23 23:24:17:639] INFO 🔗 Sync is at 143/143 [0.17 blocks/s]
[2026-09-23 23:24:18:005] WARN mc_gateway_client::methods Failed to get with StarknetError(StarknetError { code: BlockNotFound, message: "Pre-confirmed block with number 144 was not found. Current pre-confirmed block number is 145." }), retrying
[2026-09-23 23:24:18:107] WARN mc_gateway_client::methods Failed to get with StarknetError(StarknetError { code: BlockNotFound, message: "Pre-confirmed block with number 144 was not found. Current pre-confirmed block number is 145." }), retrying
[2026-09-23 23:24:18:309] WARN mc_gateway_client::methods Failed to get with StarknetError(StarknetError { code: BlockNotFound, message: "Pre-confirmed block with number 144 was not found. Current pre-confirmed block number is 145." }), retrying
[2026-09-23 23:24:20:639] INFO 📥 Blocks: 144 [0] | Classes: 144 [0] | State: 144 [0]
[2026-09-23 23:24:20:639] INFO 🔗 Sync is at 144/144 [0.17 blocks/s]
[2026-09-23 23:24:23:639] INFO 📥 Blocks: 144 [0] | Classes: 144 [0] | State: 144 [0]
[2026-09-23 23:24:23:639] INFO 🔗 Sync is at 144/144 [0.17 blocks/s]
[2026-09-23 23:24:23:990] WARN mc_gateway_client::methods Failed to get with StarknetError(StarknetError { code: BlockNotFound, message: "Pre-confirmed block with number 145 was not found. Current pre-confirmed block number is 146." }), retrying
[2026-09-23 23:24:24:093] WARN mc_gateway_client::methods Failed to get with StarknetError(StarknetError { code: BlockNotFound, message: "Pre-confirmed block with number 145 was not found. Current pre-confirmed block number is 146." }), retrying
[2026-09-23 23:24:24:294] WARN mc_gateway_client::methods Failed to get with StarknetError(StarknetError { code: BlockNotFound, message: "Pre-confirmed block with number 145 was not found. Current pre-confirmed block number is 146." }), retrying
[2026-09-23 23:24:26:639] INFO 📥 Blocks: 145 [0] | Classes: 145 [0] | State: 145 [0]
[2026-09-23 23:24:26:639] INFO 🔗 Sync is at 145/145 [0.17 blocks/s]
[2026-09-23 23:24:29:650] INFO 📥 Blocks: 145 [0] | Classes: 145 [0] | State: 145 [0]
[2026-09-23 23:24:29:650] INFO 🔗 Sync is at 145/145 [0.17 blocks/s]
[2026-09-23 23:24:30:012] WARN mc_gateway_client::methods Failed to get with StarknetError(StarknetError { code: BlockNotFound, message: "Pre-confirmed block with number 146 was not found. Current pre-confirmed block number is 147." }), retrying
[2026-09-23 23:24:30:114] WARN mc_gateway_client::methods Failed to get with StarknetError(StarknetError { code: BlockNotFound, message: "Pre-confirmed block with number 146 was not found. Current pre-confirmed block number is 147." }), retrying
[2026-09-23 23:24:30:317] WARN mc_gateway_client::methods Failed to get with StarknetError(StarknetError { code: BlockNotFound, message: "Pre-confirmed block with number 146 was not found. Current pre-confirmed block number is 147." }), retrying
[2026-09-23 23:24:32:650] INFO 📥 Blocks: 146 [0] | Classes: 146 [0] | State: 146 [0]
[2026-09-23 23:24:32:650] INFO 🔗 Sync is at 146/146 [0.17 blocks/s]
[2026-09-23 23:24:35:651] INFO 📥 Blocks: 146 [0] | Classes: 146 [0] | State: 146 [0]
[2026-09-23 23:24:35:651] INFO 🔗 Sync is at 146/146 [0.17 blocks/s]
[2026-09-23 23:24:36:018] WARN mc_gateway_client::methods Failed to get with StarknetError(StarknetError { code: BlockNotFound, message: "Pre-confirmed block with number 147 was not found. Current pre-confirmed block number is 148." }), retrying
[2026-09-23 23:24:36:120] WARN mc_gateway_client::methods Failed to get with StarknetError(StarknetError { code: BlockNotFound, message: "Pre-confirmed block with number 147 was not found. Current pre-confirmed block number is 148." }), retrying
[2026-09-23 23:24:36:322] WARN mc_gateway_client::methods Failed to get with StarknetError(StarknetError { code: BlockNotFound, message: "Pre-confirmed block with number 147 was not found. Current pre-confirmed block number is 148." }), retrying
[2026-09-23 23:24:38:650] INFO 📥 Blocks: 147 [0] | Classes: 147 [0] | State: 147 [0]
[2026-09-23 23:24:38:650] INFO 🔗 Sync is at 147/147 [0.17 blocks/s]
[2026-09-23 23:24:41:650] INFO 📥 Blocks: 147 [0] | Classes: 147 [0] | State: 147 [0]
[2026-09-23 23:24:41:650] INFO 🔗 Sync is at 147/147 [0.17 blocks/s]
[2026-09-23 23:24:42:033] WARN mc_gateway_client::methods Failed to get with StarknetError(StarknetError { code: BlockNotFound, message: "Pre-confirmed block with number 148 was not found. Current pre-confirmed block number is 149." }), retrying
[2026-09-23 23:24:42:135] WARN mc_gateway_client::methods Failed to get with StarknetError(StarknetError { code: BlockNotFound, message: "Pre-confirmed block with number 148 was not found. Current pre-confirmed block number is 149." }), retrying
[2026-09-23 23:24:42:337] WARN mc_gateway_client::methods Failed to get with StarknetError(StarknetError { code: BlockNotFound, message: "Pre-confirmed block with number 148 was not found. Current pre-confirmed block number is 149." }), retrying
[2026-09-23 23:24:44:651] INFO 📥 Blocks: 148 [0] | Classes: 148 [0] | State: 148 [0]
[2026-09-23 23:24:44:651] INFO 🔗 Sync is at 148/148 [0.17 blocks/s]
[2026-09-23 23:24:47:650] INFO 📥 Blocks: 148 [0] | Classes: 148 [0] | State: 148 [0]
[2026-09-23 23:24:47:650] INFO 🔗 Sync is at 148/148 [0.17 blocks/s]
[2026-09-23 23:24:48:047] WARN mc_gateway_client::methods Failed to get with StarknetError(StarknetError { code: BlockNotFound, message: "Pre-confirmed block with number 149 was not found. Current pre-confirmed block number is 150." }), retrying
[2026-09-23 23:24:48:149] WARN mc_gateway_client::methods Failed to get with StarknetError(StarknetError { code: BlockNotFound, message: "Pre-confirmed block with number 149 was not found. Current pre-confirmed block number is 150." }), retrying
[2026-09-23 23:24:48:351] WARN mc_gateway_client::methods Failed to get with StarknetError(StarknetError { code: BlockNotFound, message: "Pre-confirmed block with number 149 was not found. Current pre-confirmed block number is 150." }), retrying
[2026-09-23 23:24:50:650] INFO 📥 Blocks: 149 [0] | Classes: 149 [0] | State: 149 [0]
[2026-09-23 23:24:50:650] INFO 🔗 Sync is at 149/149 [0.17 blocks/s]
[2026-09-23 23:24:53:650] INFO 📥 Blocks: 149 [0] | Classes: 149 [0] | State: 149 [0]
[2026-09-23 23:24:53:650] INFO 🔗 Sync is at 149/149 [0.17 blocks/s]
[2026-09-23 23:24:54:054] WARN mc_gateway_client::methods Failed to get with StarknetError(StarknetError { code: BlockNotFound, message: "Pre-confirmed block with number 150 was not found. Current pre-confirmed block number is 151." }), retrying
[2026-09-23 23:24:54:156] WARN mc_gateway_client::methods Failed to get with StarknetError(StarknetError { code: BlockNotFound, message: "Pre-confirmed block with number 150 was not found. Current pre-confirmed block number is 151." }), retrying
[2026-09-23 23:24:54:358] WARN mc_gateway_client::methods Failed to get with StarknetError(StarknetError { code: BlockNotFound, message: "Pre-confirmed block with number 150 was not found. Current pre-confirmed block number is 151." }), retrying
[2026-09-23 23:24:56:650] INFO 📥 Blocks: 150 [0] | Classes: 150 [0] | State: 150 [0]
[2026-09-23 23:24:56:650] INFO 🔗 Sync is at 150/150 [0.17 blocks/s]
[2026-09-23 23:24:59:677] INFO 📥 Blocks: 150 [0] | Classes: 150 [0] | State: 150 [0]
[2026-09-23 23:24:59:677] INFO 🔗 Sync is at 150/150 [0.17 blocks/s]
[2026-09-23 23:25:00:089] WARN mc_gateway_client::methods Failed to get with StarknetError(StarknetError { code: BlockNotFound, message: "Pre-confirmed block with number 151 was not found. Current pre-confirmed block number is 152." }), retrying
[2026-09-23 23:25:00:191] WARN mc_gateway_client::methods Failed to get with StarknetError(StarknetError { code: BlockNotFound, message: "Pre-confirmed block with number 151 was not found. Current pre-confirmed block number is 152." }), retrying
[2026-09-23 23:25:00:393] WARN mc_gateway_client::methods Failed to get with StarknetError(StarknetError { code: BlockNotFound, message: "Pre-confirmed block with number 151 was not found. Current pre-confirmed block number is 152." }), retrying
[2026-09-23 23:25:02:677] INFO 📥 Blocks: 151 [0] | Classes: 151 [0] | State: 151 [0]
[2026-09-23 23:25:02:677] INFO 🔗 Sync is at 151/151 [0.17 blocks/s]
[2026-09-23 23:25:05:677] INFO 📥 Blocks: 151 [0] | Classes: 151 [0] | State: 151 [0]
[2026-09-23 23:25:05:677] INFO 🔗 Sync is at 151/151 [0.17 blocks/s]
[2026-09-23 23:25:06:102] WARN mc_gateway_client::methods Failed to get with StarknetError(StarknetError { code: BlockNotFound, message: "Pre-confirmed block with number 152 was not found. Current pre-confirmed block number is 153." }), retrying
[2026-09-23 23:25:06:204] WARN mc_gateway_client::methods Failed to get with StarknetError(StarknetError { code: BlockNotFound, message: "Pre-confirmed block with number 152 was not found. Current pre-confirmed block number is 153." }), retrying
[2026-09-23 23:25:06:406] WARN mc_gateway_client::methods Failed to get with StarknetError(StarknetError { code: BlockNotFound, message: "Pre-confirmed block with number 152 was not found. Current pre-confirmed block number is 153." }), retrying
[2026-09-23 23:25:08:678] INFO 📥 Blocks: 152 [0] | Classes: 152 [0] | State: 152 [0]
[2026-09-23 23:25:08:678] INFO 🔗 Sync is at 152/152 [0.17 blocks/s]
[2026-09-23 23:25:11:678] INFO 📥 Blocks: 152 [0] | Classes: 152 [0] | State: 152 [0]
[2026-09-23 23:25:11:678] INFO 🔗 Sync is at 152/152 [0.17 blocks/s]
[2026-09-23 23:25:12:109] WARN mc_gateway_client::methods Failed to get with StarknetError(StarknetError { code: BlockNotFound, message: "Pre-confirmed block with number 153 was not found. Current pre-confirmed block number is 154." }), retrying
[2026-09-23 23:25:12:212] WARN mc_gateway_client::methods Failed to get with StarknetError(StarknetError { code: BlockNotFound, message: "Pre-confirmed block with number 153 was not found. Current pre-confirmed block number is 154." }), retrying
[2026-09-23 23:25:12:413] WARN mc_gateway_client::methods Failed to get with StarknetError(StarknetError { code: BlockNotFound, message: "Pre-confirmed block with number 153 was not found. Current pre-confirmed block number is 154." }), retrying
[2026-09-23 23:25:14:677] INFO 📥 Blocks: 153 [0] | Classes: 153 [0] | State: 153 [0]
[2026-09-23 23:25:14:677] INFO 🔗 Sync is at 153/153 [0.17 blocks/s]
[2026-09-23 23:25:17:677] INFO 📥 Blocks: 153 [0] | Classes: 153 [0] | State: 153 [0]
[2026-09-23 23:25:17:677] INFO 🔗 Sync is at 153/153 [0.17 blocks/s]
[2026-09-23 23:25:18:122] WARN mc_gateway_client::methods Failed to get with StarknetError(StarknetError { code: BlockNotFound, message: "Pre-confirmed block with number 154 was not found. Current pre-confirmed block number is 155." }), retrying
[2026-09-23 23:25:18:224] WARN mc_gateway_client::methods Failed to get with StarknetError(StarknetError { code: BlockNotFound, message: "Pre-confirmed block with number 154 was not found. Current pre-confirmed block number is 155." }), retrying
[2026-09-23 23:25:18:425] WARN mc_gateway_client::methods Failed to get with StarknetError(StarknetError { code: BlockNotFound, message: "Pre-confirmed block with number 154 was not found. Current pre-confirmed block number is 155." }), retrying
[2026-09-23 23:25:20:677] INFO 📥 Blocks: 154 [0] | Classes: 154 [0] | State: 154 [0]
[2026-09-23 23:25:20:677] INFO 🔗 Sync is at 154/154 [0.17 blocks/s]
[2026-09-23 23:25:23:677] INFO 📥 Blocks: 154 [0] | Classes: 154 [0] | State: 154 [0]
[2026-09-23 23:25:23:677] INFO 🔗 Sync is at 154/154 [0.17 blocks/s]
[2026-09-23 23:25:24:128] WARN mc_gateway_client::methods Failed to get with StarknetError(StarknetError { code: BlockNotFound, message: "Pre-confirmed block with number 155 was not found. Current pre-confirmed block number is 156." }), retrying
[2026-09-23 23:25:24:231] WARN mc_gateway_client::methods Failed to get with StarknetError(StarknetError { code: BlockNotFound, message: "Pre-confirmed block with number 155 was not found. Current pre-confirmed block number is 156." }), retrying
[2026-09-23 23:25:24:433] WARN mc_gateway_client::methods Failed to get with StarknetError(StarknetError { code: BlockNotFound, message: "Pre-confirmed block with number 155 was not found. Current pre-confirmed block number is 156." }), retrying
[2026-09-23 23:25:26:677] INFO 📥 Blocks: 155 [0] | Classes: 155 [0] | State: 155 [0]
[2026-09-23 23:25:26:677] INFO 🔗 Sync is at 155/155 [0.17 blocks/s]
[2026-09-23 23:25:29:697] INFO 📥 Blocks: 155 [0] | Classes: 155 [0] | State: 155 [0]
[2026-09-23 23:25:29:697] INFO 🔗 Sync is at 155/155 [0.17 blocks/s]
[2026-09-23 23:25:30:163] WARN mc_gateway_client::methods Failed to get with StarknetError(StarknetError { code: BlockNotFound, message: "Pre-confirmed block with number 156 was not found. Current pre-confirmed block number is 157." }), retrying
[2026-09-23 23:25:30:265] WARN mc_gateway_client::methods Failed to get with StarknetError(StarknetError { code: BlockNotFound, message: "Pre-confirmed block with number 156 was not found. Current pre-confirmed block number is 157." }), retrying
[2026-09-23 23:25:30:467] WARN mc_gateway_client::methods Failed to get with StarknetError(StarknetError { code: BlockNotFound, message: "Pre-confirmed block with number 156 was not found. Current pre-confirmed block number is 157." }), retrying
[2026-09-23 23:25:32:698] INFO 📥 Blocks: 156 [0] | Classes: 156 [0] | State: 156 [0]
[2026-09-23 23:25:32:698] INFO 🔗 Sync is at 156/156 [0.17 blocks/s]
[2026-09-23 23:25:35:697] INFO 📥 Blocks: 156 [0] | Classes: 156 [0] | State: 156 [0]
[2026-09-23 23:25:35:697] INFO 🔗 Sync is at 156/156 [0.17 blocks/s]
[2026-09-23 23:25:36:173] WARN mc_gateway_client::methods Failed to get with StarknetError(StarknetError { code: BlockNotFound, message: "Pre-confirmed block with number 157 was not found. Current pre-confirmed block number is 158." }), retrying
[2026-09-23 23:25:36:275] WARN mc_gateway_client::methods Failed to get with StarknetError(StarknetError { code: BlockNotFound, message: "Pre-confirmed block with number 157 was not found. Current pre-confirmed block number is 158." }), retrying
[2026-09-23 23:25:36:476] WARN mc_gateway_client::methods Failed to get with StarknetError(StarknetError { code: BlockNotFound, message: "Pre-confirmed block with number 157 was not found. Current pre-confirmed block number is 158." }), retrying
[2026-09-23 23:25:38:697] INFO 📥 Blocks: 157 [0] | Classes: 157 [0] | State: 157 [0]
[2026-09-23 23:25:38:697] INFO 🔗 Sync is at 157/157 [0.17 blocks/s]
[2026-09-23 23:25:41:697] INFO 📥 Blocks: 157 [0] | Classes: 157 [0] | State: 157 [0]
[2026-09-23 23:25:41:697] INFO 🔗 Sync is at 157/157 [0.17 blocks/s]
[2026-09-23 23:25:42:181] WARN mc_gateway_client::methods Failed to get with StarknetError(StarknetError { code: BlockNotFound, message: "Pre-confirmed block with number 158 was not found. Current pre-confirmed block number is 159." }), retrying
[2026-09-23 23:25:42:282] WARN mc_gateway_client::methods Failed to get with StarknetError(StarknetError { code: BlockNotFound, message: "Pre-confirmed block with number 158 was not found. Current pre-confirmed block number is 159." }), retrying
[2026-09-23 23:25:42:485] WARN mc_gateway_client::methods Failed to get with StarknetError(StarknetError { code: BlockNotFound, message: "Pre-confirmed block with number 158 was not found. Current pre-confirmed block number is 159." }), retrying
[2026-09-23 23:25:44:697] INFO 📥 Blocks: 158 [0] | Classes: 158 [0] | State: 158 [0]
[2026-09-23 23:25:44:697] INFO 🔗 Sync is at 158/158 [0.16 blocks/s]
[2026-09-23 23:25:47:698] INFO 📥 Blocks: 158 [0] | Classes: 158 [0] | State: 158 [0]
[2026-09-23 23:25:47:698] INFO 🔗 Sync is at 158/158 [0.16 blocks/s]
[2026-09-23 23:25:48:206] WARN mc_gateway_client::methods Failed to get with StarknetError(StarknetError { code: BlockNotFound, message: "Pre-confirmed block with number 159 was not found. Current pre-confirmed block number is 160." }), retrying
[2026-09-23 23:25:48:308] WARN mc_gateway_client::methods Failed to get with StarknetError(StarknetError { code: BlockNotFound, message: "Pre-confirmed block with number 159 was not found. Current pre-confirmed block number is 160." }), retrying
[2026-09-23 23:25:48:510] WARN mc_gateway_client::methods Failed to get with StarknetError(StarknetError { code: BlockNotFound, message: "Pre-confirmed block with number 159 was not found. Current pre-confirmed block number is 160." }), retrying
[2026-09-23 23:25:50:698] INFO 📥 Blocks: 159 [0] | Classes: 159 [0] | State: 159 [0]
[2026-09-23 23:25:50:698] INFO 🔗 Sync is at 159/159 [0.17 blocks/s]
[2026-09-23 23:25:53:697] INFO 📥 Blocks: 159 [0] | Classes: 159 [0] | State: 159 [0]
[2026-09-23 23:25:53:698] INFO 🔗 Sync is at 159/159 [0.17 blocks/s]
[2026-09-23 23:25:54:207] WARN mc_gateway_client::methods Failed to get with StarknetError(StarknetError { code: BlockNotFound, message: "Pre-confirmed block with number 160 was not found. Current pre-confirmed block number is 161." }), retrying
[2026-09-23 23:25:54:309] WARN mc_gateway_client::methods Failed to get with StarknetError(StarknetError { code: BlockNotFound, message: "Pre-confirmed block with number 160 was not found. Current pre-confirmed block number is 161." }), retrying
[2026-09-23 23:25:54:512] WARN mc_gateway_client::methods Failed to get with StarknetError(StarknetError { code: BlockNotFound, message: "Pre-confirmed block with number 160 was not found. Current pre-confirmed block number is 161." }), retrying
[2026-09-23 23:25:56:697] INFO 📥 Blocks: 160 [0] | Classes: 160 [0] | State: 160 [0]
[2026-09-23 23:25:56:697] INFO 🔗 Sync is at 160/160 [0.17 blocks/s]
[2026-09-23 23:25:59:722] INFO 📥 Blocks: 160 [0] | Classes: 160 [0] | State: 160 [0]
[2026-09-23 23:25:59:722] INFO 🔗 Sync is at 160/160 [0.17 blocks/s]
[2026-09-23 23:26:00:242] WARN mc_gateway_client::methods Failed to get with StarknetError(StarknetError { code: BlockNotFound, message: "Pre-confirmed block with number 161 was not found. Current pre-confirmed block number is 162." }), retrying
[2026-09-23 23:26:00:344] WARN mc_gateway_client::methods Failed to get with StarknetError(StarknetError { code: BlockNotFound, message: "Pre-confirmed block with number 161 was not found. Current pre-confirmed block number is 162." }), retrying
[2026-09-23 23:26:00:546] WARN mc_gateway_client::methods Failed to get with StarknetError(StarknetError { code: BlockNotFound, message: "Pre-confirmed block with number 161 was not found. Current pre-confirmed block number is 162." }), retrying
[2026-09-23 23:26:02:721] INFO 📥 Blocks: 161 [0] | Classes: 161 [0] | State: 161 [0]
[2026-09-23 23:26:02:721] INFO 🔗 Sync is at 161/161 [0.17 blocks/s]
[2026-09-23 23:26:05:722] INFO 📥 Blocks: 161 [0] | Classes: 161 [0] | State: 161 [0]
[2026-09-23 23:26:05:722] INFO 🔗 Sync is at 161/161 [0.17 blocks/s]
[2026-09-23 23:26:06:251] WARN mc_gateway_client::methods Failed to get with StarknetError(StarknetError { code: BlockNotFound, message: "Pre-confirmed block with number 162 was not found. Current pre-confirmed block number is 163." }), retrying
[2026-09-23 23:26:06:353] WARN mc_gateway_client::methods Failed to get with StarknetError(StarknetError { code: BlockNotFound, message: "Pre-confirmed block with number 162 was not found. Current pre-confirmed block number is 163." }), retrying
[2026-09-23 23:26:06:555] WARN mc_gateway_client::methods Failed to get with StarknetError(StarknetError { code: BlockNotFound, message: "Pre-confirmed block with number 162 was not found. Current pre-confirmed block number is 163." }), retrying
[2026-09-23 23:26:08:721] INFO 📥 Blocks: 162 [0] | Classes: 162 [0] | State: 162 [0]
[2026-09-23 23:26:08:721] INFO 🔗 Sync is at 162/162 [0.17 blocks/s]
[2026-09-23 23:26:11:722] INFO 📥 Blocks: 162 [0] | Classes: 162 [0] | State: 162 [0]
[2026-09-23 23:26:11:722] INFO 🔗 Sync is at 162/162 [0.17 blocks/s]
[2026-09-23 23:26:12:264] WARN mc_gateway_client::methods Failed to get with StarknetError(StarknetError { code: BlockNotFound, message: "Pre-confirmed block with number 163 was not found. Current pre-confirmed block number is 164." }), retrying
[2026-09-23 23:26:12:366] WARN mc_gateway_client::methods Failed to get with StarknetError(StarknetError { code: BlockNotFound, message: "Pre-confirmed block with number 163 was not found. Current pre-confirmed block number is 164." }), retrying
[2026-09-23 23:26:12:568] WARN mc_gateway_client::methods Failed to get with StarknetError(StarknetError { code: BlockNotFound, message: "Pre-confirmed block with number 163 was not found. Current pre-confirmed block number is 164." }), retrying
[2026-09-23 23:26:14:721] INFO 📥 Blocks: 163 [0] | Classes: 163 [0] | State: 163 [0]
[2026-09-23 23:26:14:721] INFO 🔗 Sync is at 163/163 [0.17 blocks/s]
[2026-09-23 23:26:17:721] INFO 📥 Blocks: 163 [0] | Classes: 163 [0] | State: 163 [0]
[2026-09-23 23:26:17:721] INFO 🔗 Sync is at 163/163 [0.17 blocks/s]
[2026-09-23 23:26:18:271] WARN mc_gateway_client::methods Failed to get with StarknetError(StarknetError { code: BlockNotFound, message: "Pre-confirmed block with number 164 was not found. Current pre-confirmed block number is 165." }), retrying
[2026-09-23 23:26:18:372] WARN mc_gateway_client::methods Failed to get with StarknetError(StarknetError { code: BlockNotFound, message: "Pre-confirmed block with number 164 was not found. Current pre-confirmed block number is 165." }), retrying
[2026-09-23 23:26:18:573] WARN mc_gateway_client::methods Failed to get with StarknetError(StarknetError { code: BlockNotFound, message: "Pre-confirmed block with number 164 was not found. Current pre-confirmed block number is 165." }), retrying
[2026-09-23 23:26:20:722] INFO 📥 Blocks: 164 [0] | Classes: 164 [0] | State: 164 [0]
[2026-09-23 23:26:20:722] INFO 🔗 Sync is at 164/164 [0.17 blocks/s]
[2026-09-23 23:26:23:721] INFO 📥 Blocks: 164 [0] | Classes: 164 [0] | State: 164 [0]
[2026-09-23 23:26:23:721] INFO 🔗 Sync is at 164/164 [0.17 blocks/s]
[2026-09-23 23:26:24:278] WARN mc_gateway_client::methods Failed to get with StarknetError(StarknetError { code: BlockNotFound, message: "Pre-confirmed block with number 165 was not found. Current pre-confirmed block number is 166." }), retrying
[2026-09-23 23:26:24:380] WARN mc_gateway_client::methods Failed to get with StarknetError(StarknetError { code: BlockNotFound, message: "Pre-confirmed block with number 165 was not found. Current pre-confirmed block number is 166." }), retrying
[2026-09-23 23:26:24:582] WARN mc_gateway_client::methods Failed to get with StarknetError(StarknetError { code: BlockNotFound, message: "Pre-confirmed block with number 165 was not found. Current pre-confirmed block number is 166." }), retrying
[2026-09-23 23:26:26:722] INFO 📥 Blocks: 165 [0] | Classes: 165 [0] | State: 165 [0]
[2026-09-23 23:26:26:722] INFO 🔗 Sync is at 165/165 [0.17 blocks/s]
[2026-09-23 23:26:29:752] INFO 📥 Blocks: 165 [0] | Classes: 165 [0] | State: 165 [0]
[2026-09-23 23:26:29:752] INFO 🔗 Sync is at 165/165 [0.17 blocks/s]
[2026-09-23 23:26:30:320] WARN mc_gateway_client::methods Failed to get with StarknetError(StarknetError { code: BlockNotFound, message: "Pre-confirmed block with number 166 was not found. Current pre-confirmed block number is 167." }), retrying
[2026-09-23 23:26:30:422] WARN mc_gateway_client::methods Failed to get with StarknetError(StarknetError { code: BlockNotFound, message: "Pre-confirmed block with number 166 was not found. Current pre-confirmed block number is 167." }), retrying
[2026-09-23 23:26:30:624] WARN mc_gateway_client::methods Failed to get with StarknetError(StarknetError { code: BlockNotFound, message: "Pre-confirmed block with number 166 was not found. Current pre-confirmed block number is 167." }), retrying
[2026-09-23 23:26:32:752] INFO 📥 Blocks: 166 [0] | Classes: 166 [0] | State: 166 [0]
[2026-09-23 23:26:32:752] INFO 🔗 Sync is at 166/166 [0.17 blocks/s]
[2026-09-23 23:26:35:752] INFO 📥 Blocks: 166 [0] | Classes: 166 [0] | State: 166 [0]
[2026-09-23 23:26:35:752] INFO 🔗 Sync is at 166/166 [0.17 blocks/s]
[2026-09-23 23:26:36:329] WARN mc_gateway_client::methods Failed to get with StarknetError(StarknetError { code: BlockNotFound, message: "Pre-confirmed block with number 167 was not found. Current pre-confirmed block number is 168." }), retrying
[2026-09-23 23:26:36:431] WARN mc_gateway_client::methods Failed to get with StarknetError(StarknetError { code: BlockNotFound, message: "Pre-confirmed block with number 167 was not found. Current pre-confirmed block number is 168." }), retrying
[2026-09-23 23:26:36:632] WARN mc_gateway_client::methods Failed to get with StarknetError(StarknetError { code: BlockNotFound, message: "Pre-confirmed block with number 167 was not found. Current pre-confirmed block number is 168." }), retrying
[2026-09-23 23:26:38:752] INFO 📥 Blocks: 167 [0] | Classes: 167 [0] | State: 167 [0]
[2026-09-23 23:26:38:752] INFO 🔗 Sync is at 167/167 [0.17 blocks/s]
[2026-09-23 23:26:41:752] INFO 📥 Blocks: 167 [0] | Classes: 167 [0] | State: 167 [0]
[2026-09-23 23:26:41:752] INFO 🔗 Sync is at 167/167 [0.17 blocks/s]
[2026-09-23 23:26:42:341] WARN mc_gateway_client::methods Failed to get with StarknetError(StarknetError { code: BlockNotFound, message: "Pre-confirmed block with number 168 was not found. Current pre-confirmed block number is 169." }), retrying
[2026-09-23 23:26:42:443] WARN mc_gateway_client::methods Failed to get with StarknetError(StarknetError { code: BlockNotFound, message: "Pre-confirmed block with number 168 was not found. Current pre-confirmed block number is 169." }), retrying
[2026-09-23 23:26:42:644] WARN mc_gateway_client::methods Failed to get with StarknetError(StarknetError { code: BlockNotFound, message: "Pre-confirmed block with number 168 was not found. Current pre-confirmed block number is 169." }), retrying
[2026-09-23 23:26:44:752] INFO 📥 Blocks: 168 [0] | Classes: 168 [0] | State: 168 [0]
[2026-09-23 23:26:44:752] INFO 🔗 Sync is at 168/168 [0.17 blocks/s]
[2026-09-23 23:26:47:752] INFO 📥 Blocks: 168 [0] | Classes: 168 [0] | State: 168 [0]
[2026-09-23 23:26:47:752] INFO 🔗 Sync is at 168/168 [0.17 blocks/s]
[2026-09-23 23:26:48:354] WARN mc_gateway_client::methods Failed to get with StarknetError(StarknetError { code: BlockNotFound, message: "Pre-confirmed block with number 169 was not found. Current pre-confirmed block number is 170." }), retrying
[2026-09-23 23:26:48:456] WARN mc_gateway_client::methods Failed to get with StarknetError(StarknetError { code: BlockNotFound, message: "Pre-confirmed block with number 169 was not found. Current pre-confirmed block number is 170." }), retrying
[2026-09-23 23:26:48:658] WARN mc_gateway_client::methods Failed to get with StarknetError(StarknetError { code: BlockNotFound, message: "Pre-confirmed block with number 169 was not found. Current pre-confirmed block number is 170." }), retrying
[2026-09-23 23:26:50:752] INFO 📥 Blocks: 169 [0] | Classes: 169 [0] | State: 169 [0]
[2026-09-23 23:26:50:752] INFO 🔗 Sync is at 169/169 [0.17 blocks/s]
[2026-09-23 23:26:53:752] INFO 📥 Blocks: 169 [0] | Classes: 169 [0] | State: 169 [0]
[2026-09-23 23:26:53:752] INFO 🔗 Sync is at 169/169 [0.17 blocks/s]
[2026-09-23 23:26:54:360] WARN mc_gateway_client::methods Failed to get with StarknetError(StarknetError { code: BlockNotFound, message: "Pre-confirmed block with number 170 was not found. Current pre-confirmed block number is 171." }), retrying
[2026-09-23 23:26:54:462] WARN mc_gateway_client::methods Failed to get with StarknetError(StarknetError { code: BlockNotFound, message: "Pre-confirmed block with number 170 was not found. Current pre-confirmed block number is 171." }), retrying
[2026-09-23 23:26:54:664] WARN mc_gateway_client::methods Failed to get with StarknetError(StarknetError { code: BlockNotFound, message: "Pre-confirmed block with number 170 was not found. Current pre-confirmed block number is 171." }), retrying
[2026-09-23 23:26:56:752] INFO 📥 Blocks: 170 [0] | Classes: 170 [0] | State: 170 [0]
[2026-09-23 23:26:56:752] INFO 🔗 Sync is at 170/170 [0.17 blocks/s]
[2026-09-23 23:26:59:775] INFO 📥 Blocks: 170 [0] | Classes: 170 [0] | State: 170 [0]
[2026-09-23 23:26:59:775] INFO 🔗 Sync is at 170/170 [0.17 blocks/s]
[2026-09-23 23:27:00:393] WARN mc_gateway_client::methods Failed to get with StarknetError(StarknetError { code: BlockNotFound, message: "Pre-confirmed block with number 171 was not found. Current pre-confirmed block number is 172." }), retrying
[2026-09-23 23:27:00:495] WARN mc_gateway_client::methods Failed to get with StarknetError(StarknetError { code: BlockNotFound, message: "Pre-confirmed block with number 171 was not found. Current pre-confirmed block number is 172." }), retrying
[2026-09-23 23:27:00:697] WARN mc_gateway_client::methods Failed to get with StarknetError(StarknetError { code: BlockNotFound, message: "Pre-confirmed block with number 171 was not found. Current pre-confirmed block number is 172." }), retrying
[2026-09-23 23:27:02:775] INFO 📥 Blocks: 171 [0] | Classes: 171 [0] | State: 171 [0]
[2026-09-23 23:27:02:775] INFO 🔗 Sync is at 171/171 [0.17 blocks/s]
