[2026-10-01 05:10:02:051] INFO No private key provided, auto-generating one for block signing
[2026-10-01 05:10:02:051] INFO 🥷  Madara Node
[2026-10-01 05:10:02:051] INFO 💁 Support URL: https://github.com/madara-alliance/madara/issues
[2026-10-01 05:10:02:051] INFO 🏷  Node Name: MadaraAlphaDrone4
[2026-10-01 05:10:02:051] INFO 👤 Role: Full Node
[2026-10-01 05:10:02:051] INFO 🌐 Network: Madara (chain id `convoy_alpha`)
[2026-10-01 05:10:02:055] INFO 💻 Operating system: Linux 12 Debian GNU/Linux
[2026-10-01 05:10:02:056] INFO 💻 CPU architecture: x86_64
[2026-10-01 05:10:02:056] INFO 💻 CPU: Intel(R) Core(TM) Ultra 9 285H
[2026-10-01 05:10:02:056] INFO 💻 CPU cores: 16
[2026-10-01 05:10:02:056] INFO 💻 Memory: 24032MiB
[2026-10-01 05:10:02:056] INFO 💻 Kernel: 6.6.87.2-microsoft-standard-WSL2
[2026-10-01 05:10:02:056] INFO Cairo native disabled - all contracts will use Cairo VM
[2026-10-01 05:10:02:056] INFO 💾 Opening database at: /madara_db
[2026-10-01 05:10:02:056] INFO 💾  Preconfirmed blocks will be saved to database
[2026-10-01 05:10:02:056] INFO 📦 Creating new database at version 8
[2026-10-01 05:10:02:310] INFO 📝 Database write mode: WAL enabled, fsync disabled (recommended)
[2026-10-01 05:10:02:312] INFO 💼 Starting chain with block: empty state
[2026-10-01 05:10:02:368] INFO 📱 Running JSON-RPC server at http://0.0.0.0:9944/rpc/v0.9.0/ (allowed origins=["*"], supported versions=["/rpc/v0.7.1/", "/rpc/v0.8.1/", "/rpc/v0.9.0/"])
[2026-10-01 05:10:02:422] INFO 🌐 Initializing sync from gateway
[2026-10-01 05:10:02:422] INFO 📊 Database head status: latest_full_block=0, starting sync from block #0
[2026-10-01 05:10:05:423] INFO 📥 Blocks: 1 [0] | Classes: 1 [0] | State: 1 [0]
[2026-10-01 05:10:05:423] INFO 🔗 Sync is at 1/1 [0.67 blocks/s]
[2026-10-01 05:10:08:423] INFO 📥 Blocks: 1 [0] | Classes: 1 [0] | State: 1 [0]
[2026-10-01 05:10:08:423] INFO 🔗 Sync is at 1/1 [0.33 blocks/s]
[2026-10-01 05:10:11:423] INFO 📥 Blocks: 2 [0] | Classes: 2 [0] | State: 2 [0]
[2026-10-01 05:10:11:423] INFO 🔗 Sync is at 2/2 [0.33 blocks/s]
[2026-10-01 05:10:14:423] INFO 📥 Blocks: 2 [0] | Classes: 2 [0] | State: 2 [0]
[2026-10-01 05:10:14:423] INFO 🔗 Sync is at 2/2 [0.25 blocks/s]
[2026-10-01 05:10:17:423] INFO 📥 Blocks: 3 [0] | Classes: 3 [0] | State: 3 [0]
[2026-10-01 05:10:17:423] INFO 🔗 Sync is at 3/3 [0.27 blocks/s]
[2026-10-01 05:10:20:423] INFO 📥 Blocks: 3 [0] | Classes: 3 [0] | State: 3 [0]
[2026-10-01 05:10:20:423] INFO 🔗 Sync is at 3/3 [0.22 blocks/s]
[2026-10-01 05:10:23:423] INFO 📥 Blocks: 4 [0] | Classes: 4 [0] | State: 4 [0]
[2026-10-01 05:10:23:423] INFO 🔗 Sync is at 4/4 [0.24 blocks/s]
[2026-10-01 05:10:26:423] INFO 📥 Blocks: 4 [0] | Classes: 4 [0] | State: 4 [0]
[2026-10-01 05:10:26:423] INFO 🔗 Sync is at 4/4 [0.21 blocks/s]
[2026-10-01 05:10:30:507] INFO 📥 Blocks: 5 [0] | Classes: 5 [0] | State: 5 [0]
[2026-10-01 05:10:30:507] INFO 🔗 Sync is at 5/5 [0.22 blocks/s]
[2026-10-01 05:10:33:507] INFO 📥 Blocks: 5 [0] | Classes: 5 [0] | State: 5 [0]
[2026-10-01 05:10:33:507] INFO 🔗 Sync is at 5/5 [0.20 blocks/s]
[2026-10-01 05:10:36:507] INFO 📥 Blocks: 6 [0] | Classes: 6 [0] | State: 6 [0]
[2026-10-01 05:10:36:507] INFO 🔗 Sync is at 6/6 [0.21 blocks/s]
[2026-10-01 05:10:39:507] INFO 📥 Blocks: 6 [0] | Classes: 6 [0] | State: 6 [0]
[2026-10-01 05:10:39:507] INFO 🔗 Sync is at 6/6 [0.19 blocks/s]
[2026-10-01 05:10:42:508] INFO 📥 Blocks: 7 [0] | Classes: 7 [0] | State: 7 [0]
[2026-10-01 05:10:42:508] INFO 🔗 Sync is at 7/7 [0.21 blocks/s]
[2026-10-01 05:10:45:507] INFO 📥 Blocks: 7 [0] | Classes: 7 [0] | State: 7 [0]
[2026-10-01 05:10:45:507] INFO 🔗 Sync is at 7/7 [0.19 blocks/s]
[2026-10-01 05:10:48:507] INFO 📥 Blocks: 8 [0] | Classes: 8 [0] | State: 8 [0]
[2026-10-01 05:10:48:507] INFO 🔗 Sync is at 8/8 [0.20 blocks/s]
[2026-10-01 05:10:51:507] INFO 📥 Blocks: 8 [0] | Classes: 8 [0] | State: 8 [0]
[2026-10-01 05:10:51:507] INFO 🔗 Sync is at 8/8 [0.19 blocks/s]
[2026-10-01 05:10:54:507] INFO 📥 Blocks: 9 [0] | Classes: 9 [0] | State: 9 [0]
[2026-10-01 05:10:54:508] INFO 🔗 Sync is at 9/9 [0.20 blocks/s]
[2026-10-01 05:10:57:507] INFO 📥 Blocks: 9 [0] | Classes: 9 [0] | State: 9 [0]
[2026-10-01 05:10:57:507] INFO 🔗 Sync is at 9/9 [0.19 blocks/s]
[2026-10-01 05:11:01:561] INFO 📥 Blocks: 10 [0] | Classes: 10 [0] | State: 10 [0]
[2026-10-01 05:11:01:561] INFO 🔗 Sync is at 10/10 [0.19 blocks/s]
[2026-10-01 05:11:04:560] INFO 📥 Blocks: 10 [0] | Classes: 10 [0] | State: 10 [0]
[2026-10-01 05:11:04:560] INFO 🔗 Sync is at 10/10 [0.18 blocks/s]
[2026-10-01 05:11:07:561] INFO 📥 Blocks: 11 [0] | Classes: 11 [0] | State: 11 [0]
[2026-10-01 05:11:07:561] INFO 🔗 Sync is at 11/11 [0.19 blocks/s]
[2026-10-01 05:11:10:560] INFO 📥 Blocks: 11 [0] | Classes: 11 [0] | State: 11 [0]
[2026-10-01 05:11:10:561] INFO 🔗 Sync is at 11/11 [0.18 blocks/s]
[2026-10-01 05:11:13:561] INFO 📥 Blocks: 12 [0] | Classes: 12 [0] | State: 12 [0]
[2026-10-01 05:11:13:561] INFO 🔗 Sync is at 12/12 [0.19 blocks/s]
[2026-10-01 05:11:16:561] INFO 📥 Blocks: 12 [0] | Classes: 12 [0] | State: 12 [0]
[2026-10-01 05:11:16:561] INFO 🔗 Sync is at 12/12 [0.18 blocks/s]
[2026-10-01 05:11:19:561] INFO 📥 Blocks: 13 [0] | Classes: 13 [0] | State: 13 [0]
[2026-10-01 05:11:19:561] INFO 🔗 Sync is at 13/13 [0.19 blocks/s]
[2026-10-01 05:11:22:561] INFO 📥 Blocks: 13 [0] | Classes: 13 [0] | State: 13 [0]
[2026-10-01 05:11:22:561] INFO 🔗 Sync is at 13/13 [0.18 blocks/s]
[2026-10-01 05:11:25:561] INFO 📥 Blocks: 14 [0] | Classes: 14 [0] | State: 14 [0]
[2026-10-01 05:11:25:561] INFO 🔗 Sync is at 14/14 [0.19 blocks/s]
[2026-10-01 05:11:28:560] INFO 📥 Blocks: 14 [0] | Classes: 14 [0] | State: 14 [0]
[2026-10-01 05:11:28:560] INFO 🔗 Sync is at 14/14 [0.18 blocks/s]
[2026-10-01 05:11:32:616] INFO 📥 Blocks: 15 [0] | Classes: 15 [0] | State: 15 [0]
[2026-10-01 05:11:32:616] INFO 🔗 Sync is at 15/15 [0.18 blocks/s]
[2026-10-01 05:11:35:616] INFO 📥 Blocks: 15 [0] | Classes: 15 [0] | State: 15 [0]
[2026-10-01 05:11:35:616] INFO 🔗 Sync is at 15/15 [0.18 blocks/s]
[2026-10-01 05:11:35:638] WARN mc_gateway_client::methods Failed to get with StarknetError(StarknetError { code: BlockNotFound, message: "Pre-confirmed block with number 16 was not found. Current pre-confirmed block number is 17." }), retrying
[2026-10-01 05:11:35:739] WARN mc_gateway_client::methods Failed to get with StarknetError(StarknetError { code: BlockNotFound, message: "Pre-confirmed block with number 16 was not found. Current pre-confirmed block number is 17." }), retrying
[2026-10-01 05:11:38:616] INFO 📥 Blocks: 16 [0] | Classes: 16 [0] | State: 16 [0]
[2026-10-01 05:11:38:616] INFO 🔗 Sync is at 16/16 [0.18 blocks/s]
[2026-10-01 05:11:41:615] INFO 📥 Blocks: 16 [0] | Classes: 16 [0] | State: 16 [0]
[2026-10-01 05:11:41:615] INFO 🔗 Sync is at 16/16 [0.18 blocks/s]
[2026-10-01 05:11:44:616] INFO 📥 Blocks: 17 [0] | Classes: 17 [0] | State: 17 [0]
[2026-10-01 05:11:44:616] INFO 🔗 Sync is at 17/17 [0.18 blocks/s]
[2026-10-01 05:11:47:616] INFO 📥 Blocks: 17 [0] | Classes: 17 [0] | State: 17 [0]
[2026-10-01 05:11:47:616] INFO 🔗 Sync is at 17/17 [0.18 blocks/s]
[2026-10-01 05:11:50:616] INFO 📥 Blocks: 18 [0] | Classes: 18 [0] | State: 18 [0]
[2026-10-01 05:11:50:616] INFO 🔗 Sync is at 18/18 [0.18 blocks/s]
[2026-10-01 05:11:53:615] INFO 📥 Blocks: 18 [0] | Classes: 18 [0] | State: 18 [0]
[2026-10-01 05:11:53:615] INFO 🔗 Sync is at 18/18 [0.18 blocks/s]
[2026-10-01 05:11:56:616] INFO 📥 Blocks: 19 [0] | Classes: 19 [0] | State: 19 [0]
[2026-10-01 05:11:56:616] INFO 🔗 Sync is at 19/19 [0.18 blocks/s]
[2026-10-01 05:11:59:616] INFO 📥 Blocks: 19 [0] | Classes: 19 [0] | State: 19 [0]
[2026-10-01 05:11:59:616] INFO 🔗 Sync is at 19/19 [0.18 blocks/s]
[2026-10-01 05:12:03:719] INFO 📥 Blocks: 20 [0] | Classes: 20 [0] | State: 20 [0]
[2026-10-01 05:12:03:719] INFO 🔗 Sync is at 20/20 [0.18 blocks/s]
[2026-10-01 05:12:06:719] INFO 📥 Blocks: 20 [0] | Classes: 20 [0] | State: 20 [0]
[2026-10-01 05:12:06:719] INFO 🔗 Sync is at 20/20 [0.17 blocks/s]
[2026-10-01 05:12:09:719] INFO 📥 Blocks: 21 [0] | Classes: 21 [0] | State: 21 [0]
[2026-10-01 05:12:09:719] INFO 🔗 Sync is at 21/21 [0.18 blocks/s]
[2026-10-01 05:12:12:720] INFO 📥 Blocks: 21 [0] | Classes: 21 [0] | State: 21 [0]
[2026-10-01 05:12:12:720] INFO 🔗 Sync is at 21/21 [0.17 blocks/s]
[2026-10-01 05:12:15:719] INFO 📥 Blocks: 22 [0] | Classes: 22 [0] | State: 22 [0]
[2026-10-01 05:12:15:719] INFO 🔗 Sync is at 22/22 [0.18 blocks/s]
[2026-10-01 05:12:18:718] INFO 📥 Blocks: 22 [0] | Classes: 22 [0] | State: 22 [0]
[2026-10-01 05:12:18:719] INFO 🔗 Sync is at 22/22 [0.17 blocks/s]
[2026-10-01 05:12:21:719] INFO 📥 Blocks: 23 [0] | Classes: 23 [0] | State: 23 [0]
[2026-10-01 05:12:21:719] INFO 🔗 Sync is at 23/23 [0.18 blocks/s]
[2026-10-01 05:12:24:719] INFO 📥 Blocks: 23 [0] | Classes: 23 [0] | State: 23 [0]
[2026-10-01 05:12:24:719] INFO 🔗 Sync is at 23/23 [0.17 blocks/s]
[2026-10-01 05:12:27:719] INFO 📥 Blocks: 24 [0] | Classes: 24 [0] | State: 24 [0]
[2026-10-01 05:12:27:720] INFO 🔗 Sync is at 24/24 [0.18 blocks/s]
[2026-10-01 05:12:30:719] INFO 📥 Blocks: 24 [0] | Classes: 24 [0] | State: 24 [0]
[2026-10-01 05:12:30:719] INFO 🔗 Sync is at 24/24 [0.17 blocks/s]
[2026-10-01 05:12:34:796] INFO 📥 Blocks: 25 [0] | Classes: 25 [0] | State: 25 [0]
[2026-10-01 05:12:34:796] INFO 🔗 Sync is at 25/25 [0.18 blocks/s]
[2026-10-01 05:12:37:796] INFO 📥 Blocks: 25 [0] | Classes: 25 [0] | State: 25 [0]
[2026-10-01 05:12:37:796] INFO 🔗 Sync is at 25/25 [0.17 blocks/s]
[2026-10-01 05:12:40:796] INFO 📥 Blocks: 26 [0] | Classes: 26 [0] | State: 26 [0]
[2026-10-01 05:12:40:796] INFO 🔗 Sync is at 26/26 [0.18 blocks/s]
[2026-10-01 05:12:43:796] INFO 📥 Blocks: 26 [0] | Classes: 26 [0] | State: 26 [0]
[2026-10-01 05:12:43:796] INFO 🔗 Sync is at 26/26 [0.17 blocks/s]
[2026-10-01 05:12:43:827] WARN mc_gateway_client::methods Failed to get with StarknetError(StarknetError { code: BlockNotFound, message: "Pre-confirmed block with number 27 was not found. Current pre-confirmed block number is 28." }), retrying
[2026-10-01 05:12:43:929] WARN mc_gateway_client::methods Failed to get with StarknetError(StarknetError { code: BlockNotFound, message: "Pre-confirmed block with number 27 was not found. Current pre-confirmed block number is 28." }), retrying
[2026-10-01 05:12:46:795] INFO 📥 Blocks: 27 [0] | Classes: 27 [0] | State: 27 [0]
[2026-10-01 05:12:46:795] INFO 🔗 Sync is at 27/27 [0.18 blocks/s]
[2026-10-01 05:12:49:796] INFO 📥 Blocks: 27 [0] | Classes: 27 [0] | State: 27 [0]
[2026-10-01 05:12:49:796] INFO 🔗 Sync is at 27/27 [0.17 blocks/s]
[2026-10-01 05:12:52:796] INFO 📥 Blocks: 28 [0] | Classes: 28 [0] | State: 28 [0]
[2026-10-01 05:12:52:796] INFO 🔗 Sync is at 28/28 [0.18 blocks/s]
[2026-10-01 05:12:55:795] INFO 📥 Blocks: 28 [0] | Classes: 28 [0] | State: 28 [0]
[2026-10-01 05:12:55:795] INFO 🔗 Sync is at 28/28 [0.17 blocks/s]
[2026-10-01 05:12:58:795] INFO 📥 Blocks: 29 [0] | Classes: 29 [0] | State: 29 [0]
[2026-10-01 05:12:58:795] INFO 🔗 Sync is at 29/29 [0.18 blocks/s]
[2026-10-01 05:13:01:796] INFO 📥 Blocks: 29 [0] | Classes: 29 [0] | State: 29 [0]
[2026-10-01 05:13:01:796] INFO 🔗 Sync is at 29/29 [0.17 blocks/s]
[2026-10-01 05:13:05:843] INFO 📥 Blocks: 30 [0] | Classes: 30 [0] | State: 30 [0]
[2026-10-01 05:13:05:843] INFO 🔗 Sync is at 30/30 [0.18 blocks/s]
[2026-10-01 05:13:08:843] INFO 📥 Blocks: 30 [0] | Classes: 30 [0] | State: 30 [0]
[2026-10-01 05:13:08:843] INFO 🔗 Sync is at 30/30 [0.17 blocks/s]
[2026-10-01 05:13:11:843] INFO 📥 Blocks: 31 [0] | Classes: 31 [0] | State: 31 [0]
[2026-10-01 05:13:11:843] INFO 🔗 Sync is at 31/31 [0.17 blocks/s]
[2026-10-01 05:13:14:843] INFO 📥 Blocks: 31 [0] | Classes: 31 [0] | State: 31 [0]
[2026-10-01 05:13:14:843] INFO 🔗 Sync is at 31/31 [0.17 blocks/s]
[2026-10-01 05:13:17:843] INFO 📥 Blocks: 32 [0] | Classes: 32 [0] | State: 32 [0]
[2026-10-01 05:13:17:843] INFO 🔗 Sync is at 32/32 [0.17 blocks/s]
[2026-10-01 05:13:20:843] INFO 📥 Blocks: 32 [0] | Classes: 32 [0] | State: 32 [0]
[2026-10-01 05:13:20:843] INFO 🔗 Sync is at 32/32 [0.17 blocks/s]
[2026-10-01 05:13:23:843] INFO 📥 Blocks: 33 [0] | Classes: 33 [0] | State: 33 [0]
[2026-10-01 05:13:23:843] INFO 🔗 Sync is at 33/33 [0.17 blocks/s]
[2026-10-01 05:13:26:843] INFO 📥 Blocks: 33 [0] | Classes: 33 [0] | State: 33 [0]
[2026-10-01 05:13:26:843] INFO 🔗 Sync is at 33/33 [0.17 blocks/s]
[2026-10-01 05:13:29:843] INFO 📥 Blocks: 34 [0] | Classes: 34 [0] | State: 34 [0]
[2026-10-01 05:13:29:843] INFO 🔗 Sync is at 34/34 [0.17 blocks/s]
[2026-10-01 05:13:32:843] INFO 📥 Blocks: 34 [0] | Classes: 34 [0] | State: 34 [0]
[2026-10-01 05:13:32:843] INFO 🔗 Sync is at 34/34 [0.17 blocks/s]
[2026-10-01 05:13:36:907] INFO 📥 Blocks: 35 [0] | Classes: 35 [0] | State: 35 [0]
[2026-10-01 05:13:36:907] INFO 🔗 Sync is at 35/35 [0.17 blocks/s]
[2026-10-01 05:13:39:908] INFO 📥 Blocks: 35 [0] | Classes: 35 [0] | State: 35 [0]
[2026-10-01 05:13:39:908] INFO 🔗 Sync is at 35/35 [0.17 blocks/s]
[2026-10-01 05:13:42:907] INFO 📥 Blocks: 36 [0] | Classes: 36 [0] | State: 36 [0]
[2026-10-01 05:13:42:907] INFO 🔗 Sync is at 36/36 [0.17 blocks/s]
[2026-10-01 05:13:45:908] INFO 📥 Blocks: 36 [0] | Classes: 36 [0] | State: 36 [0]
[2026-10-01 05:13:45:908] INFO 🔗 Sync is at 36/36 [0.17 blocks/s]
[2026-10-01 05:13:48:907] INFO 📥 Blocks: 37 [0] | Classes: 37 [0] | State: 37 [0]
[2026-10-01 05:13:48:907] INFO 🔗 Sync is at 37/37 [0.17 blocks/s]
[2026-10-01 05:13:51:907] INFO 📥 Blocks: 37 [0] | Classes: 37 [0] | State: 37 [0]
[2026-10-01 05:13:51:907] INFO 🔗 Sync is at 37/37 [0.17 blocks/s]
[2026-10-01 05:13:54:907] INFO 📥 Blocks: 38 [0] | Classes: 38 [0] | State: 38 [0]
[2026-10-01 05:13:54:907] INFO 🔗 Sync is at 38/38 [0.17 blocks/s]
[2026-10-01 05:13:57:907] INFO 📥 Blocks: 38 [0] | Classes: 38 [0] | State: 38 [0]
[2026-10-01 05:13:57:907] INFO 🔗 Sync is at 38/38 [0.17 blocks/s]
[2026-10-01 05:14:00:907] INFO 📥 Blocks: 39 [0] | Classes: 39 [0] | State: 39 [0]
[2026-10-01 05:14:00:907] INFO 🔗 Sync is at 39/39 [0.17 blocks/s]
[2026-10-01 05:14:03:908] INFO 📥 Blocks: 39 [0] | Classes: 39 [0] | State: 39 [0]
[2026-10-01 05:14:03:908] INFO 🔗 Sync is at 39/39 [0.17 blocks/s]
[2026-10-01 05:14:07:998] INFO 📥 Blocks: 40 [0] | Classes: 40 [0] | State: 40 [0]
[2026-10-01 05:14:07:998] INFO 🔗 Sync is at 40/40 [0.17 blocks/s]
[2026-10-01 05:14:10:998] INFO 📥 Blocks: 40 [0] | Classes: 40 [0] | State: 40 [0]
[2026-10-01 05:14:10:998] INFO 🔗 Sync is at 40/40 [0.17 blocks/s]
[2026-10-01 05:14:13:998] INFO 📥 Blocks: 41 [0] | Classes: 41 [0] | State: 41 [0]
[2026-10-01 05:14:13:998] INFO 🔗 Sync is at 41/41 [0.17 blocks/s]
[2026-10-01 05:14:16:998] INFO 📥 Blocks: 41 [0] | Classes: 41 [0] | State: 41 [0]
[2026-10-01 05:14:16:998] INFO 🔗 Sync is at 41/41 [0.17 blocks/s]
[2026-10-01 05:14:19:998] INFO 📥 Blocks: 42 [0] | Classes: 42 [0] | State: 42 [0]
[2026-10-01 05:14:19:998] INFO 🔗 Sync is at 42/42 [0.17 blocks/s]
[2026-10-01 05:14:22:998] INFO 📥 Blocks: 42 [0] | Classes: 42 [0] | State: 42 [0]
[2026-10-01 05:14:22:998] INFO 🔗 Sync is at 42/42 [0.17 blocks/s]
[2026-10-01 05:14:23:051] WARN mc_gateway_client::methods Failed to get with StarknetError(StarknetError { code: BlockNotFound, message: "Pre-confirmed block with number 43 was not found. Current pre-confirmed block number is 44." }), retrying
[2026-10-01 05:14:23:152] WARN mc_gateway_client::methods Failed to get with StarknetError(StarknetError { code: BlockNotFound, message: "Pre-confirmed block with number 43 was not found. Current pre-confirmed block number is 44." }), retrying
[2026-10-01 05:14:23:354] WARN mc_gateway_client::methods Failed to get with StarknetError(StarknetError { code: BlockNotFound, message: "Pre-confirmed block with number 43 was not found. Current pre-confirmed block number is 44." }), retrying
[2026-10-01 05:14:25:998] INFO 📥 Blocks: 43 [0] | Classes: 43 [0] | State: 43 [0]
[2026-10-01 05:14:25:998] INFO 🔗 Sync is at 43/43 [0.17 blocks/s]
[2026-10-01 05:14:28:998] INFO 📥 Blocks: 43 [0] | Classes: 43 [0] | State: 43 [0]
[2026-10-01 05:14:28:998] INFO 🔗 Sync is at 43/43 [0.17 blocks/s]
[2026-10-01 05:14:31:998] INFO 📥 Blocks: 44 [0] | Classes: 44 [0] | State: 44 [0]
[2026-10-01 05:14:31:998] INFO 🔗 Sync is at 44/44 [0.17 blocks/s]
[2026-10-01 05:14:34:998] INFO 📥 Blocks: 44 [0] | Classes: 44 [0] | State: 44 [0]
[2026-10-01 05:14:34:998] INFO 🔗 Sync is at 44/44 [0.17 blocks/s]
[2026-10-01 05:14:39:093] INFO 📥 Blocks: 45 [0] | Classes: 45 [0] | State: 45 [0]
[2026-10-01 05:14:39:093] INFO 🔗 Sync is at 45/45 [0.17 blocks/s]
[2026-10-01 05:14:42:093] INFO 📥 Blocks: 45 [0] | Classes: 45 [0] | State: 45 [0]
[2026-10-01 05:14:42:093] INFO 🔗 Sync is at 45/45 [0.17 blocks/s]
[2026-10-01 05:14:45:093] INFO 📥 Blocks: 46 [0] | Classes: 46 [0] | State: 46 [0]
[2026-10-01 05:14:45:093] INFO 🔗 Sync is at 46/46 [0.17 blocks/s]
[2026-10-01 05:14:48:093] INFO 📥 Blocks: 46 [0] | Classes: 46 [0] | State: 46 [0]
[2026-10-01 05:14:48:093] INFO 🔗 Sync is at 46/46 [0.17 blocks/s]
[2026-10-01 05:14:51:093] INFO 📥 Blocks: 47 [0] | Classes: 47 [0] | State: 47 [0]
[2026-10-01 05:14:51:093] INFO 🔗 Sync is at 47/47 [0.17 blocks/s]
[2026-10-01 05:14:54:093] INFO 📥 Blocks: 47 [0] | Classes: 47 [0] | State: 47 [0]
[2026-10-01 05:14:54:093] INFO 🔗 Sync is at 47/47 [0.17 blocks/s]
[2026-10-01 05:14:57:093] INFO 📥 Blocks: 48 [0] | Classes: 48 [0] | State: 48 [0]
[2026-10-01 05:14:57:093] INFO 🔗 Sync is at 48/48 [0.17 blocks/s]
[2026-10-01 05:15:00:093] INFO 📥 Blocks: 48 [0] | Classes: 48 [0] | State: 48 [0]
[2026-10-01 05:15:00:093] INFO 🔗 Sync is at 48/48 [0.17 blocks/s]
[2026-10-01 05:15:03:093] INFO 📥 Blocks: 49 [0] | Classes: 49 [0] | State: 49 [0]
[2026-10-01 05:15:03:093] INFO 🔗 Sync is at 49/49 [0.17 blocks/s]
[2026-10-01 05:15:06:093] INFO 📥 Blocks: 49 [0] | Classes: 49 [0] | State: 49 [0]
[2026-10-01 05:15:06:093] INFO 🔗 Sync is at 49/49 [0.17 blocks/s]
[2026-10-01 05:15:10:156] INFO 📥 Blocks: 50 [0] | Classes: 50 [0] | State: 50 [0]
[2026-10-01 05:15:10:156] INFO 🔗 Sync is at 50/50 [0.17 blocks/s]
[2026-10-01 05:15:13:156] INFO 📥 Blocks: 50 [0] | Classes: 50 [0] | State: 50 [0]
[2026-10-01 05:15:13:156] INFO 🔗 Sync is at 50/50 [0.16 blocks/s]
[2026-10-01 05:15:16:155] INFO 📥 Blocks: 51 [0] | Classes: 51 [0] | State: 51 [0]
[2026-10-01 05:15:16:155] INFO 🔗 Sync is at 51/51 [0.17 blocks/s]
[2026-10-01 05:15:19:155] INFO 📥 Blocks: 51 [0] | Classes: 51 [0] | State: 51 [0]
[2026-10-01 05:15:19:155] INFO 🔗 Sync is at 51/51 [0.17 blocks/s]
[2026-10-01 05:15:19:230] WARN mc_gateway_client::methods Failed to get with StarknetError(StarknetError { code: BlockNotFound, message: "Pre-confirmed block with number 52 was not found. Current pre-confirmed block number is 53." }), retrying
[2026-10-01 05:15:19:331] WARN mc_gateway_client::methods Failed to get with StarknetError(StarknetError { code: BlockNotFound, message: "Pre-confirmed block with number 52 was not found. Current pre-confirmed block number is 53." }), retrying
[2026-10-01 05:15:19:532] WARN mc_gateway_client::methods Failed to get with StarknetError(StarknetError { code: BlockNotFound, message: "Pre-confirmed block with number 52 was not found. Current pre-confirmed block number is 53." }), retrying
[2026-10-01 05:15:22:156] INFO 📥 Blocks: 52 [0] | Classes: 52 [0] | State: 52 [0]
[2026-10-01 05:15:22:156] INFO 🔗 Sync is at 52/52 [0.17 blocks/s]
[2026-10-01 05:15:25:155] INFO 📥 Blocks: 52 [0] | Classes: 52 [0] | State: 52 [0]
[2026-10-01 05:15:25:155] INFO 🔗 Sync is at 52/52 [0.17 blocks/s]
[2026-10-01 05:15:28:155] INFO 📥 Blocks: 53 [0] | Classes: 53 [0] | State: 53 [0]
[2026-10-01 05:15:28:155] INFO 🔗 Sync is at 53/53 [0.17 blocks/s]
[2026-10-01 05:15:31:155] INFO 📥 Blocks: 53 [0] | Classes: 53 [0] | State: 53 [0]
[2026-10-01 05:15:31:155] INFO 🔗 Sync is at 53/53 [0.17 blocks/s]
[2026-10-01 05:15:34:156] INFO 📥 Blocks: 54 [0] | Classes: 54 [0] | State: 54 [0]
[2026-10-01 05:15:34:156] INFO 🔗 Sync is at 54/54 [0.17 blocks/s]
[2026-10-01 05:15:37:155] INFO 📥 Blocks: 54 [0] | Classes: 54 [0] | State: 54 [0]
[2026-10-01 05:15:37:156] INFO 🔗 Sync is at 54/54 [0.17 blocks/s]
[2026-10-01 05:15:40:625] INFO 📥 Blocks: 55 [0] | Classes: 55 [0] | State: 55 [0]
[2026-10-01 05:15:40:625] INFO 🔗 Sync is at 55/55 [0.17 blocks/s]
[2026-10-01 05:15:44:221] INFO 📥 Blocks: 55 [0] | Classes: 55 [0] | State: 55 [0]
[2026-10-01 05:15:44:222] INFO 🔗 Sync is at 55/55 [0.17 blocks/s]
[2026-10-01 05:15:47:222] INFO 📥 Blocks: 56 [0] | Classes: 56 [0] | State: 56 [0]
[2026-10-01 05:15:47:222] INFO 🔗 Sync is at 56/56 [0.17 blocks/s]
[2026-10-01 05:15:50:221] INFO 📥 Blocks: 56 [0] | Classes: 56 [0] | State: 56 [0]
[2026-10-01 05:15:50:221] INFO 🔗 Sync is at 56/56 [0.17 blocks/s]
[2026-10-01 05:15:50:307] WARN mc_gateway_client::methods Failed to get with StarknetError(StarknetError { code: BlockNotFound, message: "Pre-confirmed block with number 57 was not found. Current pre-confirmed block number is 58." }), retrying
[2026-10-01 05:15:50:408] WARN mc_gateway_client::methods Failed to get with StarknetError(StarknetError { code: BlockNotFound, message: "Pre-confirmed block with number 57 was not found. Current pre-confirmed block number is 58." }), retrying
[2026-10-01 05:15:50:609] WARN mc_gateway_client::methods Failed to get with StarknetError(StarknetError { code: BlockNotFound, message: "Pre-confirmed block with number 57 was not found. Current pre-confirmed block number is 58." }), retrying
[2026-10-01 05:15:53:221] INFO 📥 Blocks: 57 [0] | Classes: 57 [0] | State: 57 [0]
[2026-10-01 05:15:53:221] INFO 🔗 Sync is at 57/57 [0.17 blocks/s]
[2026-10-01 05:15:56:222] INFO 📥 Blocks: 57 [0] | Classes: 57 [0] | State: 57 [0]
[2026-10-01 05:15:56:222] INFO 🔗 Sync is at 57/57 [0.17 blocks/s]
[2026-10-01 05:15:59:222] INFO 📥 Blocks: 58 [0] | Classes: 58 [0] | State: 58 [0]
[2026-10-01 05:15:59:222] INFO 🔗 Sync is at 58/58 [0.17 blocks/s]
[2026-10-01 05:16:02:223] INFO 📥 Blocks: 58 [0] | Classes: 58 [0] | State: 58 [0]
[2026-10-01 05:16:02:223] INFO 🔗 Sync is at 58/58 [0.17 blocks/s]
[2026-10-01 05:16:05:221] INFO 📥 Blocks: 59 [0] | Classes: 59 [0] | State: 59 [0]
[2026-10-01 05:16:05:221] INFO 🔗 Sync is at 59/59 [0.17 blocks/s]
[2026-10-01 05:16:08:221] INFO 📥 Blocks: 59 [0] | Classes: 59 [0] | State: 59 [0]
[2026-10-01 05:16:08:222] INFO 🔗 Sync is at 59/59 [0.17 blocks/s]
[2026-10-01 05:16:08:306] WARN mc_gateway_client::methods Failed to get with StarknetError(StarknetError { code: BlockNotFound, message: "Pre-confirmed block with number 60 was not found. Current pre-confirmed block number is 61." }), retrying
[2026-10-01 05:16:08:408] WARN mc_gateway_client::methods Failed to get with StarknetError(StarknetError { code: BlockNotFound, message: "Pre-confirmed block with number 60 was not found. Current pre-confirmed block number is 61." }), retrying
[2026-10-01 05:16:08:608] WARN mc_gateway_client::methods Failed to get with StarknetError(StarknetError { code: BlockNotFound, message: "Pre-confirmed block with number 60 was not found. Current pre-confirmed block number is 61." }), retrying
[2026-10-01 05:16:11:709] INFO 📥 Blocks: 60 [0] | Classes: 60 [0] | State: 60 [0]
[2026-10-01 05:16:11:709] INFO 🔗 Sync is at 60/60 [0.17 blocks/s]
[2026-10-01 05:16:15:307] INFO 📥 Blocks: 60 [0] | Classes: 60 [0] | State: 60 [0]
[2026-10-01 05:16:15:307] INFO 🔗 Sync is at 60/60 [0.17 blocks/s]
[2026-10-01 05:16:18:306] INFO 📥 Blocks: 61 [0] | Classes: 61 [0] | State: 61 [0]
[2026-10-01 05:16:18:306] INFO 🔗 Sync is at 61/61 [0.17 blocks/s]
[2026-10-01 05:16:21:306] INFO 📥 Blocks: 61 [0] | Classes: 61 [0] | State: 61 [0]
[2026-10-01 05:16:21:306] INFO 🔗 Sync is at 61/61 [0.17 blocks/s]
[2026-10-01 05:16:21:397] WARN mc_gateway_client::methods Failed to get with StarknetError(StarknetError { code: BlockNotFound, message: "Pre-confirmed block with number 62 was not found. Current pre-confirmed block number is 63." }), retrying
[2026-10-01 05:16:21:497] WARN mc_gateway_client::methods Failed to get with StarknetError(StarknetError { code: BlockNotFound, message: "Pre-confirmed block with number 62 was not found. Current pre-confirmed block number is 63." }), retrying
[2026-10-01 05:16:21:699] WARN mc_gateway_client::methods Failed to get with StarknetError(StarknetError { code: BlockNotFound, message: "Pre-confirmed block with number 62 was not found. Current pre-confirmed block number is 63." }), retrying
[2026-10-01 05:16:24:306] INFO 📥 Blocks: 62 [0] | Classes: 62 [0] | State: 62 [0]
[2026-10-01 05:16:24:306] INFO 🔗 Sync is at 62/62 [0.17 blocks/s]
[2026-10-01 05:16:27:306] INFO 📥 Blocks: 62 [0] | Classes: 62 [0] | State: 62 [0]
[2026-10-01 05:16:27:306] INFO 🔗 Sync is at 62/62 [0.17 blocks/s]
[2026-10-01 05:16:27:401] WARN mc_gateway_client::methods Failed to get with StarknetError(StarknetError { code: BlockNotFound, message: "Pre-confirmed block with number 63 was not found. Current pre-confirmed block number is 64." }), retrying
[2026-10-01 05:16:27:504] WARN mc_gateway_client::methods Failed to get with StarknetError(StarknetError { code: BlockNotFound, message: "Pre-confirmed block with number 63 was not found. Current pre-confirmed block number is 64." }), retrying
[2026-10-01 05:16:27:704] WARN mc_gateway_client::methods Failed to get with StarknetError(StarknetError { code: BlockNotFound, message: "Pre-confirmed block with number 63 was not found. Current pre-confirmed block number is 64." }), retrying
[2026-10-01 05:16:30:307] INFO 📥 Blocks: 63 [0] | Classes: 63 [0] | State: 63 [0]
[2026-10-01 05:16:30:307] INFO 🔗 Sync is at 63/63 [0.17 blocks/s]
[2026-10-01 05:16:33:307] INFO 📥 Blocks: 63 [0] | Classes: 63 [0] | State: 63 [0]
[2026-10-01 05:16:33:307] INFO 🔗 Sync is at 63/63 [0.17 blocks/s]
[2026-10-01 05:16:33:412] WARN mc_gateway_client::methods Failed to get with StarknetError(StarknetError { code: BlockNotFound, message: "Pre-confirmed block with number 64 was not found. Current pre-confirmed block number is 65." }), retrying
[2026-10-01 05:16:33:514] WARN mc_gateway_client::methods Failed to get with StarknetError(StarknetError { code: BlockNotFound, message: "Pre-confirmed block with number 64 was not found. Current pre-confirmed block number is 65." }), retrying
[2026-10-01 05:16:33:715] WARN mc_gateway_client::methods Failed to get with StarknetError(StarknetError { code: BlockNotFound, message: "Pre-confirmed block with number 64 was not found. Current pre-confirmed block number is 65." }), retrying
[2026-10-01 05:16:36:307] INFO 📥 Blocks: 64 [0] | Classes: 64 [0] | State: 64 [0]
[2026-10-01 05:16:36:307] INFO 🔗 Sync is at 64/64 [0.17 blocks/s]
[2026-10-01 05:16:39:307] INFO 📥 Blocks: 64 [0] | Classes: 64 [0] | State: 64 [0]
[2026-10-01 05:16:39:307] INFO 🔗 Sync is at 64/64 [0.17 blocks/s]
[2026-10-01 05:16:39:423] WARN mc_gateway_client::methods Failed to get with StarknetError(StarknetError { code: BlockNotFound, message: "Pre-confirmed block with number 65 was not found. Current pre-confirmed block number is 66." }), retrying
[2026-10-01 05:16:39:525] WARN mc_gateway_client::methods Failed to get with StarknetError(StarknetError { code: BlockNotFound, message: "Pre-confirmed block with number 65 was not found. Current pre-confirmed block number is 66." }), retrying
[2026-10-01 05:16:39:727] WARN mc_gateway_client::methods Failed to get with StarknetError(StarknetError { code: BlockNotFound, message: "Pre-confirmed block with number 65 was not found. Current pre-confirmed block number is 66." }), retrying
[2026-10-01 05:16:42:821] INFO 📥 Blocks: 65 [0] | Classes: 65 [0] | State: 65 [0]
[2026-10-01 05:16:42:821] INFO 🔗 Sync is at 65/65 [0.17 blocks/s]
[2026-10-01 05:16:46:420] INFO 📥 Blocks: 65 [0] | Classes: 65 [0] | State: 65 [0]
[2026-10-01 05:16:46:420] INFO 🔗 Sync is at 65/65 [0.17 blocks/s]
[2026-10-01 05:16:46:546] WARN mc_gateway_client::methods Failed to get with StarknetError(StarknetError { code: BlockNotFound, message: "Pre-confirmed block with number 66 was not found. Current pre-confirmed block number is 67." }), retrying
[2026-10-01 05:16:46:648] WARN mc_gateway_client::methods Failed to get with StarknetError(StarknetError { code: BlockNotFound, message: "Pre-confirmed block with number 66 was not found. Current pre-confirmed block number is 67." }), retrying
[2026-10-01 05:16:46:849] WARN mc_gateway_client::methods Failed to get with StarknetError(StarknetError { code: BlockNotFound, message: "Pre-confirmed block with number 66 was not found. Current pre-confirmed block number is 67." }), retrying
[2026-10-01 05:16:49:420] INFO 📥 Blocks: 66 [0] | Classes: 66 [0] | State: 66 [0]
[2026-10-01 05:16:49:420] INFO 🔗 Sync is at 66/66 [0.17 blocks/s]
[2026-10-01 05:16:52:420] INFO 📥 Blocks: 66 [0] | Classes: 66 [0] | State: 66 [0]
[2026-10-01 05:16:52:420] INFO 🔗 Sync is at 66/66 [0.17 blocks/s]
[2026-10-01 05:16:52:553] WARN mc_gateway_client::methods Failed to get with StarknetError(StarknetError { code: BlockNotFound, message: "Pre-confirmed block with number 67 was not found. Current pre-confirmed block number is 68." }), retrying
[2026-10-01 05:16:52:653] WARN mc_gateway_client::methods Failed to get with StarknetError(StarknetError { code: BlockNotFound, message: "Pre-confirmed block with number 67 was not found. Current pre-confirmed block number is 68." }), retrying
[2026-10-01 05:16:52:855] WARN mc_gateway_client::methods Failed to get with StarknetError(StarknetError { code: BlockNotFound, message: "Pre-confirmed block with number 67 was not found. Current pre-confirmed block number is 68." }), retrying
[2026-10-01 05:16:55:421] INFO 📥 Blocks: 67 [0] | Classes: 67 [0] | State: 67 [0]
[2026-10-01 05:16:55:421] INFO 🔗 Sync is at 67/67 [0.17 blocks/s]
[2026-10-01 05:16:58:420] INFO 📥 Blocks: 67 [0] | Classes: 67 [0] | State: 67 [0]
[2026-10-01 05:16:58:420] INFO 🔗 Sync is at 67/67 [0.17 blocks/s]
[2026-10-01 05:16:58:565] WARN mc_gateway_client::methods Failed to get with StarknetError(StarknetError { code: BlockNotFound, message: "Pre-confirmed block with number 68 was not found. Current pre-confirmed block number is 69." }), retrying
[2026-10-01 05:16:58:667] WARN mc_gateway_client::methods Failed to get with StarknetError(StarknetError { code: BlockNotFound, message: "Pre-confirmed block with number 68 was not found. Current pre-confirmed block number is 69." }), retrying
[2026-10-01 05:16:58:869] WARN mc_gateway_client::methods Failed to get with StarknetError(StarknetError { code: BlockNotFound, message: "Pre-confirmed block with number 68 was not found. Current pre-confirmed block number is 69." }), retrying
[2026-10-01 05:17:01:421] INFO 📥 Blocks: 68 [0] | Classes: 68 [0] | State: 68 [0]
[2026-10-01 05:17:01:421] INFO 🔗 Sync is at 68/68 [0.17 blocks/s]
[2026-10-01 05:17:04:421] INFO 📥 Blocks: 68 [0] | Classes: 68 [0] | State: 68 [0]
[2026-10-01 05:17:04:421] INFO 🔗 Sync is at 68/68 [0.17 blocks/s]
[2026-10-01 05:17:04:574] WARN mc_gateway_client::methods Failed to get with StarknetError(StarknetError { code: BlockNotFound, message: "Pre-confirmed block with number 69 was not found. Current pre-confirmed block number is 70." }), retrying
[2026-10-01 05:17:04:676] WARN mc_gateway_client::methods Failed to get with StarknetError(StarknetError { code: BlockNotFound, message: "Pre-confirmed block with number 69 was not found. Current pre-confirmed block number is 70." }), retrying
[2026-10-01 05:17:04:877] WARN mc_gateway_client::methods Failed to get with StarknetError(StarknetError { code: BlockNotFound, message: "Pre-confirmed block with number 69 was not found. Current pre-confirmed block number is 70." }), retrying
[2026-10-01 05:17:07:421] INFO 📥 Blocks: 69 [0] | Classes: 69 [0] | State: 69 [0]
[2026-10-01 05:17:07:421] INFO 🔗 Sync is at 69/69 [0.17 blocks/s]
[2026-10-01 05:17:10:420] INFO 📥 Blocks: 69 [0] | Classes: 69 [0] | State: 69 [0]
[2026-10-01 05:17:10:420] INFO 🔗 Sync is at 69/69 [0.17 blocks/s]
[2026-10-01 05:17:10:586] WARN mc_gateway_client::methods Failed to get with StarknetError(StarknetError { code: BlockNotFound, message: "Pre-confirmed block with number 70 was not found. Current pre-confirmed block number is 71." }), retrying
[2026-10-01 05:17:10:688] WARN mc_gateway_client::methods Failed to get with StarknetError(StarknetError { code: BlockNotFound, message: "Pre-confirmed block with number 70 was not found. Current pre-confirmed block number is 71." }), retrying
[2026-10-01 05:17:10:888] WARN mc_gateway_client::methods Failed to get with StarknetError(StarknetError { code: BlockNotFound, message: "Pre-confirmed block with number 70 was not found. Current pre-confirmed block number is 71." }), retrying
[2026-10-01 05:17:13:885] INFO 📥 Blocks: 70 [0] | Classes: 70 [0] | State: 70 [0]
[2026-10-01 05:17:13:885] INFO 🔗 Sync is at 70/70 [0.17 blocks/s]
[2026-10-01 05:17:17:487] INFO 📥 Blocks: 70 [0] | Classes: 70 [0] | State: 70 [0]
[2026-10-01 05:17:17:487] INFO 🔗 Sync is at 70/70 [0.17 blocks/s]
[2026-10-01 05:17:17:659] WARN mc_gateway_client::methods Failed to get with StarknetError(StarknetError { code: BlockNotFound, message: "Pre-confirmed block with number 71 was not found. Current pre-confirmed block number is 72." }), retrying
[2026-10-01 05:17:17:761] WARN mc_gateway_client::methods Failed to get with StarknetError(StarknetError { code: BlockNotFound, message: "Pre-confirmed block with number 71 was not found. Current pre-confirmed block number is 72." }), retrying
[2026-10-01 05:17:17:963] WARN mc_gateway_client::methods Failed to get with StarknetError(StarknetError { code: BlockNotFound, message: "Pre-confirmed block with number 71 was not found. Current pre-confirmed block number is 72." }), retrying
[2026-10-01 05:17:20:487] INFO 📥 Blocks: 71 [0] | Classes: 71 [0] | State: 71 [0]
[2026-10-01 05:17:20:487] INFO 🔗 Sync is at 71/71 [0.17 blocks/s]
[2026-10-01 05:17:23:486] INFO 📥 Blocks: 71 [0] | Classes: 71 [0] | State: 71 [0]
[2026-10-01 05:17:23:486] INFO 🔗 Sync is at 71/71 [0.17 blocks/s]
[2026-10-01 05:17:23:671] WARN mc_gateway_client::methods Failed to get with StarknetError(StarknetError { code: BlockNotFound, message: "Pre-confirmed block with number 72 was not found. Current pre-confirmed block number is 73." }), retrying
[2026-10-01 05:17:23:774] WARN mc_gateway_client::methods Failed to get with StarknetError(StarknetError { code: BlockNotFound, message: "Pre-confirmed block with number 72 was not found. Current pre-confirmed block number is 73." }), retrying
[2026-10-01 05:17:23:975] WARN mc_gateway_client::methods Failed to get with StarknetError(StarknetError { code: BlockNotFound, message: "Pre-confirmed block with number 72 was not found. Current pre-confirmed block number is 73." }), retrying
[2026-10-01 05:17:26:487] INFO 📥 Blocks: 72 [0] | Classes: 72 [0] | State: 72 [0]
[2026-10-01 05:17:26:487] INFO 🔗 Sync is at 72/72 [0.17 blocks/s]
[2026-10-01 05:17:29:487] INFO 📥 Blocks: 72 [0] | Classes: 72 [0] | State: 72 [0]
[2026-10-01 05:17:29:487] INFO 🔗 Sync is at 72/72 [0.17 blocks/s]
[2026-10-01 05:17:29:682] WARN mc_gateway_client::methods Failed to get with StarknetError(StarknetError { code: BlockNotFound, message: "Pre-confirmed block with number 73 was not found. Current pre-confirmed block number is 74." }), retrying
[2026-10-01 05:17:29:783] WARN mc_gateway_client::methods Failed to get with StarknetError(StarknetError { code: BlockNotFound, message: "Pre-confirmed block with number 73 was not found. Current pre-confirmed block number is 74." }), retrying
[2026-10-01 05:17:29:985] WARN mc_gateway_client::methods Failed to get with StarknetError(StarknetError { code: BlockNotFound, message: "Pre-confirmed block with number 73 was not found. Current pre-confirmed block number is 74." }), retrying
[2026-10-01 05:17:32:487] INFO 📥 Blocks: 73 [0] | Classes: 73 [0] | State: 73 [0]
[2026-10-01 05:17:32:487] INFO 🔗 Sync is at 73/73 [0.17 blocks/s]
[2026-10-01 05:17:35:487] INFO 📥 Blocks: 73 [0] | Classes: 73 [0] | State: 73 [0]
[2026-10-01 05:17:35:487] INFO 🔗 Sync is at 73/73 [0.17 blocks/s]
[2026-10-01 05:17:35:688] WARN mc_gateway_client::methods Failed to get with StarknetError(StarknetError { code: BlockNotFound, message: "Pre-confirmed block with number 74 was not found. Current pre-confirmed block number is 75." }), retrying
[2026-10-01 05:17:35:790] WARN mc_gateway_client::methods Failed to get with StarknetError(StarknetError { code: BlockNotFound, message: "Pre-confirmed block with number 74 was not found. Current pre-confirmed block number is 75." }), retrying
[2026-10-01 05:17:35:992] WARN mc_gateway_client::methods Failed to get with StarknetError(StarknetError { code: BlockNotFound, message: "Pre-confirmed block with number 74 was not found. Current pre-confirmed block number is 75." }), retrying
[2026-10-01 05:17:38:487] INFO 📥 Blocks: 74 [0] | Classes: 74 [0] | State: 74 [0]
[2026-10-01 05:17:38:487] INFO 🔗 Sync is at 74/74 [0.17 blocks/s]
[2026-10-01 05:17:41:487] INFO 📥 Blocks: 74 [0] | Classes: 74 [0] | State: 74 [0]
[2026-10-01 05:17:41:487] INFO 🔗 Sync is at 74/74 [0.17 blocks/s]
[2026-10-01 05:17:41:699] WARN mc_gateway_client::methods Failed to get with StarknetError(StarknetError { code: BlockNotFound, message: "Pre-confirmed block with number 75 was not found. Current pre-confirmed block number is 76." }), retrying
[2026-10-01 05:17:41:800] WARN mc_gateway_client::methods Failed to get with StarknetError(StarknetError { code: BlockNotFound, message: "Pre-confirmed block with number 75 was not found. Current pre-confirmed block number is 76." }), retrying
[2026-10-01 05:17:42:002] WARN mc_gateway_client::methods Failed to get with StarknetError(StarknetError { code: BlockNotFound, message: "Pre-confirmed block with number 75 was not found. Current pre-confirmed block number is 76." }), retrying
[2026-10-01 05:17:44:957] INFO 📥 Blocks: 75 [0] | Classes: 75 [0] | State: 75 [0]
[2026-10-01 05:17:44:957] INFO 🔗 Sync is at 75/75 [0.17 blocks/s]
[2026-10-01 05:17:48:556] INFO 📥 Blocks: 75 [0] | Classes: 75 [0] | State: 75 [0]
[2026-10-01 05:17:48:556] INFO 🔗 Sync is at 75/75 [0.17 blocks/s]
[2026-10-01 05:17:48:779] WARN mc_gateway_client::methods Failed to get with StarknetError(StarknetError { code: BlockNotFound, message: "Pre-confirmed block with number 76 was not found. Current pre-confirmed block number is 77." }), retrying
[2026-10-01 05:17:48:881] WARN mc_gateway_client::methods Failed to get with StarknetError(StarknetError { code: BlockNotFound, message: "Pre-confirmed block with number 76 was not found. Current pre-confirmed block number is 77." }), retrying
[2026-10-01 05:17:49:083] WARN mc_gateway_client::methods Failed to get with StarknetError(StarknetError { code: BlockNotFound, message: "Pre-confirmed block with number 76 was not found. Current pre-confirmed block number is 77." }), retrying
[2026-10-01 05:17:51:556] INFO 📥 Blocks: 76 [0] | Classes: 76 [0] | State: 76 [0]
[2026-10-01 05:17:51:556] INFO 🔗 Sync is at 76/76 [0.17 blocks/s]
[2026-10-01 05:17:54:556] INFO 📥 Blocks: 76 [0] | Classes: 76 [0] | State: 76 [0]
[2026-10-01 05:17:54:556] INFO 🔗 Sync is at 76/76 [0.17 blocks/s]
[2026-10-01 05:17:54:785] WARN mc_gateway_client::methods Failed to get with StarknetError(StarknetError { code: BlockNotFound, message: "Pre-confirmed block with number 77 was not found. Current pre-confirmed block number is 78." }), retrying
[2026-10-01 05:17:54:886] WARN mc_gateway_client::methods Failed to get with StarknetError(StarknetError { code: BlockNotFound, message: "Pre-confirmed block with number 77 was not found. Current pre-confirmed block number is 78." }), retrying
[2026-10-01 05:17:55:088] WARN mc_gateway_client::methods Failed to get with StarknetError(StarknetError { code: BlockNotFound, message: "Pre-confirmed block with number 77 was not found. Current pre-confirmed block number is 78." }), retrying
[2026-10-01 05:17:57:557] INFO 📥 Blocks: 77 [0] | Classes: 77 [0] | State: 77 [0]
[2026-10-01 05:17:57:557] INFO 🔗 Sync is at 77/77 [0.17 blocks/s]
[2026-10-01 05:18:00:556] INFO 📥 Blocks: 77 [0] | Classes: 77 [0] | State: 77 [0]
[2026-10-01 05:18:00:556] INFO 🔗 Sync is at 77/77 [0.17 blocks/s]
[2026-10-01 05:18:00:797] WARN mc_gateway_client::methods Failed to get with StarknetError(StarknetError { code: BlockNotFound, message: "Pre-confirmed block with number 78 was not found. Current pre-confirmed block number is 79." }), retrying
[2026-10-01 05:18:00:899] WARN mc_gateway_client::methods Failed to get with StarknetError(StarknetError { code: BlockNotFound, message: "Pre-confirmed block with number 78 was not found. Current pre-confirmed block number is 79." }), retrying
[2026-10-01 05:18:01:101] WARN mc_gateway_client::methods Failed to get with StarknetError(StarknetError { code: BlockNotFound, message: "Pre-confirmed block with number 78 was not found. Current pre-confirmed block number is 79." }), retrying
[2026-10-01 05:18:03:556] INFO 📥 Blocks: 78 [0] | Classes: 78 [0] | State: 78 [0]
[2026-10-01 05:18:03:556] INFO 🔗 Sync is at 78/78 [0.17 blocks/s]
[2026-10-01 05:18:06:557] INFO 📥 Blocks: 78 [0] | Classes: 78 [0] | State: 78 [0]
[2026-10-01 05:18:06:557] INFO 🔗 Sync is at 78/78 [0.17 blocks/s]
[2026-10-01 05:18:06:807] WARN mc_gateway_client::methods Failed to get with StarknetError(StarknetError { code: BlockNotFound, message: "Pre-confirmed block with number 79 was not found. Current pre-confirmed block number is 80." }), retrying
[2026-10-01 05:18:06:909] WARN mc_gateway_client::methods Failed to get with StarknetError(StarknetError { code: BlockNotFound, message: "Pre-confirmed block with number 79 was not found. Current pre-confirmed block number is 80." }), retrying
[2026-10-01 05:18:07:111] WARN mc_gateway_client::methods Failed to get with StarknetError(StarknetError { code: BlockNotFound, message: "Pre-confirmed block with number 79 was not found. Current pre-confirmed block number is 80." }), retrying
[2026-10-01 05:18:09:557] INFO 📥 Blocks: 79 [0] | Classes: 79 [0] | State: 79 [0]
[2026-10-01 05:18:09:557] INFO 🔗 Sync is at 79/79 [0.17 blocks/s]
[2026-10-01 05:18:12:557] INFO 📥 Blocks: 79 [0] | Classes: 79 [0] | State: 79 [0]
[2026-10-01 05:18:12:557] INFO 🔗 Sync is at 79/79 [0.17 blocks/s]
[2026-10-01 05:18:12:813] WARN mc_gateway_client::methods Failed to get with StarknetError(StarknetError { code: BlockNotFound, message: "Pre-confirmed block with number 80 was not found. Current pre-confirmed block number is 81." }), retrying
[2026-10-01 05:18:12:914] WARN mc_gateway_client::methods Failed to get with StarknetError(StarknetError { code: BlockNotFound, message: "Pre-confirmed block with number 80 was not found. Current pre-confirmed block number is 81." }), retrying
[2026-10-01 05:18:13:115] WARN mc_gateway_client::methods Failed to get with StarknetError(StarknetError { code: BlockNotFound, message: "Pre-confirmed block with number 80 was not found. Current pre-confirmed block number is 81." }), retrying
[2026-10-01 05:18:16:040] INFO 📥 Blocks: 80 [0] | Classes: 80 [0] | State: 80 [0]
[2026-10-01 05:18:16:040] INFO 🔗 Sync is at 80/80 [0.17 blocks/s]
[2026-10-01 05:18:19:640] INFO 📥 Blocks: 80 [0] | Classes: 80 [0] | State: 80 [0]
[2026-10-01 05:18:19:640] INFO 🔗 Sync is at 80/80 [0.17 blocks/s]
[2026-10-01 05:18:19:905] WARN mc_gateway_client::methods Failed to get with StarknetError(StarknetError { code: BlockNotFound, message: "Pre-confirmed block with number 81 was not found. Current pre-confirmed block number is 82." }), retrying
[2026-10-01 05:18:20:007] WARN mc_gateway_client::methods Failed to get with StarknetError(StarknetError { code: BlockNotFound, message: "Pre-confirmed block with number 81 was not found. Current pre-confirmed block number is 82." }), retrying
[2026-10-01 05:18:20:208] WARN mc_gateway_client::methods Failed to get with StarknetError(StarknetError { code: BlockNotFound, message: "Pre-confirmed block with number 81 was not found. Current pre-confirmed block number is 82." }), retrying
[2026-10-01 05:18:22:639] INFO 📥 Blocks: 81 [0] | Classes: 81 [0] | State: 81 [0]
[2026-10-01 05:18:22:639] INFO 🔗 Sync is at 81/81 [0.17 blocks/s]
[2026-10-01 05:18:25:639] INFO 📥 Blocks: 81 [0] | Classes: 81 [0] | State: 81 [0]
[2026-10-01 05:18:25:639] INFO 🔗 Sync is at 81/81 [0.17 blocks/s]
[2026-10-01 05:18:25:916] WARN mc_gateway_client::methods Failed to get with StarknetError(StarknetError { code: BlockNotFound, message: "Pre-confirmed block with number 82 was not found. Current pre-confirmed block number is 83." }), retrying
[2026-10-01 05:18:26:018] WARN mc_gateway_client::methods Failed to get with StarknetError(StarknetError { code: BlockNotFound, message: "Pre-confirmed block with number 82 was not found. Current pre-confirmed block number is 83." }), retrying
[2026-10-01 05:18:26:219] WARN mc_gateway_client::methods Failed to get with StarknetError(StarknetError { code: BlockNotFound, message: "Pre-confirmed block with number 82 was not found. Current pre-confirmed block number is 83." }), retrying
[2026-10-01 05:18:28:639] INFO 📥 Blocks: 82 [0] | Classes: 82 [0] | State: 82 [0]
[2026-10-01 05:18:28:639] INFO 🔗 Sync is at 82/82 [0.17 blocks/s]
[2026-10-01 05:18:31:639] INFO 📥 Blocks: 82 [0] | Classes: 82 [0] | State: 82 [0]
[2026-10-01 05:18:31:639] INFO 🔗 Sync is at 82/82 [0.17 blocks/s]
[2026-10-01 05:18:31:923] WARN mc_gateway_client::methods Failed to get with StarknetError(StarknetError { code: BlockNotFound, message: "Pre-confirmed block with number 83 was not found. Current pre-confirmed block number is 84." }), retrying
[2026-10-01 05:18:32:025] WARN mc_gateway_client::methods Failed to get with StarknetError(StarknetError { code: BlockNotFound, message: "Pre-confirmed block with number 83 was not found. Current pre-confirmed block number is 84." }), retrying
[2026-10-01 05:18:32:227] WARN mc_gateway_client::methods Failed to get with StarknetError(StarknetError { code: BlockNotFound, message: "Pre-confirmed block with number 83 was not found. Current pre-confirmed block number is 84." }), retrying
[2026-10-01 05:18:34:639] INFO 📥 Blocks: 83 [0] | Classes: 83 [0] | State: 83 [0]
[2026-10-01 05:18:34:640] INFO 🔗 Sync is at 83/83 [0.17 blocks/s]
[2026-10-01 05:18:37:639] INFO 📥 Blocks: 83 [0] | Classes: 83 [0] | State: 83 [0]
[2026-10-01 05:18:37:639] INFO 🔗 Sync is at 83/83 [0.17 blocks/s]
[2026-10-01 05:18:37:936] WARN mc_gateway_client::methods Failed to get with StarknetError(StarknetError { code: BlockNotFound, message: "Pre-confirmed block with number 84 was not found. Current pre-confirmed block number is 85." }), retrying
[2026-10-01 05:18:38:038] WARN mc_gateway_client::methods Failed to get with StarknetError(StarknetError { code: BlockNotFound, message: "Pre-confirmed block with number 84 was not found. Current pre-confirmed block number is 85." }), retrying
[2026-10-01 05:18:38:240] WARN mc_gateway_client::methods Failed to get with StarknetError(StarknetError { code: BlockNotFound, message: "Pre-confirmed block with number 84 was not found. Current pre-confirmed block number is 85." }), retrying
[2026-10-01 05:18:40:639] INFO 📥 Blocks: 84 [0] | Classes: 84 [0] | State: 84 [0]
[2026-10-01 05:18:40:639] INFO 🔗 Sync is at 84/84 [0.17 blocks/s]
[2026-10-01 05:18:43:639] INFO 📥 Blocks: 84 [0] | Classes: 84 [0] | State: 84 [0]
[2026-10-01 05:18:43:639] INFO 🔗 Sync is at 84/84 [0.17 blocks/s]
[2026-10-01 05:18:43:942] WARN mc_gateway_client::methods Failed to get with StarknetError(StarknetError { code: BlockNotFound, message: "Pre-confirmed block with number 85 was not found. Current pre-confirmed block number is 86." }), retrying
[2026-10-01 05:18:44:044] WARN mc_gateway_client::methods Failed to get with StarknetError(StarknetError { code: BlockNotFound, message: "Pre-confirmed block with number 85 was not found. Current pre-confirmed block number is 86." }), retrying
[2026-10-01 05:18:44:246] WARN mc_gateway_client::methods Failed to get with StarknetError(StarknetError { code: BlockNotFound, message: "Pre-confirmed block with number 85 was not found. Current pre-confirmed block number is 86." }), retrying
[2026-10-01 05:18:47:135] INFO 📥 Blocks: 85 [0] | Classes: 85 [0] | State: 85 [0]
[2026-10-01 05:18:47:135] INFO 🔗 Sync is at 85/85 [0.17 blocks/s]
[2026-10-01 05:18:50:734] INFO 📥 Blocks: 85 [0] | Classes: 85 [0] | State: 85 [0]
[2026-10-01 05:18:50:734] INFO 🔗 Sync is at 85/85 [0.17 blocks/s]
[2026-10-01 05:18:51:050] WARN mc_gateway_client::methods Failed to get with StarknetError(StarknetError { code: BlockNotFound, message: "Pre-confirmed block with number 86 was not found. Current pre-confirmed block number is 87." }), retrying
[2026-10-01 05:18:51:152] WARN mc_gateway_client::methods Failed to get with StarknetError(StarknetError { code: BlockNotFound, message: "Pre-confirmed block with number 86 was not found. Current pre-confirmed block number is 87." }), retrying
[2026-10-01 05:18:51:353] WARN mc_gateway_client::methods Failed to get with StarknetError(StarknetError { code: BlockNotFound, message: "Pre-confirmed block with number 86 was not found. Current pre-confirmed block number is 87." }), retrying
[2026-10-01 05:18:53:734] INFO 📥 Blocks: 86 [0] | Classes: 86 [0] | State: 86 [0]
[2026-10-01 05:18:53:734] INFO 🔗 Sync is at 86/86 [0.17 blocks/s]
[2026-10-01 05:18:56:734] INFO 📥 Blocks: 86 [0] | Classes: 86 [0] | State: 86 [0]
[2026-10-01 05:18:56:734] INFO 🔗 Sync is at 86/86 [0.17 blocks/s]
[2026-10-01 05:18:57:062] WARN mc_gateway_client::methods Failed to get with StarknetError(StarknetError { code: BlockNotFound, message: "Pre-confirmed block with number 87 was not found. Current pre-confirmed block number is 88." }), retrying
[2026-10-01 05:18:57:163] WARN mc_gateway_client::methods Failed to get with StarknetError(StarknetError { code: BlockNotFound, message: "Pre-confirmed block with number 87 was not found. Current pre-confirmed block number is 88." }), retrying
[2026-10-01 05:18:57:365] WARN mc_gateway_client::methods Failed to get with StarknetError(StarknetError { code: BlockNotFound, message: "Pre-confirmed block with number 87 was not found. Current pre-confirmed block number is 88." }), retrying
[2026-10-01 05:18:59:734] INFO 📥 Blocks: 87 [0] | Classes: 87 [0] | State: 87 [0]
[2026-10-01 05:18:59:734] INFO 🔗 Sync is at 87/87 [0.17 blocks/s]
[2026-10-01 05:19:02:734] INFO 📥 Blocks: 87 [0] | Classes: 87 [0] | State: 87 [0]
[2026-10-01 05:19:02:734] INFO 🔗 Sync is at 87/87 [0.17 blocks/s]
[2026-10-01 05:19:03:070] WARN mc_gateway_client::methods Failed to get with StarknetError(StarknetError { code: BlockNotFound, message: "Pre-confirmed block with number 88 was not found. Current pre-confirmed block number is 89." }), retrying
[2026-10-01 05:19:03:172] WARN mc_gateway_client::methods Failed to get with StarknetError(StarknetError { code: BlockNotFound, message: "Pre-confirmed block with number 88 was not found. Current pre-confirmed block number is 89." }), retrying
[2026-10-01 05:19:03:374] WARN mc_gateway_client::methods Failed to get with StarknetError(StarknetError { code: BlockNotFound, message: "Pre-confirmed block with number 88 was not found. Current pre-confirmed block number is 89." }), retrying
[2026-10-01 05:19:05:734] INFO 📥 Blocks: 88 [0] | Classes: 88 [0] | State: 88 [0]
[2026-10-01 05:19:05:734] INFO 🔗 Sync is at 88/88 [0.17 blocks/s]
[2026-10-01 05:19:08:734] INFO 📥 Blocks: 88 [0] | Classes: 88 [0] | State: 88 [0]
[2026-10-01 05:19:08:734] INFO 🔗 Sync is at 88/88 [0.17 blocks/s]
[2026-10-01 05:19:09:080] WARN mc_gateway_client::methods Failed to get with StarknetError(StarknetError { code: BlockNotFound, message: "Pre-confirmed block with number 89 was not found. Current pre-confirmed block number is 90." }), retrying
[2026-10-01 05:19:09:182] WARN mc_gateway_client::methods Failed to get with StarknetError(StarknetError { code: BlockNotFound, message: "Pre-confirmed block with number 89 was not found. Current pre-confirmed block number is 90." }), retrying
[2026-10-01 05:19:09:384] WARN mc_gateway_client::methods Failed to get with StarknetError(StarknetError { code: BlockNotFound, message: "Pre-confirmed block with number 89 was not found. Current pre-confirmed block number is 90." }), retrying
[2026-10-01 05:19:11:734] INFO 📥 Blocks: 89 [0] | Classes: 89 [0] | State: 89 [0]
[2026-10-01 05:19:11:734] INFO 🔗 Sync is at 89/89 [0.17 blocks/s]
[2026-10-01 05:19:14:735] INFO 📥 Blocks: 89 [0] | Classes: 89 [0] | State: 89 [0]
[2026-10-01 05:19:14:735] INFO 🔗 Sync is at 89/89 [0.17 blocks/s]
[2026-10-01 05:19:15:092] WARN mc_gateway_client::methods Failed to get with StarknetError(StarknetError { code: BlockNotFound, message: "Pre-confirmed block with number 90 was not found. Current pre-confirmed block number is 91." }), retrying
[2026-10-01 05:19:15:194] WARN mc_gateway_client::methods Failed to get with StarknetError(StarknetError { code: BlockNotFound, message: "Pre-confirmed block with number 90 was not found. Current pre-confirmed block number is 91." }), retrying
[2026-10-01 05:19:15:396] WARN mc_gateway_client::methods Failed to get with StarknetError(StarknetError { code: BlockNotFound, message: "Pre-confirmed block with number 90 was not found. Current pre-confirmed block number is 91." }), retrying
[2026-10-01 05:19:18:207] INFO 📥 Blocks: 90 [0] | Classes: 90 [0] | State: 90 [0]
[2026-10-01 05:19:18:207] INFO 🔗 Sync is at 90/90 [0.17 blocks/s]
[2026-10-01 05:19:21:808] INFO 📥 Blocks: 90 [0] | Classes: 90 [0] | State: 90 [0]
[2026-10-01 05:19:21:808] INFO 🔗 Sync is at 90/90 [0.17 blocks/s]
[2026-10-01 05:19:22:174] WARN mc_gateway_client::methods Failed to get with StarknetError(StarknetError { code: BlockNotFound, message: "Pre-confirmed block with number 91 was not found. Current pre-confirmed block number is 92." }), retrying
[2026-10-01 05:19:22:276] WARN mc_gateway_client::methods Failed to get with StarknetError(StarknetError { code: BlockNotFound, message: "Pre-confirmed block with number 91 was not found. Current pre-confirmed block number is 92." }), retrying
[2026-10-01 05:19:22:477] WARN mc_gateway_client::methods Failed to get with StarknetError(StarknetError { code: BlockNotFound, message: "Pre-confirmed block with number 91 was not found. Current pre-confirmed block number is 92." }), retrying
[2026-10-01 05:19:24:809] INFO 📥 Blocks: 91 [0] | Classes: 91 [0] | State: 91 [0]
[2026-10-01 05:19:24:809] INFO 🔗 Sync is at 91/91 [0.17 blocks/s]
[2026-10-01 05:19:27:808] INFO 📥 Blocks: 91 [0] | Classes: 91 [0] | State: 91 [0]
[2026-10-01 05:19:27:808] INFO 🔗 Sync is at 91/91 [0.17 blocks/s]
[2026-10-01 05:19:28:184] WARN mc_gateway_client::methods Failed to get with StarknetError(StarknetError { code: BlockNotFound, message: "Pre-confirmed block with number 92 was not found. Current pre-confirmed block number is 93." }), retrying
[2026-10-01 05:19:28:286] WARN mc_gateway_client::methods Failed to get with StarknetError(StarknetError { code: BlockNotFound, message: "Pre-confirmed block with number 92 was not found. Current pre-confirmed block number is 93." }), retrying
[2026-10-01 05:19:28:487] WARN mc_gateway_client::methods Failed to get with StarknetError(StarknetError { code: BlockNotFound, message: "Pre-confirmed block with number 92 was not found. Current pre-confirmed block number is 93." }), retrying
[2026-10-01 05:19:30:808] INFO 📥 Blocks: 92 [0] | Classes: 92 [0] | State: 92 [0]
[2026-10-01 05:19:30:808] INFO 🔗 Sync is at 92/92 [0.17 blocks/s]
[2026-10-01 05:19:33:808] INFO 📥 Blocks: 92 [0] | Classes: 92 [0] | State: 92 [0]
[2026-10-01 05:19:33:809] INFO 🔗 Sync is at 92/92 [0.17 blocks/s]
[2026-10-01 05:19:34:195] WARN mc_gateway_client::methods Failed to get with StarknetError(StarknetError { code: BlockNotFound, message: "Pre-confirmed block with number 93 was not found. Current pre-confirmed block number is 94." }), retrying
[2026-10-01 05:19:34:297] WARN mc_gateway_client::methods Failed to get with StarknetError(StarknetError { code: BlockNotFound, message: "Pre-confirmed block with number 93 was not found. Current pre-confirmed block number is 94." }), retrying
[2026-10-01 05:19:34:499] WARN mc_gateway_client::methods Failed to get with StarknetError(StarknetError { code: BlockNotFound, message: "Pre-confirmed block with number 93 was not found. Current pre-confirmed block number is 94." }), retrying
[2026-10-01 05:19:36:809] INFO 📥 Blocks: 93 [0] | Classes: 93 [0] | State: 93 [0]
[2026-10-01 05:19:36:809] INFO 🔗 Sync is at 93/93 [0.17 blocks/s]
[2026-10-01 05:19:39:808] INFO 📥 Blocks: 93 [0] | Classes: 93 [0] | State: 93 [0]
[2026-10-01 05:19:39:808] INFO 🔗 Sync is at 93/93 [0.17 blocks/s]
[2026-10-01 05:19:40:205] WARN mc_gateway_client::methods Failed to get with StarknetError(StarknetError { code: BlockNotFound, message: "Pre-confirmed block with number 94 was not found. Current pre-confirmed block number is 95." }), retrying
[2026-10-01 05:19:40:307] WARN mc_gateway_client::methods Failed to get with StarknetError(StarknetError { code: BlockNotFound, message: "Pre-confirmed block with number 94 was not found. Current pre-confirmed block number is 95." }), retrying
[2026-10-01 05:19:40:508] WARN mc_gateway_client::methods Failed to get with StarknetError(StarknetError { code: BlockNotFound, message: "Pre-confirmed block with number 94 was not found. Current pre-confirmed block number is 95." }), retrying
[2026-10-01 05:19:42:808] INFO 📥 Blocks: 94 [0] | Classes: 94 [0] | State: 94 [0]
[2026-10-01 05:19:42:808] INFO 🔗 Sync is at 94/94 [0.17 blocks/s]
[2026-10-01 05:19:45:808] INFO 📥 Blocks: 94 [0] | Classes: 94 [0] | State: 94 [0]
[2026-10-01 05:19:45:808] INFO 🔗 Sync is at 94/94 [0.17 blocks/s]
[2026-10-01 05:19:46:216] WARN mc_gateway_client::methods Failed to get with StarknetError(StarknetError { code: BlockNotFound, message: "Pre-confirmed block with number 95 was not found. Current pre-confirmed block number is 96." }), retrying
[2026-10-01 05:19:46:317] WARN mc_gateway_client::methods Failed to get with StarknetError(StarknetError { code: BlockNotFound, message: "Pre-confirmed block with number 95 was not found. Current pre-confirmed block number is 96." }), retrying
[2026-10-01 05:19:46:519] WARN mc_gateway_client::methods Failed to get with StarknetError(StarknetError { code: BlockNotFound, message: "Pre-confirmed block with number 95 was not found. Current pre-confirmed block number is 96." }), retrying
[2026-10-01 05:19:49:284] INFO 📥 Blocks: 95 [0] | Classes: 95 [0] | State: 95 [0]
[2026-10-01 05:19:49:284] INFO 🔗 Sync is at 95/95 [0.17 blocks/s]
[2026-10-01 05:19:52:886] INFO 📥 Blocks: 95 [0] | Classes: 95 [0] | State: 95 [0]
[2026-10-01 05:19:52:886] INFO 🔗 Sync is at 95/95 [0.17 blocks/s]
[2026-10-01 05:19:53:300] WARN mc_gateway_client::methods Failed to get with StarknetError(StarknetError { code: BlockNotFound, message: "Pre-confirmed block with number 96 was not found. Current pre-confirmed block number is 97." }), retrying
[2026-10-01 05:19:53:402] WARN mc_gateway_client::methods Failed to get with StarknetError(StarknetError { code: BlockNotFound, message: "Pre-confirmed block with number 96 was not found. Current pre-confirmed block number is 97." }), retrying
[2026-10-01 05:19:53:604] WARN mc_gateway_client::methods Failed to get with StarknetError(StarknetError { code: BlockNotFound, message: "Pre-confirmed block with number 96 was not found. Current pre-confirmed block number is 97." }), retrying
[2026-10-01 05:19:55:886] INFO 📥 Blocks: 96 [0] | Classes: 96 [0] | State: 96 [0]
[2026-10-01 05:19:55:886] INFO 🔗 Sync is at 96/96 [0.17 blocks/s]
[2026-10-01 05:19:58:886] INFO 📥 Blocks: 96 [0] | Classes: 96 [0] | State: 96 [0]
[2026-10-01 05:19:58:886] INFO 🔗 Sync is at 96/96 [0.17 blocks/s]
[2026-10-01 05:19:59:318] WARN mc_gateway_client::methods Failed to get with StarknetError(StarknetError { code: BlockNotFound, message: "Pre-confirmed block with number 97 was not found. Current pre-confirmed block number is 98." }), retrying
[2026-10-01 05:19:59:419] WARN mc_gateway_client::methods Failed to get with StarknetError(StarknetError { code: BlockNotFound, message: "Pre-confirmed block with number 97 was not found. Current pre-confirmed block number is 98." }), retrying
[2026-10-01 05:19:59:621] WARN mc_gateway_client::methods Failed to get with StarknetError(StarknetError { code: BlockNotFound, message: "Pre-confirmed block with number 97 was not found. Current pre-confirmed block number is 98." }), retrying
[2026-10-01 05:20:01:887] INFO 📥 Blocks: 97 [0] | Classes: 97 [0] | State: 97 [0]
[2026-10-01 05:20:01:887] INFO 🔗 Sync is at 97/97 [0.17 blocks/s]
[2026-10-01 05:20:04:887] INFO 📥 Blocks: 97 [0] | Classes: 97 [0] | State: 97 [0]
[2026-10-01 05:20:04:887] INFO 🔗 Sync is at 97/97 [0.17 blocks/s]
[2026-10-01 05:20:05:317] WARN mc_gateway_client::methods Failed to get with StarknetError(StarknetError { code: BlockNotFound, message: "Pre-confirmed block with number 98 was not found. Current pre-confirmed block number is 99." }), retrying
[2026-10-01 05:20:05:419] WARN mc_gateway_client::methods Failed to get with StarknetError(StarknetError { code: BlockNotFound, message: "Pre-confirmed block with number 98 was not found. Current pre-confirmed block number is 99." }), retrying
[2026-10-01 05:20:05:621] WARN mc_gateway_client::methods Failed to get with StarknetError(StarknetError { code: BlockNotFound, message: "Pre-confirmed block with number 98 was not found. Current pre-confirmed block number is 99." }), retrying
[2026-10-01 05:20:07:886] INFO 📥 Blocks: 98 [0] | Classes: 98 [0] | State: 98 [0]
[2026-10-01 05:20:07:886] INFO 🔗 Sync is at 98/98 [0.17 blocks/s]
[2026-10-01 05:20:10:887] INFO 📥 Blocks: 98 [0] | Classes: 98 [0] | State: 98 [0]
[2026-10-01 05:20:10:887] INFO 🔗 Sync is at 98/98 [0.17 blocks/s]
[2026-10-01 05:20:11:329] WARN mc_gateway_client::methods Failed to get with StarknetError(StarknetError { code: BlockNotFound, message: "Pre-confirmed block with number 99 was not found. Current pre-confirmed block number is 100." }), retrying
[2026-10-01 05:20:11:430] WARN mc_gateway_client::methods Failed to get with StarknetError(StarknetError { code: BlockNotFound, message: "Pre-confirmed block with number 99 was not found. Current pre-confirmed block number is 100." }), retrying
[2026-10-01 05:20:11:637] WARN mc_gateway_client::methods Failed to get with StarknetError(StarknetError { code: BlockNotFound, message: "Pre-confirmed block with number 99 was not found. Current pre-confirmed block number is 100." }), retrying
[2026-10-01 05:20:13:887] INFO 📥 Blocks: 99 [0] | Classes: 99 [0] | State: 99 [0]
[2026-10-01 05:20:13:887] INFO 🔗 Sync is at 99/99 [0.17 blocks/s]
[2026-10-01 05:20:16:886] INFO 📥 Blocks: 99 [0] | Classes: 99 [0] | State: 99 [0]
[2026-10-01 05:20:16:886] INFO 🔗 Sync is at 99/99 [0.17 blocks/s]
[2026-10-01 05:20:17:341] WARN mc_gateway_client::methods Failed to get with StarknetError(StarknetError { code: BlockNotFound, message: "Pre-confirmed block with number 100 was not found. Current pre-confirmed block number is 101." }), retrying
[2026-10-01 05:20:17:443] WARN mc_gateway_client::methods Failed to get with StarknetError(StarknetError { code: BlockNotFound, message: "Pre-confirmed block with number 100 was not found. Current pre-confirmed block number is 101." }), retrying
[2026-10-01 05:20:17:644] WARN mc_gateway_client::methods Failed to get with StarknetError(StarknetError { code: BlockNotFound, message: "Pre-confirmed block with number 100 was not found. Current pre-confirmed block number is 101." }), retrying
[2026-10-01 05:20:19:887] INFO 📥 Blocks: 100 [0] | Classes: 100 [0] | State: 100 [0]
[2026-10-01 05:20:19:887] INFO 🔗 Sync is at 100/100 [0.17 blocks/s]
[2026-10-01 05:20:23:973] INFO 📥 Blocks: 100 [0] | Classes: 100 [0] | State: 100 [0]
[2026-10-01 05:20:23:973] INFO 🔗 Sync is at 100/100 [0.17 blocks/s]
[2026-10-01 05:20:24:436] WARN mc_gateway_client::methods Failed to get with StarknetError(StarknetError { code: BlockNotFound, message: "Pre-confirmed block with number 101 was not found. Current pre-confirmed block number is 102." }), retrying
[2026-10-01 05:20:24:538] WARN mc_gateway_client::methods Failed to get with StarknetError(StarknetError { code: BlockNotFound, message: "Pre-confirmed block with number 101 was not found. Current pre-confirmed block number is 102." }), retrying
[2026-10-01 05:20:24:740] WARN mc_gateway_client::methods Failed to get with StarknetError(StarknetError { code: BlockNotFound, message: "Pre-confirmed block with number 101 was not found. Current pre-confirmed block number is 102." }), retrying
[2026-10-01 05:20:26:974] INFO 📥 Blocks: 101 [0] | Classes: 101 [0] | State: 101 [0]
[2026-10-01 05:20:26:974] INFO 🔗 Sync is at 101/101 [0.17 blocks/s]
[2026-10-01 05:20:29:973] INFO 📥 Blocks: 101 [0] | Classes: 101 [0] | State: 101 [0]
[2026-10-01 05:20:29:973] INFO 🔗 Sync is at 101/101 [0.17 blocks/s]
[2026-10-01 05:20:30:449] WARN mc_gateway_client::methods Failed to get with StarknetError(StarknetError { code: BlockNotFound, message: "Pre-confirmed block with number 102 was not found. Current pre-confirmed block number is 103." }), retrying
[2026-10-01 05:20:30:550] WARN mc_gateway_client::methods Failed to get with StarknetError(StarknetError { code: BlockNotFound, message: "Pre-confirmed block with number 102 was not found. Current pre-confirmed block number is 103." }), retrying
[2026-10-01 05:20:30:752] WARN mc_gateway_client::methods Failed to get with StarknetError(StarknetError { code: BlockNotFound, message: "Pre-confirmed block with number 102 was not found. Current pre-confirmed block number is 103." }), retrying
[2026-10-01 05:20:32:972] INFO 📥 Blocks: 102 [0] | Classes: 102 [0] | State: 102 [0]
[2026-10-01 05:20:32:973] INFO 🔗 Sync is at 102/102 [0.17 blocks/s]
[2026-10-01 05:20:35:972] INFO 📥 Blocks: 102 [0] | Classes: 102 [0] | State: 102 [0]
[2026-10-01 05:20:35:972] INFO 🔗 Sync is at 102/102 [0.17 blocks/s]
[2026-10-01 05:20:36:465] WARN mc_gateway_client::methods Failed to get with StarknetError(StarknetError { code: BlockNotFound, message: "Pre-confirmed block with number 103 was not found. Current pre-confirmed block number is 104." }), retrying
[2026-10-01 05:20:36:567] WARN mc_gateway_client::methods Failed to get with StarknetError(StarknetError { code: BlockNotFound, message: "Pre-confirmed block with number 103 was not found. Current pre-confirmed block number is 104." }), retrying
[2026-10-01 05:20:36:769] WARN mc_gateway_client::methods Failed to get with StarknetError(StarknetError { code: BlockNotFound, message: "Pre-confirmed block with number 103 was not found. Current pre-confirmed block number is 104." }), retrying
[2026-10-01 05:20:38:972] INFO 📥 Blocks: 103 [0] | Classes: 103 [0] | State: 103 [0]
[2026-10-01 05:20:38:973] INFO 🔗 Sync is at 103/103 [0.17 blocks/s]
[2026-10-01 05:20:41:972] INFO 📥 Blocks: 103 [0] | Classes: 103 [0] | State: 103 [0]
[2026-10-01 05:20:41:972] INFO 🔗 Sync is at 103/103 [0.17 blocks/s]
[2026-10-01 05:20:42:493] WARN mc_gateway_client::methods Failed to get with StarknetError(StarknetError { code: BlockNotFound, message: "Pre-confirmed block with number 104 was not found. Current pre-confirmed block number is 105." }), retrying
[2026-10-01 05:20:42:594] WARN mc_gateway_client::methods Failed to get with StarknetError(StarknetError { code: BlockNotFound, message: "Pre-confirmed block with number 104 was not found. Current pre-confirmed block number is 105." }), retrying
[2026-10-01 05:20:42:795] WARN mc_gateway_client::methods Failed to get with StarknetError(StarknetError { code: BlockNotFound, message: "Pre-confirmed block with number 104 was not found. Current pre-confirmed block number is 105." }), retrying
[2026-10-01 05:20:44:972] INFO 📥 Blocks: 104 [0] | Classes: 104 [0] | State: 104 [0]
[2026-10-01 05:20:44:972] INFO 🔗 Sync is at 104/104 [0.17 blocks/s]
[2026-10-01 05:20:47:972] INFO 📥 Blocks: 104 [0] | Classes: 104 [0] | State: 104 [0]
[2026-10-01 05:20:47:972] INFO 🔗 Sync is at 104/104 [0.17 blocks/s]
[2026-10-01 05:20:48:503] WARN mc_gateway_client::methods Failed to get with StarknetError(StarknetError { code: BlockNotFound, message: "Pre-confirmed block with number 105 was not found. Current pre-confirmed block number is 106." }), retrying
[2026-10-01 05:20:48:605] WARN mc_gateway_client::methods Failed to get with StarknetError(StarknetError { code: BlockNotFound, message: "Pre-confirmed block with number 105 was not found. Current pre-confirmed block number is 106." }), retrying
[2026-10-01 05:20:48:807] WARN mc_gateway_client::methods Failed to get with StarknetError(StarknetError { code: BlockNotFound, message: "Pre-confirmed block with number 105 was not found. Current pre-confirmed block number is 106." }), retrying
[2026-10-01 05:20:50:973] INFO 📥 Blocks: 105 [0] | Classes: 105 [0] | State: 105 [0]
[2026-10-01 05:20:50:973] INFO 🔗 Sync is at 105/105 [0.17 blocks/s]
[2026-10-01 05:20:55:082] INFO 📥 Blocks: 105 [0] | Classes: 105 [0] | State: 105 [0]
[2026-10-01 05:20:55:082] INFO 🔗 Sync is at 105/105 [0.17 blocks/s]
[2026-10-01 05:20:55:601] WARN mc_gateway_client::methods Failed to get with StarknetError(StarknetError { code: BlockNotFound, message: "Pre-confirmed block with number 106 was not found. Current pre-confirmed block number is 107." }), retrying
[2026-10-01 05:20:55:703] WARN mc_gateway_client::methods Failed to get with StarknetError(StarknetError { code: BlockNotFound, message: "Pre-confirmed block with number 106 was not found. Current pre-confirmed block number is 107." }), retrying
[2026-10-01 05:20:55:905] WARN mc_gateway_client::methods Failed to get with StarknetError(StarknetError { code: BlockNotFound, message: "Pre-confirmed block with number 106 was not found. Current pre-confirmed block number is 107." }), retrying
[2026-10-01 05:20:58:082] INFO 📥 Blocks: 106 [0] | Classes: 106 [0] | State: 106 [0]
[2026-10-01 05:20:58:082] INFO 🔗 Sync is at 106/106 [0.17 blocks/s]
[2026-10-01 05:21:01:082] INFO 📥 Blocks: 106 [0] | Classes: 106 [0] | State: 106 [0]
[2026-10-01 05:21:01:082] INFO 🔗 Sync is at 106/106 [0.17 blocks/s]
[2026-10-01 05:21:01:636] WARN mc_gateway_client::methods Failed to get with StarknetError(StarknetError { code: BlockNotFound, message: "Pre-confirmed block with number 107 was not found. Current pre-confirmed block number is 108." }), retrying
[2026-10-01 05:21:01:738] WARN mc_gateway_client::methods Failed to get with StarknetError(StarknetError { code: BlockNotFound, message: "Pre-confirmed block with number 107 was not found. Current pre-confirmed block number is 108." }), retrying
[2026-10-01 05:21:01:940] WARN mc_gateway_client::methods Failed to get with StarknetError(StarknetError { code: BlockNotFound, message: "Pre-confirmed block with number 107 was not found. Current pre-confirmed block number is 108." }), retrying
[2026-10-01 05:21:04:081] INFO 📥 Blocks: 107 [0] | Classes: 107 [0] | State: 107 [0]
[2026-10-01 05:21:04:082] INFO 🔗 Sync is at 107/107 [0.17 blocks/s]
[2026-10-01 05:21:07:082] INFO 📥 Blocks: 107 [0] | Classes: 107 [0] | State: 107 [0]
[2026-10-01 05:21:07:082] INFO 🔗 Sync is at 107/107 [0.17 blocks/s]
[2026-10-01 05:21:07:648] WARN mc_gateway_client::methods Failed to get with StarknetError(StarknetError { code: BlockNotFound, message: "Pre-confirmed block with number 108 was not found. Current pre-confirmed block number is 109." }), retrying
[2026-10-01 05:21:07:749] WARN mc_gateway_client::methods Failed to get with StarknetError(StarknetError { code: BlockNotFound, message: "Pre-confirmed block with number 108 was not found. Current pre-confirmed block number is 109." }), retrying
[2026-10-01 05:21:07:951] WARN mc_gateway_client::methods Failed to get with StarknetError(StarknetError { code: BlockNotFound, message: "Pre-confirmed block with number 108 was not found. Current pre-confirmed block number is 109." }), retrying
[2026-10-01 05:21:10:082] INFO 📥 Blocks: 108 [0] | Classes: 108 [0] | State: 108 [0]
[2026-10-01 05:21:10:082] INFO 🔗 Sync is at 108/108 [0.17 blocks/s]
[2026-10-01 05:21:13:082] INFO 📥 Blocks: 108 [0] | Classes: 108 [0] | State: 108 [0]
[2026-10-01 05:21:13:082] INFO 🔗 Sync is at 108/108 [0.17 blocks/s]
[2026-10-01 05:21:13:653] WARN mc_gateway_client::methods Failed to get with StarknetError(StarknetError { code: BlockNotFound, message: "Pre-confirmed block with number 109 was not found. Current pre-confirmed block number is 110." }), retrying
[2026-10-01 05:21:13:755] WARN mc_gateway_client::methods Failed to get with StarknetError(StarknetError { code: BlockNotFound, message: "Pre-confirmed block with number 109 was not found. Current pre-confirmed block number is 110." }), retrying
[2026-10-01 05:21:13:957] WARN mc_gateway_client::methods Failed to get with StarknetError(StarknetError { code: BlockNotFound, message: "Pre-confirmed block with number 109 was not found. Current pre-confirmed block number is 110." }), retrying
[2026-10-01 05:21:16:082] INFO 📥 Blocks: 109 [0] | Classes: 109 [0] | State: 109 [0]
[2026-10-01 05:21:16:082] INFO 🔗 Sync is at 109/109 [0.17 blocks/s]
[2026-10-01 05:21:19:081] INFO 📥 Blocks: 109 [0] | Classes: 109 [0] | State: 109 [0]
[2026-10-01 05:21:19:081] INFO 🔗 Sync is at 109/109 [0.17 blocks/s]
[2026-10-01 05:21:19:636] WARN mc_gateway_client::methods Failed to get with StarknetError(StarknetError { code: BlockNotFound, message: "Pre-confirmed block with number 110 was not found. Current pre-confirmed block number is 111." }), retrying
[2026-10-01 05:21:19:738] WARN mc_gateway_client::methods Failed to get with StarknetError(StarknetError { code: BlockNotFound, message: "Pre-confirmed block with number 110 was not found. Current pre-confirmed block number is 111." }), retrying
[2026-10-01 05:21:19:938] WARN mc_gateway_client::methods Failed to get with StarknetError(StarknetError { code: BlockNotFound, message: "Pre-confirmed block with number 110 was not found. Current pre-confirmed block number is 111." }), retrying
[2026-10-01 05:21:22:081] INFO 📥 Blocks: 110 [0] | Classes: 110 [0] | State: 110 [0]
[2026-10-01 05:21:22:081] INFO 🔗 Sync is at 110/110 [0.17 blocks/s]
[2026-10-01 05:21:26:155] INFO 📥 Blocks: 110 [0] | Classes: 110 [0] | State: 110 [0]
[2026-10-01 05:21:26:155] INFO 🔗 Sync is at 110/110 [0.17 blocks/s]
[2026-10-01 05:21:26:717] WARN mc_gateway_client::methods Failed to get with StarknetError(StarknetError { code: BlockNotFound, message: "Pre-confirmed block with number 111 was not found. Current pre-confirmed block number is 112." }), retrying
[2026-10-01 05:21:26:818] WARN mc_gateway_client::methods Failed to get with StarknetError(StarknetError { code: BlockNotFound, message: "Pre-confirmed block with number 111 was not found. Current pre-confirmed block number is 112." }), retrying
[2026-10-01 05:21:27:020] WARN mc_gateway_client::methods Failed to get with StarknetError(StarknetError { code: BlockNotFound, message: "Pre-confirmed block with number 111 was not found. Current pre-confirmed block number is 112." }), retrying
[2026-10-01 05:21:29:156] INFO 📥 Blocks: 111 [0] | Classes: 111 [0] | State: 111 [0]
[2026-10-01 05:21:29:156] INFO 🔗 Sync is at 111/111 [0.17 blocks/s]
[2026-10-01 05:21:32:156] INFO 📥 Blocks: 111 [0] | Classes: 111 [0] | State: 111 [0]
[2026-10-01 05:21:32:156] INFO 🔗 Sync is at 111/111 [0.17 blocks/s]
[2026-10-01 05:21:32:730] WARN mc_gateway_client::methods Failed to get with StarknetError(StarknetError { code: BlockNotFound, message: "Pre-confirmed block with number 112 was not found. Current pre-confirmed block number is 113." }), retrying
[2026-10-01 05:21:32:832] WARN mc_gateway_client::methods Failed to get with StarknetError(StarknetError { code: BlockNotFound, message: "Pre-confirmed block with number 112 was not found. Current pre-confirmed block number is 113." }), retrying
[2026-10-01 05:21:33:033] WARN mc_gateway_client::methods Failed to get with StarknetError(StarknetError { code: BlockNotFound, message: "Pre-confirmed block with number 112 was not found. Current pre-confirmed block number is 113." }), retrying
[2026-10-01 05:21:35:155] INFO 📥 Blocks: 112 [0] | Classes: 112 [0] | State: 112 [0]
[2026-10-01 05:21:35:155] INFO 🔗 Sync is at 112/112 [0.17 blocks/s]
[2026-10-01 05:21:38:156] INFO 📥 Blocks: 112 [0] | Classes: 112 [0] | State: 112 [0]
[2026-10-01 05:21:38:156] INFO 🔗 Sync is at 112/112 [0.17 blocks/s]
[2026-10-01 05:21:38:740] WARN mc_gateway_client::methods Failed to get with StarknetError(StarknetError { code: BlockNotFound, message: "Pre-confirmed block with number 113 was not found. Current pre-confirmed block number is 114." }), retrying
[2026-10-01 05:21:38:842] WARN mc_gateway_client::methods Failed to get with StarknetError(StarknetError { code: BlockNotFound, message: "Pre-confirmed block with number 113 was not found. Current pre-confirmed block number is 114." }), retrying
[2026-10-01 05:21:39:044] WARN mc_gateway_client::methods Failed to get with StarknetError(StarknetError { code: BlockNotFound, message: "Pre-confirmed block with number 113 was not found. Current pre-confirmed block number is 114." }), retrying
[2026-10-01 05:21:41:156] INFO 📥 Blocks: 113 [0] | Classes: 113 [0] | State: 113 [0]
[2026-10-01 05:21:41:156] INFO 🔗 Sync is at 113/113 [0.17 blocks/s]
[2026-10-01 05:21:44:156] INFO 📥 Blocks: 113 [0] | Classes: 113 [0] | State: 113 [0]
[2026-10-01 05:21:44:156] INFO 🔗 Sync is at 113/113 [0.17 blocks/s]
[2026-10-01 05:21:44:749] WARN mc_gateway_client::methods Failed to get with StarknetError(StarknetError { code: BlockNotFound, message: "Pre-confirmed block with number 114 was not found. Current pre-confirmed block number is 115." }), retrying
[2026-10-01 05:21:44:851] WARN mc_gateway_client::methods Failed to get with StarknetError(StarknetError { code: BlockNotFound, message: "Pre-confirmed block with number 114 was not found. Current pre-confirmed block number is 115." }), retrying
[2026-10-01 05:21:45:054] WARN mc_gateway_client::methods Failed to get with StarknetError(StarknetError { code: BlockNotFound, message: "Pre-confirmed block with number 114 was not found. Current pre-confirmed block number is 115." }), retrying
[2026-10-01 05:21:47:156] INFO 📥 Blocks: 114 [0] | Classes: 114 [0] | State: 114 [0]
[2026-10-01 05:21:47:156] INFO 🔗 Sync is at 114/114 [0.17 blocks/s]
[2026-10-01 05:21:50:155] INFO 📥 Blocks: 114 [0] | Classes: 114 [0] | State: 114 [0]
[2026-10-01 05:21:50:155] INFO 🔗 Sync is at 114/114 [0.17 blocks/s]
[2026-10-01 05:21:50:760] WARN mc_gateway_client::methods Failed to get with StarknetError(StarknetError { code: BlockNotFound, message: "Pre-confirmed block with number 115 was not found. Current pre-confirmed block number is 116." }), retrying
[2026-10-01 05:21:50:862] WARN mc_gateway_client::methods Failed to get with StarknetError(StarknetError { code: BlockNotFound, message: "Pre-confirmed block with number 115 was not found. Current pre-confirmed block number is 116." }), retrying
[2026-10-01 05:21:51:064] WARN mc_gateway_client::methods Failed to get with StarknetError(StarknetError { code: BlockNotFound, message: "Pre-confirmed block with number 115 was not found. Current pre-confirmed block number is 116." }), retrying
[2026-10-01 05:21:53:155] INFO 📥 Blocks: 115 [0] | Classes: 115 [0] | State: 115 [0]
[2026-10-01 05:21:53:155] INFO 🔗 Sync is at 115/115 [0.17 blocks/s]
[2026-10-01 05:21:57:234] INFO 📥 Blocks: 115 [0] | Classes: 115 [0] | State: 115 [0]
[2026-10-01 05:21:57:234] INFO 🔗 Sync is at 115/115 [0.17 blocks/s]
[2026-10-01 05:21:57:850] WARN mc_gateway_client::methods Failed to get with StarknetError(StarknetError { code: BlockNotFound, message: "Pre-confirmed block with number 116 was not found. Current pre-confirmed block number is 117." }), retrying
[2026-10-01 05:21:57:952] WARN mc_gateway_client::methods Failed to get with StarknetError(StarknetError { code: BlockNotFound, message: "Pre-confirmed block with number 116 was not found. Current pre-confirmed block number is 117." }), retrying
[2026-10-01 05:21:58:153] WARN mc_gateway_client::methods Failed to get with StarknetError(StarknetError { code: BlockNotFound, message: "Pre-confirmed block with number 116 was not found. Current pre-confirmed block number is 117." }), retrying
[2026-10-01 05:22:00:233] INFO 📥 Blocks: 116 [0] | Classes: 116 [0] | State: 116 [0]
[2026-10-01 05:22:00:233] INFO 🔗 Sync is at 116/116 [0.17 blocks/s]
[2026-10-01 05:22:03:234] INFO 📥 Blocks: 116 [0] | Classes: 116 [0] | State: 116 [0]
[2026-10-01 05:22:03:234] INFO 🔗 Sync is at 116/116 [0.17 blocks/s]
[2026-10-01 05:22:03:852] WARN mc_gateway_client::methods Failed to get with StarknetError(StarknetError { code: BlockNotFound, message: "Pre-confirmed block with number 117 was not found. Current pre-confirmed block number is 118." }), retrying
[2026-10-01 05:22:03:953] WARN mc_gateway_client::methods Failed to get with StarknetError(StarknetError { code: BlockNotFound, message: "Pre-confirmed block with number 117 was not found. Current pre-confirmed block number is 118." }), retrying
[2026-10-01 05:22:04:155] WARN mc_gateway_client::methods Failed to get with StarknetError(StarknetError { code: BlockNotFound, message: "Pre-confirmed block with number 117 was not found. Current pre-confirmed block number is 118." }), retrying
[2026-10-01 05:22:06:234] INFO 📥 Blocks: 117 [0] | Classes: 117 [0] | State: 117 [0]
[2026-10-01 05:22:06:234] INFO 🔗 Sync is at 117/117 [0.17 blocks/s]
[2026-10-01 05:22:09:233] INFO 📥 Blocks: 117 [0] | Classes: 117 [0] | State: 117 [0]
[2026-10-01 05:22:09:233] INFO 🔗 Sync is at 117/117 [0.17 blocks/s]
[2026-10-01 05:22:09:864] WARN mc_gateway_client::methods Failed to get with StarknetError(StarknetError { code: BlockNotFound, message: "Pre-confirmed block with number 118 was not found. Current pre-confirmed block number is 119." }), retrying
[2026-10-01 05:22:09:966] WARN mc_gateway_client::methods Failed to get with StarknetError(StarknetError { code: BlockNotFound, message: "Pre-confirmed block with number 118 was not found. Current pre-confirmed block number is 119." }), retrying
[2026-10-01 05:22:10:167] WARN mc_gateway_client::methods Failed to get with StarknetError(StarknetError { code: BlockNotFound, message: "Pre-confirmed block with number 118 was not found. Current pre-confirmed block number is 119." }), retrying
[2026-10-01 05:22:12:233] INFO 📥 Blocks: 118 [0] | Classes: 118 [0] | State: 118 [0]
[2026-10-01 05:22:12:233] INFO 🔗 Sync is at 118/118 [0.17 blocks/s]
[2026-10-01 05:22:15:234] INFO 📥 Blocks: 118 [0] | Classes: 118 [0] | State: 118 [0]
[2026-10-01 05:22:15:234] INFO 🔗 Sync is at 118/118 [0.17 blocks/s]
[2026-10-01 05:22:15:875] WARN mc_gateway_client::methods Failed to get with StarknetError(StarknetError { code: BlockNotFound, message: "Pre-confirmed block with number 119 was not found. Current pre-confirmed block number is 120." }), retrying
[2026-10-01 05:22:15:977] WARN mc_gateway_client::methods Failed to get with StarknetError(StarknetError { code: BlockNotFound, message: "Pre-confirmed block with number 119 was not found. Current pre-confirmed block number is 120." }), retrying
[2026-10-01 05:22:16:178] WARN mc_gateway_client::methods Failed to get with StarknetError(StarknetError { code: BlockNotFound, message: "Pre-confirmed block with number 119 was not found. Current pre-confirmed block number is 120." }), retrying
[2026-10-01 05:22:18:234] INFO 📥 Blocks: 119 [0] | Classes: 119 [0] | State: 119 [0]
[2026-10-01 05:22:18:234] INFO 🔗 Sync is at 119/119 [0.17 blocks/s]
[2026-10-01 05:22:21:234] INFO 📥 Blocks: 119 [0] | Classes: 119 [0] | State: 119 [0]
[2026-10-01 05:22:21:234] INFO 🔗 Sync is at 119/119 [0.17 blocks/s]
[2026-10-01 05:22:21:887] WARN mc_gateway_client::methods Failed to get with StarknetError(StarknetError { code: BlockNotFound, message: "Pre-confirmed block with number 120 was not found. Current pre-confirmed block number is 121." }), retrying
[2026-10-01 05:22:21:988] WARN mc_gateway_client::methods Failed to get with StarknetError(StarknetError { code: BlockNotFound, message: "Pre-confirmed block with number 120 was not found. Current pre-confirmed block number is 121." }), retrying
[2026-10-01 05:22:22:190] WARN mc_gateway_client::methods Failed to get with StarknetError(StarknetError { code: BlockNotFound, message: "Pre-confirmed block with number 120 was not found. Current pre-confirmed block number is 121." }), retrying
[2026-10-01 05:22:24:234] INFO 📥 Blocks: 120 [0] | Classes: 120 [0] | State: 120 [0]
[2026-10-01 05:22:24:234] INFO 🔗 Sync is at 120/120 [0.17 blocks/s]
[2026-10-01 05:22:28:322] INFO 📥 Blocks: 120 [0] | Classes: 120 [0] | State: 120 [0]
[2026-10-01 05:22:28:322] INFO 🔗 Sync is at 120/120 [0.17 blocks/s]
[2026-10-01 05:22:28:985] WARN mc_gateway_client::methods Failed to get with StarknetError(StarknetError { code: BlockNotFound, message: "Pre-confirmed block with number 121 was not found. Current pre-confirmed block number is 122." }), retrying
[2026-10-01 05:22:29:086] WARN mc_gateway_client::methods Failed to get with StarknetError(StarknetError { code: BlockNotFound, message: "Pre-confirmed block with number 121 was not found. Current pre-confirmed block number is 122." }), retrying
[2026-10-01 05:22:29:287] WARN mc_gateway_client::methods Failed to get with StarknetError(StarknetError { code: BlockNotFound, message: "Pre-confirmed block with number 121 was not found. Current pre-confirmed block number is 122." }), retrying
[2026-10-01 05:22:31:322] INFO 📥 Blocks: 121 [0] | Classes: 121 [0] | State: 121 [0]
[2026-10-01 05:22:31:322] INFO 🔗 Sync is at 121/121 [0.17 blocks/s]
[2026-10-01 05:22:34:322] INFO 📥 Blocks: 121 [0] | Classes: 121 [0] | State: 121 [0]
[2026-10-01 05:22:34:322] INFO 🔗 Sync is at 121/121 [0.17 blocks/s]
[2026-10-01 05:22:34:993] WARN mc_gateway_client::methods Failed to get with StarknetError(StarknetError { code: BlockNotFound, message: "Pre-confirmed block with number 122 was not found. Current pre-confirmed block number is 123." }), retrying
[2026-10-01 05:22:35:095] WARN mc_gateway_client::methods Failed to get with StarknetError(StarknetError { code: BlockNotFound, message: "Pre-confirmed block with number 122 was not found. Current pre-confirmed block number is 123." }), retrying
[2026-10-01 05:22:35:296] WARN mc_gateway_client::methods Failed to get with StarknetError(StarknetError { code: BlockNotFound, message: "Pre-confirmed block with number 122 was not found. Current pre-confirmed block number is 123." }), retrying
[2026-10-01 05:22:37:322] INFO 📥 Blocks: 122 [0] | Classes: 122 [0] | State: 122 [0]
[2026-10-01 05:22:37:322] INFO 🔗 Sync is at 122/122 [0.17 blocks/s]
[2026-10-01 05:22:40:322] INFO 📥 Blocks: 122 [0] | Classes: 122 [0] | State: 122 [0]
[2026-10-01 05:22:40:322] INFO 🔗 Sync is at 122/122 [0.17 blocks/s]
[2026-10-01 05:22:40:502] WARN mc_gateway_client::methods Failed to get with StarknetError(StarknetError { code: BlockNotFound, message: "Pre-confirmed block with number 123 was not found. Current pre-confirmed block number is 124." }), retrying
[2026-10-01 05:22:40:604] WARN mc_gateway_client::methods Failed to get with StarknetError(StarknetError { code: BlockNotFound, message: "Pre-confirmed block with number 123 was not found. Current pre-confirmed block number is 124." }), retrying
[2026-10-01 05:22:40:805] WARN mc_gateway_client::methods Failed to get with StarknetError(StarknetError { code: BlockNotFound, message: "Pre-confirmed block with number 123 was not found. Current pre-confirmed block number is 124." }), retrying
[2026-10-01 05:22:41:208] WARN mc_gateway_client::methods Failed to get with StarknetError(StarknetError { code: BlockNotFound, message: "Pre-confirmed block with number 123 was not found. Current pre-confirmed block number is 124." }), retrying
[2026-10-01 05:22:43:322] INFO 📥 Blocks: 123 [0] | Classes: 123 [0] | State: 123 [0]
[2026-10-01 05:22:43:322] INFO 🔗 Sync is at 123/123 [0.17 blocks/s]
[2026-10-01 05:22:46:322] INFO 📥 Blocks: 123 [0] | Classes: 123 [0] | State: 123 [0]
[2026-10-01 05:22:46:322] INFO 🔗 Sync is at 123/123 [0.17 blocks/s]
[2026-10-01 05:22:49:322] INFO 📥 Blocks: 124 [0] | Classes: 124 [0] | State: 124 [0]
[2026-10-01 05:22:49:322] INFO 🔗 Sync is at 124/124 [0.17 blocks/s]
[2026-10-01 05:22:52:322] INFO 📥 Blocks: 124 [0] | Classes: 124 [0] | State: 124 [0]
[2026-10-01 05:22:52:322] INFO 🔗 Sync is at 124/124 [0.17 blocks/s]
[2026-10-01 05:22:55:322] INFO 📥 Blocks: 125 [0] | Classes: 125 [0] | State: 125 [0]
[2026-10-01 05:22:55:322] INFO 🔗 Sync is at 125/125 [0.17 blocks/s]
[2026-10-01 05:22:59:433] INFO 📥 Blocks: 125 [0] | Classes: 125 [0] | State: 125 [0]
[2026-10-01 05:22:59:433] INFO 🔗 Sync is at 125/125 [0.17 blocks/s]
[2026-10-01 05:23:02:433] INFO 📥 Blocks: 126 [0] | Classes: 126 [0] | State: 126 [0]
[2026-10-01 05:23:02:433] INFO 🔗 Sync is at 126/126 [0.17 blocks/s]
[2026-10-01 05:23:05:433] INFO 📥 Blocks: 126 [0] | Classes: 126 [0] | State: 126 [0]
[2026-10-01 05:23:05:433] INFO 🔗 Sync is at 126/126 [0.17 blocks/s]
[2026-10-01 05:23:08:433] INFO 📥 Blocks: 127 [0] | Classes: 127 [0] | State: 127 [0]
[2026-10-01 05:23:08:433] INFO 🔗 Sync is at 127/127 [0.17 blocks/s]
[2026-10-01 05:23:11:433] INFO 📥 Blocks: 127 [0] | Classes: 127 [0] | State: 127 [0]
[2026-10-01 05:23:11:433] INFO 🔗 Sync is at 127/127 [0.17 blocks/s]
[2026-10-01 05:23:14:433] INFO 📥 Blocks: 128 [0] | Classes: 128 [0] | State: 128 [0]
[2026-10-01 05:23:14:433] INFO 🔗 Sync is at 128/128 [0.17 blocks/s]
[2026-10-01 05:23:17:433] INFO 📥 Blocks: 128 [0] | Classes: 128 [0] | State: 128 [0]
[2026-10-01 05:23:17:433] INFO 🔗 Sync is at 128/128 [0.17 blocks/s]
[2026-10-01 05:23:20:433] INFO 📥 Blocks: 129 [0] | Classes: 129 [0] | State: 129 [0]
[2026-10-01 05:23:20:433] INFO 🔗 Sync is at 129/129 [0.17 blocks/s]
[2026-10-01 05:23:23:433] INFO 📥 Blocks: 129 [0] | Classes: 129 [0] | State: 129 [0]
[2026-10-01 05:23:23:433] INFO 🔗 Sync is at 129/129 [0.17 blocks/s]
[2026-10-01 05:23:26:433] INFO 📥 Blocks: 130 [0] | Classes: 130 [0] | State: 130 [0]
[2026-10-01 05:23:26:433] INFO 🔗 Sync is at 130/130 [0.17 blocks/s]
[2026-10-01 05:23:30:510] INFO 📥 Blocks: 130 [0] | Classes: 130 [0] | State: 130 [0]
[2026-10-01 05:23:30:510] INFO 🔗 Sync is at 130/130 [0.17 blocks/s]
[2026-10-01 05:23:33:510] INFO 📥 Blocks: 131 [0] | Classes: 131 [0] | State: 131 [0]
[2026-10-01 05:23:33:510] INFO 🔗 Sync is at 131/131 [0.17 blocks/s]
[2026-10-01 05:23:36:510] INFO 📥 Blocks: 131 [0] | Classes: 131 [0] | State: 131 [0]
[2026-10-01 05:23:36:511] INFO 🔗 Sync is at 131/131 [0.17 blocks/s]
[2026-10-01 05:23:39:511] INFO 📥 Blocks: 132 [0] | Classes: 132 [0] | State: 132 [0]
[2026-10-01 05:23:39:511] INFO 🔗 Sync is at 132/132 [0.17 blocks/s]
[2026-10-01 05:23:42:511] INFO 📥 Blocks: 132 [0] | Classes: 132 [0] | State: 132 [0]
[2026-10-01 05:23:42:511] INFO 🔗 Sync is at 132/132 [0.17 blocks/s]
[2026-10-01 05:23:45:510] INFO 📥 Blocks: 133 [0] | Classes: 133 [0] | State: 133 [0]
[2026-10-01 05:23:45:510] INFO 🔗 Sync is at 133/133 [0.17 blocks/s]
[2026-10-01 05:23:48:511] INFO 📥 Blocks: 133 [0] | Classes: 133 [0] | State: 133 [0]
[2026-10-01 05:23:48:511] INFO 🔗 Sync is at 133/133 [0.17 blocks/s]
[2026-10-01 05:23:51:510] INFO 📥 Blocks: 134 [0] | Classes: 134 [0] | State: 134 [0]
[2026-10-01 05:23:51:510] INFO 🔗 Sync is at 134/134 [0.17 blocks/s]
[2026-10-01 05:23:54:511] INFO 📥 Blocks: 134 [0] | Classes: 134 [0] | State: 134 [0]
[2026-10-01 05:23:54:511] INFO 🔗 Sync is at 134/134 [0.17 blocks/s]
[2026-10-01 05:23:57:510] INFO 📥 Blocks: 135 [0] | Classes: 135 [0] | State: 135 [0]
[2026-10-01 05:23:57:511] INFO 🔗 Sync is at 135/135 [0.17 blocks/s]
[2026-10-01 05:24:01:592] INFO 📥 Blocks: 135 [0] | Classes: 135 [0] | State: 135 [0]
[2026-10-01 05:24:01:592] INFO 🔗 Sync is at 135/135 [0.17 blocks/s]
[2026-10-01 05:24:04:591] INFO 📥 Blocks: 136 [0] | Classes: 136 [0] | State: 136 [0]
[2026-10-01 05:24:04:591] INFO 🔗 Sync is at 136/136 [0.17 blocks/s]
[2026-10-01 05:24:07:591] INFO 📥 Blocks: 136 [0] | Classes: 136 [0] | State: 136 [0]
[2026-10-01 05:24:07:591] INFO 🔗 Sync is at 136/136 [0.17 blocks/s]
[2026-10-01 05:24:10:591] INFO 📥 Blocks: 137 [0] | Classes: 137 [0] | State: 137 [0]
[2026-10-01 05:24:10:591] INFO 🔗 Sync is at 137/137 [0.17 blocks/s]
[2026-10-01 05:24:13:592] INFO 📥 Blocks: 137 [0] | Classes: 137 [0] | State: 137 [0]
[2026-10-01 05:24:13:592] INFO 🔗 Sync is at 137/137 [0.17 blocks/s]
[2026-10-01 05:24:16:591] INFO 📥 Blocks: 138 [0] | Classes: 138 [0] | State: 138 [0]
[2026-10-01 05:24:16:591] INFO 🔗 Sync is at 138/138 [0.17 blocks/s]
[2026-10-01 05:24:19:592] INFO 📥 Blocks: 138 [0] | Classes: 138 [0] | State: 138 [0]
[2026-10-01 05:24:19:592] INFO 🔗 Sync is at 138/138 [0.17 blocks/s]
[2026-10-01 05:24:22:591] INFO 📥 Blocks: 139 [0] | Classes: 139 [0] | State: 139 [0]
[2026-10-01 05:24:22:591] INFO 🔗 Sync is at 139/139 [0.17 blocks/s]
[2026-10-01 05:24:25:592] INFO 📥 Blocks: 139 [0] | Classes: 139 [0] | State: 139 [0]
[2026-10-01 05:24:25:592] INFO 🔗 Sync is at 139/139 [0.17 blocks/s]
[2026-10-01 05:24:28:592] INFO 📥 Blocks: 140 [0] | Classes: 140 [0] | State: 140 [0]
[2026-10-01 05:24:28:592] INFO 🔗 Sync is at 140/140 [0.17 blocks/s]
[2026-10-01 05:24:32:689] INFO 📥 Blocks: 140 [0] | Classes: 140 [0] | State: 140 [0]
[2026-10-01 05:24:32:690] INFO 🔗 Sync is at 140/140 [0.17 blocks/s]
[2026-10-01 05:24:35:684] INFO 📥 Blocks: 141 [0] | Classes: 141 [0] | State: 141 [0]
[2026-10-01 05:24:35:684] INFO 🔗 Sync is at 141/141 [0.17 blocks/s]
[2026-10-01 05:24:38:685] INFO 📥 Blocks: 141 [0] | Classes: 141 [0] | State: 141 [0]
[2026-10-01 05:24:38:685] INFO 🔗 Sync is at 141/141 [0.17 blocks/s]
[2026-10-01 05:24:41:685] INFO 📥 Blocks: 142 [0] | Classes: 142 [0] | State: 142 [0]
[2026-10-01 05:24:41:685] INFO 🔗 Sync is at 142/142 [0.17 blocks/s]
[2026-10-01 05:24:44:683] INFO 📥 Blocks: 142 [0] | Classes: 142 [0] | State: 142 [0]
[2026-10-01 05:24:44:683] INFO 🔗 Sync is at 142/142 [0.17 blocks/s]
[2026-10-01 05:24:44:932] WARN mc_gateway_client::methods Failed to get with StarknetError(StarknetError { code: BlockNotFound, message: "Pre-confirmed block with number 143 was not found. Current pre-confirmed block number is 144." }), retrying
[2026-10-01 05:24:45:034] WARN mc_gateway_client::methods Failed to get with StarknetError(StarknetError { code: BlockNotFound, message: "Pre-confirmed block with number 143 was not found. Current pre-confirmed block number is 144." }), retrying
[2026-10-01 05:24:47:687] INFO 📥 Blocks: 143 [0] | Classes: 143 [0] | State: 143 [0]
[2026-10-01 05:24:47:687] INFO 🔗 Sync is at 143/143 [0.17 blocks/s]
[2026-10-01 05:24:50:685] INFO 📥 Blocks: 143 [0] | Classes: 143 [0] | State: 143 [0]
[2026-10-01 05:24:50:686] INFO 🔗 Sync is at 143/143 [0.17 blocks/s]
[2026-10-01 05:24:53:685] INFO 📥 Blocks: 144 [0] | Classes: 144 [0] | State: 144 [0]
[2026-10-01 05:24:53:685] INFO 🔗 Sync is at 144/144 [0.17 blocks/s]
[2026-10-01 05:24:56:683] INFO 📥 Blocks: 144 [0] | Classes: 144 [0] | State: 144 [0]
[2026-10-01 05:24:56:683] INFO 🔗 Sync is at 144/144 [0.17 blocks/s]
[2026-10-01 05:24:59:683] INFO 📥 Blocks: 145 [0] | Classes: 145 [0] | State: 145 [0]
[2026-10-01 05:24:59:683] INFO 🔗 Sync is at 145/145 [0.17 blocks/s]
[2026-10-01 05:25:03:792] INFO 📥 Blocks: 145 [0] | Classes: 145 [0] | State: 145 [0]
[2026-10-01 05:25:03:792] INFO 🔗 Sync is at 145/145 [0.17 blocks/s]
[2026-10-01 05:25:06:793] INFO 📥 Blocks: 146 [0] | Classes: 146 [0] | State: 146 [0]
[2026-10-01 05:25:06:793] INFO 🔗 Sync is at 146/146 [0.17 blocks/s]
[2026-10-01 05:25:09:792] INFO 📥 Blocks: 146 [0] | Classes: 146 [0] | State: 146 [0]
[2026-10-01 05:25:09:793] INFO 🔗 Sync is at 146/146 [0.17 blocks/s]
[2026-10-01 05:25:12:794] INFO 📥 Blocks: 147 [0] | Classes: 147 [0] | State: 147 [0]
[2026-10-01 05:25:12:794] INFO 🔗 Sync is at 147/147 [0.17 blocks/s]
[2026-10-01 05:25:15:793] INFO 📥 Blocks: 147 [0] | Classes: 147 [0] | State: 147 [0]
[2026-10-01 05:25:15:793] INFO 🔗 Sync is at 147/147 [0.17 blocks/s]
[2026-10-01 05:25:18:792] INFO 📥 Blocks: 148 [0] | Classes: 148 [0] | State: 148 [0]
[2026-10-01 05:25:18:793] INFO 🔗 Sync is at 148/148 [0.17 blocks/s]
[2026-10-01 05:25:21:792] INFO 📥 Blocks: 148 [0] | Classes: 148 [0] | State: 148 [0]
[2026-10-01 05:25:21:792] INFO 🔗 Sync is at 148/148 [0.17 blocks/s]
[2026-10-01 05:25:24:794] INFO 📥 Blocks: 149 [0] | Classes: 149 [0] | State: 149 [0]
[2026-10-01 05:25:24:794] INFO 🔗 Sync is at 149/149 [0.17 blocks/s]
[2026-10-01 05:25:27:793] INFO 📥 Blocks: 149 [0] | Classes: 149 [0] | State: 149 [0]
[2026-10-01 05:25:27:793] INFO 🔗 Sync is at 149/149 [0.17 blocks/s]
[2026-10-01 05:25:28:078] WARN mc_gateway_client::methods Failed to get with StarknetError(StarknetError { code: BlockNotFound, message: "Pre-confirmed block with number 150 was not found. Current pre-confirmed block number is 151." }), retrying
[2026-10-01 05:25:28:180] WARN mc_gateway_client::methods Failed to get with StarknetError(StarknetError { code: BlockNotFound, message: "Pre-confirmed block with number 150 was not found. Current pre-confirmed block number is 151." }), retrying
[2026-10-01 05:25:30:792] INFO 📥 Blocks: 150 [0] | Classes: 150 [0] | State: 150 [0]
[2026-10-01 05:25:30:793] INFO 🔗 Sync is at 150/150 [0.17 blocks/s]
[2026-10-01 05:25:34:876] INFO 📥 Blocks: 150 [0] | Classes: 150 [0] | State: 150 [0]
[2026-10-01 05:25:34:876] INFO 🔗 Sync is at 150/150 [0.17 blocks/s]
[2026-10-01 05:25:37:880] INFO 📥 Blocks: 151 [0] | Classes: 151 [0] | State: 151 [0]
[2026-10-01 05:25:37:880] INFO 🔗 Sync is at 151/151 [0.17 blocks/s]
[2026-10-01 05:25:40:876] INFO 📥 Blocks: 151 [0] | Classes: 151 [0] | State: 151 [0]
[2026-10-01 05:25:40:876] INFO 🔗 Sync is at 151/151 [0.17 blocks/s]
[2026-10-01 05:25:43:876] INFO 📥 Blocks: 152 [0] | Classes: 152 [0] | State: 152 [0]
[2026-10-01 05:25:43:876] INFO 🔗 Sync is at 152/152 [0.17 blocks/s]
[2026-10-01 05:25:46:897] INFO 📥 Blocks: 152 [0] | Classes: 152 [0] | State: 152 [0]
[2026-10-01 05:25:46:897] INFO 🔗 Sync is at 152/152 [0.17 blocks/s]
[2026-10-01 05:25:47:145] WARN mc_gateway_client::methods Failed to get with StarknetError(StarknetError { code: BlockNotFound, message: "Pre-confirmed block with number 153 was not found. Current pre-confirmed block number is 154." }), retrying
[2026-10-01 05:25:47:247] WARN mc_gateway_client::methods Failed to get with StarknetError(StarknetError { code: BlockNotFound, message: "Pre-confirmed block with number 153 was not found. Current pre-confirmed block number is 154." }), retrying
[2026-10-01 05:25:47:449] WARN mc_gateway_client::methods Failed to get with StarknetError(StarknetError { code: BlockNotFound, message: "Pre-confirmed block with number 153 was not found. Current pre-confirmed block number is 154." }), retrying
[2026-10-01 05:25:49:876] INFO 📥 Blocks: 153 [0] | Classes: 153 [0] | State: 153 [0]
[2026-10-01 05:25:49:876] INFO 🔗 Sync is at 153/153 [0.17 blocks/s]
[2026-10-01 05:25:52:876] INFO 📥 Blocks: 153 [0] | Classes: 153 [0] | State: 153 [0]
[2026-10-01 05:25:52:876] INFO 🔗 Sync is at 153/153 [0.17 blocks/s]
[2026-10-01 05:25:53:132] WARN mc_gateway_client::methods Failed to get with StarknetError(StarknetError { code: BlockNotFound, message: "Pre-confirmed block with number 154 was not found. Current pre-confirmed block number is 155." }), retrying
[2026-10-01 05:25:53:233] WARN mc_gateway_client::methods Failed to get with StarknetError(StarknetError { code: BlockNotFound, message: "Pre-confirmed block with number 154 was not found. Current pre-confirmed block number is 155." }), retrying
[2026-10-01 05:25:53:435] WARN mc_gateway_client::methods Failed to get with StarknetError(StarknetError { code: BlockNotFound, message: "Pre-confirmed block with number 154 was not found. Current pre-confirmed block number is 155." }), retrying
[2026-10-01 05:25:55:879] INFO 📥 Blocks: 154 [0] | Classes: 154 [0] | State: 154 [0]
[2026-10-01 05:25:55:879] INFO 🔗 Sync is at 154/154 [0.17 blocks/s]
[2026-10-01 05:25:58:877] INFO 📥 Blocks: 154 [0] | Classes: 154 [0] | State: 154 [0]
[2026-10-01 05:25:58:877] INFO 🔗 Sync is at 154/154 [0.17 blocks/s]
[2026-10-01 05:26:01:876] INFO 📥 Blocks: 155 [0] | Classes: 155 [0] | State: 155 [0]
[2026-10-01 05:26:01:876] INFO 🔗 Sync is at 155/155 [0.17 blocks/s]
[2026-10-01 05:26:05:958] INFO 📥 Blocks: 155 [0] | Classes: 155 [0] | State: 155 [0]
[2026-10-01 05:26:05:958] INFO 🔗 Sync is at 155/155 [0.17 blocks/s]
[2026-10-01 05:26:06:244] WARN mc_gateway_client::methods Failed to get with StarknetError(StarknetError { code: BlockNotFound, message: "Pre-confirmed block with number 156 was not found. Current pre-confirmed block number is 157." }), retrying
[2026-10-01 05:26:06:346] WARN mc_gateway_client::methods Failed to get with StarknetError(StarknetError { code: BlockNotFound, message: "Pre-confirmed block with number 156 was not found. Current pre-confirmed block number is 157." }), retrying
[2026-10-01 05:26:06:548] WARN mc_gateway_client::methods Failed to get with StarknetError(StarknetError { code: BlockNotFound, message: "Pre-confirmed block with number 156 was not found. Current pre-confirmed block number is 157." }), retrying
[2026-10-01 05:26:08:959] INFO 📥 Blocks: 156 [0] | Classes: 156 [0] | State: 156 [0]
[2026-10-01 05:26:08:959] INFO 🔗 Sync is at 156/156 [0.17 blocks/s]
[2026-10-01 05:26:11:965] INFO 📥 Blocks: 156 [0] | Classes: 156 [0] | State: 156 [0]
[2026-10-01 05:26:11:965] INFO 🔗 Sync is at 156/156 [0.17 blocks/s]
[2026-10-01 05:26:12:218] WARN mc_gateway_client::methods Failed to get with StarknetError(StarknetError { code: BlockNotFound, message: "Pre-confirmed block with number 157 was not found. Current pre-confirmed block number is 158." }), retrying
[2026-10-01 05:26:12:335] WARN mc_gateway_client::methods Failed to get with StarknetError(StarknetError { code: BlockNotFound, message: "Pre-confirmed block with number 157 was not found. Current pre-confirmed block number is 158." }), retrying
[2026-10-01 05:26:12:554] WARN mc_gateway_client::methods Failed to get with StarknetError(StarknetError { code: BlockNotFound, message: "Pre-confirmed block with number 157 was not found. Current pre-confirmed block number is 158." }), retrying
[2026-10-01 05:26:14:959] INFO 📥 Blocks: 157 [0] | Classes: 157 [0] | State: 157 [0]
[2026-10-01 05:26:14:960] INFO 🔗 Sync is at 157/157 [0.17 blocks/s]
[2026-10-01 05:26:17:958] INFO 📥 Blocks: 157 [0] | Classes: 157 [0] | State: 157 [0]
[2026-10-01 05:26:17:959] INFO 🔗 Sync is at 157/157 [0.17 blocks/s]
[2026-10-01 05:26:18:269] WARN mc_gateway_client::methods Failed to get with StarknetError(StarknetError { code: BlockNotFound, message: "Pre-confirmed block with number 158 was not found. Current pre-confirmed block number is 159." }), retrying
[2026-10-01 05:26:18:381] WARN mc_gateway_client::methods Failed to get with StarknetError(StarknetError { code: BlockNotFound, message: "Pre-confirmed block with number 158 was not found. Current pre-confirmed block number is 159." }), retrying
[2026-10-01 05:26:18:588] WARN mc_gateway_client::methods Failed to get with StarknetError(StarknetError { code: BlockNotFound, message: "Pre-confirmed block with number 158 was not found. Current pre-confirmed block number is 159." }), retrying
[2026-10-01 05:26:20:958] INFO 📥 Blocks: 158 [0] | Classes: 158 [0] | State: 158 [0]
[2026-10-01 05:26:20:958] INFO 🔗 Sync is at 158/158 [0.17 blocks/s]
[2026-10-01 05:26:23:958] INFO 📥 Blocks: 158 [0] | Classes: 158 [0] | State: 158 [0]
[2026-10-01 05:26:23:959] INFO 🔗 Sync is at 158/158 [0.17 blocks/s]
[2026-10-01 05:26:24:297] WARN mc_gateway_client::methods Failed to get with StarknetError(StarknetError { code: BlockNotFound, message: "Pre-confirmed block with number 159 was not found. Current pre-confirmed block number is 160." }), retrying
[2026-10-01 05:26:24:398] WARN mc_gateway_client::methods Failed to get with StarknetError(StarknetError { code: BlockNotFound, message: "Pre-confirmed block with number 159 was not found. Current pre-confirmed block number is 160." }), retrying
[2026-10-01 05:26:24:601] WARN mc_gateway_client::methods Failed to get with StarknetError(StarknetError { code: BlockNotFound, message: "Pre-confirmed block with number 159 was not found. Current pre-confirmed block number is 160." }), retrying
[2026-10-01 05:26:26:960] INFO 📥 Blocks: 159 [0] | Classes: 159 [0] | State: 159 [0]
[2026-10-01 05:26:26:960] INFO 🔗 Sync is at 159/159 [0.17 blocks/s]
[2026-10-01 05:26:29:958] INFO 📥 Blocks: 159 [0] | Classes: 159 [0] | State: 159 [0]
[2026-10-01 05:26:29:958] INFO 🔗 Sync is at 159/159 [0.17 blocks/s]
[2026-10-01 05:26:30:305] WARN mc_gateway_client::methods Failed to get with StarknetError(StarknetError { code: BlockNotFound, message: "Pre-confirmed block with number 160 was not found. Current pre-confirmed block number is 161." }), retrying
[2026-10-01 05:26:30:407] WARN mc_gateway_client::methods Failed to get with StarknetError(StarknetError { code: BlockNotFound, message: "Pre-confirmed block with number 160 was not found. Current pre-confirmed block number is 161." }), retrying
[2026-10-01 05:26:30:609] WARN mc_gateway_client::methods Failed to get with StarknetError(StarknetError { code: BlockNotFound, message: "Pre-confirmed block with number 160 was not found. Current pre-confirmed block number is 161." }), retrying
[2026-10-01 05:26:32:959] INFO 📥 Blocks: 160 [0] | Classes: 160 [0] | State: 160 [0]
[2026-10-01 05:26:32:959] INFO 🔗 Sync is at 160/160 [0.17 blocks/s]
[2026-10-01 05:26:37:047] INFO 📥 Blocks: 160 [0] | Classes: 160 [0] | State: 160 [0]
[2026-10-01 05:26:37:047] INFO 🔗 Sync is at 160/160 [0.17 blocks/s]
[2026-10-01 05:26:37:428] WARN mc_gateway_client::methods Failed to get with StarknetError(StarknetError { code: BlockNotFound, message: "Pre-confirmed block with number 161 was not found. Current pre-confirmed block number is 162." }), retrying
[2026-10-01 05:26:37:531] WARN mc_gateway_client::methods Failed to get with StarknetError(StarknetError { code: BlockNotFound, message: "Pre-confirmed block with number 161 was not found. Current pre-confirmed block number is 162." }), retrying
[2026-10-01 05:26:37:734] WARN mc_gateway_client::methods Failed to get with StarknetError(StarknetError { code: BlockNotFound, message: "Pre-confirmed block with number 161 was not found. Current pre-confirmed block number is 162." }), retrying
[2026-10-01 05:26:40:046] INFO 📥 Blocks: 161 [0] | Classes: 161 [0] | State: 161 [0]
[2026-10-01 05:26:40:046] INFO 🔗 Sync is at 161/161 [0.17 blocks/s]
[2026-10-01 05:26:43:047] INFO 📥 Blocks: 161 [0] | Classes: 161 [0] | State: 161 [0]
[2026-10-01 05:26:43:047] INFO 🔗 Sync is at 161/161 [0.17 blocks/s]
[2026-10-01 05:26:43:415] WARN mc_gateway_client::methods Failed to get with StarknetError(StarknetError { code: BlockNotFound, message: "Pre-confirmed block with number 162 was not found. Current pre-confirmed block number is 163." }), retrying
[2026-10-01 05:26:43:521] WARN mc_gateway_client::methods Failed to get with StarknetError(StarknetError { code: BlockNotFound, message: "Pre-confirmed block with number 162 was not found. Current pre-confirmed block number is 163." }), retrying
[2026-10-01 05:26:43:723] WARN mc_gateway_client::methods Failed to get with StarknetError(StarknetError { code: BlockNotFound, message: "Pre-confirmed block with number 162 was not found. Current pre-confirmed block number is 163." }), retrying
[2026-10-01 05:26:46:047] INFO 📥 Blocks: 162 [0] | Classes: 162 [0] | State: 162 [0]
[2026-10-01 05:26:46:047] INFO 🔗 Sync is at 162/162 [0.17 blocks/s]
[2026-10-01 05:26:49:047] INFO 📥 Blocks: 162 [0] | Classes: 162 [0] | State: 162 [0]
[2026-10-01 05:26:49:047] INFO 🔗 Sync is at 162/162 [0.17 blocks/s]
[2026-10-01 05:26:49:429] WARN mc_gateway_client::methods Failed to get with StarknetError(StarknetError { code: BlockNotFound, message: "Pre-confirmed block with number 163 was not found. Current pre-confirmed block number is 164." }), retrying
[2026-10-01 05:26:49:532] WARN mc_gateway_client::methods Failed to get with StarknetError(StarknetError { code: BlockNotFound, message: "Pre-confirmed block with number 163 was not found. Current pre-confirmed block number is 164." }), retrying
[2026-10-01 05:26:49:734] WARN mc_gateway_client::methods Failed to get with StarknetError(StarknetError { code: BlockNotFound, message: "Pre-confirmed block with number 163 was not found. Current pre-confirmed block number is 164." }), retrying
[2026-10-01 05:26:52:047] INFO 📥 Blocks: 163 [0] | Classes: 163 [0] | State: 163 [0]
[2026-10-01 05:26:52:047] INFO 🔗 Sync is at 163/163 [0.17 blocks/s]
[2026-10-01 05:26:55:046] INFO 📥 Blocks: 163 [0] | Classes: 163 [0] | State: 163 [0]
[2026-10-01 05:26:55:047] INFO 🔗 Sync is at 163/163 [0.17 blocks/s]
[2026-10-01 05:26:55:487] WARN mc_gateway_client::methods Failed to get with StarknetError(StarknetError { code: BlockNotFound, message: "Pre-confirmed block with number 164 was not found. Current pre-confirmed block number is 165." }), retrying
[2026-10-01 05:26:55:589] WARN mc_gateway_client::methods Failed to get with StarknetError(StarknetError { code: BlockNotFound, message: "Pre-confirmed block with number 164 was not found. Current pre-confirmed block number is 165." }), retrying
[2026-10-01 05:26:55:792] WARN mc_gateway_client::methods Failed to get with StarknetError(StarknetError { code: BlockNotFound, message: "Pre-confirmed block with number 164 was not found. Current pre-confirmed block number is 165." }), retrying
[2026-10-01 05:26:58:047] INFO 📥 Blocks: 164 [0] | Classes: 164 [0] | State: 164 [0]
[2026-10-01 05:26:58:047] INFO 🔗 Sync is at 164/164 [0.17 blocks/s]
[2026-10-01 05:27:01:051] INFO 📥 Blocks: 164 [0] | Classes: 164 [0] | State: 164 [0]
[2026-10-01 05:27:01:051] INFO 🔗 Sync is at 164/164 [0.17 blocks/s]
[2026-10-01 05:27:01:463] WARN mc_gateway_client::methods Failed to get with StarknetError(StarknetError { code: BlockNotFound, message: "Pre-confirmed block with number 165 was not found. Current pre-confirmed block number is 166." }), retrying
[2026-10-01 05:27:01:566] WARN mc_gateway_client::methods Failed to get with StarknetError(StarknetError { code: BlockNotFound, message: "Pre-confirmed block with number 165 was not found. Current pre-confirmed block number is 166." }), retrying
[2026-10-01 05:27:01:767] WARN mc_gateway_client::methods Failed to get with StarknetError(StarknetError { code: BlockNotFound, message: "Pre-confirmed block with number 165 was not found. Current pre-confirmed block number is 166." }), retrying
[2026-10-01 05:27:04:047] INFO 📥 Blocks: 165 [0] | Classes: 165 [0] | State: 165 [0]
[2026-10-01 05:27:04:047] INFO 🔗 Sync is at 165/165 [0.17 blocks/s]
[2026-10-01 05:27:08:139] INFO 📥 Blocks: 165 [0] | Classes: 165 [0] | State: 165 [0]
[2026-10-01 05:27:08:139] INFO 🔗 Sync is at 165/165 [0.17 blocks/s]
[2026-10-01 05:27:08:589] WARN mc_gateway_client::methods Failed to get with StarknetError(StarknetError { code: BlockNotFound, message: "Pre-confirmed block with number 166 was not found. Current pre-confirmed block number is 167." }), retrying
[2026-10-01 05:27:08:690] WARN mc_gateway_client::methods Failed to get with StarknetError(StarknetError { code: BlockNotFound, message: "Pre-confirmed block with number 166 was not found. Current pre-confirmed block number is 167." }), retrying
[2026-10-01 05:27:08:896] WARN mc_gateway_client::methods Failed to get with StarknetError(StarknetError { code: BlockNotFound, message: "Pre-confirmed block with number 166 was not found. Current pre-confirmed block number is 167." }), retrying
[2026-10-01 05:27:11:138] INFO 📥 Blocks: 166 [0] | Classes: 166 [0] | State: 166 [0]
[2026-10-01 05:27:11:138] INFO 🔗 Sync is at 166/166 [0.17 blocks/s]
[2026-10-01 05:27:14:138] INFO 📥 Blocks: 166 [0] | Classes: 166 [0] | State: 166 [0]
[2026-10-01 05:27:14:138] INFO 🔗 Sync is at 166/166 [0.17 blocks/s]
[2026-10-01 05:27:14:630] WARN mc_gateway_client::methods Failed to get with StarknetError(StarknetError { code: BlockNotFound, message: "Pre-confirmed block with number 167 was not found. Current pre-confirmed block number is 168." }), retrying
[2026-10-01 05:27:14:732] WARN mc_gateway_client::methods Failed to get with StarknetError(StarknetError { code: BlockNotFound, message: "Pre-confirmed block with number 167 was not found. Current pre-confirmed block number is 168." }), retrying
[2026-10-01 05:27:14:934] WARN mc_gateway_client::methods Failed to get with StarknetError(StarknetError { code: BlockNotFound, message: "Pre-confirmed block with number 167 was not found. Current pre-confirmed block number is 168." }), retrying
[2026-10-01 05:27:17:138] INFO 📥 Blocks: 167 [0] | Classes: 167 [0] | State: 167 [0]
[2026-10-01 05:27:17:138] INFO 🔗 Sync is at 167/167 [0.17 blocks/s]
[2026-10-01 05:27:20:138] INFO 📥 Blocks: 167 [0] | Classes: 167 [0] | State: 167 [0]
[2026-10-01 05:27:20:138] INFO 🔗 Sync is at 167/167 [0.17 blocks/s]
[2026-10-01 05:27:20:604] WARN mc_gateway_client::methods Failed to get with StarknetError(StarknetError { code: BlockNotFound, message: "Pre-confirmed block with number 168 was not found. Current pre-confirmed block number is 169." }), retrying
[2026-10-01 05:27:20:706] WARN mc_gateway_client::methods Failed to get with StarknetError(StarknetError { code: BlockNotFound, message: "Pre-confirmed block with number 168 was not found. Current pre-confirmed block number is 169." }), retrying
[2026-10-01 05:27:20:908] WARN mc_gateway_client::methods Failed to get with StarknetError(StarknetError { code: BlockNotFound, message: "Pre-confirmed block with number 168 was not found. Current pre-confirmed block number is 169." }), retrying
[2026-10-01 05:27:23:139] INFO 📥 Blocks: 168 [0] | Classes: 168 [0] | State: 168 [0]
[2026-10-01 05:27:23:139] INFO 🔗 Sync is at 168/168 [0.17 blocks/s]
[2026-10-01 05:27:26:138] INFO 📥 Blocks: 168 [0] | Classes: 168 [0] | State: 168 [0]
[2026-10-01 05:27:26:138] INFO 🔗 Sync is at 168/168 [0.17 blocks/s]
[2026-10-01 05:27:26:613] WARN mc_gateway_client::methods Failed to get with StarknetError(StarknetError { code: BlockNotFound, message: "Pre-confirmed block with number 169 was not found. Current pre-confirmed block number is 170." }), retrying
[2026-10-01 05:27:26:715] WARN mc_gateway_client::methods Failed to get with StarknetError(StarknetError { code: BlockNotFound, message: "Pre-confirmed block with number 169 was not found. Current pre-confirmed block number is 170." }), retrying
[2026-10-01 05:27:26:917] WARN mc_gateway_client::methods Failed to get with StarknetError(StarknetError { code: BlockNotFound, message: "Pre-confirmed block with number 169 was not found. Current pre-confirmed block number is 170." }), retrying
[2026-10-01 05:27:29:138] INFO 📥 Blocks: 169 [0] | Classes: 169 [0] | State: 169 [0]
[2026-10-01 05:27:29:138] INFO 🔗 Sync is at 169/169 [0.17 blocks/s]
[2026-10-01 05:27:32:139] INFO 📥 Blocks: 169 [0] | Classes: 169 [0] | State: 169 [0]
[2026-10-01 05:27:32:139] INFO 🔗 Sync is at 169/169 [0.17 blocks/s]
[2026-10-01 05:27:32:623] WARN mc_gateway_client::methods Failed to get with StarknetError(StarknetError { code: BlockNotFound, message: "Pre-confirmed block with number 170 was not found. Current pre-confirmed block number is 171." }), retrying
[2026-10-01 05:27:32:724] WARN mc_gateway_client::methods Failed to get with StarknetError(StarknetError { code: BlockNotFound, message: "Pre-confirmed block with number 170 was not found. Current pre-confirmed block number is 171." }), retrying
[2026-10-01 05:27:32:926] WARN mc_gateway_client::methods Failed to get with StarknetError(StarknetError { code: BlockNotFound, message: "Pre-confirmed block with number 170 was not found. Current pre-confirmed block number is 171." }), retrying
[2026-10-01 05:27:35:138] INFO 📥 Blocks: 170 [0] | Classes: 170 [0] | State: 170 [0]
[2026-10-01 05:27:35:138] INFO 🔗 Sync is at 170/170 [0.17 blocks/s]
[2026-10-01 05:27:39:249] INFO 📥 Blocks: 170 [0] | Classes: 170 [0] | State: 170 [0]
[2026-10-01 05:27:39:249] INFO 🔗 Sync is at 170/170 [0.17 blocks/s]
[2026-10-01 05:27:39:738] WARN mc_gateway_client::methods Failed to get with StarknetError(StarknetError { code: BlockNotFound, message: "Pre-confirmed block with number 171 was not found. Current pre-confirmed block number is 172." }), retrying
[2026-10-01 05:27:39:838] WARN mc_gateway_client::methods Failed to get with StarknetError(StarknetError { code: BlockNotFound, message: "Pre-confirmed block with number 171 was not found. Current pre-confirmed block number is 172." }), retrying
[2026-10-01 05:27:40:040] WARN mc_gateway_client::methods Failed to get with StarknetError(StarknetError { code: BlockNotFound, message: "Pre-confirmed block with number 171 was not found. Current pre-confirmed block number is 172." }), retrying
[2026-10-01 05:27:42:248] INFO 📥 Blocks: 171 [0] | Classes: 171 [0] | State: 171 [0]
[2026-10-01 05:27:42:248] INFO 🔗 Sync is at 171/171 [0.17 blocks/s]
[2026-10-01 05:27:45:249] INFO 📥 Blocks: 171 [0] | Classes: 171 [0] | State: 171 [0]
[2026-10-01 05:27:45:249] INFO 🔗 Sync is at 171/171 [0.17 blocks/s]
[2026-10-01 05:27:45:748] WARN mc_gateway_client::methods Failed to get with StarknetError(StarknetError { code: BlockNotFound, message: "Pre-confirmed block with number 172 was not found. Current pre-confirmed block number is 173." }), retrying
[2026-10-01 05:27:45:850] WARN mc_gateway_client::methods Failed to get with StarknetError(StarknetError { code: BlockNotFound, message: "Pre-confirmed block with number 172 was not found. Current pre-confirmed block number is 173." }), retrying
[2026-10-01 05:27:46:051] WARN mc_gateway_client::methods Failed to get with StarknetError(StarknetError { code: BlockNotFound, message: "Pre-confirmed block with number 172 was not found. Current pre-confirmed block number is 173." }), retrying
[2026-10-01 05:27:48:248] INFO 📥 Blocks: 172 [0] | Classes: 172 [0] | State: 172 [0]
[2026-10-01 05:27:48:248] INFO 🔗 Sync is at 172/172 [0.17 blocks/s]
[2026-10-01 05:27:51:248] INFO 📥 Blocks: 172 [0] | Classes: 172 [0] | State: 172 [0]
[2026-10-01 05:27:51:248] INFO 🔗 Sync is at 172/172 [0.17 blocks/s]
[2026-10-01 05:27:51:760] WARN mc_gateway_client::methods Failed to get with StarknetError(StarknetError { code: BlockNotFound, message: "Pre-confirmed block with number 173 was not found. Current pre-confirmed block number is 174." }), retrying
[2026-10-01 05:27:51:862] WARN mc_gateway_client::methods Failed to get with StarknetError(StarknetError { code: BlockNotFound, message: "Pre-confirmed block with number 173 was not found. Current pre-confirmed block number is 174." }), retrying
[2026-10-01 05:27:52:064] WARN mc_gateway_client::methods Failed to get with StarknetError(StarknetError { code: BlockNotFound, message: "Pre-confirmed block with number 173 was not found. Current pre-confirmed block number is 174." }), retrying
[2026-10-01 05:27:54:248] INFO 📥 Blocks: 173 [0] | Classes: 173 [0] | State: 173 [0]
[2026-10-01 05:27:54:248] INFO 🔗 Sync is at 173/173 [0.17 blocks/s]
[2026-10-01 05:27:57:248] INFO 📥 Blocks: 173 [0] | Classes: 173 [0] | State: 173 [0]
[2026-10-01 05:27:57:248] INFO 🔗 Sync is at 173/173 [0.17 blocks/s]
[2026-10-01 05:27:57:766] WARN mc_gateway_client::methods Failed to get with StarknetError(StarknetError { code: BlockNotFound, message: "Pre-confirmed block with number 174 was not found. Current pre-confirmed block number is 175." }), retrying
[2026-10-01 05:27:57:868] WARN mc_gateway_client::methods Failed to get with StarknetError(StarknetError { code: BlockNotFound, message: "Pre-confirmed block with number 174 was not found. Current pre-confirmed block number is 175." }), retrying
[2026-10-01 05:27:58:070] WARN mc_gateway_client::methods Failed to get with StarknetError(StarknetError { code: BlockNotFound, message: "Pre-confirmed block with number 174 was not found. Current pre-confirmed block number is 175." }), retrying
[2026-10-01 05:28:00:248] INFO 📥 Blocks: 174 [0] | Classes: 174 [0] | State: 174 [0]
[2026-10-01 05:28:00:248] INFO 🔗 Sync is at 174/174 [0.17 blocks/s]
[2026-10-01 05:28:03:248] INFO 📥 Blocks: 174 [0] | Classes: 174 [0] | State: 174 [0]
[2026-10-01 05:28:03:248] INFO 🔗 Sync is at 174/174 [0.17 blocks/s]
[2026-10-01 05:28:03:774] WARN mc_gateway_client::methods Failed to get with StarknetError(StarknetError { code: BlockNotFound, message: "Pre-confirmed block with number 175 was not found. Current pre-confirmed block number is 176." }), retrying
[2026-10-01 05:28:03:875] WARN mc_gateway_client::methods Failed to get with StarknetError(StarknetError { code: BlockNotFound, message: "Pre-confirmed block with number 175 was not found. Current pre-confirmed block number is 176." }), retrying
[2026-10-01 05:28:04:077] WARN mc_gateway_client::methods Failed to get with StarknetError(StarknetError { code: BlockNotFound, message: "Pre-confirmed block with number 175 was not found. Current pre-confirmed block number is 176." }), retrying
[2026-10-01 05:28:06:248] INFO 📥 Blocks: 175 [0] | Classes: 175 [0] | State: 175 [0]
[2026-10-01 05:28:06:248] INFO 🔗 Sync is at 175/175 [0.17 blocks/s]
[2026-10-01 05:28:10:331] INFO 📥 Blocks: 175 [0] | Classes: 175 [0] | State: 175 [0]
[2026-10-01 05:28:10:331] INFO 🔗 Sync is at 175/175 [0.17 blocks/s]
[2026-10-01 05:28:10:866] WARN mc_gateway_client::methods Failed to get with StarknetError(StarknetError { code: BlockNotFound, message: "Pre-confirmed block with number 176 was not found. Current pre-confirmed block number is 177." }), retrying
[2026-10-01 05:28:10:967] WARN mc_gateway_client::methods Failed to get with StarknetError(StarknetError { code: BlockNotFound, message: "Pre-confirmed block with number 176 was not found. Current pre-confirmed block number is 177." }), retrying
[2026-10-01 05:28:11:169] WARN mc_gateway_client::methods Failed to get with StarknetError(StarknetError { code: BlockNotFound, message: "Pre-confirmed block with number 176 was not found. Current pre-confirmed block number is 177." }), retrying
[2026-10-01 05:28:13:331] INFO 📥 Blocks: 176 [0] | Classes: 176 [0] | State: 176 [0]
[2026-10-01 05:28:13:331] INFO 🔗 Sync is at 176/176 [0.17 blocks/s]
[2026-10-01 05:28:16:331] INFO 📥 Blocks: 176 [0] | Classes: 176 [0] | State: 176 [0]
[2026-10-01 05:28:16:331] INFO 🔗 Sync is at 176/176 [0.17 blocks/s]
[2026-10-01 05:28:16:879] WARN mc_gateway_client::methods Failed to get with StarknetError(StarknetError { code: BlockNotFound, message: "Pre-confirmed block with number 177 was not found. Current pre-confirmed block number is 178." }), retrying
[2026-10-01 05:28:16:980] WARN mc_gateway_client::methods Failed to get with StarknetError(StarknetError { code: BlockNotFound, message: "Pre-confirmed block with number 177 was not found. Current pre-confirmed block number is 178." }), retrying
[2026-10-01 05:28:17:182] WARN mc_gateway_client::methods Failed to get with StarknetError(StarknetError { code: BlockNotFound, message: "Pre-confirmed block with number 177 was not found. Current pre-confirmed block number is 178." }), retrying
[2026-10-01 05:28:19:331] INFO 📥 Blocks: 177 [0] | Classes: 177 [0] | State: 177 [0]
[2026-10-01 05:28:19:331] INFO 🔗 Sync is at 177/177 [0.17 blocks/s]
[2026-10-01 05:28:22:331] INFO 📥 Blocks: 177 [0] | Classes: 177 [0] | State: 177 [0]
[2026-10-01 05:28:22:331] INFO 🔗 Sync is at 177/177 [0.17 blocks/s]
[2026-10-01 05:28:22:885] WARN mc_gateway_client::methods Failed to get with StarknetError(StarknetError { code: BlockNotFound, message: "Pre-confirmed block with number 178 was not found. Current pre-confirmed block number is 179." }), retrying
[2026-10-01 05:28:22:986] WARN mc_gateway_client::methods Failed to get with StarknetError(StarknetError { code: BlockNotFound, message: "Pre-confirmed block with number 178 was not found. Current pre-confirmed block number is 179." }), retrying
[2026-10-01 05:28:23:188] WARN mc_gateway_client::methods Failed to get with StarknetError(StarknetError { code: BlockNotFound, message: "Pre-confirmed block with number 178 was not found. Current pre-confirmed block number is 179." }), retrying
[2026-10-01 05:28:25:331] INFO 📥 Blocks: 178 [0] | Classes: 178 [0] | State: 178 [0]
[2026-10-01 05:28:25:332] INFO 🔗 Sync is at 178/178 [0.17 blocks/s]
[2026-10-01 05:28:28:331] INFO 📥 Blocks: 178 [0] | Classes: 178 [0] | State: 178 [0]
[2026-10-01 05:28:28:331] INFO 🔗 Sync is at 178/178 [0.17 blocks/s]
[2026-10-01 05:28:28:894] WARN mc_gateway_client::methods Failed to get with StarknetError(StarknetError { code: BlockNotFound, message: "Pre-confirmed block with number 179 was not found. Current pre-confirmed block number is 180." }), retrying
[2026-10-01 05:28:28:996] WARN mc_gateway_client::methods Failed to get with StarknetError(StarknetError { code: BlockNotFound, message: "Pre-confirmed block with number 179 was not found. Current pre-confirmed block number is 180." }), retrying
[2026-10-01 05:28:29:198] WARN mc_gateway_client::methods Failed to get with StarknetError(StarknetError { code: BlockNotFound, message: "Pre-confirmed block with number 179 was not found. Current pre-confirmed block number is 180." }), retrying
[2026-10-01 05:28:31:331] INFO 📥 Blocks: 179 [0] | Classes: 179 [0] | State: 179 [0]
[2026-10-01 05:28:31:331] INFO 🔗 Sync is at 179/179 [0.17 blocks/s]
[2026-10-01 05:28:34:331] INFO 📥 Blocks: 179 [0] | Classes: 179 [0] | State: 179 [0]
[2026-10-01 05:28:34:331] INFO 🔗 Sync is at 179/179 [0.17 blocks/s]
[2026-10-01 05:28:34:909] WARN mc_gateway_client::methods Failed to get with StarknetError(StarknetError { code: BlockNotFound, message: "Pre-confirmed block with number 180 was not found. Current pre-confirmed block number is 181." }), retrying
[2026-10-01 05:28:35:010] WARN mc_gateway_client::methods Failed to get with StarknetError(StarknetError { code: BlockNotFound, message: "Pre-confirmed block with number 180 was not found. Current pre-confirmed block number is 181." }), retrying
[2026-10-01 05:28:35:211] WARN mc_gateway_client::methods Failed to get with StarknetError(StarknetError { code: BlockNotFound, message: "Pre-confirmed block with number 180 was not found. Current pre-confirmed block number is 181." }), retrying
[2026-10-01 05:28:37:331] INFO 📥 Blocks: 180 [0] | Classes: 180 [0] | State: 180 [0]
[2026-10-01 05:28:37:331] INFO 🔗 Sync is at 180/180 [0.17 blocks/s]
[2026-10-01 05:28:41:424] INFO 📥 Blocks: 180 [0] | Classes: 180 [0] | State: 180 [0]
[2026-10-01 05:28:41:424] INFO 🔗 Sync is at 180/180 [0.17 blocks/s]
[2026-10-01 05:28:42:012] WARN mc_gateway_client::methods Failed to get with StarknetError(StarknetError { code: BlockNotFound, message: "Pre-confirmed block with number 181 was not found. Current pre-confirmed block number is 182." }), retrying
[2026-10-01 05:28:42:114] WARN mc_gateway_client::methods Failed to get with StarknetError(StarknetError { code: BlockNotFound, message: "Pre-confirmed block with number 181 was not found. Current pre-confirmed block number is 182." }), retrying
[2026-10-01 05:28:42:316] WARN mc_gateway_client::methods Failed to get with StarknetError(StarknetError { code: BlockNotFound, message: "Pre-confirmed block with number 181 was not found. Current pre-confirmed block number is 182." }), retrying
[2026-10-01 05:28:44:424] INFO 📥 Blocks: 181 [0] | Classes: 181 [0] | State: 181 [0]
[2026-10-01 05:28:44:424] INFO 🔗 Sync is at 181/181 [0.17 blocks/s]
[2026-10-01 05:28:47:424] INFO 📥 Blocks: 181 [0] | Classes: 181 [0] | State: 181 [0]
[2026-10-01 05:28:47:424] INFO 🔗 Sync is at 181/181 [0.17 blocks/s]
[2026-10-01 05:28:48:019] WARN mc_gateway_client::methods Failed to get with StarknetError(StarknetError { code: BlockNotFound, message: "Pre-confirmed block with number 182 was not found. Current pre-confirmed block number is 183." }), retrying
[2026-10-01 05:28:48:120] WARN mc_gateway_client::methods Failed to get with StarknetError(StarknetError { code: BlockNotFound, message: "Pre-confirmed block with number 182 was not found. Current pre-confirmed block number is 183." }), retrying
[2026-10-01 05:28:48:322] WARN mc_gateway_client::methods Failed to get with StarknetError(StarknetError { code: BlockNotFound, message: "Pre-confirmed block with number 182 was not found. Current pre-confirmed block number is 183." }), retrying
[2026-10-01 05:28:50:424] INFO 📥 Blocks: 182 [0] | Classes: 182 [0] | State: 182 [0]
[2026-10-01 05:28:50:424] INFO 🔗 Sync is at 182/182 [0.17 blocks/s]
[2026-10-01 05:28:53:424] INFO 📥 Blocks: 182 [0] | Classes: 182 [0] | State: 182 [0]
[2026-10-01 05:28:53:424] INFO 🔗 Sync is at 182/182 [0.17 blocks/s]
[2026-10-01 05:28:54:030] WARN mc_gateway_client::methods Failed to get with StarknetError(StarknetError { code: BlockNotFound, message: "Pre-confirmed block with number 183 was not found. Current pre-confirmed block number is 184." }), retrying
[2026-10-01 05:28:54:132] WARN mc_gateway_client::methods Failed to get with StarknetError(StarknetError { code: BlockNotFound, message: "Pre-confirmed block with number 183 was not found. Current pre-confirmed block number is 184." }), retrying
[2026-10-01 05:28:54:334] WARN mc_gateway_client::methods Failed to get with StarknetError(StarknetError { code: BlockNotFound, message: "Pre-confirmed block with number 183 was not found. Current pre-confirmed block number is 184." }), retrying
[2026-10-01 05:28:56:423] INFO 📥 Blocks: 183 [0] | Classes: 183 [0] | State: 183 [0]
[2026-10-01 05:28:56:423] INFO 🔗 Sync is at 183/183 [0.17 blocks/s]
[2026-10-01 05:28:59:424] INFO 📥 Blocks: 183 [0] | Classes: 183 [0] | State: 183 [0]
[2026-10-01 05:28:59:424] INFO 🔗 Sync is at 183/183 [0.17 blocks/s]
[2026-10-01 05:29:00:042] WARN mc_gateway_client::methods Failed to get with StarknetError(StarknetError { code: BlockNotFound, message: "Pre-confirmed block with number 184 was not found. Current pre-confirmed block number is 185." }), retrying
[2026-10-01 05:29:00:144] WARN mc_gateway_client::methods Failed to get with StarknetError(StarknetError { code: BlockNotFound, message: "Pre-confirmed block with number 184 was not found. Current pre-confirmed block number is 185." }), retrying
[2026-10-01 05:29:00:346] WARN mc_gateway_client::methods Failed to get with StarknetError(StarknetError { code: BlockNotFound, message: "Pre-confirmed block with number 184 was not found. Current pre-confirmed block number is 185." }), retrying
[2026-10-01 05:29:02:424] INFO 📥 Blocks: 184 [0] | Classes: 184 [0] | State: 184 [0]
[2026-10-01 05:29:02:424] INFO 🔗 Sync is at 184/184 [0.17 blocks/s]
[2026-10-01 05:29:05:423] INFO 📥 Blocks: 184 [0] | Classes: 184 [0] | State: 184 [0]
[2026-10-01 05:29:05:423] INFO 🔗 Sync is at 184/184 [0.17 blocks/s]
[2026-10-01 05:29:06:050] WARN mc_gateway_client::methods Failed to get with StarknetError(StarknetError { code: BlockNotFound, message: "Pre-confirmed block with number 185 was not found. Current pre-confirmed block number is 186." }), retrying
[2026-10-01 05:29:06:153] WARN mc_gateway_client::methods Failed to get with StarknetError(StarknetError { code: BlockNotFound, message: "Pre-confirmed block with number 185 was not found. Current pre-confirmed block number is 186." }), retrying
[2026-10-01 05:29:06:354] WARN mc_gateway_client::methods Failed to get with StarknetError(StarknetError { code: BlockNotFound, message: "Pre-confirmed block with number 185 was not found. Current pre-confirmed block number is 186." }), retrying
[2026-10-01 05:29:08:424] INFO 📥 Blocks: 185 [0] | Classes: 185 [0] | State: 185 [0]
[2026-10-01 05:29:08:424] INFO 🔗 Sync is at 185/185 [0.17 blocks/s]
[2026-10-01 05:29:12:521] INFO 📥 Blocks: 185 [0] | Classes: 185 [0] | State: 185 [0]
[2026-10-01 05:29:12:521] INFO 🔗 Sync is at 185/185 [0.17 blocks/s]
[2026-10-01 05:29:13:157] WARN mc_gateway_client::methods Failed to get with StarknetError(StarknetError { code: BlockNotFound, message: "Pre-confirmed block with number 186 was not found. Current pre-confirmed block number is 187." }), retrying
[2026-10-01 05:29:13:258] WARN mc_gateway_client::methods Failed to get with StarknetError(StarknetError { code: BlockNotFound, message: "Pre-confirmed block with number 186 was not found. Current pre-confirmed block number is 187." }), retrying
[2026-10-01 05:29:13:459] WARN mc_gateway_client::methods Failed to get with StarknetError(StarknetError { code: BlockNotFound, message: "Pre-confirmed block with number 186 was not found. Current pre-confirmed block number is 187." }), retrying
[2026-10-01 05:29:15:520] INFO 📥 Blocks: 186 [0] | Classes: 186 [0] | State: 186 [0]
[2026-10-01 05:29:15:520] INFO 🔗 Sync is at 186/186 [0.17 blocks/s]
[2026-10-01 05:29:18:521] INFO 📥 Blocks: 186 [0] | Classes: 186 [0] | State: 186 [0]
[2026-10-01 05:29:18:521] INFO 🔗 Sync is at 186/186 [0.17 blocks/s]
[2026-10-01 05:29:19:165] WARN mc_gateway_client::methods Failed to get with StarknetError(StarknetError { code: BlockNotFound, message: "Pre-confirmed block with number 187 was not found. Current pre-confirmed block number is 188." }), retrying
[2026-10-01 05:29:19:267] WARN mc_gateway_client::methods Failed to get with StarknetError(StarknetError { code: BlockNotFound, message: "Pre-confirmed block with number 187 was not found. Current pre-confirmed block number is 188." }), retrying
[2026-10-01 05:29:19:468] WARN mc_gateway_client::methods Failed to get with StarknetError(StarknetError { code: BlockNotFound, message: "Pre-confirmed block with number 187 was not found. Current pre-confirmed block number is 188." }), retrying
[2026-10-01 05:29:21:521] INFO 📥 Blocks: 187 [0] | Classes: 187 [0] | State: 187 [0]
[2026-10-01 05:29:21:521] INFO 🔗 Sync is at 187/187 [0.17 blocks/s]
[2026-10-01 05:29:24:521] INFO 📥 Blocks: 187 [0] | Classes: 187 [0] | State: 187 [0]
[2026-10-01 05:29:24:521] INFO 🔗 Sync is at 187/187 [0.17 blocks/s]
[2026-10-01 05:29:25:177] WARN mc_gateway_client::methods Failed to get with StarknetError(StarknetError { code: BlockNotFound, message: "Pre-confirmed block with number 188 was not found. Current pre-confirmed block number is 189." }), retrying
[2026-10-01 05:29:25:279] WARN mc_gateway_client::methods Failed to get with StarknetError(StarknetError { code: BlockNotFound, message: "Pre-confirmed block with number 188 was not found. Current pre-confirmed block number is 189." }), retrying
[2026-10-01 05:29:25:481] WARN mc_gateway_client::methods Failed to get with StarknetError(StarknetError { code: BlockNotFound, message: "Pre-confirmed block with number 188 was not found. Current pre-confirmed block number is 189." }), retrying
[2026-10-01 05:29:27:521] INFO 📥 Blocks: 188 [0] | Classes: 188 [0] | State: 188 [0]
[2026-10-01 05:29:27:521] INFO 🔗 Sync is at 188/188 [0.17 blocks/s]
[2026-10-01 05:29:30:521] INFO 📥 Blocks: 188 [0] | Classes: 188 [0] | State: 188 [0]
[2026-10-01 05:29:30:521] INFO 🔗 Sync is at 188/188 [0.17 blocks/s]
[2026-10-01 05:29:31:188] WARN mc_gateway_client::methods Failed to get with StarknetError(StarknetError { code: BlockNotFound, message: "Pre-confirmed block with number 189 was not found. Current pre-confirmed block number is 190." }), retrying
[2026-10-01 05:29:31:289] WARN mc_gateway_client::methods Failed to get with StarknetError(StarknetError { code: BlockNotFound, message: "Pre-confirmed block with number 189 was not found. Current pre-confirmed block number is 190." }), retrying
[2026-10-01 05:29:31:491] WARN mc_gateway_client::methods Failed to get with StarknetError(StarknetError { code: BlockNotFound, message: "Pre-confirmed block with number 189 was not found. Current pre-confirmed block number is 190." }), retrying
[2026-10-01 05:29:33:521] INFO 📥 Blocks: 189 [0] | Classes: 189 [0] | State: 189 [0]
[2026-10-01 05:29:33:521] INFO 🔗 Sync is at 189/189 [0.17 blocks/s]
[2026-10-01 05:29:36:521] INFO 📥 Blocks: 189 [0] | Classes: 189 [0] | State: 189 [0]
[2026-10-01 05:29:36:521] INFO 🔗 Sync is at 189/189 [0.17 blocks/s]
[2026-10-01 05:29:37:195] WARN mc_gateway_client::methods Failed to get with StarknetError(StarknetError { code: BlockNotFound, message: "Pre-confirmed block with number 190 was not found. Current pre-confirmed block number is 191." }), retrying
[2026-10-01 05:29:37:297] WARN mc_gateway_client::methods Failed to get with StarknetError(StarknetError { code: BlockNotFound, message: "Pre-confirmed block with number 190 was not found. Current pre-confirmed block number is 191." }), retrying
[2026-10-01 05:29:37:499] WARN mc_gateway_client::methods Failed to get with StarknetError(StarknetError { code: BlockNotFound, message: "Pre-confirmed block with number 190 was not found. Current pre-confirmed block number is 191." }), retrying
[2026-10-01 05:29:39:521] INFO 📥 Blocks: 190 [0] | Classes: 190 [0] | State: 190 [0]
[2026-10-01 05:29:39:521] INFO 🔗 Sync is at 190/190 [0.17 blocks/s]
[2026-10-01 05:29:43:642] INFO 📥 Blocks: 190 [0] | Classes: 190 [0] | State: 190 [0]
[2026-10-01 05:29:43:642] INFO 🔗 Sync is at 190/190 [0.17 blocks/s]
[2026-10-01 05:29:44:322] WARN mc_gateway_client::methods Failed to get with StarknetError(StarknetError { code: BlockNotFound, message: "Pre-confirmed block with number 191 was not found. Current pre-confirmed block number is 192." }), retrying
[2026-10-01 05:29:44:424] WARN mc_gateway_client::methods Failed to get with StarknetError(StarknetError { code: BlockNotFound, message: "Pre-confirmed block with number 191 was not found. Current pre-confirmed block number is 192." }), retrying
[2026-10-01 05:29:44:626] WARN mc_gateway_client::methods Failed to get with StarknetError(StarknetError { code: BlockNotFound, message: "Pre-confirmed block with number 191 was not found. Current pre-confirmed block number is 192." }), retrying
[2026-10-01 05:29:46:642] INFO 📥 Blocks: 191 [0] | Classes: 191 [0] | State: 191 [0]
[2026-10-01 05:29:46:642] INFO 🔗 Sync is at 191/191 [0.17 blocks/s]
[2026-10-01 05:29:49:642] INFO 📥 Blocks: 191 [0] | Classes: 191 [0] | State: 191 [0]
[2026-10-01 05:29:49:642] INFO 🔗 Sync is at 191/191 [0.17 blocks/s]
[2026-10-01 05:29:50:332] WARN mc_gateway_client::methods Failed to get with StarknetError(StarknetError { code: BlockNotFound, message: "Pre-confirmed block with number 192 was not found. Current pre-confirmed block number is 193." }), retrying
[2026-10-01 05:29:50:434] WARN mc_gateway_client::methods Failed to get with StarknetError(StarknetError { code: BlockNotFound, message: "Pre-confirmed block with number 192 was not found. Current pre-confirmed block number is 193." }), retrying
[2026-10-01 05:29:50:636] WARN mc_gateway_client::methods Failed to get with StarknetError(StarknetError { code: BlockNotFound, message: "Pre-confirmed block with number 192 was not found. Current pre-confirmed block number is 193." }), retrying
[2026-10-01 05:29:52:642] INFO 📥 Blocks: 192 [0] | Classes: 192 [0] | State: 192 [0]
[2026-10-01 05:29:52:642] INFO 🔗 Sync is at 192/192 [0.17 blocks/s]
[2026-10-01 05:29:55:642] INFO 📥 Blocks: 192 [0] | Classes: 192 [0] | State: 192 [0]
[2026-10-01 05:29:55:642] INFO 🔗 Sync is at 192/192 [0.17 blocks/s]
[2026-10-01 05:29:56:340] WARN mc_gateway_client::methods Failed to get with StarknetError(StarknetError { code: BlockNotFound, message: "Pre-confirmed block with number 193 was not found. Current pre-confirmed block number is 194." }), retrying
[2026-10-01 05:29:56:442] WARN mc_gateway_client::methods Failed to get with StarknetError(StarknetError { code: BlockNotFound, message: "Pre-confirmed block with number 193 was not found. Current pre-confirmed block number is 194." }), retrying
[2026-10-01 05:29:56:644] WARN mc_gateway_client::methods Failed to get with StarknetError(StarknetError { code: BlockNotFound, message: "Pre-confirmed block with number 193 was not found. Current pre-confirmed block number is 194." }), retrying
[2026-10-01 05:29:58:642] INFO 📥 Blocks: 193 [0] | Classes: 193 [0] | State: 193 [0]
[2026-10-01 05:29:58:642] INFO 🔗 Sync is at 193/193 [0.17 blocks/s]
[2026-10-01 05:30:01:642] INFO 📥 Blocks: 193 [0] | Classes: 193 [0] | State: 193 [0]
[2026-10-01 05:30:01:642] INFO 🔗 Sync is at 193/193 [0.17 blocks/s]
[2026-10-01 05:30:02:353] WARN mc_gateway_client::methods Failed to get with StarknetError(StarknetError { code: BlockNotFound, message: "Pre-confirmed block with number 194 was not found. Current pre-confirmed block number is 195." }), retrying
[2026-10-01 05:30:02:454] WARN mc_gateway_client::methods Failed to get with StarknetError(StarknetError { code: BlockNotFound, message: "Pre-confirmed block with number 194 was not found. Current pre-confirmed block number is 195." }), retrying
[2026-10-01 05:30:02:655] WARN mc_gateway_client::methods Failed to get with StarknetError(StarknetError { code: BlockNotFound, message: "Pre-confirmed block with number 194 was not found. Current pre-confirmed block number is 195." }), retrying
[2026-10-01 05:30:04:642] INFO 📥 Blocks: 194 [0] | Classes: 194 [0] | State: 194 [0]
[2026-10-01 05:30:04:642] INFO 🔗 Sync is at 194/194 [0.17 blocks/s]
[2026-10-01 05:30:07:642] INFO 📥 Blocks: 194 [0] | Classes: 194 [0] | State: 194 [0]
[2026-10-01 05:30:07:642] INFO 🔗 Sync is at 194/194 [0.17 blocks/s]
[2026-10-01 05:30:08:356] WARN mc_gateway_client::methods Failed to get with StarknetError(StarknetError { code: BlockNotFound, message: "Pre-confirmed block with number 195 was not found. Current pre-confirmed block number is 196." }), retrying
[2026-10-01 05:30:08:458] WARN mc_gateway_client::methods Failed to get with StarknetError(StarknetError { code: BlockNotFound, message: "Pre-confirmed block with number 195 was not found. Current pre-confirmed block number is 196." }), retrying
[2026-10-01 05:30:08:660] WARN mc_gateway_client::methods Failed to get with StarknetError(StarknetError { code: BlockNotFound, message: "Pre-confirmed block with number 195 was not found. Current pre-confirmed block number is 196." }), retrying
[2026-10-01 05:30:10:642] INFO 📥 Blocks: 195 [0] | Classes: 195 [0] | State: 195 [0]
[2026-10-01 05:30:10:642] INFO 🔗 Sync is at 195/195 [0.17 blocks/s]
[2026-10-01 05:30:14:723] INFO 📥 Blocks: 195 [0] | Classes: 195 [0] | State: 195 [0]
[2026-10-01 05:30:14:724] INFO 🔗 Sync is at 195/195 [0.17 blocks/s]
[2026-10-01 05:30:15:447] WARN mc_gateway_client::methods Failed to get with StarknetError(StarknetError { code: BlockNotFound, message: "Pre-confirmed block with number 196 was not found. Current pre-confirmed block number is 197." }), retrying
[2026-10-01 05:30:15:548] WARN mc_gateway_client::methods Failed to get with StarknetError(StarknetError { code: BlockNotFound, message: "Pre-confirmed block with number 196 was not found. Current pre-confirmed block number is 197." }), retrying
[2026-10-01 05:30:15:749] WARN mc_gateway_client::methods Failed to get with StarknetError(StarknetError { code: BlockNotFound, message: "Pre-confirmed block with number 196 was not found. Current pre-confirmed block number is 197." }), retrying
[2026-10-01 05:30:17:724] INFO 📥 Blocks: 196 [0] | Classes: 196 [0] | State: 196 [0]
[2026-10-01 05:30:17:724] INFO 🔗 Sync is at 196/196 [0.17 blocks/s]
[2026-10-01 05:30:20:724] INFO 📥 Blocks: 196 [0] | Classes: 196 [0] | State: 196 [0]
[2026-10-01 05:30:20:724] INFO 🔗 Sync is at 196/196 [0.17 blocks/s]
[2026-10-01 05:30:21:482] WARN mc_gateway_client::methods Failed to get with StarknetError(StarknetError { code: BlockNotFound, message: "Pre-confirmed block with number 197 was not found. Current pre-confirmed block number is 198." }), retrying
[2026-10-01 05:30:21:584] WARN mc_gateway_client::methods Failed to get with StarknetError(StarknetError { code: BlockNotFound, message: "Pre-confirmed block with number 197 was not found. Current pre-confirmed block number is 198." }), retrying
[2026-10-01 05:30:21:785] WARN mc_gateway_client::methods Failed to get with StarknetError(StarknetError { code: BlockNotFound, message: "Pre-confirmed block with number 197 was not found. Current pre-confirmed block number is 198." }), retrying
[2026-10-01 05:30:23:724] INFO 📥 Blocks: 197 [0] | Classes: 197 [0] | State: 197 [0]
[2026-10-01 05:30:23:724] INFO 🔗 Sync is at 197/197 [0.17 blocks/s]
[2026-10-01 05:30:26:724] INFO 📥 Blocks: 197 [0] | Classes: 197 [0] | State: 197 [0]
[2026-10-01 05:30:26:724] INFO 🔗 Sync is at 197/197 [0.17 blocks/s]
[2026-10-01 05:30:27:470] WARN mc_gateway_client::methods Failed to get with StarknetError(StarknetError { code: BlockNotFound, message: "Pre-confirmed block with number 198 was not found. Current pre-confirmed block number is 199." }), retrying
[2026-10-01 05:30:27:572] WARN mc_gateway_client::methods Failed to get with StarknetError(StarknetError { code: BlockNotFound, message: "Pre-confirmed block with number 198 was not found. Current pre-confirmed block number is 199." }), retrying
[2026-10-01 05:30:27:774] WARN mc_gateway_client::methods Failed to get with StarknetError(StarknetError { code: BlockNotFound, message: "Pre-confirmed block with number 198 was not found. Current pre-confirmed block number is 199." }), retrying
[2026-10-01 05:30:29:723] INFO 📥 Blocks: 198 [0] | Classes: 198 [0] | State: 198 [0]
[2026-10-01 05:30:29:723] INFO 🔗 Sync is at 198/198 [0.17 blocks/s]
[2026-10-01 05:30:32:724] INFO 📥 Blocks: 198 [0] | Classes: 198 [0] | State: 198 [0]
[2026-10-01 05:30:32:724] INFO 🔗 Sync is at 198/198 [0.17 blocks/s]
[2026-10-01 05:30:33:477] WARN mc_gateway_client::methods Failed to get with StarknetError(StarknetError { code: BlockNotFound, message: "Pre-confirmed block with number 199 was not found. Current pre-confirmed block number is 200." }), retrying
[2026-10-01 05:30:33:579] WARN mc_gateway_client::methods Failed to get with StarknetError(StarknetError { code: BlockNotFound, message: "Pre-confirmed block with number 199 was not found. Current pre-confirmed block number is 200." }), retrying
[2026-10-01 05:30:33:781] WARN mc_gateway_client::methods Failed to get with StarknetError(StarknetError { code: BlockNotFound, message: "Pre-confirmed block with number 199 was not found. Current pre-confirmed block number is 200." }), retrying
[2026-10-01 05:30:35:724] INFO 📥 Blocks: 199 [0] | Classes: 199 [0] | State: 199 [0]
[2026-10-01 05:30:35:724] INFO 🔗 Sync is at 199/199 [0.17 blocks/s]
[2026-10-01 05:30:38:724] INFO 📥 Blocks: 199 [0] | Classes: 199 [0] | State: 199 [0]
[2026-10-01 05:30:38:724] INFO 🔗 Sync is at 199/199 [0.17 blocks/s]
[2026-10-01 05:30:39:486] WARN mc_gateway_client::methods Failed to get with StarknetError(StarknetError { code: BlockNotFound, message: "Pre-confirmed block with number 200 was not found. Current pre-confirmed block number is 201." }), retrying
[2026-10-01 05:30:39:587] WARN mc_gateway_client::methods Failed to get with StarknetError(StarknetError { code: BlockNotFound, message: "Pre-confirmed block with number 200 was not found. Current pre-confirmed block number is 201." }), retrying
[2026-10-01 05:30:39:789] WARN mc_gateway_client::methods Failed to get with StarknetError(StarknetError { code: BlockNotFound, message: "Pre-confirmed block with number 200 was not found. Current pre-confirmed block number is 201." }), retrying
[2026-10-01 05:30:41:723] INFO 📥 Blocks: 200 [0] | Classes: 200 [0] | State: 200 [0]
[2026-10-01 05:30:41:723] INFO 🔗 Sync is at 200/200 [0.17 blocks/s]
[2026-10-01 05:30:45:819] INFO 📥 Blocks: 200 [0] | Classes: 200 [0] | State: 200 [0]
[2026-10-01 05:30:45:819] INFO 🔗 Sync is at 200/200 [0.17 blocks/s]
[2026-10-01 05:30:46:593] WARN mc_gateway_client::methods Failed to get with StarknetError(StarknetError { code: BlockNotFound, message: "Pre-confirmed block with number 201 was not found. Current pre-confirmed block number is 202." }), retrying
[2026-10-01 05:30:46:694] WARN mc_gateway_client::methods Failed to get with StarknetError(StarknetError { code: BlockNotFound, message: "Pre-confirmed block with number 201 was not found. Current pre-confirmed block number is 202." }), retrying
[2026-10-01 05:30:46:896] WARN mc_gateway_client::methods Failed to get with StarknetError(StarknetError { code: BlockNotFound, message: "Pre-confirmed block with number 201 was not found. Current pre-confirmed block number is 202." }), retrying
[2026-10-01 05:30:48:819] INFO 📥 Blocks: 201 [0] | Classes: 201 [0] | State: 201 [0]
[2026-10-01 05:30:48:819] INFO 🔗 Sync is at 201/201 [0.17 blocks/s]
[2026-10-01 05:30:51:818] INFO 📥 Blocks: 201 [0] | Classes: 201 [0] | State: 201 [0]
[2026-10-01 05:30:51:818] INFO 🔗 Sync is at 201/201 [0.17 blocks/s]
[2026-10-01 05:30:52:600] WARN mc_gateway_client::methods Failed to get with StarknetError(StarknetError { code: BlockNotFound, message: "Pre-confirmed block with number 202 was not found. Current pre-confirmed block number is 203." }), retrying
[2026-10-01 05:30:52:701] WARN mc_gateway_client::methods Failed to get with StarknetError(StarknetError { code: BlockNotFound, message: "Pre-confirmed block with number 202 was not found. Current pre-confirmed block number is 203." }), retrying
[2026-10-01 05:30:52:903] WARN mc_gateway_client::methods Failed to get with StarknetError(StarknetError { code: BlockNotFound, message: "Pre-confirmed block with number 202 was not found. Current pre-confirmed block number is 203." }), retrying
[2026-10-01 05:30:54:818] INFO 📥 Blocks: 202 [0] | Classes: 202 [0] | State: 202 [0]
[2026-10-01 05:30:54:818] INFO 🔗 Sync is at 202/202 [0.17 blocks/s]
[2026-10-01 05:30:57:819] INFO 📥 Blocks: 202 [0] | Classes: 202 [0] | State: 202 [0]
[2026-10-01 05:30:57:819] INFO 🔗 Sync is at 202/202 [0.17 blocks/s]
[2026-10-01 05:30:58:612] WARN mc_gateway_client::methods Failed to get with StarknetError(StarknetError { code: BlockNotFound, message: "Pre-confirmed block with number 203 was not found. Current pre-confirmed block number is 204." }), retrying
[2026-10-01 05:30:58:713] WARN mc_gateway_client::methods Failed to get with StarknetError(StarknetError { code: BlockNotFound, message: "Pre-confirmed block with number 203 was not found. Current pre-confirmed block number is 204." }), retrying
[2026-10-01 05:30:58:915] WARN mc_gateway_client::methods Failed to get with StarknetError(StarknetError { code: BlockNotFound, message: "Pre-confirmed block with number 203 was not found. Current pre-confirmed block number is 204." }), retrying
[2026-10-01 05:31:00:819] INFO 📥 Blocks: 203 [0] | Classes: 203 [0] | State: 203 [0]
[2026-10-01 05:31:00:819] INFO 🔗 Sync is at 203/203 [0.17 blocks/s]
[2026-10-01 05:31:03:819] INFO 📥 Blocks: 203 [0] | Classes: 203 [0] | State: 203 [0]
[2026-10-01 05:31:03:819] INFO 🔗 Sync is at 203/203 [0.17 blocks/s]
[2026-10-01 05:31:04:240] WARN mc_gateway_client::methods Failed to get with StarknetError(StarknetError { code: BlockNotFound, message: "Pre-confirmed block with number 204 was not found. Current pre-confirmed block number is 205." }), retrying
[2026-10-01 05:31:04:341] WARN mc_gateway_client::methods Failed to get with StarknetError(StarknetError { code: BlockNotFound, message: "Pre-confirmed block with number 204 was not found. Current pre-confirmed block number is 205." }), retrying
[2026-10-01 05:31:04:541] WARN mc_gateway_client::methods Failed to get with StarknetError(StarknetError { code: BlockNotFound, message: "Pre-confirmed block with number 204 was not found. Current pre-confirmed block number is 205." }), retrying
[2026-10-01 05:31:04:943] WARN mc_gateway_client::methods Failed to get with StarknetError(StarknetError { code: BlockNotFound, message: "Pre-confirmed block with number 204 was not found. Current pre-confirmed block number is 205." }), retrying
[2026-10-01 05:31:06:818] INFO 📥 Blocks: 204 [0] | Classes: 204 [0] | State: 204 [0]
[2026-10-01 05:31:06:818] INFO 🔗 Sync is at 204/204 [0.17 blocks/s]
[2026-10-01 05:31:09:818] INFO 📥 Blocks: 204 [0] | Classes: 204 [0] | State: 204 [0]
[2026-10-01 05:31:09:819] INFO 🔗 Sync is at 204/204 [0.17 blocks/s]
[2026-10-01 05:31:10:142] WARN mc_gateway_client::methods Failed to get with StarknetError(StarknetError { code: BlockNotFound, message: "Pre-confirmed block with number 205 was not found. Current pre-confirmed block number is 206." }), retrying
[2026-10-01 05:31:10:244] WARN mc_gateway_client::methods Failed to get with StarknetError(StarknetError { code: BlockNotFound, message: "Pre-confirmed block with number 205 was not found. Current pre-confirmed block number is 206." }), retrying
[2026-10-01 05:31:10:446] WARN mc_gateway_client::methods Failed to get with StarknetError(StarknetError { code: BlockNotFound, message: "Pre-confirmed block with number 205 was not found. Current pre-confirmed block number is 206." }), retrying
[2026-10-01 05:31:10:848] WARN mc_gateway_client::methods Failed to get with StarknetError(StarknetError { code: BlockNotFound, message: "Pre-confirmed block with number 205 was not found. Current pre-confirmed block number is 206." }), retrying
[2026-10-01 05:31:12:819] INFO 📥 Blocks: 205 [0] | Classes: 205 [0] | State: 205 [0]
[2026-10-01 05:31:12:819] INFO 🔗 Sync is at 205/205 [0.17 blocks/s]
[2026-10-01 05:31:16:925] INFO 📥 Blocks: 205 [0] | Classes: 205 [0] | State: 205 [0]
[2026-10-01 05:31:16:925] INFO 🔗 Sync is at 205/205 [0.17 blocks/s]
[2026-10-01 05:31:17:750] WARN mc_gateway_client::methods Failed to get with StarknetError(StarknetError { code: BlockNotFound, message: "Pre-confirmed block with number 206 was not found. Current pre-confirmed block number is 207." }), retrying
[2026-10-01 05:31:17:851] WARN mc_gateway_client::methods Failed to get with StarknetError(StarknetError { code: BlockNotFound, message: "Pre-confirmed block with number 206 was not found. Current pre-confirmed block number is 207." }), retrying
[2026-10-01 05:31:18:052] WARN mc_gateway_client::methods Failed to get with StarknetError(StarknetError { code: BlockNotFound, message: "Pre-confirmed block with number 206 was not found. Current pre-confirmed block number is 207." }), retrying
[2026-10-01 05:31:19:925] INFO 📥 Blocks: 206 [0] | Classes: 206 [0] | State: 206 [0]
[2026-10-01 05:31:19:925] INFO 🔗 Sync is at 206/206 [0.17 blocks/s]
