[2026-10-01 05:10:01:846] INFO No private key provided, auto-generating one for block signing
[2026-10-01 05:10:01:846] INFO 🥷  Madara Node
[2026-10-01 05:10:01:846] INFO 💁 Support URL: https://github.com/madara-alliance/madara/issues
[2026-10-01 05:10:01:846] INFO 🏷  Node Name: MadaraAlphaDrone5
[2026-10-01 05:10:01:846] INFO 👤 Role: Full Node
[2026-10-01 05:10:01:846] INFO 🌐 Network: Madara (chain id `convoy_alpha`)
[2026-10-01 05:10:01:849] INFO 💻 Operating system: Linux 12 Debian GNU/Linux
[2026-10-01 05:10:01:849] INFO 💻 CPU architecture: x86_64
[2026-10-01 05:10:01:849] INFO 💻 CPU: Intel(R) Core(TM) Ultra 9 285H
[2026-10-01 05:10:01:849] INFO 💻 CPU cores: 16
[2026-10-01 05:10:01:849] INFO 💻 Memory: 24032MiB
[2026-10-01 05:10:01:849] INFO 💻 Kernel: 6.6.87.2-microsoft-standard-WSL2
[2026-10-01 05:10:01:849] INFO Cairo native disabled - all contracts will use Cairo VM
[2026-10-01 05:10:01:849] INFO 💾 Opening database at: /madara_db
[2026-10-01 05:10:01:849] INFO 💾  Preconfirmed blocks will be saved to database
[2026-10-01 05:10:01:849] INFO 📦 Creating new database at version 8
[2026-10-01 05:10:02:069] INFO 📝 Database write mode: WAL enabled, fsync disabled (recommended)
[2026-10-01 05:10:02:069] INFO 💼 Starting chain with block: empty state
[2026-10-01 05:10:02:112] INFO 📱 Running JSON-RPC server at http://0.0.0.0:9944/rpc/v0.9.0/ (allowed origins=["*"], supported versions=["/rpc/v0.7.1/", "/rpc/v0.8.1/", "/rpc/v0.9.0/"])
[2026-10-01 05:10:02:151] INFO 🌐 Initializing sync from gateway
[2026-10-01 05:10:02:152] INFO 📊 Database head status: latest_full_block=0, starting sync from block #0
[2026-10-01 05:10:02:155] WARN mc_gateway_client::methods Failed to get with StarknetError(StarknetError { code: BlockNotFound, message: "Pre-confirmed block with number 0 was not found. Current pre-confirmed block number is 1." }), retrying
[2026-10-01 05:10:02:844] WARN mc_gateway_client::methods Failed to get with StarknetError(StarknetError { code: BlockNotFound, message: "Pre-confirmed block with number 1 was not found. Current pre-confirmed block number is 2." }), retrying
[2026-10-01 05:10:02:946] WARN mc_gateway_client::methods Failed to get with StarknetError(StarknetError { code: BlockNotFound, message: "Pre-confirmed block with number 1 was not found. Current pre-confirmed block number is 2." }), retrying
[2026-10-01 05:10:03:149] WARN mc_gateway_client::methods Failed to get with StarknetError(StarknetError { code: BlockNotFound, message: "Pre-confirmed block with number 1 was not found. Current pre-confirmed block number is 2." }), retrying
[2026-10-01 05:10:05:153] INFO 📥 Blocks: 1 [0] | Classes: 1 [0] | State: 1 [0]
[2026-10-01 05:10:05:153] INFO 🔗 Sync is at 1/1 [0.67 blocks/s]
[2026-10-01 05:10:08:154] INFO 📥 Blocks: 1 [0] | Classes: 1 [0] | State: 1 [0]
[2026-10-01 05:10:08:154] INFO 🔗 Sync is at 1/1 [0.33 blocks/s]
[2026-10-01 05:10:08:678] WARN mc_gateway_client::methods Failed to get with StarknetError(StarknetError { code: BlockNotFound, message: "Pre-confirmed block with number 2 was not found. Current pre-confirmed block number is 3." }), retrying
[2026-10-01 05:10:08:780] WARN mc_gateway_client::methods Failed to get with StarknetError(StarknetError { code: BlockNotFound, message: "Pre-confirmed block with number 2 was not found. Current pre-confirmed block number is 3." }), retrying
[2026-10-01 05:10:08:982] WARN mc_gateway_client::methods Failed to get with StarknetError(StarknetError { code: BlockNotFound, message: "Pre-confirmed block with number 2 was not found. Current pre-confirmed block number is 3." }), retrying
[2026-10-01 05:10:11:153] INFO 📥 Blocks: 2 [0] | Classes: 2 [0] | State: 2 [0]
[2026-10-01 05:10:11:153] INFO 🔗 Sync is at 2/2 [0.33 blocks/s]
[2026-10-01 05:10:14:153] INFO 📥 Blocks: 2 [0] | Classes: 2 [0] | State: 2 [0]
[2026-10-01 05:10:14:153] INFO 🔗 Sync is at 2/2 [0.25 blocks/s]
[2026-10-01 05:10:14:690] WARN mc_gateway_client::methods Failed to get with StarknetError(StarknetError { code: BlockNotFound, message: "Pre-confirmed block with number 3 was not found. Current pre-confirmed block number is 4." }), retrying
[2026-10-01 05:10:14:792] WARN mc_gateway_client::methods Failed to get with StarknetError(StarknetError { code: BlockNotFound, message: "Pre-confirmed block with number 3 was not found. Current pre-confirmed block number is 4." }), retrying
[2026-10-01 05:10:14:994] WARN mc_gateway_client::methods Failed to get with StarknetError(StarknetError { code: BlockNotFound, message: "Pre-confirmed block with number 3 was not found. Current pre-confirmed block number is 4." }), retrying
[2026-10-01 05:10:17:153] INFO 📥 Blocks: 3 [0] | Classes: 3 [0] | State: 3 [0]
[2026-10-01 05:10:17:154] INFO 🔗 Sync is at 3/3 [0.27 blocks/s]
[2026-10-01 05:10:20:153] INFO 📥 Blocks: 3 [0] | Classes: 3 [0] | State: 3 [0]
[2026-10-01 05:10:20:153] INFO 🔗 Sync is at 3/3 [0.22 blocks/s]
[2026-10-01 05:10:20:699] WARN mc_gateway_client::methods Failed to get with StarknetError(StarknetError { code: BlockNotFound, message: "Pre-confirmed block with number 4 was not found. Current pre-confirmed block number is 5." }), retrying
[2026-10-01 05:10:20:801] WARN mc_gateway_client::methods Failed to get with StarknetError(StarknetError { code: BlockNotFound, message: "Pre-confirmed block with number 4 was not found. Current pre-confirmed block number is 5." }), retrying
[2026-10-01 05:10:21:002] WARN mc_gateway_client::methods Failed to get with StarknetError(StarknetError { code: BlockNotFound, message: "Pre-confirmed block with number 4 was not found. Current pre-confirmed block number is 5." }), retrying
[2026-10-01 05:10:23:153] INFO 📥 Blocks: 4 [0] | Classes: 4 [0] | State: 4 [0]
[2026-10-01 05:10:23:154] INFO 🔗 Sync is at 4/4 [0.24 blocks/s]
[2026-10-01 05:10:26:153] INFO 📥 Blocks: 4 [0] | Classes: 4 [0] | State: 4 [0]
[2026-10-01 05:10:26:154] INFO 🔗 Sync is at 4/4 [0.21 blocks/s]
[2026-10-01 05:10:26:711] WARN mc_gateway_client::methods Failed to get with StarknetError(StarknetError { code: BlockNotFound, message: "Pre-confirmed block with number 5 was not found. Current pre-confirmed block number is 6." }), retrying
[2026-10-01 05:10:26:813] WARN mc_gateway_client::methods Failed to get with StarknetError(StarknetError { code: BlockNotFound, message: "Pre-confirmed block with number 5 was not found. Current pre-confirmed block number is 6." }), retrying
[2026-10-01 05:10:27:015] WARN mc_gateway_client::methods Failed to get with StarknetError(StarknetError { code: BlockNotFound, message: "Pre-confirmed block with number 5 was not found. Current pre-confirmed block number is 6." }), retrying
[2026-10-01 05:10:29:153] INFO 📥 Blocks: 5 [0] | Classes: 5 [0] | State: 5 [0]
[2026-10-01 05:10:29:153] INFO 🔗 Sync is at 5/5 [0.22 blocks/s]
[2026-10-01 05:10:33:237] INFO 📥 Blocks: 5 [0] | Classes: 5 [0] | State: 5 [0]
[2026-10-01 05:10:33:237] INFO 🔗 Sync is at 5/5 [0.20 blocks/s]
[2026-10-01 05:10:33:808] WARN mc_gateway_client::methods Failed to get with StarknetError(StarknetError { code: BlockNotFound, message: "Pre-confirmed block with number 6 was not found. Current pre-confirmed block number is 7." }), retrying
[2026-10-01 05:10:33:910] WARN mc_gateway_client::methods Failed to get with StarknetError(StarknetError { code: BlockNotFound, message: "Pre-confirmed block with number 6 was not found. Current pre-confirmed block number is 7." }), retrying
[2026-10-01 05:10:34:112] WARN mc_gateway_client::methods Failed to get with StarknetError(StarknetError { code: BlockNotFound, message: "Pre-confirmed block with number 6 was not found. Current pre-confirmed block number is 7." }), retrying
[2026-10-01 05:10:36:237] INFO 📥 Blocks: 6 [0] | Classes: 6 [0] | State: 6 [0]
[2026-10-01 05:10:36:237] INFO 🔗 Sync is at 6/6 [0.21 blocks/s]
[2026-10-01 05:10:39:237] INFO 📥 Blocks: 6 [0] | Classes: 6 [0] | State: 6 [0]
[2026-10-01 05:10:39:237] INFO 🔗 Sync is at 6/6 [0.19 blocks/s]
[2026-10-01 05:10:39:817] WARN mc_gateway_client::methods Failed to get with StarknetError(StarknetError { code: BlockNotFound, message: "Pre-confirmed block with number 7 was not found. Current pre-confirmed block number is 8." }), retrying
[2026-10-01 05:10:39:918] WARN mc_gateway_client::methods Failed to get with StarknetError(StarknetError { code: BlockNotFound, message: "Pre-confirmed block with number 7 was not found. Current pre-confirmed block number is 8." }), retrying
[2026-10-01 05:10:40:120] WARN mc_gateway_client::methods Failed to get with StarknetError(StarknetError { code: BlockNotFound, message: "Pre-confirmed block with number 7 was not found. Current pre-confirmed block number is 8." }), retrying
[2026-10-01 05:10:42:237] INFO 📥 Blocks: 7 [0] | Classes: 7 [0] | State: 7 [0]
[2026-10-01 05:10:42:238] INFO 🔗 Sync is at 7/7 [0.21 blocks/s]
[2026-10-01 05:10:45:237] INFO 📥 Blocks: 7 [0] | Classes: 7 [0] | State: 7 [0]
[2026-10-01 05:10:45:237] INFO 🔗 Sync is at 7/7 [0.19 blocks/s]
[2026-10-01 05:10:45:827] WARN mc_gateway_client::methods Failed to get with StarknetError(StarknetError { code: BlockNotFound, message: "Pre-confirmed block with number 8 was not found. Current pre-confirmed block number is 9." }), retrying
[2026-10-01 05:10:45:929] WARN mc_gateway_client::methods Failed to get with StarknetError(StarknetError { code: BlockNotFound, message: "Pre-confirmed block with number 8 was not found. Current pre-confirmed block number is 9." }), retrying
[2026-10-01 05:10:46:130] WARN mc_gateway_client::methods Failed to get with StarknetError(StarknetError { code: BlockNotFound, message: "Pre-confirmed block with number 8 was not found. Current pre-confirmed block number is 9." }), retrying
[2026-10-01 05:10:48:237] INFO 📥 Blocks: 8 [0] | Classes: 8 [0] | State: 8 [0]
[2026-10-01 05:10:48:237] INFO 🔗 Sync is at 8/8 [0.20 blocks/s]
[2026-10-01 05:10:51:237] INFO 📥 Blocks: 8 [0] | Classes: 8 [0] | State: 8 [0]
[2026-10-01 05:10:51:238] INFO 🔗 Sync is at 8/8 [0.19 blocks/s]
[2026-10-01 05:10:51:836] WARN mc_gateway_client::methods Failed to get with StarknetError(StarknetError { code: BlockNotFound, message: "Pre-confirmed block with number 9 was not found. Current pre-confirmed block number is 10." }), retrying
[2026-10-01 05:10:51:938] WARN mc_gateway_client::methods Failed to get with StarknetError(StarknetError { code: BlockNotFound, message: "Pre-confirmed block with number 9 was not found. Current pre-confirmed block number is 10." }), retrying
[2026-10-01 05:10:52:140] WARN mc_gateway_client::methods Failed to get with StarknetError(StarknetError { code: BlockNotFound, message: "Pre-confirmed block with number 9 was not found. Current pre-confirmed block number is 10." }), retrying
[2026-10-01 05:10:54:237] INFO 📥 Blocks: 9 [0] | Classes: 9 [0] | State: 9 [0]
[2026-10-01 05:10:54:237] INFO 🔗 Sync is at 9/9 [0.20 blocks/s]
[2026-10-01 05:10:57:237] INFO 📥 Blocks: 9 [0] | Classes: 9 [0] | State: 9 [0]
[2026-10-01 05:10:57:237] INFO 🔗 Sync is at 9/9 [0.19 blocks/s]
[2026-10-01 05:10:57:847] WARN mc_gateway_client::methods Failed to get with StarknetError(StarknetError { code: BlockNotFound, message: "Pre-confirmed block with number 10 was not found. Current pre-confirmed block number is 11." }), retrying
[2026-10-01 05:10:57:949] WARN mc_gateway_client::methods Failed to get with StarknetError(StarknetError { code: BlockNotFound, message: "Pre-confirmed block with number 10 was not found. Current pre-confirmed block number is 11." }), retrying
[2026-10-01 05:10:58:151] WARN mc_gateway_client::methods Failed to get with StarknetError(StarknetError { code: BlockNotFound, message: "Pre-confirmed block with number 10 was not found. Current pre-confirmed block number is 11." }), retrying
[2026-10-01 05:11:00:237] INFO 📥 Blocks: 10 [0] | Classes: 10 [0] | State: 10 [0]
[2026-10-01 05:11:00:237] INFO 🔗 Sync is at 10/10 [0.19 blocks/s]
[2026-10-01 05:11:04:291] INFO 📥 Blocks: 10 [0] | Classes: 10 [0] | State: 10 [0]
[2026-10-01 05:11:04:291] INFO 🔗 Sync is at 10/10 [0.18 blocks/s]
[2026-10-01 05:11:04:910] WARN mc_gateway_client::methods Failed to get with StarknetError(StarknetError { code: BlockNotFound, message: "Pre-confirmed block with number 11 was not found. Current pre-confirmed block number is 12." }), retrying
[2026-10-01 05:11:05:012] WARN mc_gateway_client::methods Failed to get with StarknetError(StarknetError { code: BlockNotFound, message: "Pre-confirmed block with number 11 was not found. Current pre-confirmed block number is 12." }), retrying
[2026-10-01 05:11:05:213] WARN mc_gateway_client::methods Failed to get with StarknetError(StarknetError { code: BlockNotFound, message: "Pre-confirmed block with number 11 was not found. Current pre-confirmed block number is 12." }), retrying
[2026-10-01 05:11:07:291] INFO 📥 Blocks: 11 [0] | Classes: 11 [0] | State: 11 [0]
[2026-10-01 05:11:07:291] INFO 🔗 Sync is at 11/11 [0.19 blocks/s]
[2026-10-01 05:11:10:290] INFO 📥 Blocks: 11 [0] | Classes: 11 [0] | State: 11 [0]
[2026-10-01 05:11:10:290] INFO 🔗 Sync is at 11/11 [0.18 blocks/s]
[2026-10-01 05:11:10:917] WARN mc_gateway_client::methods Failed to get with StarknetError(StarknetError { code: BlockNotFound, message: "Pre-confirmed block with number 12 was not found. Current pre-confirmed block number is 13." }), retrying
[2026-10-01 05:11:11:019] WARN mc_gateway_client::methods Failed to get with StarknetError(StarknetError { code: BlockNotFound, message: "Pre-confirmed block with number 12 was not found. Current pre-confirmed block number is 13." }), retrying
[2026-10-01 05:11:11:221] WARN mc_gateway_client::methods Failed to get with StarknetError(StarknetError { code: BlockNotFound, message: "Pre-confirmed block with number 12 was not found. Current pre-confirmed block number is 13." }), retrying
[2026-10-01 05:11:13:291] INFO 📥 Blocks: 12 [0] | Classes: 12 [0] | State: 12 [0]
[2026-10-01 05:11:13:291] INFO 🔗 Sync is at 12/12 [0.19 blocks/s]
[2026-10-01 05:11:16:290] INFO 📥 Blocks: 12 [0] | Classes: 12 [0] | State: 12 [0]
[2026-10-01 05:11:16:290] INFO 🔗 Sync is at 12/12 [0.18 blocks/s]
[2026-10-01 05:11:16:927] WARN mc_gateway_client::methods Failed to get with StarknetError(StarknetError { code: BlockNotFound, message: "Pre-confirmed block with number 13 was not found. Current pre-confirmed block number is 14." }), retrying
[2026-10-01 05:11:17:028] WARN mc_gateway_client::methods Failed to get with StarknetError(StarknetError { code: BlockNotFound, message: "Pre-confirmed block with number 13 was not found. Current pre-confirmed block number is 14." }), retrying
[2026-10-01 05:11:17:230] WARN mc_gateway_client::methods Failed to get with StarknetError(StarknetError { code: BlockNotFound, message: "Pre-confirmed block with number 13 was not found. Current pre-confirmed block number is 14." }), retrying
[2026-10-01 05:11:19:291] INFO 📥 Blocks: 13 [0] | Classes: 13 [0] | State: 13 [0]
[2026-10-01 05:11:19:291] INFO 🔗 Sync is at 13/13 [0.19 blocks/s]
[2026-10-01 05:11:22:291] INFO 📥 Blocks: 13 [0] | Classes: 13 [0] | State: 13 [0]
[2026-10-01 05:11:22:291] INFO 🔗 Sync is at 13/13 [0.18 blocks/s]
[2026-10-01 05:11:22:937] WARN mc_gateway_client::methods Failed to get with StarknetError(StarknetError { code: BlockNotFound, message: "Pre-confirmed block with number 14 was not found. Current pre-confirmed block number is 15." }), retrying
[2026-10-01 05:11:23:039] WARN mc_gateway_client::methods Failed to get with StarknetError(StarknetError { code: BlockNotFound, message: "Pre-confirmed block with number 14 was not found. Current pre-confirmed block number is 15." }), retrying
[2026-10-01 05:11:23:241] WARN mc_gateway_client::methods Failed to get with StarknetError(StarknetError { code: BlockNotFound, message: "Pre-confirmed block with number 14 was not found. Current pre-confirmed block number is 15." }), retrying
[2026-10-01 05:11:25:291] INFO 📥 Blocks: 14 [0] | Classes: 14 [0] | State: 14 [0]
[2026-10-01 05:11:25:291] INFO 🔗 Sync is at 14/14 [0.19 blocks/s]
[2026-10-01 05:11:28:291] INFO 📥 Blocks: 14 [0] | Classes: 14 [0] | State: 14 [0]
[2026-10-01 05:11:28:291] INFO 🔗 Sync is at 14/14 [0.18 blocks/s]
[2026-10-01 05:11:28:949] WARN mc_gateway_client::methods Failed to get with StarknetError(StarknetError { code: BlockNotFound, message: "Pre-confirmed block with number 15 was not found. Current pre-confirmed block number is 16." }), retrying
[2026-10-01 05:11:29:050] WARN mc_gateway_client::methods Failed to get with StarknetError(StarknetError { code: BlockNotFound, message: "Pre-confirmed block with number 15 was not found. Current pre-confirmed block number is 16." }), retrying
[2026-10-01 05:11:29:252] WARN mc_gateway_client::methods Failed to get with StarknetError(StarknetError { code: BlockNotFound, message: "Pre-confirmed block with number 15 was not found. Current pre-confirmed block number is 16." }), retrying
[2026-10-01 05:11:31:291] INFO 📥 Blocks: 15 [0] | Classes: 15 [0] | State: 15 [0]
[2026-10-01 05:11:31:291] INFO 🔗 Sync is at 15/15 [0.18 blocks/s]
[2026-10-01 05:11:35:346] INFO 📥 Blocks: 15 [0] | Classes: 15 [0] | State: 15 [0]
[2026-10-01 05:11:35:346] INFO 🔗 Sync is at 15/15 [0.18 blocks/s]
[2026-10-01 05:11:36:016] WARN mc_gateway_client::methods Failed to get with StarknetError(StarknetError { code: BlockNotFound, message: "Pre-confirmed block with number 16 was not found. Current pre-confirmed block number is 17." }), retrying
[2026-10-01 05:11:36:118] WARN mc_gateway_client::methods Failed to get with StarknetError(StarknetError { code: BlockNotFound, message: "Pre-confirmed block with number 16 was not found. Current pre-confirmed block number is 17." }), retrying
[2026-10-01 05:11:36:319] WARN mc_gateway_client::methods Failed to get with StarknetError(StarknetError { code: BlockNotFound, message: "Pre-confirmed block with number 16 was not found. Current pre-confirmed block number is 17." }), retrying
[2026-10-01 05:11:38:346] INFO 📥 Blocks: 16 [0] | Classes: 16 [0] | State: 16 [0]
[2026-10-01 05:11:38:346] INFO 🔗 Sync is at 16/16 [0.18 blocks/s]
[2026-10-01 05:11:41:346] INFO 📥 Blocks: 16 [0] | Classes: 16 [0] | State: 16 [0]
[2026-10-01 05:11:41:346] INFO 🔗 Sync is at 16/16 [0.18 blocks/s]
[2026-10-01 05:11:42:023] WARN mc_gateway_client::methods Failed to get with StarknetError(StarknetError { code: BlockNotFound, message: "Pre-confirmed block with number 17 was not found. Current pre-confirmed block number is 18." }), retrying
[2026-10-01 05:11:42:125] WARN mc_gateway_client::methods Failed to get with StarknetError(StarknetError { code: BlockNotFound, message: "Pre-confirmed block with number 17 was not found. Current pre-confirmed block number is 18." }), retrying
[2026-10-01 05:11:42:326] WARN mc_gateway_client::methods Failed to get with StarknetError(StarknetError { code: BlockNotFound, message: "Pre-confirmed block with number 17 was not found. Current pre-confirmed block number is 18." }), retrying
[2026-10-01 05:11:44:346] INFO 📥 Blocks: 17 [0] | Classes: 17 [0] | State: 17 [0]
[2026-10-01 05:11:44:346] INFO 🔗 Sync is at 17/17 [0.18 blocks/s]
[2026-10-01 05:11:47:346] INFO 📥 Blocks: 17 [0] | Classes: 17 [0] | State: 17 [0]
[2026-10-01 05:11:47:346] INFO 🔗 Sync is at 17/17 [0.18 blocks/s]
[2026-10-01 05:11:48:035] WARN mc_gateway_client::methods Failed to get with StarknetError(StarknetError { code: BlockNotFound, message: "Pre-confirmed block with number 18 was not found. Current pre-confirmed block number is 19." }), retrying
[2026-10-01 05:11:48:137] WARN mc_gateway_client::methods Failed to get with StarknetError(StarknetError { code: BlockNotFound, message: "Pre-confirmed block with number 18 was not found. Current pre-confirmed block number is 19." }), retrying
[2026-10-01 05:11:48:339] WARN mc_gateway_client::methods Failed to get with StarknetError(StarknetError { code: BlockNotFound, message: "Pre-confirmed block with number 18 was not found. Current pre-confirmed block number is 19." }), retrying
[2026-10-01 05:11:50:346] INFO 📥 Blocks: 18 [0] | Classes: 18 [0] | State: 18 [0]
[2026-10-01 05:11:50:346] INFO 🔗 Sync is at 18/18 [0.18 blocks/s]
[2026-10-01 05:11:53:346] INFO 📥 Blocks: 18 [0] | Classes: 18 [0] | State: 18 [0]
[2026-10-01 05:11:53:346] INFO 🔗 Sync is at 18/18 [0.18 blocks/s]
[2026-10-01 05:11:54:040] WARN mc_gateway_client::methods Failed to get with StarknetError(StarknetError { code: BlockNotFound, message: "Pre-confirmed block with number 19 was not found. Current pre-confirmed block number is 20." }), retrying
[2026-10-01 05:11:54:142] WARN mc_gateway_client::methods Failed to get with StarknetError(StarknetError { code: BlockNotFound, message: "Pre-confirmed block with number 19 was not found. Current pre-confirmed block number is 20." }), retrying
[2026-10-01 05:11:54:343] WARN mc_gateway_client::methods Failed to get with StarknetError(StarknetError { code: BlockNotFound, message: "Pre-confirmed block with number 19 was not found. Current pre-confirmed block number is 20." }), retrying
[2026-10-01 05:11:56:346] INFO 📥 Blocks: 19 [0] | Classes: 19 [0] | State: 19 [0]
[2026-10-01 05:11:56:346] INFO 🔗 Sync is at 19/19 [0.18 blocks/s]
[2026-10-01 05:11:59:346] INFO 📥 Blocks: 19 [0] | Classes: 19 [0] | State: 19 [0]
[2026-10-01 05:11:59:346] INFO 🔗 Sync is at 19/19 [0.18 blocks/s]
[2026-10-01 05:12:00:051] WARN mc_gateway_client::methods Failed to get with StarknetError(StarknetError { code: BlockNotFound, message: "Pre-confirmed block with number 20 was not found. Current pre-confirmed block number is 21." }), retrying
[2026-10-01 05:12:00:153] WARN mc_gateway_client::methods Failed to get with StarknetError(StarknetError { code: BlockNotFound, message: "Pre-confirmed block with number 20 was not found. Current pre-confirmed block number is 21." }), retrying
[2026-10-01 05:12:00:354] WARN mc_gateway_client::methods Failed to get with StarknetError(StarknetError { code: BlockNotFound, message: "Pre-confirmed block with number 20 was not found. Current pre-confirmed block number is 21." }), retrying
[2026-10-01 05:12:02:346] INFO 📥 Blocks: 20 [0] | Classes: 20 [0] | State: 20 [0]
[2026-10-01 05:12:02:346] INFO 🔗 Sync is at 20/20 [0.18 blocks/s]
[2026-10-01 05:12:06:450] INFO 📥 Blocks: 20 [0] | Classes: 20 [0] | State: 20 [0]
[2026-10-01 05:12:06:450] INFO 🔗 Sync is at 20/20 [0.17 blocks/s]
[2026-10-01 05:12:07:169] WARN mc_gateway_client::methods Failed to get with StarknetError(StarknetError { code: BlockNotFound, message: "Pre-confirmed block with number 21 was not found. Current pre-confirmed block number is 22." }), retrying
[2026-10-01 05:12:07:271] WARN mc_gateway_client::methods Failed to get with StarknetError(StarknetError { code: BlockNotFound, message: "Pre-confirmed block with number 21 was not found. Current pre-confirmed block number is 22." }), retrying
[2026-10-01 05:12:07:473] WARN mc_gateway_client::methods Failed to get with StarknetError(StarknetError { code: BlockNotFound, message: "Pre-confirmed block with number 21 was not found. Current pre-confirmed block number is 22." }), retrying
[2026-10-01 05:12:09:449] INFO 📥 Blocks: 21 [0] | Classes: 21 [0] | State: 21 [0]
[2026-10-01 05:12:09:449] INFO 🔗 Sync is at 21/21 [0.18 blocks/s]
[2026-10-01 05:12:12:449] INFO 📥 Blocks: 21 [0] | Classes: 21 [0] | State: 21 [0]
[2026-10-01 05:12:12:449] INFO 🔗 Sync is at 21/21 [0.17 blocks/s]
[2026-10-01 05:12:13:172] WARN mc_gateway_client::methods Failed to get with StarknetError(StarknetError { code: BlockNotFound, message: "Pre-confirmed block with number 22 was not found. Current pre-confirmed block number is 23." }), retrying
[2026-10-01 05:12:13:274] WARN mc_gateway_client::methods Failed to get with StarknetError(StarknetError { code: BlockNotFound, message: "Pre-confirmed block with number 22 was not found. Current pre-confirmed block number is 23." }), retrying
[2026-10-01 05:12:13:476] WARN mc_gateway_client::methods Failed to get with StarknetError(StarknetError { code: BlockNotFound, message: "Pre-confirmed block with number 22 was not found. Current pre-confirmed block number is 23." }), retrying
[2026-10-01 05:12:15:449] INFO 📥 Blocks: 22 [0] | Classes: 22 [0] | State: 22 [0]
[2026-10-01 05:12:15:449] INFO 🔗 Sync is at 22/22 [0.18 blocks/s]
[2026-10-01 05:12:18:449] INFO 📥 Blocks: 22 [0] | Classes: 22 [0] | State: 22 [0]
[2026-10-01 05:12:18:449] INFO 🔗 Sync is at 22/22 [0.17 blocks/s]
[2026-10-01 05:12:19:187] WARN mc_gateway_client::methods Failed to get with StarknetError(StarknetError { code: BlockNotFound, message: "Pre-confirmed block with number 23 was not found. Current pre-confirmed block number is 24." }), retrying
[2026-10-01 05:12:19:289] WARN mc_gateway_client::methods Failed to get with StarknetError(StarknetError { code: BlockNotFound, message: "Pre-confirmed block with number 23 was not found. Current pre-confirmed block number is 24." }), retrying
[2026-10-01 05:12:19:494] WARN mc_gateway_client::methods Failed to get with StarknetError(StarknetError { code: BlockNotFound, message: "Pre-confirmed block with number 23 was not found. Current pre-confirmed block number is 24." }), retrying
[2026-10-01 05:12:21:449] INFO 📥 Blocks: 23 [0] | Classes: 23 [0] | State: 23 [0]
[2026-10-01 05:12:21:449] INFO 🔗 Sync is at 23/23 [0.18 blocks/s]
[2026-10-01 05:12:24:449] INFO 📥 Blocks: 23 [0] | Classes: 23 [0] | State: 23 [0]
[2026-10-01 05:12:24:449] INFO 🔗 Sync is at 23/23 [0.17 blocks/s]
[2026-10-01 05:12:24:894] WARN mc_gateway_client::methods Failed to get with StarknetError(StarknetError { code: BlockNotFound, message: "Pre-confirmed block with number 24 was not found. Current pre-confirmed block number is 25." }), retrying
[2026-10-01 05:12:24:996] WARN mc_gateway_client::methods Failed to get with StarknetError(StarknetError { code: BlockNotFound, message: "Pre-confirmed block with number 24 was not found. Current pre-confirmed block number is 25." }), retrying
[2026-10-01 05:12:25:198] WARN mc_gateway_client::methods Failed to get with StarknetError(StarknetError { code: BlockNotFound, message: "Pre-confirmed block with number 24 was not found. Current pre-confirmed block number is 25." }), retrying
[2026-10-01 05:12:25:599] WARN mc_gateway_client::methods Failed to get with StarknetError(StarknetError { code: BlockNotFound, message: "Pre-confirmed block with number 24 was not found. Current pre-confirmed block number is 25." }), retrying
[2026-10-01 05:12:27:449] INFO 📥 Blocks: 24 [0] | Classes: 24 [0] | State: 24 [0]
[2026-10-01 05:12:27:449] INFO 🔗 Sync is at 24/24 [0.18 blocks/s]
[2026-10-01 05:12:30:449] INFO 📥 Blocks: 24 [0] | Classes: 24 [0] | State: 24 [0]
[2026-10-01 05:12:30:449] INFO 🔗 Sync is at 24/24 [0.17 blocks/s]
[2026-10-01 05:12:31:209] WARN mc_gateway_client::methods Failed to get with StarknetError(StarknetError { code: BlockNotFound, message: "Pre-confirmed block with number 25 was not found. Current pre-confirmed block number is 26." }), retrying
[2026-10-01 05:12:31:311] WARN mc_gateway_client::methods Failed to get with StarknetError(StarknetError { code: BlockNotFound, message: "Pre-confirmed block with number 25 was not found. Current pre-confirmed block number is 26." }), retrying
[2026-10-01 05:12:31:512] WARN mc_gateway_client::methods Failed to get with StarknetError(StarknetError { code: BlockNotFound, message: "Pre-confirmed block with number 25 was not found. Current pre-confirmed block number is 26." }), retrying
[2026-10-01 05:12:33:449] INFO 📥 Blocks: 25 [0] | Classes: 25 [0] | State: 25 [0]
[2026-10-01 05:12:33:449] INFO 🔗 Sync is at 25/25 [0.18 blocks/s]
[2026-10-01 05:12:37:526] INFO 📥 Blocks: 25 [0] | Classes: 25 [0] | State: 25 [0]
[2026-10-01 05:12:37:526] INFO 🔗 Sync is at 25/25 [0.17 blocks/s]
[2026-10-01 05:12:38:292] WARN mc_gateway_client::methods Failed to get with StarknetError(StarknetError { code: BlockNotFound, message: "Pre-confirmed block with number 26 was not found. Current pre-confirmed block number is 27." }), retrying
[2026-10-01 05:12:38:394] WARN mc_gateway_client::methods Failed to get with StarknetError(StarknetError { code: BlockNotFound, message: "Pre-confirmed block with number 26 was not found. Current pre-confirmed block number is 27." }), retrying
[2026-10-01 05:12:38:596] WARN mc_gateway_client::methods Failed to get with StarknetError(StarknetError { code: BlockNotFound, message: "Pre-confirmed block with number 26 was not found. Current pre-confirmed block number is 27." }), retrying
[2026-10-01 05:12:40:526] INFO 📥 Blocks: 26 [0] | Classes: 26 [0] | State: 26 [0]
[2026-10-01 05:12:40:526] INFO 🔗 Sync is at 26/26 [0.18 blocks/s]
[2026-10-01 05:12:43:526] INFO 📥 Blocks: 26 [0] | Classes: 26 [0] | State: 26 [0]
[2026-10-01 05:12:43:526] INFO 🔗 Sync is at 26/26 [0.17 blocks/s]
[2026-10-01 05:12:44:299] WARN mc_gateway_client::methods Failed to get with StarknetError(StarknetError { code: BlockNotFound, message: "Pre-confirmed block with number 27 was not found. Current pre-confirmed block number is 28." }), retrying
[2026-10-01 05:12:44:401] WARN mc_gateway_client::methods Failed to get with StarknetError(StarknetError { code: BlockNotFound, message: "Pre-confirmed block with number 27 was not found. Current pre-confirmed block number is 28." }), retrying
[2026-10-01 05:12:44:602] WARN mc_gateway_client::methods Failed to get with StarknetError(StarknetError { code: BlockNotFound, message: "Pre-confirmed block with number 27 was not found. Current pre-confirmed block number is 28." }), retrying
[2026-10-01 05:12:46:526] INFO 📥 Blocks: 27 [0] | Classes: 27 [0] | State: 27 [0]
[2026-10-01 05:12:46:526] INFO 🔗 Sync is at 27/27 [0.18 blocks/s]
[2026-10-01 05:12:49:526] INFO 📥 Blocks: 27 [0] | Classes: 27 [0] | State: 27 [0]
[2026-10-01 05:12:49:526] INFO 🔗 Sync is at 27/27 [0.17 blocks/s]
[2026-10-01 05:12:50:311] WARN mc_gateway_client::methods Failed to get with StarknetError(StarknetError { code: BlockNotFound, message: "Pre-confirmed block with number 28 was not found. Current pre-confirmed block number is 29." }), retrying
[2026-10-01 05:12:50:413] WARN mc_gateway_client::methods Failed to get with StarknetError(StarknetError { code: BlockNotFound, message: "Pre-confirmed block with number 28 was not found. Current pre-confirmed block number is 29." }), retrying
[2026-10-01 05:12:50:615] WARN mc_gateway_client::methods Failed to get with StarknetError(StarknetError { code: BlockNotFound, message: "Pre-confirmed block with number 28 was not found. Current pre-confirmed block number is 29." }), retrying
[2026-10-01 05:12:52:526] INFO 📥 Blocks: 28 [0] | Classes: 28 [0] | State: 28 [0]
[2026-10-01 05:12:52:526] INFO 🔗 Sync is at 28/28 [0.18 blocks/s]
[2026-10-01 05:12:55:526] INFO 📥 Blocks: 28 [0] | Classes: 28 [0] | State: 28 [0]
[2026-10-01 05:12:55:526] INFO 🔗 Sync is at 28/28 [0.17 blocks/s]
[2026-10-01 05:12:56:322] WARN mc_gateway_client::methods Failed to get with StarknetError(StarknetError { code: BlockNotFound, message: "Pre-confirmed block with number 29 was not found. Current pre-confirmed block number is 30." }), retrying
[2026-10-01 05:12:56:424] WARN mc_gateway_client::methods Failed to get with StarknetError(StarknetError { code: BlockNotFound, message: "Pre-confirmed block with number 29 was not found. Current pre-confirmed block number is 30." }), retrying
[2026-10-01 05:12:56:625] WARN mc_gateway_client::methods Failed to get with StarknetError(StarknetError { code: BlockNotFound, message: "Pre-confirmed block with number 29 was not found. Current pre-confirmed block number is 30." }), retrying
[2026-10-01 05:12:58:526] INFO 📥 Blocks: 29 [0] | Classes: 29 [0] | State: 29 [0]
[2026-10-01 05:12:58:526] INFO 🔗 Sync is at 29/29 [0.18 blocks/s]
[2026-10-01 05:13:01:526] INFO 📥 Blocks: 29 [0] | Classes: 29 [0] | State: 29 [0]
[2026-10-01 05:13:01:526] INFO 🔗 Sync is at 29/29 [0.17 blocks/s]
[2026-10-01 05:13:01:832] WARN mc_gateway_client::methods Failed to get with StarknetError(StarknetError { code: BlockNotFound, message: "Pre-confirmed block with number 30 was not found. Current pre-confirmed block number is 31." }), retrying
[2026-10-01 05:13:01:933] WARN mc_gateway_client::methods Failed to get with StarknetError(StarknetError { code: BlockNotFound, message: "Pre-confirmed block with number 30 was not found. Current pre-confirmed block number is 31." }), retrying
[2026-10-01 05:13:02:135] WARN mc_gateway_client::methods Failed to get with StarknetError(StarknetError { code: BlockNotFound, message: "Pre-confirmed block with number 30 was not found. Current pre-confirmed block number is 31." }), retrying
[2026-10-01 05:13:02:537] WARN mc_gateway_client::methods Failed to get with StarknetError(StarknetError { code: BlockNotFound, message: "Pre-confirmed block with number 30 was not found. Current pre-confirmed block number is 31." }), retrying
[2026-10-01 05:13:04:525] INFO 📥 Blocks: 30 [0] | Classes: 30 [0] | State: 30 [0]
[2026-10-01 05:13:04:526] INFO 🔗 Sync is at 30/30 [0.18 blocks/s]
[2026-10-01 05:13:08:573] INFO 📥 Blocks: 30 [0] | Classes: 30 [0] | State: 30 [0]
[2026-10-01 05:13:08:573] INFO 🔗 Sync is at 30/30 [0.17 blocks/s]
[2026-10-01 05:13:08:887] WARN mc_gateway_client::methods Failed to get with StarknetError(StarknetError { code: BlockNotFound, message: "Pre-confirmed block with number 31 was not found. Current pre-confirmed block number is 32." }), retrying
[2026-10-01 05:13:08:988] WARN mc_gateway_client::methods Failed to get with StarknetError(StarknetError { code: BlockNotFound, message: "Pre-confirmed block with number 31 was not found. Current pre-confirmed block number is 32." }), retrying
[2026-10-01 05:13:09:190] WARN mc_gateway_client::methods Failed to get with StarknetError(StarknetError { code: BlockNotFound, message: "Pre-confirmed block with number 31 was not found. Current pre-confirmed block number is 32." }), retrying
[2026-10-01 05:13:09:592] WARN mc_gateway_client::methods Failed to get with StarknetError(StarknetError { code: BlockNotFound, message: "Pre-confirmed block with number 31 was not found. Current pre-confirmed block number is 32." }), retrying
[2026-10-01 05:13:11:573] INFO 📥 Blocks: 31 [0] | Classes: 31 [0] | State: 31 [0]
[2026-10-01 05:13:11:573] INFO 🔗 Sync is at 31/31 [0.17 blocks/s]
[2026-10-01 05:13:14:573] INFO 📥 Blocks: 31 [0] | Classes: 31 [0] | State: 31 [0]
[2026-10-01 05:13:14:573] INFO 🔗 Sync is at 31/31 [0.17 blocks/s]
[2026-10-01 05:13:17:573] INFO 📥 Blocks: 32 [0] | Classes: 32 [0] | State: 32 [0]
[2026-10-01 05:13:17:573] INFO 🔗 Sync is at 32/32 [0.17 blocks/s]
[2026-10-01 05:13:20:573] INFO 📥 Blocks: 32 [0] | Classes: 32 [0] | State: 32 [0]
[2026-10-01 05:13:20:573] INFO 🔗 Sync is at 32/32 [0.17 blocks/s]
[2026-10-01 05:13:23:573] INFO 📥 Blocks: 33 [0] | Classes: 33 [0] | State: 33 [0]
[2026-10-01 05:13:23:573] INFO 🔗 Sync is at 33/33 [0.17 blocks/s]
[2026-10-01 05:13:26:573] INFO 📥 Blocks: 33 [0] | Classes: 33 [0] | State: 33 [0]
[2026-10-01 05:13:26:573] INFO 🔗 Sync is at 33/33 [0.17 blocks/s]
[2026-10-01 05:13:29:573] INFO 📥 Blocks: 34 [0] | Classes: 34 [0] | State: 34 [0]
[2026-10-01 05:13:29:573] INFO 🔗 Sync is at 34/34 [0.17 blocks/s]
[2026-10-01 05:13:32:573] INFO 📥 Blocks: 34 [0] | Classes: 34 [0] | State: 34 [0]
[2026-10-01 05:13:32:573] INFO 🔗 Sync is at 34/34 [0.17 blocks/s]
[2026-10-01 05:13:35:573] INFO 📥 Blocks: 35 [0] | Classes: 35 [0] | State: 35 [0]
[2026-10-01 05:13:35:573] INFO 🔗 Sync is at 35/35 [0.17 blocks/s]
[2026-10-01 05:13:39:638] INFO 📥 Blocks: 35 [0] | Classes: 35 [0] | State: 35 [0]
[2026-10-01 05:13:39:638] INFO 🔗 Sync is at 35/35 [0.17 blocks/s]
[2026-10-01 05:13:42:638] INFO 📥 Blocks: 36 [0] | Classes: 36 [0] | State: 36 [0]
[2026-10-01 05:13:42:638] INFO 🔗 Sync is at 36/36 [0.17 blocks/s]
[2026-10-01 05:13:45:638] INFO 📥 Blocks: 36 [0] | Classes: 36 [0] | State: 36 [0]
[2026-10-01 05:13:45:638] INFO 🔗 Sync is at 36/36 [0.17 blocks/s]
[2026-10-01 05:13:48:637] INFO 📥 Blocks: 37 [0] | Classes: 37 [0] | State: 37 [0]
[2026-10-01 05:13:48:637] INFO 🔗 Sync is at 37/37 [0.17 blocks/s]
[2026-10-01 05:13:51:638] INFO 📥 Blocks: 37 [0] | Classes: 37 [0] | State: 37 [0]
[2026-10-01 05:13:51:638] INFO 🔗 Sync is at 37/37 [0.17 blocks/s]
[2026-10-01 05:13:54:637] INFO 📥 Blocks: 38 [0] | Classes: 38 [0] | State: 38 [0]
[2026-10-01 05:13:54:637] INFO 🔗 Sync is at 38/38 [0.17 blocks/s]
[2026-10-01 05:13:57:638] INFO 📥 Blocks: 38 [0] | Classes: 38 [0] | State: 38 [0]
[2026-10-01 05:13:57:638] INFO 🔗 Sync is at 38/38 [0.17 blocks/s]
[2026-10-01 05:14:00:638] INFO 📥 Blocks: 39 [0] | Classes: 39 [0] | State: 39 [0]
[2026-10-01 05:14:00:638] INFO 🔗 Sync is at 39/39 [0.17 blocks/s]
[2026-10-01 05:14:03:638] INFO 📥 Blocks: 39 [0] | Classes: 39 [0] | State: 39 [0]
[2026-10-01 05:14:03:638] INFO 🔗 Sync is at 39/39 [0.17 blocks/s]
[2026-10-01 05:14:06:637] INFO 📥 Blocks: 40 [0] | Classes: 40 [0] | State: 40 [0]
[2026-10-01 05:14:06:637] INFO 🔗 Sync is at 40/40 [0.17 blocks/s]
[2026-10-01 05:14:10:728] INFO 📥 Blocks: 40 [0] | Classes: 40 [0] | State: 40 [0]
[2026-10-01 05:14:10:728] INFO 🔗 Sync is at 40/40 [0.17 blocks/s]
[2026-10-01 05:14:13:728] INFO 📥 Blocks: 41 [0] | Classes: 41 [0] | State: 41 [0]
[2026-10-01 05:14:13:728] INFO 🔗 Sync is at 41/41 [0.17 blocks/s]
[2026-10-01 05:14:16:728] INFO 📥 Blocks: 41 [0] | Classes: 41 [0] | State: 41 [0]
[2026-10-01 05:14:16:728] INFO 🔗 Sync is at 41/41 [0.17 blocks/s]
[2026-10-01 05:14:19:728] INFO 📥 Blocks: 42 [0] | Classes: 42 [0] | State: 42 [0]
[2026-10-01 05:14:19:728] INFO 🔗 Sync is at 42/42 [0.17 blocks/s]
[2026-10-01 05:14:22:728] INFO 📥 Blocks: 42 [0] | Classes: 42 [0] | State: 42 [0]
[2026-10-01 05:14:22:728] INFO 🔗 Sync is at 42/42 [0.17 blocks/s]
[2026-10-01 05:14:25:728] INFO 📥 Blocks: 43 [0] | Classes: 43 [0] | State: 43 [0]
[2026-10-01 05:14:25:728] INFO 🔗 Sync is at 43/43 [0.17 blocks/s]
[2026-10-01 05:14:28:728] INFO 📥 Blocks: 43 [0] | Classes: 43 [0] | State: 43 [0]
[2026-10-01 05:14:28:728] INFO 🔗 Sync is at 43/43 [0.17 blocks/s]
[2026-10-01 05:14:31:728] INFO 📥 Blocks: 44 [0] | Classes: 44 [0] | State: 44 [0]
[2026-10-01 05:14:31:728] INFO 🔗 Sync is at 44/44 [0.17 blocks/s]
[2026-10-01 05:14:34:728] INFO 📥 Blocks: 44 [0] | Classes: 44 [0] | State: 44 [0]
[2026-10-01 05:14:34:728] INFO 🔗 Sync is at 44/44 [0.17 blocks/s]
[2026-10-01 05:14:37:728] INFO 📥 Blocks: 45 [0] | Classes: 45 [0] | State: 45 [0]
[2026-10-01 05:14:37:728] INFO 🔗 Sync is at 45/45 [0.17 blocks/s]
[2026-10-01 05:14:41:823] INFO 📥 Blocks: 45 [0] | Classes: 45 [0] | State: 45 [0]
[2026-10-01 05:14:41:823] INFO 🔗 Sync is at 45/45 [0.17 blocks/s]
[2026-10-01 05:14:44:823] INFO 📥 Blocks: 46 [0] | Classes: 46 [0] | State: 46 [0]
[2026-10-01 05:14:44:823] INFO 🔗 Sync is at 46/46 [0.17 blocks/s]
[2026-10-01 05:14:47:823] INFO 📥 Blocks: 46 [0] | Classes: 46 [0] | State: 46 [0]
[2026-10-01 05:14:47:823] INFO 🔗 Sync is at 46/46 [0.17 blocks/s]
[2026-10-01 05:14:50:823] INFO 📥 Blocks: 47 [0] | Classes: 47 [0] | State: 47 [0]
[2026-10-01 05:14:50:823] INFO 🔗 Sync is at 47/47 [0.17 blocks/s]
[2026-10-01 05:14:53:823] INFO 📥 Blocks: 47 [0] | Classes: 47 [0] | State: 47 [0]
[2026-10-01 05:14:53:823] INFO 🔗 Sync is at 47/47 [0.17 blocks/s]
[2026-10-01 05:14:56:823] INFO 📥 Blocks: 48 [0] | Classes: 48 [0] | State: 48 [0]
[2026-10-01 05:14:56:823] INFO 🔗 Sync is at 48/48 [0.17 blocks/s]
[2026-10-01 05:14:59:823] INFO 📥 Blocks: 48 [0] | Classes: 48 [0] | State: 48 [0]
[2026-10-01 05:14:59:823] INFO 🔗 Sync is at 48/48 [0.17 blocks/s]
[2026-10-01 05:15:02:822] INFO 📥 Blocks: 49 [0] | Classes: 49 [0] | State: 49 [0]
[2026-10-01 05:15:02:822] INFO 🔗 Sync is at 49/49 [0.17 blocks/s]
[2026-10-01 05:15:05:822] INFO 📥 Blocks: 49 [0] | Classes: 49 [0] | State: 49 [0]
[2026-10-01 05:15:05:822] INFO 🔗 Sync is at 49/49 [0.17 blocks/s]
[2026-10-01 05:15:08:823] INFO 📥 Blocks: 50 [0] | Classes: 50 [0] | State: 50 [0]
[2026-10-01 05:15:08:823] INFO 🔗 Sync is at 50/50 [0.17 blocks/s]
[2026-10-01 05:15:12:885] INFO 📥 Blocks: 50 [0] | Classes: 50 [0] | State: 50 [0]
[2026-10-01 05:15:12:885] INFO 🔗 Sync is at 50/50 [0.16 blocks/s]
[2026-10-01 05:15:15:885] INFO 📥 Blocks: 51 [0] | Classes: 51 [0] | State: 51 [0]
[2026-10-01 05:15:15:885] INFO 🔗 Sync is at 51/51 [0.17 blocks/s]
[2026-10-01 05:15:18:885] INFO 📥 Blocks: 51 [0] | Classes: 51 [0] | State: 51 [0]
[2026-10-01 05:15:18:885] INFO 🔗 Sync is at 51/51 [0.17 blocks/s]
[2026-10-01 05:15:21:886] INFO 📥 Blocks: 52 [0] | Classes: 52 [0] | State: 52 [0]
[2026-10-01 05:15:21:886] INFO 🔗 Sync is at 52/52 [0.17 blocks/s]
[2026-10-01 05:15:24:885] INFO 📥 Blocks: 52 [0] | Classes: 52 [0] | State: 52 [0]
[2026-10-01 05:15:24:885] INFO 🔗 Sync is at 52/52 [0.17 blocks/s]
[2026-10-01 05:15:27:885] INFO 📥 Blocks: 53 [0] | Classes: 53 [0] | State: 53 [0]
[2026-10-01 05:15:27:885] INFO 🔗 Sync is at 53/53 [0.17 blocks/s]
[2026-10-01 05:15:30:885] INFO 📥 Blocks: 53 [0] | Classes: 53 [0] | State: 53 [0]
[2026-10-01 05:15:30:885] INFO 🔗 Sync is at 53/53 [0.17 blocks/s]
[2026-10-01 05:15:33:885] INFO 📥 Blocks: 54 [0] | Classes: 54 [0] | State: 54 [0]
[2026-10-01 05:15:33:885] INFO 🔗 Sync is at 54/54 [0.17 blocks/s]
[2026-10-01 05:15:36:886] INFO 📥 Blocks: 54 [0] | Classes: 54 [0] | State: 54 [0]
[2026-10-01 05:15:36:886] INFO 🔗 Sync is at 54/54 [0.17 blocks/s]
[2026-10-01 05:15:39:885] INFO 📥 Blocks: 55 [0] | Classes: 55 [0] | State: 55 [0]
[2026-10-01 05:15:39:885] INFO 🔗 Sync is at 55/55 [0.17 blocks/s]
[2026-10-01 05:15:43:951] INFO 📥 Blocks: 55 [0] | Classes: 55 [0] | State: 55 [0]
[2026-10-01 05:15:43:951] INFO 🔗 Sync is at 55/55 [0.17 blocks/s]
[2026-10-01 05:15:46:951] INFO 📥 Blocks: 56 [0] | Classes: 56 [0] | State: 56 [0]
[2026-10-01 05:15:46:951] INFO 🔗 Sync is at 56/56 [0.17 blocks/s]
[2026-10-01 05:15:49:951] INFO 📥 Blocks: 56 [0] | Classes: 56 [0] | State: 56 [0]
[2026-10-01 05:15:49:951] INFO 🔗 Sync is at 56/56 [0.17 blocks/s]
[2026-10-01 05:15:50:307] WARN mc_gateway_client::methods Failed to get with StarknetError(StarknetError { code: BlockNotFound, message: "Pre-confirmed block with number 57 was not found. Current pre-confirmed block number is 58." }), retrying
[2026-10-01 05:15:50:409] WARN mc_gateway_client::methods Failed to get with StarknetError(StarknetError { code: BlockNotFound, message: "Pre-confirmed block with number 57 was not found. Current pre-confirmed block number is 58." }), retrying
[2026-10-01 05:15:52:951] INFO 📥 Blocks: 57 [0] | Classes: 57 [0] | State: 57 [0]
[2026-10-01 05:15:52:952] INFO 🔗 Sync is at 57/57 [0.17 blocks/s]
[2026-10-01 05:15:55:951] INFO 📥 Blocks: 57 [0] | Classes: 57 [0] | State: 57 [0]
[2026-10-01 05:15:55:951] INFO 🔗 Sync is at 57/57 [0.17 blocks/s]
[2026-10-01 05:15:58:951] INFO 📥 Blocks: 58 [0] | Classes: 58 [0] | State: 58 [0]
[2026-10-01 05:15:58:951] INFO 🔗 Sync is at 58/58 [0.17 blocks/s]
[2026-10-01 05:16:01:951] INFO 📥 Blocks: 58 [0] | Classes: 58 [0] | State: 58 [0]
[2026-10-01 05:16:01:951] INFO 🔗 Sync is at 58/58 [0.17 blocks/s]
[2026-10-01 05:16:04:951] INFO 📥 Blocks: 59 [0] | Classes: 59 [0] | State: 59 [0]
[2026-10-01 05:16:04:951] INFO 🔗 Sync is at 59/59 [0.17 blocks/s]
[2026-10-01 05:16:07:952] INFO 📥 Blocks: 59 [0] | Classes: 59 [0] | State: 59 [0]
[2026-10-01 05:16:07:952] INFO 🔗 Sync is at 59/59 [0.17 blocks/s]
[2026-10-01 05:16:10:952] INFO 📥 Blocks: 60 [0] | Classes: 60 [0] | State: 60 [0]
[2026-10-01 05:16:10:952] INFO 🔗 Sync is at 60/60 [0.17 blocks/s]
[2026-10-01 05:16:15:037] INFO 📥 Blocks: 60 [0] | Classes: 60 [0] | State: 60 [0]
[2026-10-01 05:16:15:037] INFO 🔗 Sync is at 60/60 [0.17 blocks/s]
[2026-10-01 05:16:18:037] INFO 📥 Blocks: 61 [0] | Classes: 61 [0] | State: 61 [0]
[2026-10-01 05:16:18:037] INFO 🔗 Sync is at 61/61 [0.17 blocks/s]
[2026-10-01 05:16:21:036] INFO 📥 Blocks: 61 [0] | Classes: 61 [0] | State: 61 [0]
[2026-10-01 05:16:21:036] INFO 🔗 Sync is at 61/61 [0.17 blocks/s]
[2026-10-01 05:16:24:037] INFO 📥 Blocks: 62 [0] | Classes: 62 [0] | State: 62 [0]
[2026-10-01 05:16:24:037] INFO 🔗 Sync is at 62/62 [0.17 blocks/s]
[2026-10-01 05:16:27:036] INFO 📥 Blocks: 62 [0] | Classes: 62 [0] | State: 62 [0]
[2026-10-01 05:16:27:036] INFO 🔗 Sync is at 62/62 [0.17 blocks/s]
[2026-10-01 05:16:30:037] INFO 📥 Blocks: 63 [0] | Classes: 63 [0] | State: 63 [0]
[2026-10-01 05:16:30:037] INFO 🔗 Sync is at 63/63 [0.17 blocks/s]
[2026-10-01 05:16:33:036] INFO 📥 Blocks: 63 [0] | Classes: 63 [0] | State: 63 [0]
[2026-10-01 05:16:33:036] INFO 🔗 Sync is at 63/63 [0.17 blocks/s]
[2026-10-01 05:16:36:037] INFO 📥 Blocks: 64 [0] | Classes: 64 [0] | State: 64 [0]
[2026-10-01 05:16:36:037] INFO 🔗 Sync is at 64/64 [0.17 blocks/s]
[2026-10-01 05:16:39:037] INFO 📥 Blocks: 64 [0] | Classes: 64 [0] | State: 64 [0]
[2026-10-01 05:16:39:037] INFO 🔗 Sync is at 64/64 [0.17 blocks/s]
[2026-10-01 05:16:42:037] INFO 📥 Blocks: 65 [0] | Classes: 65 [0] | State: 65 [0]
[2026-10-01 05:16:42:037] INFO 🔗 Sync is at 65/65 [0.17 blocks/s]
[2026-10-01 05:16:46:151] INFO 📥 Blocks: 65 [0] | Classes: 65 [0] | State: 65 [0]
[2026-10-01 05:16:46:151] INFO 🔗 Sync is at 65/65 [0.17 blocks/s]
[2026-10-01 05:16:49:150] INFO 📥 Blocks: 66 [0] | Classes: 66 [0] | State: 66 [0]
[2026-10-01 05:16:49:150] INFO 🔗 Sync is at 66/66 [0.17 blocks/s]
[2026-10-01 05:16:52:151] INFO 📥 Blocks: 66 [0] | Classes: 66 [0] | State: 66 [0]
[2026-10-01 05:16:52:151] INFO 🔗 Sync is at 66/66 [0.17 blocks/s]
[2026-10-01 05:16:55:150] INFO 📥 Blocks: 67 [0] | Classes: 67 [0] | State: 67 [0]
[2026-10-01 05:16:55:150] INFO 🔗 Sync is at 67/67 [0.17 blocks/s]
[2026-10-01 05:16:58:151] INFO 📥 Blocks: 67 [0] | Classes: 67 [0] | State: 67 [0]
[2026-10-01 05:16:58:151] INFO 🔗 Sync is at 67/67 [0.17 blocks/s]
[2026-10-01 05:17:01:151] INFO 📥 Blocks: 68 [0] | Classes: 68 [0] | State: 68 [0]
[2026-10-01 05:17:01:151] INFO 🔗 Sync is at 68/68 [0.17 blocks/s]
[2026-10-01 05:17:04:151] INFO 📥 Blocks: 68 [0] | Classes: 68 [0] | State: 68 [0]
[2026-10-01 05:17:04:151] INFO 🔗 Sync is at 68/68 [0.17 blocks/s]
[2026-10-01 05:17:07:151] INFO 📥 Blocks: 69 [0] | Classes: 69 [0] | State: 69 [0]
[2026-10-01 05:17:07:151] INFO 🔗 Sync is at 69/69 [0.17 blocks/s]
[2026-10-01 05:17:10:150] INFO 📥 Blocks: 69 [0] | Classes: 69 [0] | State: 69 [0]
[2026-10-01 05:17:10:150] INFO 🔗 Sync is at 69/69 [0.17 blocks/s]
[2026-10-01 05:17:10:522] WARN mc_gateway_client::methods Failed to get with StarknetError(StarknetError { code: BlockNotFound, message: "Pre-confirmed block with number 70 was not found. Current pre-confirmed block number is 71." }), retrying
[2026-10-01 05:17:10:624] WARN mc_gateway_client::methods Failed to get with StarknetError(StarknetError { code: BlockNotFound, message: "Pre-confirmed block with number 70 was not found. Current pre-confirmed block number is 71." }), retrying
[2026-10-01 05:17:10:825] WARN mc_gateway_client::methods Failed to get with StarknetError(StarknetError { code: BlockNotFound, message: "Pre-confirmed block with number 70 was not found. Current pre-confirmed block number is 71." }), retrying
[2026-10-01 05:17:13:151] INFO 📥 Blocks: 70 [0] | Classes: 70 [0] | State: 70 [0]
[2026-10-01 05:17:13:151] INFO 🔗 Sync is at 70/70 [0.17 blocks/s]
[2026-10-01 05:17:17:216] INFO 📥 Blocks: 70 [0] | Classes: 70 [0] | State: 70 [0]
[2026-10-01 05:17:17:216] INFO 🔗 Sync is at 70/70 [0.17 blocks/s]
[2026-10-01 05:17:20:217] INFO 📥 Blocks: 71 [0] | Classes: 71 [0] | State: 71 [0]
[2026-10-01 05:17:20:217] INFO 🔗 Sync is at 71/71 [0.17 blocks/s]
[2026-10-01 05:17:23:217] INFO 📥 Blocks: 71 [0] | Classes: 71 [0] | State: 71 [0]
[2026-10-01 05:17:23:217] INFO 🔗 Sync is at 71/71 [0.17 blocks/s]
[2026-10-01 05:17:26:217] INFO 📥 Blocks: 72 [0] | Classes: 72 [0] | State: 72 [0]
[2026-10-01 05:17:26:217] INFO 🔗 Sync is at 72/72 [0.17 blocks/s]
[2026-10-01 05:17:29:217] INFO 📥 Blocks: 72 [0] | Classes: 72 [0] | State: 72 [0]
[2026-10-01 05:17:29:217] INFO 🔗 Sync is at 72/72 [0.17 blocks/s]
[2026-10-01 05:17:32:217] INFO 📥 Blocks: 73 [0] | Classes: 73 [0] | State: 73 [0]
[2026-10-01 05:17:32:217] INFO 🔗 Sync is at 73/73 [0.17 blocks/s]
[2026-10-01 05:17:35:217] INFO 📥 Blocks: 73 [0] | Classes: 73 [0] | State: 73 [0]
[2026-10-01 05:17:35:217] INFO 🔗 Sync is at 73/73 [0.17 blocks/s]
[2026-10-01 05:17:38:217] INFO 📥 Blocks: 74 [0] | Classes: 74 [0] | State: 74 [0]
[2026-10-01 05:17:38:217] INFO 🔗 Sync is at 74/74 [0.17 blocks/s]
[2026-10-01 05:17:41:216] INFO 📥 Blocks: 74 [0] | Classes: 74 [0] | State: 74 [0]
[2026-10-01 05:17:41:217] INFO 🔗 Sync is at 74/74 [0.17 blocks/s]
[2026-10-01 05:17:44:217] INFO 📥 Blocks: 75 [0] | Classes: 75 [0] | State: 75 [0]
[2026-10-01 05:17:44:217] INFO 🔗 Sync is at 75/75 [0.17 blocks/s]
[2026-10-01 05:17:48:287] INFO 📥 Blocks: 75 [0] | Classes: 75 [0] | State: 75 [0]
[2026-10-01 05:17:48:287] INFO 🔗 Sync is at 75/75 [0.17 blocks/s]
[2026-10-01 05:17:51:287] INFO 📥 Blocks: 76 [0] | Classes: 76 [0] | State: 76 [0]
[2026-10-01 05:17:51:287] INFO 🔗 Sync is at 76/76 [0.17 blocks/s]
[2026-10-01 05:17:54:287] INFO 📥 Blocks: 76 [0] | Classes: 76 [0] | State: 76 [0]
[2026-10-01 05:17:54:287] INFO 🔗 Sync is at 76/76 [0.17 blocks/s]
[2026-10-01 05:17:54:662] WARN mc_gateway_client::methods Failed to get with StarknetError(StarknetError { code: BlockNotFound, message: "Pre-confirmed block with number 77 was not found. Current pre-confirmed block number is 78." }), retrying
[2026-10-01 05:17:54:764] WARN mc_gateway_client::methods Failed to get with StarknetError(StarknetError { code: BlockNotFound, message: "Pre-confirmed block with number 77 was not found. Current pre-confirmed block number is 78." }), retrying
[2026-10-01 05:17:54:966] WARN mc_gateway_client::methods Failed to get with StarknetError(StarknetError { code: BlockNotFound, message: "Pre-confirmed block with number 77 was not found. Current pre-confirmed block number is 78." }), retrying
[2026-10-01 05:17:57:287] INFO 📥 Blocks: 77 [0] | Classes: 77 [0] | State: 77 [0]
[2026-10-01 05:17:57:287] INFO 🔗 Sync is at 77/77 [0.17 blocks/s]
[2026-10-01 05:18:00:286] INFO 📥 Blocks: 77 [0] | Classes: 77 [0] | State: 77 [0]
[2026-10-01 05:18:00:286] INFO 🔗 Sync is at 77/77 [0.17 blocks/s]
[2026-10-01 05:18:03:287] INFO 📥 Blocks: 78 [0] | Classes: 78 [0] | State: 78 [0]
[2026-10-01 05:18:03:287] INFO 🔗 Sync is at 78/78 [0.17 blocks/s]
[2026-10-01 05:18:06:287] INFO 📥 Blocks: 78 [0] | Classes: 78 [0] | State: 78 [0]
[2026-10-01 05:18:06:287] INFO 🔗 Sync is at 78/78 [0.17 blocks/s]
[2026-10-01 05:18:09:287] INFO 📥 Blocks: 79 [0] | Classes: 79 [0] | State: 79 [0]
[2026-10-01 05:18:09:287] INFO 🔗 Sync is at 79/79 [0.17 blocks/s]
[2026-10-01 05:18:12:286] INFO 📥 Blocks: 79 [0] | Classes: 79 [0] | State: 79 [0]
[2026-10-01 05:18:12:286] INFO 🔗 Sync is at 79/79 [0.17 blocks/s]
[2026-10-01 05:18:15:287] INFO 📥 Blocks: 80 [0] | Classes: 80 [0] | State: 80 [0]
[2026-10-01 05:18:15:287] INFO 🔗 Sync is at 80/80 [0.17 blocks/s]
[2026-10-01 05:18:19:369] INFO 📥 Blocks: 80 [0] | Classes: 80 [0] | State: 80 [0]
[2026-10-01 05:18:19:369] INFO 🔗 Sync is at 80/80 [0.17 blocks/s]
[2026-10-01 05:18:19:753] WARN mc_gateway_client::methods Failed to get with StarknetError(StarknetError { code: BlockNotFound, message: "Pre-confirmed block with number 81 was not found. Current pre-confirmed block number is 82." }), retrying
[2026-10-01 05:18:19:855] WARN mc_gateway_client::methods Failed to get with StarknetError(StarknetError { code: BlockNotFound, message: "Pre-confirmed block with number 81 was not found. Current pre-confirmed block number is 82." }), retrying
[2026-10-01 05:18:20:057] WARN mc_gateway_client::methods Failed to get with StarknetError(StarknetError { code: BlockNotFound, message: "Pre-confirmed block with number 81 was not found. Current pre-confirmed block number is 82." }), retrying
[2026-10-01 05:18:22:369] INFO 📥 Blocks: 81 [0] | Classes: 81 [0] | State: 81 [0]
[2026-10-01 05:18:22:369] INFO 🔗 Sync is at 81/81 [0.17 blocks/s]
[2026-10-01 05:18:25:369] INFO 📥 Blocks: 81 [0] | Classes: 81 [0] | State: 81 [0]
[2026-10-01 05:18:25:370] INFO 🔗 Sync is at 81/81 [0.17 blocks/s]
[2026-10-01 05:18:28:369] INFO 📥 Blocks: 82 [0] | Classes: 82 [0] | State: 82 [0]
[2026-10-01 05:18:28:369] INFO 🔗 Sync is at 82/82 [0.17 blocks/s]
[2026-10-01 05:18:31:370] INFO 📥 Blocks: 82 [0] | Classes: 82 [0] | State: 82 [0]
[2026-10-01 05:18:31:370] INFO 🔗 Sync is at 82/82 [0.17 blocks/s]
[2026-10-01 05:18:31:752] WARN mc_gateway_client::methods Failed to get with StarknetError(StarknetError { code: BlockNotFound, message: "Pre-confirmed block with number 83 was not found. Current pre-confirmed block number is 84." }), retrying
[2026-10-01 05:18:31:854] WARN mc_gateway_client::methods Failed to get with StarknetError(StarknetError { code: BlockNotFound, message: "Pre-confirmed block with number 83 was not found. Current pre-confirmed block number is 84." }), retrying
[2026-10-01 05:18:32:056] WARN mc_gateway_client::methods Failed to get with StarknetError(StarknetError { code: BlockNotFound, message: "Pre-confirmed block with number 83 was not found. Current pre-confirmed block number is 84." }), retrying
[2026-10-01 05:18:34:369] INFO 📥 Blocks: 83 [0] | Classes: 83 [0] | State: 83 [0]
[2026-10-01 05:18:34:369] INFO 🔗 Sync is at 83/83 [0.17 blocks/s]
[2026-10-01 05:18:37:369] INFO 📥 Blocks: 83 [0] | Classes: 83 [0] | State: 83 [0]
[2026-10-01 05:18:37:369] INFO 🔗 Sync is at 83/83 [0.17 blocks/s]
[2026-10-01 05:18:37:758] WARN mc_gateway_client::methods Failed to get with StarknetError(StarknetError { code: BlockNotFound, message: "Pre-confirmed block with number 84 was not found. Current pre-confirmed block number is 85." }), retrying
[2026-10-01 05:18:37:860] WARN mc_gateway_client::methods Failed to get with StarknetError(StarknetError { code: BlockNotFound, message: "Pre-confirmed block with number 84 was not found. Current pre-confirmed block number is 85." }), retrying
[2026-10-01 05:18:38:061] WARN mc_gateway_client::methods Failed to get with StarknetError(StarknetError { code: BlockNotFound, message: "Pre-confirmed block with number 84 was not found. Current pre-confirmed block number is 85." }), retrying
[2026-10-01 05:18:40:370] INFO 📥 Blocks: 84 [0] | Classes: 84 [0] | State: 84 [0]
[2026-10-01 05:18:40:370] INFO 🔗 Sync is at 84/84 [0.17 blocks/s]
[2026-10-01 05:18:43:369] INFO 📥 Blocks: 84 [0] | Classes: 84 [0] | State: 84 [0]
[2026-10-01 05:18:43:369] INFO 🔗 Sync is at 84/84 [0.17 blocks/s]
[2026-10-01 05:18:43:765] WARN mc_gateway_client::methods Failed to get with StarknetError(StarknetError { code: BlockNotFound, message: "Pre-confirmed block with number 85 was not found. Current pre-confirmed block number is 86." }), retrying
[2026-10-01 05:18:43:866] WARN mc_gateway_client::methods Failed to get with StarknetError(StarknetError { code: BlockNotFound, message: "Pre-confirmed block with number 85 was not found. Current pre-confirmed block number is 86." }), retrying
[2026-10-01 05:18:44:068] WARN mc_gateway_client::methods Failed to get with StarknetError(StarknetError { code: BlockNotFound, message: "Pre-confirmed block with number 85 was not found. Current pre-confirmed block number is 86." }), retrying
[2026-10-01 05:18:46:370] INFO 📥 Blocks: 85 [0] | Classes: 85 [0] | State: 85 [0]
[2026-10-01 05:18:46:370] INFO 🔗 Sync is at 85/85 [0.17 blocks/s]
[2026-10-01 05:18:50:464] INFO 📥 Blocks: 85 [0] | Classes: 85 [0] | State: 85 [0]
[2026-10-01 05:18:50:464] INFO 🔗 Sync is at 85/85 [0.17 blocks/s]
[2026-10-01 05:18:50:867] WARN mc_gateway_client::methods Failed to get with StarknetError(StarknetError { code: BlockNotFound, message: "Pre-confirmed block with number 86 was not found. Current pre-confirmed block number is 87." }), retrying
[2026-10-01 05:18:50:968] WARN mc_gateway_client::methods Failed to get with StarknetError(StarknetError { code: BlockNotFound, message: "Pre-confirmed block with number 86 was not found. Current pre-confirmed block number is 87." }), retrying
[2026-10-01 05:18:51:170] WARN mc_gateway_client::methods Failed to get with StarknetError(StarknetError { code: BlockNotFound, message: "Pre-confirmed block with number 86 was not found. Current pre-confirmed block number is 87." }), retrying
[2026-10-01 05:18:53:464] INFO 📥 Blocks: 86 [0] | Classes: 86 [0] | State: 86 [0]
[2026-10-01 05:18:53:464] INFO 🔗 Sync is at 86/86 [0.17 blocks/s]
[2026-10-01 05:18:56:464] INFO 📥 Blocks: 86 [0] | Classes: 86 [0] | State: 86 [0]
[2026-10-01 05:18:56:464] INFO 🔗 Sync is at 86/86 [0.17 blocks/s]
[2026-10-01 05:18:56:886] WARN mc_gateway_client::methods Failed to get with StarknetError(StarknetError { code: BlockNotFound, message: "Pre-confirmed block with number 87 was not found. Current pre-confirmed block number is 88." }), retrying
[2026-10-01 05:18:56:988] WARN mc_gateway_client::methods Failed to get with StarknetError(StarknetError { code: BlockNotFound, message: "Pre-confirmed block with number 87 was not found. Current pre-confirmed block number is 88." }), retrying
[2026-10-01 05:18:57:190] WARN mc_gateway_client::methods Failed to get with StarknetError(StarknetError { code: BlockNotFound, message: "Pre-confirmed block with number 87 was not found. Current pre-confirmed block number is 88." }), retrying
[2026-10-01 05:18:59:464] INFO 📥 Blocks: 87 [0] | Classes: 87 [0] | State: 87 [0]
[2026-10-01 05:18:59:464] INFO 🔗 Sync is at 87/87 [0.17 blocks/s]
[2026-10-01 05:19:02:464] INFO 📥 Blocks: 87 [0] | Classes: 87 [0] | State: 87 [0]
[2026-10-01 05:19:02:464] INFO 🔗 Sync is at 87/87 [0.17 blocks/s]
[2026-10-01 05:19:02:891] WARN mc_gateway_client::methods Failed to get with StarknetError(StarknetError { code: BlockNotFound, message: "Pre-confirmed block with number 88 was not found. Current pre-confirmed block number is 89." }), retrying
[2026-10-01 05:19:02:993] WARN mc_gateway_client::methods Failed to get with StarknetError(StarknetError { code: BlockNotFound, message: "Pre-confirmed block with number 88 was not found. Current pre-confirmed block number is 89." }), retrying
[2026-10-01 05:19:03:195] WARN mc_gateway_client::methods Failed to get with StarknetError(StarknetError { code: BlockNotFound, message: "Pre-confirmed block with number 88 was not found. Current pre-confirmed block number is 89." }), retrying
[2026-10-01 05:19:05:464] INFO 📥 Blocks: 88 [0] | Classes: 88 [0] | State: 88 [0]
[2026-10-01 05:19:05:464] INFO 🔗 Sync is at 88/88 [0.17 blocks/s]
[2026-10-01 05:19:08:464] INFO 📥 Blocks: 88 [0] | Classes: 88 [0] | State: 88 [0]
[2026-10-01 05:19:08:464] INFO 🔗 Sync is at 88/88 [0.17 blocks/s]
[2026-10-01 05:19:08:906] WARN mc_gateway_client::methods Failed to get with StarknetError(StarknetError { code: BlockNotFound, message: "Pre-confirmed block with number 89 was not found. Current pre-confirmed block number is 90." }), retrying
[2026-10-01 05:19:09:007] WARN mc_gateway_client::methods Failed to get with StarknetError(StarknetError { code: BlockNotFound, message: "Pre-confirmed block with number 89 was not found. Current pre-confirmed block number is 90." }), retrying
[2026-10-01 05:19:09:209] WARN mc_gateway_client::methods Failed to get with StarknetError(StarknetError { code: BlockNotFound, message: "Pre-confirmed block with number 89 was not found. Current pre-confirmed block number is 90." }), retrying
[2026-10-01 05:19:11:464] INFO 📥 Blocks: 89 [0] | Classes: 89 [0] | State: 89 [0]
[2026-10-01 05:19:11:464] INFO 🔗 Sync is at 89/89 [0.17 blocks/s]
[2026-10-01 05:19:14:464] INFO 📥 Blocks: 89 [0] | Classes: 89 [0] | State: 89 [0]
[2026-10-01 05:19:14:464] INFO 🔗 Sync is at 89/89 [0.17 blocks/s]
[2026-10-01 05:19:14:918] WARN mc_gateway_client::methods Failed to get with StarknetError(StarknetError { code: BlockNotFound, message: "Pre-confirmed block with number 90 was not found. Current pre-confirmed block number is 91." }), retrying
[2026-10-01 05:19:15:020] WARN mc_gateway_client::methods Failed to get with StarknetError(StarknetError { code: BlockNotFound, message: "Pre-confirmed block with number 90 was not found. Current pre-confirmed block number is 91." }), retrying
[2026-10-01 05:19:15:221] WARN mc_gateway_client::methods Failed to get with StarknetError(StarknetError { code: BlockNotFound, message: "Pre-confirmed block with number 90 was not found. Current pre-confirmed block number is 91." }), retrying
[2026-10-01 05:19:17:464] INFO 📥 Blocks: 90 [0] | Classes: 90 [0] | State: 90 [0]
[2026-10-01 05:19:17:464] INFO 🔗 Sync is at 90/90 [0.17 blocks/s]
[2026-10-01 05:19:21:538] INFO 📥 Blocks: 90 [0] | Classes: 90 [0] | State: 90 [0]
[2026-10-01 05:19:21:538] INFO 🔗 Sync is at 90/90 [0.17 blocks/s]
[2026-10-01 05:19:22:002] WARN mc_gateway_client::methods Failed to get with StarknetError(StarknetError { code: BlockNotFound, message: "Pre-confirmed block with number 91 was not found. Current pre-confirmed block number is 92." }), retrying
[2026-10-01 05:19:22:104] WARN mc_gateway_client::methods Failed to get with StarknetError(StarknetError { code: BlockNotFound, message: "Pre-confirmed block with number 91 was not found. Current pre-confirmed block number is 92." }), retrying
[2026-10-01 05:19:22:305] WARN mc_gateway_client::methods Failed to get with StarknetError(StarknetError { code: BlockNotFound, message: "Pre-confirmed block with number 91 was not found. Current pre-confirmed block number is 92." }), retrying
[2026-10-01 05:19:24:538] INFO 📥 Blocks: 91 [0] | Classes: 91 [0] | State: 91 [0]
[2026-10-01 05:19:24:538] INFO 🔗 Sync is at 91/91 [0.17 blocks/s]
[2026-10-01 05:19:27:539] INFO 📥 Blocks: 91 [0] | Classes: 91 [0] | State: 91 [0]
[2026-10-01 05:19:27:539] INFO 🔗 Sync is at 91/91 [0.17 blocks/s]
[2026-10-01 05:19:28:009] WARN mc_gateway_client::methods Failed to get with StarknetError(StarknetError { code: BlockNotFound, message: "Pre-confirmed block with number 92 was not found. Current pre-confirmed block number is 93." }), retrying
[2026-10-01 05:19:28:113] WARN mc_gateway_client::methods Failed to get with StarknetError(StarknetError { code: BlockNotFound, message: "Pre-confirmed block with number 92 was not found. Current pre-confirmed block number is 93." }), retrying
[2026-10-01 05:19:28:315] WARN mc_gateway_client::methods Failed to get with StarknetError(StarknetError { code: BlockNotFound, message: "Pre-confirmed block with number 92 was not found. Current pre-confirmed block number is 93." }), retrying
[2026-10-01 05:19:30:539] INFO 📥 Blocks: 92 [0] | Classes: 92 [0] | State: 92 [0]
[2026-10-01 05:19:30:539] INFO 🔗 Sync is at 92/92 [0.17 blocks/s]
[2026-10-01 05:19:33:539] INFO 📥 Blocks: 92 [0] | Classes: 92 [0] | State: 92 [0]
[2026-10-01 05:19:33:539] INFO 🔗 Sync is at 92/92 [0.17 blocks/s]
[2026-10-01 05:19:34:018] WARN mc_gateway_client::methods Failed to get with StarknetError(StarknetError { code: BlockNotFound, message: "Pre-confirmed block with number 93 was not found. Current pre-confirmed block number is 94." }), retrying
[2026-10-01 05:19:34:119] WARN mc_gateway_client::methods Failed to get with StarknetError(StarknetError { code: BlockNotFound, message: "Pre-confirmed block with number 93 was not found. Current pre-confirmed block number is 94." }), retrying
[2026-10-01 05:19:34:320] WARN mc_gateway_client::methods Failed to get with StarknetError(StarknetError { code: BlockNotFound, message: "Pre-confirmed block with number 93 was not found. Current pre-confirmed block number is 94." }), retrying
[2026-10-01 05:19:36:538] INFO 📥 Blocks: 93 [0] | Classes: 93 [0] | State: 93 [0]
[2026-10-01 05:19:36:538] INFO 🔗 Sync is at 93/93 [0.17 blocks/s]
[2026-10-01 05:19:39:538] INFO 📥 Blocks: 93 [0] | Classes: 93 [0] | State: 93 [0]
[2026-10-01 05:19:39:538] INFO 🔗 Sync is at 93/93 [0.17 blocks/s]
[2026-10-01 05:19:40:032] WARN mc_gateway_client::methods Failed to get with StarknetError(StarknetError { code: BlockNotFound, message: "Pre-confirmed block with number 94 was not found. Current pre-confirmed block number is 95." }), retrying
[2026-10-01 05:19:40:133] WARN mc_gateway_client::methods Failed to get with StarknetError(StarknetError { code: BlockNotFound, message: "Pre-confirmed block with number 94 was not found. Current pre-confirmed block number is 95." }), retrying
[2026-10-01 05:19:40:334] WARN mc_gateway_client::methods Failed to get with StarknetError(StarknetError { code: BlockNotFound, message: "Pre-confirmed block with number 94 was not found. Current pre-confirmed block number is 95." }), retrying
[2026-10-01 05:19:42:538] INFO 📥 Blocks: 94 [0] | Classes: 94 [0] | State: 94 [0]
[2026-10-01 05:19:42:538] INFO 🔗 Sync is at 94/94 [0.17 blocks/s]
[2026-10-01 05:19:45:538] INFO 📥 Blocks: 94 [0] | Classes: 94 [0] | State: 94 [0]
[2026-10-01 05:19:45:538] INFO 🔗 Sync is at 94/94 [0.17 blocks/s]
[2026-10-01 05:19:46:040] WARN mc_gateway_client::methods Failed to get with StarknetError(StarknetError { code: BlockNotFound, message: "Pre-confirmed block with number 95 was not found. Current pre-confirmed block number is 96." }), retrying
[2026-10-01 05:19:46:142] WARN mc_gateway_client::methods Failed to get with StarknetError(StarknetError { code: BlockNotFound, message: "Pre-confirmed block with number 95 was not found. Current pre-confirmed block number is 96." }), retrying
[2026-10-01 05:19:46:344] WARN mc_gateway_client::methods Failed to get with StarknetError(StarknetError { code: BlockNotFound, message: "Pre-confirmed block with number 95 was not found. Current pre-confirmed block number is 96." }), retrying
[2026-10-01 05:19:48:538] INFO 📥 Blocks: 95 [0] | Classes: 95 [0] | State: 95 [0]
[2026-10-01 05:19:48:538] INFO 🔗 Sync is at 95/95 [0.17 blocks/s]
[2026-10-01 05:19:52:616] INFO 📥 Blocks: 95 [0] | Classes: 95 [0] | State: 95 [0]
[2026-10-01 05:19:52:616] INFO 🔗 Sync is at 95/95 [0.17 blocks/s]
[2026-10-01 05:19:53:131] WARN mc_gateway_client::methods Failed to get with StarknetError(StarknetError { code: BlockNotFound, message: "Pre-confirmed block with number 96 was not found. Current pre-confirmed block number is 97." }), retrying
[2026-10-01 05:19:53:233] WARN mc_gateway_client::methods Failed to get with StarknetError(StarknetError { code: BlockNotFound, message: "Pre-confirmed block with number 96 was not found. Current pre-confirmed block number is 97." }), retrying
[2026-10-01 05:19:53:435] WARN mc_gateway_client::methods Failed to get with StarknetError(StarknetError { code: BlockNotFound, message: "Pre-confirmed block with number 96 was not found. Current pre-confirmed block number is 97." }), retrying
[2026-10-01 05:19:55:616] INFO 📥 Blocks: 96 [0] | Classes: 96 [0] | State: 96 [0]
[2026-10-01 05:19:55:616] INFO 🔗 Sync is at 96/96 [0.17 blocks/s]
[2026-10-01 05:19:58:616] INFO 📥 Blocks: 96 [0] | Classes: 96 [0] | State: 96 [0]
[2026-10-01 05:19:58:616] INFO 🔗 Sync is at 96/96 [0.17 blocks/s]
[2026-10-01 05:19:59:147] WARN mc_gateway_client::methods Failed to get with StarknetError(StarknetError { code: BlockNotFound, message: "Pre-confirmed block with number 97 was not found. Current pre-confirmed block number is 98." }), retrying
[2026-10-01 05:19:59:249] WARN mc_gateway_client::methods Failed to get with StarknetError(StarknetError { code: BlockNotFound, message: "Pre-confirmed block with number 97 was not found. Current pre-confirmed block number is 98." }), retrying
[2026-10-01 05:19:59:451] WARN mc_gateway_client::methods Failed to get with StarknetError(StarknetError { code: BlockNotFound, message: "Pre-confirmed block with number 97 was not found. Current pre-confirmed block number is 98." }), retrying
[2026-10-01 05:20:01:616] INFO 📥 Blocks: 97 [0] | Classes: 97 [0] | State: 97 [0]
[2026-10-01 05:20:01:616] INFO 🔗 Sync is at 97/97 [0.17 blocks/s]
[2026-10-01 05:20:04:616] INFO 📥 Blocks: 97 [0] | Classes: 97 [0] | State: 97 [0]
[2026-10-01 05:20:04:617] INFO 🔗 Sync is at 97/97 [0.17 blocks/s]
[2026-10-01 05:20:05:148] WARN mc_gateway_client::methods Failed to get with StarknetError(StarknetError { code: BlockNotFound, message: "Pre-confirmed block with number 98 was not found. Current pre-confirmed block number is 99." }), retrying
[2026-10-01 05:20:05:250] WARN mc_gateway_client::methods Failed to get with StarknetError(StarknetError { code: BlockNotFound, message: "Pre-confirmed block with number 98 was not found. Current pre-confirmed block number is 99." }), retrying
[2026-10-01 05:20:05:452] WARN mc_gateway_client::methods Failed to get with StarknetError(StarknetError { code: BlockNotFound, message: "Pre-confirmed block with number 98 was not found. Current pre-confirmed block number is 99." }), retrying
[2026-10-01 05:20:07:617] INFO 📥 Blocks: 98 [0] | Classes: 98 [0] | State: 98 [0]
[2026-10-01 05:20:07:617] INFO 🔗 Sync is at 98/98 [0.17 blocks/s]
[2026-10-01 05:20:10:617] INFO 📥 Blocks: 98 [0] | Classes: 98 [0] | State: 98 [0]
[2026-10-01 05:20:10:617] INFO 🔗 Sync is at 98/98 [0.17 blocks/s]
[2026-10-01 05:20:11:161] WARN mc_gateway_client::methods Failed to get with StarknetError(StarknetError { code: BlockNotFound, message: "Pre-confirmed block with number 99 was not found. Current pre-confirmed block number is 100." }), retrying
[2026-10-01 05:20:11:263] WARN mc_gateway_client::methods Failed to get with StarknetError(StarknetError { code: BlockNotFound, message: "Pre-confirmed block with number 99 was not found. Current pre-confirmed block number is 100." }), retrying
[2026-10-01 05:20:11:465] WARN mc_gateway_client::methods Failed to get with StarknetError(StarknetError { code: BlockNotFound, message: "Pre-confirmed block with number 99 was not found. Current pre-confirmed block number is 100." }), retrying
[2026-10-01 05:20:13:616] INFO 📥 Blocks: 99 [0] | Classes: 99 [0] | State: 99 [0]
[2026-10-01 05:20:13:616] INFO 🔗 Sync is at 99/99 [0.17 blocks/s]
[2026-10-01 05:20:16:617] INFO 📥 Blocks: 99 [0] | Classes: 99 [0] | State: 99 [0]
[2026-10-01 05:20:16:617] INFO 🔗 Sync is at 99/99 [0.17 blocks/s]
[2026-10-01 05:20:17:168] WARN mc_gateway_client::methods Failed to get with StarknetError(StarknetError { code: BlockNotFound, message: "Pre-confirmed block with number 100 was not found. Current pre-confirmed block number is 101." }), retrying
[2026-10-01 05:20:17:270] WARN mc_gateway_client::methods Failed to get with StarknetError(StarknetError { code: BlockNotFound, message: "Pre-confirmed block with number 100 was not found. Current pre-confirmed block number is 101." }), retrying
[2026-10-01 05:20:17:472] WARN mc_gateway_client::methods Failed to get with StarknetError(StarknetError { code: BlockNotFound, message: "Pre-confirmed block with number 100 was not found. Current pre-confirmed block number is 101." }), retrying
[2026-10-01 05:20:19:616] INFO 📥 Blocks: 100 [0] | Classes: 100 [0] | State: 100 [0]
[2026-10-01 05:20:19:616] INFO 🔗 Sync is at 100/100 [0.17 blocks/s]
[2026-10-01 05:20:23:702] INFO 📥 Blocks: 100 [0] | Classes: 100 [0] | State: 100 [0]
[2026-10-01 05:20:23:702] INFO 🔗 Sync is at 100/100 [0.17 blocks/s]
[2026-10-01 05:20:24:269] WARN mc_gateway_client::methods Failed to get with StarknetError(StarknetError { code: BlockNotFound, message: "Pre-confirmed block with number 101 was not found. Current pre-confirmed block number is 102." }), retrying
[2026-10-01 05:20:24:371] WARN mc_gateway_client::methods Failed to get with StarknetError(StarknetError { code: BlockNotFound, message: "Pre-confirmed block with number 101 was not found. Current pre-confirmed block number is 102." }), retrying
[2026-10-01 05:20:24:572] WARN mc_gateway_client::methods Failed to get with StarknetError(StarknetError { code: BlockNotFound, message: "Pre-confirmed block with number 101 was not found. Current pre-confirmed block number is 102." }), retrying
[2026-10-01 05:20:26:703] INFO 📥 Blocks: 101 [0] | Classes: 101 [0] | State: 101 [0]
[2026-10-01 05:20:26:703] INFO 🔗 Sync is at 101/101 [0.17 blocks/s]
[2026-10-01 05:20:29:702] INFO 📥 Blocks: 101 [0] | Classes: 101 [0] | State: 101 [0]
[2026-10-01 05:20:29:702] INFO 🔗 Sync is at 101/101 [0.17 blocks/s]
[2026-10-01 05:20:30:275] WARN mc_gateway_client::methods Failed to get with StarknetError(StarknetError { code: BlockNotFound, message: "Pre-confirmed block with number 102 was not found. Current pre-confirmed block number is 103." }), retrying
[2026-10-01 05:20:30:376] WARN mc_gateway_client::methods Failed to get with StarknetError(StarknetError { code: BlockNotFound, message: "Pre-confirmed block with number 102 was not found. Current pre-confirmed block number is 103." }), retrying
[2026-10-01 05:20:30:577] WARN mc_gateway_client::methods Failed to get with StarknetError(StarknetError { code: BlockNotFound, message: "Pre-confirmed block with number 102 was not found. Current pre-confirmed block number is 103." }), retrying
[2026-10-01 05:20:32:702] INFO 📥 Blocks: 102 [0] | Classes: 102 [0] | State: 102 [0]
[2026-10-01 05:20:32:702] INFO 🔗 Sync is at 102/102 [0.17 blocks/s]
[2026-10-01 05:20:35:702] INFO 📥 Blocks: 102 [0] | Classes: 102 [0] | State: 102 [0]
[2026-10-01 05:20:35:702] INFO 🔗 Sync is at 102/102 [0.17 blocks/s]
[2026-10-01 05:20:36:295] WARN mc_gateway_client::methods Failed to get with StarknetError(StarknetError { code: BlockNotFound, message: "Pre-confirmed block with number 103 was not found. Current pre-confirmed block number is 104." }), retrying
[2026-10-01 05:20:36:397] WARN mc_gateway_client::methods Failed to get with StarknetError(StarknetError { code: BlockNotFound, message: "Pre-confirmed block with number 103 was not found. Current pre-confirmed block number is 104." }), retrying
[2026-10-01 05:20:36:599] WARN mc_gateway_client::methods Failed to get with StarknetError(StarknetError { code: BlockNotFound, message: "Pre-confirmed block with number 103 was not found. Current pre-confirmed block number is 104." }), retrying
[2026-10-01 05:20:38:703] INFO 📥 Blocks: 103 [0] | Classes: 103 [0] | State: 103 [0]
[2026-10-01 05:20:38:703] INFO 🔗 Sync is at 103/103 [0.17 blocks/s]
[2026-10-01 05:20:41:702] INFO 📥 Blocks: 103 [0] | Classes: 103 [0] | State: 103 [0]
[2026-10-01 05:20:41:702] INFO 🔗 Sync is at 103/103 [0.17 blocks/s]
[2026-10-01 05:20:42:315] WARN mc_gateway_client::methods Failed to get with StarknetError(StarknetError { code: BlockNotFound, message: "Pre-confirmed block with number 104 was not found. Current pre-confirmed block number is 105." }), retrying
[2026-10-01 05:20:42:417] WARN mc_gateway_client::methods Failed to get with StarknetError(StarknetError { code: BlockNotFound, message: "Pre-confirmed block with number 104 was not found. Current pre-confirmed block number is 105." }), retrying
[2026-10-01 05:20:42:618] WARN mc_gateway_client::methods Failed to get with StarknetError(StarknetError { code: BlockNotFound, message: "Pre-confirmed block with number 104 was not found. Current pre-confirmed block number is 105." }), retrying
[2026-10-01 05:20:44:703] INFO 📥 Blocks: 104 [0] | Classes: 104 [0] | State: 104 [0]
[2026-10-01 05:20:44:703] INFO 🔗 Sync is at 104/104 [0.17 blocks/s]
[2026-10-01 05:20:47:702] INFO 📥 Blocks: 104 [0] | Classes: 104 [0] | State: 104 [0]
[2026-10-01 05:20:47:702] INFO 🔗 Sync is at 104/104 [0.17 blocks/s]
[2026-10-01 05:20:48:350] WARN mc_gateway_client::methods Failed to get with StarknetError(StarknetError { code: BlockNotFound, message: "Pre-confirmed block with number 105 was not found. Current pre-confirmed block number is 106." }), retrying
[2026-10-01 05:20:48:453] WARN mc_gateway_client::methods Failed to get with StarknetError(StarknetError { code: BlockNotFound, message: "Pre-confirmed block with number 105 was not found. Current pre-confirmed block number is 106." }), retrying
[2026-10-01 05:20:48:655] WARN mc_gateway_client::methods Failed to get with StarknetError(StarknetError { code: BlockNotFound, message: "Pre-confirmed block with number 105 was not found. Current pre-confirmed block number is 106." }), retrying
[2026-10-01 05:20:50:703] INFO 📥 Blocks: 105 [0] | Classes: 105 [0] | State: 105 [0]
[2026-10-01 05:20:50:703] INFO 🔗 Sync is at 105/105 [0.17 blocks/s]
[2026-10-01 05:20:54:811] INFO 📥 Blocks: 105 [0] | Classes: 105 [0] | State: 105 [0]
[2026-10-01 05:20:54:812] INFO 🔗 Sync is at 105/105 [0.17 blocks/s]
[2026-10-01 05:20:55:433] WARN mc_gateway_client::methods Failed to get with StarknetError(StarknetError { code: BlockNotFound, message: "Pre-confirmed block with number 106 was not found. Current pre-confirmed block number is 107." }), retrying
[2026-10-01 05:20:55:535] WARN mc_gateway_client::methods Failed to get with StarknetError(StarknetError { code: BlockNotFound, message: "Pre-confirmed block with number 106 was not found. Current pre-confirmed block number is 107." }), retrying
[2026-10-01 05:20:55:737] WARN mc_gateway_client::methods Failed to get with StarknetError(StarknetError { code: BlockNotFound, message: "Pre-confirmed block with number 106 was not found. Current pre-confirmed block number is 107." }), retrying
[2026-10-01 05:20:57:812] INFO 📥 Blocks: 106 [0] | Classes: 106 [0] | State: 106 [0]
[2026-10-01 05:20:57:812] INFO 🔗 Sync is at 106/106 [0.17 blocks/s]
[2026-10-01 05:21:00:811] INFO 📥 Blocks: 106 [0] | Classes: 106 [0] | State: 106 [0]
[2026-10-01 05:21:00:812] INFO 🔗 Sync is at 106/106 [0.17 blocks/s]
[2026-10-01 05:21:01:479] WARN mc_gateway_client::methods Failed to get with StarknetError(StarknetError { code: BlockNotFound, message: "Pre-confirmed block with number 107 was not found. Current pre-confirmed block number is 108." }), retrying
[2026-10-01 05:21:01:581] WARN mc_gateway_client::methods Failed to get with StarknetError(StarknetError { code: BlockNotFound, message: "Pre-confirmed block with number 107 was not found. Current pre-confirmed block number is 108." }), retrying
[2026-10-01 05:21:01:782] WARN mc_gateway_client::methods Failed to get with StarknetError(StarknetError { code: BlockNotFound, message: "Pre-confirmed block with number 107 was not found. Current pre-confirmed block number is 108." }), retrying
[2026-10-01 05:21:03:812] INFO 📥 Blocks: 107 [0] | Classes: 107 [0] | State: 107 [0]
[2026-10-01 05:21:03:812] INFO 🔗 Sync is at 107/107 [0.17 blocks/s]
[2026-10-01 05:21:06:811] INFO 📥 Blocks: 107 [0] | Classes: 107 [0] | State: 107 [0]
[2026-10-01 05:21:06:811] INFO 🔗 Sync is at 107/107 [0.17 blocks/s]
[2026-10-01 05:21:07:472] WARN mc_gateway_client::methods Failed to get with StarknetError(StarknetError { code: BlockNotFound, message: "Pre-confirmed block with number 108 was not found. Current pre-confirmed block number is 109." }), retrying
[2026-10-01 05:21:07:573] WARN mc_gateway_client::methods Failed to get with StarknetError(StarknetError { code: BlockNotFound, message: "Pre-confirmed block with number 108 was not found. Current pre-confirmed block number is 109." }), retrying
[2026-10-01 05:21:07:775] WARN mc_gateway_client::methods Failed to get with StarknetError(StarknetError { code: BlockNotFound, message: "Pre-confirmed block with number 108 was not found. Current pre-confirmed block number is 109." }), retrying
[2026-10-01 05:21:09:812] INFO 📥 Blocks: 108 [0] | Classes: 108 [0] | State: 108 [0]
[2026-10-01 05:21:09:812] INFO 🔗 Sync is at 108/108 [0.17 blocks/s]
[2026-10-01 05:21:12:812] INFO 📥 Blocks: 108 [0] | Classes: 108 [0] | State: 108 [0]
[2026-10-01 05:21:12:812] INFO 🔗 Sync is at 108/108 [0.17 blocks/s]
[2026-10-01 05:21:13:479] WARN mc_gateway_client::methods Failed to get with StarknetError(StarknetError { code: BlockNotFound, message: "Pre-confirmed block with number 109 was not found. Current pre-confirmed block number is 110." }), retrying
[2026-10-01 05:21:13:581] WARN mc_gateway_client::methods Failed to get with StarknetError(StarknetError { code: BlockNotFound, message: "Pre-confirmed block with number 109 was not found. Current pre-confirmed block number is 110." }), retrying
[2026-10-01 05:21:13:783] WARN mc_gateway_client::methods Failed to get with StarknetError(StarknetError { code: BlockNotFound, message: "Pre-confirmed block with number 109 was not found. Current pre-confirmed block number is 110." }), retrying
[2026-10-01 05:21:15:811] INFO 📥 Blocks: 109 [0] | Classes: 109 [0] | State: 109 [0]
[2026-10-01 05:21:15:811] INFO 🔗 Sync is at 109/109 [0.17 blocks/s]
[2026-10-01 05:21:18:812] INFO 📥 Blocks: 109 [0] | Classes: 109 [0] | State: 109 [0]
[2026-10-01 05:21:18:812] INFO 🔗 Sync is at 109/109 [0.17 blocks/s]
[2026-10-01 05:21:19:469] WARN mc_gateway_client::methods Failed to get with StarknetError(StarknetError { code: BlockNotFound, message: "Pre-confirmed block with number 110 was not found. Current pre-confirmed block number is 111." }), retrying
[2026-10-01 05:21:19:571] WARN mc_gateway_client::methods Failed to get with StarknetError(StarknetError { code: BlockNotFound, message: "Pre-confirmed block with number 110 was not found. Current pre-confirmed block number is 111." }), retrying
[2026-10-01 05:21:19:772] WARN mc_gateway_client::methods Failed to get with StarknetError(StarknetError { code: BlockNotFound, message: "Pre-confirmed block with number 110 was not found. Current pre-confirmed block number is 111." }), retrying
[2026-10-01 05:21:21:812] INFO 📥 Blocks: 110 [0] | Classes: 110 [0] | State: 110 [0]
[2026-10-01 05:21:21:812] INFO 🔗 Sync is at 110/110 [0.17 blocks/s]
[2026-10-01 05:21:25:886] INFO 📥 Blocks: 110 [0] | Classes: 110 [0] | State: 110 [0]
[2026-10-01 05:21:25:886] INFO 🔗 Sync is at 110/110 [0.17 blocks/s]
[2026-10-01 05:21:26:545] WARN mc_gateway_client::methods Failed to get with StarknetError(StarknetError { code: BlockNotFound, message: "Pre-confirmed block with number 111 was not found. Current pre-confirmed block number is 112." }), retrying
[2026-10-01 05:21:26:647] WARN mc_gateway_client::methods Failed to get with StarknetError(StarknetError { code: BlockNotFound, message: "Pre-confirmed block with number 111 was not found. Current pre-confirmed block number is 112." }), retrying
[2026-10-01 05:21:26:848] WARN mc_gateway_client::methods Failed to get with StarknetError(StarknetError { code: BlockNotFound, message: "Pre-confirmed block with number 111 was not found. Current pre-confirmed block number is 112." }), retrying
[2026-10-01 05:21:28:885] INFO 📥 Blocks: 111 [0] | Classes: 111 [0] | State: 111 [0]
[2026-10-01 05:21:28:885] INFO 🔗 Sync is at 111/111 [0.17 blocks/s]
[2026-10-01 05:21:31:886] INFO 📥 Blocks: 111 [0] | Classes: 111 [0] | State: 111 [0]
[2026-10-01 05:21:31:886] INFO 🔗 Sync is at 111/111 [0.17 blocks/s]
[2026-10-01 05:21:32:559] WARN mc_gateway_client::methods Failed to get with StarknetError(StarknetError { code: BlockNotFound, message: "Pre-confirmed block with number 112 was not found. Current pre-confirmed block number is 113." }), retrying
[2026-10-01 05:21:32:660] WARN mc_gateway_client::methods Failed to get with StarknetError(StarknetError { code: BlockNotFound, message: "Pre-confirmed block with number 112 was not found. Current pre-confirmed block number is 113." }), retrying
[2026-10-01 05:21:32:861] WARN mc_gateway_client::methods Failed to get with StarknetError(StarknetError { code: BlockNotFound, message: "Pre-confirmed block with number 112 was not found. Current pre-confirmed block number is 113." }), retrying
[2026-10-01 05:21:34:885] INFO 📥 Blocks: 112 [0] | Classes: 112 [0] | State: 112 [0]
[2026-10-01 05:21:34:886] INFO 🔗 Sync is at 112/112 [0.17 blocks/s]
[2026-10-01 05:21:37:885] INFO 📥 Blocks: 112 [0] | Classes: 112 [0] | State: 112 [0]
[2026-10-01 05:21:37:885] INFO 🔗 Sync is at 112/112 [0.17 blocks/s]
[2026-10-01 05:21:38:568] WARN mc_gateway_client::methods Failed to get with StarknetError(StarknetError { code: BlockNotFound, message: "Pre-confirmed block with number 113 was not found. Current pre-confirmed block number is 114." }), retrying
[2026-10-01 05:21:38:670] WARN mc_gateway_client::methods Failed to get with StarknetError(StarknetError { code: BlockNotFound, message: "Pre-confirmed block with number 113 was not found. Current pre-confirmed block number is 114." }), retrying
[2026-10-01 05:21:38:872] WARN mc_gateway_client::methods Failed to get with StarknetError(StarknetError { code: BlockNotFound, message: "Pre-confirmed block with number 113 was not found. Current pre-confirmed block number is 114." }), retrying
[2026-10-01 05:21:40:885] INFO 📥 Blocks: 113 [0] | Classes: 113 [0] | State: 113 [0]
[2026-10-01 05:21:40:885] INFO 🔗 Sync is at 113/113 [0.17 blocks/s]
[2026-10-01 05:21:43:885] INFO 📥 Blocks: 113 [0] | Classes: 113 [0] | State: 113 [0]
[2026-10-01 05:21:43:886] INFO 🔗 Sync is at 113/113 [0.17 blocks/s]
[2026-10-01 05:21:44:575] WARN mc_gateway_client::methods Failed to get with StarknetError(StarknetError { code: BlockNotFound, message: "Pre-confirmed block with number 114 was not found. Current pre-confirmed block number is 115." }), retrying
[2026-10-01 05:21:44:677] WARN mc_gateway_client::methods Failed to get with StarknetError(StarknetError { code: BlockNotFound, message: "Pre-confirmed block with number 114 was not found. Current pre-confirmed block number is 115." }), retrying
[2026-10-01 05:21:44:879] WARN mc_gateway_client::methods Failed to get with StarknetError(StarknetError { code: BlockNotFound, message: "Pre-confirmed block with number 114 was not found. Current pre-confirmed block number is 115." }), retrying
[2026-10-01 05:21:46:886] INFO 📥 Blocks: 114 [0] | Classes: 114 [0] | State: 114 [0]
[2026-10-01 05:21:46:886] INFO 🔗 Sync is at 114/114 [0.17 blocks/s]
[2026-10-01 05:21:49:885] INFO 📥 Blocks: 114 [0] | Classes: 114 [0] | State: 114 [0]
[2026-10-01 05:21:49:885] INFO 🔗 Sync is at 114/114 [0.17 blocks/s]
[2026-10-01 05:21:50:595] WARN mc_gateway_client::methods Failed to get with StarknetError(StarknetError { code: BlockNotFound, message: "Pre-confirmed block with number 115 was not found. Current pre-confirmed block number is 116." }), retrying
[2026-10-01 05:21:50:697] WARN mc_gateway_client::methods Failed to get with StarknetError(StarknetError { code: BlockNotFound, message: "Pre-confirmed block with number 115 was not found. Current pre-confirmed block number is 116." }), retrying
[2026-10-01 05:21:50:898] WARN mc_gateway_client::methods Failed to get with StarknetError(StarknetError { code: BlockNotFound, message: "Pre-confirmed block with number 115 was not found. Current pre-confirmed block number is 116." }), retrying
[2026-10-01 05:21:52:886] INFO 📥 Blocks: 115 [0] | Classes: 115 [0] | State: 115 [0]
[2026-10-01 05:21:52:886] INFO 🔗 Sync is at 115/115 [0.17 blocks/s]
[2026-10-01 05:21:56:963] INFO 📥 Blocks: 115 [0] | Classes: 115 [0] | State: 115 [0]
[2026-10-01 05:21:56:963] INFO 🔗 Sync is at 115/115 [0.17 blocks/s]
[2026-10-01 05:21:57:685] WARN mc_gateway_client::methods Failed to get with StarknetError(StarknetError { code: BlockNotFound, message: "Pre-confirmed block with number 116 was not found. Current pre-confirmed block number is 117." }), retrying
[2026-10-01 05:21:57:787] WARN mc_gateway_client::methods Failed to get with StarknetError(StarknetError { code: BlockNotFound, message: "Pre-confirmed block with number 116 was not found. Current pre-confirmed block number is 117." }), retrying
[2026-10-01 05:21:57:989] WARN mc_gateway_client::methods Failed to get with StarknetError(StarknetError { code: BlockNotFound, message: "Pre-confirmed block with number 116 was not found. Current pre-confirmed block number is 117." }), retrying
[2026-10-01 05:21:59:964] INFO 📥 Blocks: 116 [0] | Classes: 116 [0] | State: 116 [0]
[2026-10-01 05:21:59:964] INFO 🔗 Sync is at 116/116 [0.17 blocks/s]
[2026-10-01 05:22:02:964] INFO 📥 Blocks: 116 [0] | Classes: 116 [0] | State: 116 [0]
[2026-10-01 05:22:02:964] INFO 🔗 Sync is at 116/116 [0.17 blocks/s]
[2026-10-01 05:22:03:694] WARN mc_gateway_client::methods Failed to get with StarknetError(StarknetError { code: BlockNotFound, message: "Pre-confirmed block with number 117 was not found. Current pre-confirmed block number is 118." }), retrying
[2026-10-01 05:22:03:797] WARN mc_gateway_client::methods Failed to get with StarknetError(StarknetError { code: BlockNotFound, message: "Pre-confirmed block with number 117 was not found. Current pre-confirmed block number is 118." }), retrying
[2026-10-01 05:22:03:999] WARN mc_gateway_client::methods Failed to get with StarknetError(StarknetError { code: BlockNotFound, message: "Pre-confirmed block with number 117 was not found. Current pre-confirmed block number is 118." }), retrying
[2026-10-01 05:22:05:964] INFO 📥 Blocks: 117 [0] | Classes: 117 [0] | State: 117 [0]
[2026-10-01 05:22:05:964] INFO 🔗 Sync is at 117/117 [0.17 blocks/s]
[2026-10-01 05:22:08:964] INFO 📥 Blocks: 117 [0] | Classes: 117 [0] | State: 117 [0]
[2026-10-01 05:22:08:964] INFO 🔗 Sync is at 117/117 [0.17 blocks/s]
[2026-10-01 05:22:09:705] WARN mc_gateway_client::methods Failed to get with StarknetError(StarknetError { code: BlockNotFound, message: "Pre-confirmed block with number 118 was not found. Current pre-confirmed block number is 119." }), retrying
[2026-10-01 05:22:09:807] WARN mc_gateway_client::methods Failed to get with StarknetError(StarknetError { code: BlockNotFound, message: "Pre-confirmed block with number 118 was not found. Current pre-confirmed block number is 119." }), retrying
[2026-10-01 05:22:10:009] WARN mc_gateway_client::methods Failed to get with StarknetError(StarknetError { code: BlockNotFound, message: "Pre-confirmed block with number 118 was not found. Current pre-confirmed block number is 119." }), retrying
[2026-10-01 05:22:11:963] INFO 📥 Blocks: 118 [0] | Classes: 118 [0] | State: 118 [0]
[2026-10-01 05:22:11:963] INFO 🔗 Sync is at 118/118 [0.17 blocks/s]
[2026-10-01 05:22:14:964] INFO 📥 Blocks: 118 [0] | Classes: 118 [0] | State: 118 [0]
[2026-10-01 05:22:14:964] INFO 🔗 Sync is at 118/118 [0.17 blocks/s]
[2026-10-01 05:22:15:712] WARN mc_gateway_client::methods Failed to get with StarknetError(StarknetError { code: BlockNotFound, message: "Pre-confirmed block with number 119 was not found. Current pre-confirmed block number is 120." }), retrying
[2026-10-01 05:22:15:814] WARN mc_gateway_client::methods Failed to get with StarknetError(StarknetError { code: BlockNotFound, message: "Pre-confirmed block with number 119 was not found. Current pre-confirmed block number is 120." }), retrying
[2026-10-01 05:22:16:016] WARN mc_gateway_client::methods Failed to get with StarknetError(StarknetError { code: BlockNotFound, message: "Pre-confirmed block with number 119 was not found. Current pre-confirmed block number is 120." }), retrying
[2026-10-01 05:22:17:964] INFO 📥 Blocks: 119 [0] | Classes: 119 [0] | State: 119 [0]
[2026-10-01 05:22:17:964] INFO 🔗 Sync is at 119/119 [0.17 blocks/s]
[2026-10-01 05:22:20:964] INFO 📥 Blocks: 119 [0] | Classes: 119 [0] | State: 119 [0]
[2026-10-01 05:22:20:964] INFO 🔗 Sync is at 119/119 [0.17 blocks/s]
[2026-10-01 05:22:21:723] WARN mc_gateway_client::methods Failed to get with StarknetError(StarknetError { code: BlockNotFound, message: "Pre-confirmed block with number 120 was not found. Current pre-confirmed block number is 121." }), retrying
[2026-10-01 05:22:21:825] WARN mc_gateway_client::methods Failed to get with StarknetError(StarknetError { code: BlockNotFound, message: "Pre-confirmed block with number 120 was not found. Current pre-confirmed block number is 121." }), retrying
[2026-10-01 05:22:22:027] WARN mc_gateway_client::methods Failed to get with StarknetError(StarknetError { code: BlockNotFound, message: "Pre-confirmed block with number 120 was not found. Current pre-confirmed block number is 121." }), retrying
[2026-10-01 05:22:23:963] INFO 📥 Blocks: 120 [0] | Classes: 120 [0] | State: 120 [0]
[2026-10-01 05:22:23:963] INFO 🔗 Sync is at 120/120 [0.17 blocks/s]
[2026-10-01 05:22:28:052] INFO 📥 Blocks: 120 [0] | Classes: 120 [0] | State: 120 [0]
[2026-10-01 05:22:28:052] INFO 🔗 Sync is at 120/120 [0.17 blocks/s]
[2026-10-01 05:22:28:822] WARN mc_gateway_client::methods Failed to get with StarknetError(StarknetError { code: BlockNotFound, message: "Pre-confirmed block with number 121 was not found. Current pre-confirmed block number is 122." }), retrying
[2026-10-01 05:22:28:923] WARN mc_gateway_client::methods Failed to get with StarknetError(StarknetError { code: BlockNotFound, message: "Pre-confirmed block with number 121 was not found. Current pre-confirmed block number is 122." }), retrying
[2026-10-01 05:22:29:125] WARN mc_gateway_client::methods Failed to get with StarknetError(StarknetError { code: BlockNotFound, message: "Pre-confirmed block with number 121 was not found. Current pre-confirmed block number is 122." }), retrying
[2026-10-01 05:22:31:053] INFO 📥 Blocks: 121 [0] | Classes: 121 [0] | State: 121 [0]
[2026-10-01 05:22:31:053] INFO 🔗 Sync is at 121/121 [0.17 blocks/s]
[2026-10-01 05:22:34:052] INFO 📥 Blocks: 121 [0] | Classes: 121 [0] | State: 121 [0]
[2026-10-01 05:22:34:052] INFO 🔗 Sync is at 121/121 [0.17 blocks/s]
[2026-10-01 05:22:34:832] WARN mc_gateway_client::methods Failed to get with StarknetError(StarknetError { code: BlockNotFound, message: "Pre-confirmed block with number 122 was not found. Current pre-confirmed block number is 123." }), retrying
[2026-10-01 05:22:34:933] WARN mc_gateway_client::methods Failed to get with StarknetError(StarknetError { code: BlockNotFound, message: "Pre-confirmed block with number 122 was not found. Current pre-confirmed block number is 123." }), retrying
[2026-10-01 05:22:35:135] WARN mc_gateway_client::methods Failed to get with StarknetError(StarknetError { code: BlockNotFound, message: "Pre-confirmed block with number 122 was not found. Current pre-confirmed block number is 123." }), retrying
[2026-10-01 05:22:37:053] INFO 📥 Blocks: 122 [0] | Classes: 122 [0] | State: 122 [0]
[2026-10-01 05:22:37:053] INFO 🔗 Sync is at 122/122 [0.17 blocks/s]
[2026-10-01 05:22:40:052] INFO 📥 Blocks: 122 [0] | Classes: 122 [0] | State: 122 [0]
[2026-10-01 05:22:40:052] INFO 🔗 Sync is at 122/122 [0.17 blocks/s]
[2026-10-01 05:22:40:844] WARN mc_gateway_client::methods Failed to get with StarknetError(StarknetError { code: BlockNotFound, message: "Pre-confirmed block with number 123 was not found. Current pre-confirmed block number is 124." }), retrying
[2026-10-01 05:22:40:947] WARN mc_gateway_client::methods Failed to get with StarknetError(StarknetError { code: BlockNotFound, message: "Pre-confirmed block with number 123 was not found. Current pre-confirmed block number is 124." }), retrying
[2026-10-01 05:22:41:149] WARN mc_gateway_client::methods Failed to get with StarknetError(StarknetError { code: BlockNotFound, message: "Pre-confirmed block with number 123 was not found. Current pre-confirmed block number is 124." }), retrying
[2026-10-01 05:22:43:052] INFO 📥 Blocks: 123 [0] | Classes: 123 [0] | State: 123 [0]
[2026-10-01 05:22:43:052] INFO 🔗 Sync is at 123/123 [0.17 blocks/s]
[2026-10-01 05:22:46:052] INFO 📥 Blocks: 123 [0] | Classes: 123 [0] | State: 123 [0]
[2026-10-01 05:22:46:052] INFO 🔗 Sync is at 123/123 [0.17 blocks/s]
[2026-10-01 05:22:46:860] WARN mc_gateway_client::methods Failed to get with StarknetError(StarknetError { code: BlockNotFound, message: "Pre-confirmed block with number 124 was not found. Current pre-confirmed block number is 125." }), retrying
[2026-10-01 05:22:46:962] WARN mc_gateway_client::methods Failed to get with StarknetError(StarknetError { code: BlockNotFound, message: "Pre-confirmed block with number 124 was not found. Current pre-confirmed block number is 125." }), retrying
[2026-10-01 05:22:47:164] WARN mc_gateway_client::methods Failed to get with StarknetError(StarknetError { code: BlockNotFound, message: "Pre-confirmed block with number 124 was not found. Current pre-confirmed block number is 125." }), retrying
[2026-10-01 05:22:49:052] INFO 📥 Blocks: 124 [0] | Classes: 124 [0] | State: 124 [0]
[2026-10-01 05:22:49:052] INFO 🔗 Sync is at 124/124 [0.17 blocks/s]
[2026-10-01 05:22:52:052] INFO 📥 Blocks: 124 [0] | Classes: 124 [0] | State: 124 [0]
[2026-10-01 05:22:52:052] INFO 🔗 Sync is at 124/124 [0.17 blocks/s]
[2026-10-01 05:22:52:869] WARN mc_gateway_client::methods Failed to get with StarknetError(StarknetError { code: BlockNotFound, message: "Pre-confirmed block with number 125 was not found. Current pre-confirmed block number is 126." }), retrying
[2026-10-01 05:22:52:971] WARN mc_gateway_client::methods Failed to get with StarknetError(StarknetError { code: BlockNotFound, message: "Pre-confirmed block with number 125 was not found. Current pre-confirmed block number is 126." }), retrying
[2026-10-01 05:22:53:173] WARN mc_gateway_client::methods Failed to get with StarknetError(StarknetError { code: BlockNotFound, message: "Pre-confirmed block with number 125 was not found. Current pre-confirmed block number is 126." }), retrying
[2026-10-01 05:22:55:052] INFO 📥 Blocks: 125 [0] | Classes: 125 [0] | State: 125 [0]
[2026-10-01 05:22:55:052] INFO 🔗 Sync is at 125/125 [0.17 blocks/s]
[2026-10-01 05:22:59:162] INFO 📥 Blocks: 125 [0] | Classes: 125 [0] | State: 125 [0]
[2026-10-01 05:22:59:162] INFO 🔗 Sync is at 125/125 [0.17 blocks/s]
[2026-10-01 05:22:59:988] WARN mc_gateway_client::methods Failed to get with StarknetError(StarknetError { code: BlockNotFound, message: "Pre-confirmed block with number 126 was not found. Current pre-confirmed block number is 127." }), retrying
[2026-10-01 05:23:00:090] WARN mc_gateway_client::methods Failed to get with StarknetError(StarknetError { code: BlockNotFound, message: "Pre-confirmed block with number 126 was not found. Current pre-confirmed block number is 127." }), retrying
[2026-10-01 05:23:00:291] WARN mc_gateway_client::methods Failed to get with StarknetError(StarknetError { code: BlockNotFound, message: "Pre-confirmed block with number 126 was not found. Current pre-confirmed block number is 127." }), retrying
[2026-10-01 05:23:02:163] INFO 📥 Blocks: 126 [0] | Classes: 126 [0] | State: 126 [0]
[2026-10-01 05:23:02:163] INFO 🔗 Sync is at 126/126 [0.17 blocks/s]
[2026-10-01 05:23:05:163] INFO 📥 Blocks: 126 [0] | Classes: 126 [0] | State: 126 [0]
[2026-10-01 05:23:05:163] INFO 🔗 Sync is at 126/126 [0.17 blocks/s]
[2026-10-01 05:23:05:998] WARN mc_gateway_client::methods Failed to get with StarknetError(StarknetError { code: BlockNotFound, message: "Pre-confirmed block with number 127 was not found. Current pre-confirmed block number is 128." }), retrying
[2026-10-01 05:23:06:099] WARN mc_gateway_client::methods Failed to get with StarknetError(StarknetError { code: BlockNotFound, message: "Pre-confirmed block with number 127 was not found. Current pre-confirmed block number is 128." }), retrying
[2026-10-01 05:23:06:301] WARN mc_gateway_client::methods Failed to get with StarknetError(StarknetError { code: BlockNotFound, message: "Pre-confirmed block with number 127 was not found. Current pre-confirmed block number is 128." }), retrying
[2026-10-01 05:23:08:163] INFO 📥 Blocks: 127 [0] | Classes: 127 [0] | State: 127 [0]
[2026-10-01 05:23:08:163] INFO 🔗 Sync is at 127/127 [0.17 blocks/s]
[2026-10-01 05:23:11:163] INFO 📥 Blocks: 127 [0] | Classes: 127 [0] | State: 127 [0]
[2026-10-01 05:23:11:163] INFO 🔗 Sync is at 127/127 [0.17 blocks/s]
[2026-10-01 05:23:12:008] WARN mc_gateway_client::methods Failed to get with StarknetError(StarknetError { code: BlockNotFound, message: "Pre-confirmed block with number 128 was not found. Current pre-confirmed block number is 129." }), retrying
[2026-10-01 05:23:12:110] WARN mc_gateway_client::methods Failed to get with StarknetError(StarknetError { code: BlockNotFound, message: "Pre-confirmed block with number 128 was not found. Current pre-confirmed block number is 129." }), retrying
[2026-10-01 05:23:12:312] WARN mc_gateway_client::methods Failed to get with StarknetError(StarknetError { code: BlockNotFound, message: "Pre-confirmed block with number 128 was not found. Current pre-confirmed block number is 129." }), retrying
[2026-10-01 05:23:14:163] INFO 📥 Blocks: 128 [0] | Classes: 128 [0] | State: 128 [0]
[2026-10-01 05:23:14:163] INFO 🔗 Sync is at 128/128 [0.17 blocks/s]
[2026-10-01 05:23:17:163] INFO 📥 Blocks: 128 [0] | Classes: 128 [0] | State: 128 [0]
[2026-10-01 05:23:17:163] INFO 🔗 Sync is at 128/128 [0.17 blocks/s]
[2026-10-01 05:23:18:016] WARN mc_gateway_client::methods Failed to get with StarknetError(StarknetError { code: BlockNotFound, message: "Pre-confirmed block with number 129 was not found. Current pre-confirmed block number is 130." }), retrying
[2026-10-01 05:23:18:118] WARN mc_gateway_client::methods Failed to get with StarknetError(StarknetError { code: BlockNotFound, message: "Pre-confirmed block with number 129 was not found. Current pre-confirmed block number is 130." }), retrying
[2026-10-01 05:23:18:321] WARN mc_gateway_client::methods Failed to get with StarknetError(StarknetError { code: BlockNotFound, message: "Pre-confirmed block with number 129 was not found. Current pre-confirmed block number is 130." }), retrying
[2026-10-01 05:23:20:163] INFO 📥 Blocks: 129 [0] | Classes: 129 [0] | State: 129 [0]
[2026-10-01 05:23:20:163] INFO 🔗 Sync is at 129/129 [0.17 blocks/s]
[2026-10-01 05:23:23:163] INFO 📥 Blocks: 129 [0] | Classes: 129 [0] | State: 129 [0]
[2026-10-01 05:23:23:163] INFO 🔗 Sync is at 129/129 [0.17 blocks/s]
[2026-10-01 05:23:24:035] WARN mc_gateway_client::methods Failed to get with StarknetError(StarknetError { code: BlockNotFound, message: "Pre-confirmed block with number 130 was not found. Current pre-confirmed block number is 131." }), retrying
[2026-10-01 05:23:24:136] WARN mc_gateway_client::methods Failed to get with StarknetError(StarknetError { code: BlockNotFound, message: "Pre-confirmed block with number 130 was not found. Current pre-confirmed block number is 131." }), retrying
[2026-10-01 05:23:24:339] WARN mc_gateway_client::methods Failed to get with StarknetError(StarknetError { code: BlockNotFound, message: "Pre-confirmed block with number 130 was not found. Current pre-confirmed block number is 131." }), retrying
[2026-10-01 05:23:26:163] INFO 📥 Blocks: 130 [0] | Classes: 130 [0] | State: 130 [0]
[2026-10-01 05:23:26:163] INFO 🔗 Sync is at 130/130 [0.17 blocks/s]
[2026-10-01 05:23:30:241] INFO 📥 Blocks: 130 [0] | Classes: 130 [0] | State: 130 [0]
[2026-10-01 05:23:30:241] INFO 🔗 Sync is at 130/130 [0.17 blocks/s]
[2026-10-01 05:23:31:118] WARN mc_gateway_client::methods Failed to get with StarknetError(StarknetError { code: BlockNotFound, message: "Pre-confirmed block with number 131 was not found. Current pre-confirmed block number is 132." }), retrying
[2026-10-01 05:23:31:220] WARN mc_gateway_client::methods Failed to get with StarknetError(StarknetError { code: BlockNotFound, message: "Pre-confirmed block with number 131 was not found. Current pre-confirmed block number is 132." }), retrying
[2026-10-01 05:23:31:422] WARN mc_gateway_client::methods Failed to get with StarknetError(StarknetError { code: BlockNotFound, message: "Pre-confirmed block with number 131 was not found. Current pre-confirmed block number is 132." }), retrying
[2026-10-01 05:23:33:241] INFO 📥 Blocks: 131 [0] | Classes: 131 [0] | State: 131 [0]
[2026-10-01 05:23:33:241] INFO 🔗 Sync is at 131/131 [0.17 blocks/s]
[2026-10-01 05:23:36:241] INFO 📥 Blocks: 131 [0] | Classes: 131 [0] | State: 131 [0]
[2026-10-01 05:23:36:241] INFO 🔗 Sync is at 131/131 [0.17 blocks/s]
[2026-10-01 05:23:37:127] WARN mc_gateway_client::methods Failed to get with StarknetError(StarknetError { code: BlockNotFound, message: "Pre-confirmed block with number 132 was not found. Current pre-confirmed block number is 133." }), retrying
[2026-10-01 05:23:37:228] WARN mc_gateway_client::methods Failed to get with StarknetError(StarknetError { code: BlockNotFound, message: "Pre-confirmed block with number 132 was not found. Current pre-confirmed block number is 133." }), retrying
[2026-10-01 05:23:37:430] WARN mc_gateway_client::methods Failed to get with StarknetError(StarknetError { code: BlockNotFound, message: "Pre-confirmed block with number 132 was not found. Current pre-confirmed block number is 133." }), retrying
[2026-10-01 05:23:39:241] INFO 📥 Blocks: 132 [0] | Classes: 132 [0] | State: 132 [0]
[2026-10-01 05:23:39:241] INFO 🔗 Sync is at 132/132 [0.17 blocks/s]
[2026-10-01 05:23:42:241] INFO 📥 Blocks: 132 [0] | Classes: 132 [0] | State: 132 [0]
[2026-10-01 05:23:42:241] INFO 🔗 Sync is at 132/132 [0.17 blocks/s]
[2026-10-01 05:23:43:141] WARN mc_gateway_client::methods Failed to get with StarknetError(StarknetError { code: BlockNotFound, message: "Pre-confirmed block with number 133 was not found. Current pre-confirmed block number is 134." }), retrying
[2026-10-01 05:23:43:243] WARN mc_gateway_client::methods Failed to get with StarknetError(StarknetError { code: BlockNotFound, message: "Pre-confirmed block with number 133 was not found. Current pre-confirmed block number is 134." }), retrying
[2026-10-01 05:23:43:445] WARN mc_gateway_client::methods Failed to get with StarknetError(StarknetError { code: BlockNotFound, message: "Pre-confirmed block with number 133 was not found. Current pre-confirmed block number is 134." }), retrying
[2026-10-01 05:23:45:241] INFO 📥 Blocks: 133 [0] | Classes: 133 [0] | State: 133 [0]
[2026-10-01 05:23:45:241] INFO 🔗 Sync is at 133/133 [0.17 blocks/s]
[2026-10-01 05:23:48:241] INFO 📥 Blocks: 133 [0] | Classes: 133 [0] | State: 133 [0]
[2026-10-01 05:23:48:241] INFO 🔗 Sync is at 133/133 [0.17 blocks/s]
[2026-10-01 05:23:49:152] WARN mc_gateway_client::methods Failed to get with StarknetError(StarknetError { code: BlockNotFound, message: "Pre-confirmed block with number 134 was not found. Current pre-confirmed block number is 135." }), retrying
[2026-10-01 05:23:49:254] WARN mc_gateway_client::methods Failed to get with StarknetError(StarknetError { code: BlockNotFound, message: "Pre-confirmed block with number 134 was not found. Current pre-confirmed block number is 135." }), retrying
[2026-10-01 05:23:49:456] WARN mc_gateway_client::methods Failed to get with StarknetError(StarknetError { code: BlockNotFound, message: "Pre-confirmed block with number 134 was not found. Current pre-confirmed block number is 135." }), retrying
[2026-10-01 05:23:51:241] INFO 📥 Blocks: 134 [0] | Classes: 134 [0] | State: 134 [0]
[2026-10-01 05:23:51:241] INFO 🔗 Sync is at 134/134 [0.17 blocks/s]
[2026-10-01 05:23:54:240] INFO 📥 Blocks: 134 [0] | Classes: 134 [0] | State: 134 [0]
[2026-10-01 05:23:54:240] INFO 🔗 Sync is at 134/134 [0.17 blocks/s]
[2026-10-01 05:23:55:154] WARN mc_gateway_client::methods Failed to get with StarknetError(StarknetError { code: BlockNotFound, message: "Pre-confirmed block with number 135 was not found. Current pre-confirmed block number is 136." }), retrying
[2026-10-01 05:23:55:255] WARN mc_gateway_client::methods Failed to get with StarknetError(StarknetError { code: BlockNotFound, message: "Pre-confirmed block with number 135 was not found. Current pre-confirmed block number is 136." }), retrying
[2026-10-01 05:23:55:457] WARN mc_gateway_client::methods Failed to get with StarknetError(StarknetError { code: BlockNotFound, message: "Pre-confirmed block with number 135 was not found. Current pre-confirmed block number is 136." }), retrying
[2026-10-01 05:23:57:241] INFO 📥 Blocks: 135 [0] | Classes: 135 [0] | State: 135 [0]
[2026-10-01 05:23:57:241] INFO 🔗 Sync is at 135/135 [0.17 blocks/s]
[2026-10-01 05:24:01:322] INFO 📥 Blocks: 135 [0] | Classes: 135 [0] | State: 135 [0]
[2026-10-01 05:24:01:322] INFO 🔗 Sync is at 135/135 [0.17 blocks/s]
[2026-10-01 05:24:02:248] WARN mc_gateway_client::methods Failed to get with StarknetError(StarknetError { code: BlockNotFound, message: "Pre-confirmed block with number 136 was not found. Current pre-confirmed block number is 137." }), retrying
[2026-10-01 05:24:02:350] WARN mc_gateway_client::methods Failed to get with StarknetError(StarknetError { code: BlockNotFound, message: "Pre-confirmed block with number 136 was not found. Current pre-confirmed block number is 137." }), retrying
[2026-10-01 05:24:02:551] WARN mc_gateway_client::methods Failed to get with StarknetError(StarknetError { code: BlockNotFound, message: "Pre-confirmed block with number 136 was not found. Current pre-confirmed block number is 137." }), retrying
[2026-10-01 05:24:04:321] INFO 📥 Blocks: 136 [0] | Classes: 136 [0] | State: 136 [0]
[2026-10-01 05:24:04:321] INFO 🔗 Sync is at 136/136 [0.17 blocks/s]
[2026-10-01 05:24:07:321] INFO 📥 Blocks: 136 [0] | Classes: 136 [0] | State: 136 [0]
[2026-10-01 05:24:07:321] INFO 🔗 Sync is at 136/136 [0.17 blocks/s]
[2026-10-01 05:24:08:255] WARN mc_gateway_client::methods Failed to get with StarknetError(StarknetError { code: BlockNotFound, message: "Pre-confirmed block with number 137 was not found. Current pre-confirmed block number is 138." }), retrying
[2026-10-01 05:24:08:357] WARN mc_gateway_client::methods Failed to get with StarknetError(StarknetError { code: BlockNotFound, message: "Pre-confirmed block with number 137 was not found. Current pre-confirmed block number is 138." }), retrying
[2026-10-01 05:24:08:559] WARN mc_gateway_client::methods Failed to get with StarknetError(StarknetError { code: BlockNotFound, message: "Pre-confirmed block with number 137 was not found. Current pre-confirmed block number is 138." }), retrying
[2026-10-01 05:24:10:322] INFO 📥 Blocks: 137 [0] | Classes: 137 [0] | State: 137 [0]
[2026-10-01 05:24:10:322] INFO 🔗 Sync is at 137/137 [0.17 blocks/s]
[2026-10-01 05:24:13:322] INFO 📥 Blocks: 137 [0] | Classes: 137 [0] | State: 137 [0]
[2026-10-01 05:24:13:322] INFO 🔗 Sync is at 137/137 [0.17 blocks/s]
[2026-10-01 05:24:14:263] WARN mc_gateway_client::methods Failed to get with StarknetError(StarknetError { code: BlockNotFound, message: "Pre-confirmed block with number 138 was not found. Current pre-confirmed block number is 139." }), retrying
[2026-10-01 05:24:14:365] WARN mc_gateway_client::methods Failed to get with StarknetError(StarknetError { code: BlockNotFound, message: "Pre-confirmed block with number 138 was not found. Current pre-confirmed block number is 139." }), retrying
[2026-10-01 05:24:14:566] WARN mc_gateway_client::methods Failed to get with StarknetError(StarknetError { code: BlockNotFound, message: "Pre-confirmed block with number 138 was not found. Current pre-confirmed block number is 139." }), retrying
[2026-10-01 05:24:16:321] INFO 📥 Blocks: 138 [0] | Classes: 138 [0] | State: 138 [0]
[2026-10-01 05:24:16:321] INFO 🔗 Sync is at 138/138 [0.17 blocks/s]
[2026-10-01 05:24:19:321] INFO 📥 Blocks: 138 [0] | Classes: 138 [0] | State: 138 [0]
[2026-10-01 05:24:19:321] INFO 🔗 Sync is at 138/138 [0.17 blocks/s]
[2026-10-01 05:24:20:272] WARN mc_gateway_client::methods Failed to get with StarknetError(StarknetError { code: BlockNotFound, message: "Pre-confirmed block with number 139 was not found. Current pre-confirmed block number is 140." }), retrying
[2026-10-01 05:24:20:372] WARN mc_gateway_client::methods Failed to get with StarknetError(StarknetError { code: BlockNotFound, message: "Pre-confirmed block with number 139 was not found. Current pre-confirmed block number is 140." }), retrying
[2026-10-01 05:24:20:574] WARN mc_gateway_client::methods Failed to get with StarknetError(StarknetError { code: BlockNotFound, message: "Pre-confirmed block with number 139 was not found. Current pre-confirmed block number is 140." }), retrying
[2026-10-01 05:24:22:321] INFO 📥 Blocks: 139 [0] | Classes: 139 [0] | State: 139 [0]
[2026-10-01 05:24:22:321] INFO 🔗 Sync is at 139/139 [0.17 blocks/s]
[2026-10-01 05:24:25:321] INFO 📥 Blocks: 139 [0] | Classes: 139 [0] | State: 139 [0]
[2026-10-01 05:24:25:321] INFO 🔗 Sync is at 139/139 [0.17 blocks/s]
[2026-10-01 05:24:26:287] WARN mc_gateway_client::methods Failed to get with StarknetError(StarknetError { code: BlockNotFound, message: "Pre-confirmed block with number 140 was not found. Current pre-confirmed block number is 141." }), retrying
[2026-10-01 05:24:26:387] WARN mc_gateway_client::methods Failed to get with StarknetError(StarknetError { code: BlockNotFound, message: "Pre-confirmed block with number 140 was not found. Current pre-confirmed block number is 141." }), retrying
[2026-10-01 05:24:26:589] WARN mc_gateway_client::methods Failed to get with StarknetError(StarknetError { code: BlockNotFound, message: "Pre-confirmed block with number 140 was not found. Current pre-confirmed block number is 141." }), retrying
[2026-10-01 05:24:28:322] INFO 📥 Blocks: 140 [0] | Classes: 140 [0] | State: 140 [0]
[2026-10-01 05:24:28:322] INFO 🔗 Sync is at 140/140 [0.17 blocks/s]
[2026-10-01 05:24:32:413] INFO 📥 Blocks: 140 [0] | Classes: 140 [0] | State: 140 [0]
[2026-10-01 05:24:32:413] INFO 🔗 Sync is at 140/140 [0.17 blocks/s]
[2026-10-01 05:24:33:493] WARN mc_gateway_client::methods Failed to get with StarknetError(StarknetError { code: BlockNotFound, message: "Pre-confirmed block with number 141 was not found. Current pre-confirmed block number is 142." }), retrying
[2026-10-01 05:24:33:597] WARN mc_gateway_client::methods Failed to get with StarknetError(StarknetError { code: BlockNotFound, message: "Pre-confirmed block with number 141 was not found. Current pre-confirmed block number is 142." }), retrying
[2026-10-01 05:24:33:802] WARN mc_gateway_client::methods Failed to get with StarknetError(StarknetError { code: BlockNotFound, message: "Pre-confirmed block with number 141 was not found. Current pre-confirmed block number is 142." }), retrying
[2026-10-01 05:24:35:413] INFO 📥 Blocks: 141 [0] | Classes: 141 [0] | State: 141 [0]
[2026-10-01 05:24:35:413] INFO 🔗 Sync is at 141/141 [0.17 blocks/s]
[2026-10-01 05:24:38:413] INFO 📥 Blocks: 141 [0] | Classes: 141 [0] | State: 141 [0]
[2026-10-01 05:24:38:413] INFO 🔗 Sync is at 141/141 [0.17 blocks/s]
[2026-10-01 05:24:41:413] INFO 📥 Blocks: 142 [0] | Classes: 142 [0] | State: 142 [0]
[2026-10-01 05:24:41:413] INFO 🔗 Sync is at 142/142 [0.17 blocks/s]
[2026-10-01 05:24:44:414] INFO 📥 Blocks: 142 [0] | Classes: 142 [0] | State: 142 [0]
[2026-10-01 05:24:44:414] INFO 🔗 Sync is at 142/142 [0.17 blocks/s]
[2026-10-01 05:24:47:413] INFO 📥 Blocks: 143 [0] | Classes: 143 [0] | State: 143 [0]
[2026-10-01 05:24:47:413] INFO 🔗 Sync is at 143/143 [0.17 blocks/s]
[2026-10-01 05:24:50:413] INFO 📥 Blocks: 143 [0] | Classes: 143 [0] | State: 143 [0]
[2026-10-01 05:24:50:413] INFO 🔗 Sync is at 143/143 [0.17 blocks/s]
[2026-10-01 05:24:53:413] INFO 📥 Blocks: 144 [0] | Classes: 144 [0] | State: 144 [0]
[2026-10-01 05:24:53:413] INFO 🔗 Sync is at 144/144 [0.17 blocks/s]
[2026-10-01 05:24:56:413] INFO 📥 Blocks: 144 [0] | Classes: 144 [0] | State: 144 [0]
[2026-10-01 05:24:56:413] INFO 🔗 Sync is at 144/144 [0.17 blocks/s]
[2026-10-01 05:24:59:413] INFO 📥 Blocks: 145 [0] | Classes: 145 [0] | State: 145 [0]
[2026-10-01 05:24:59:413] INFO 🔗 Sync is at 145/145 [0.17 blocks/s]
[2026-10-01 05:25:03:522] INFO 📥 Blocks: 145 [0] | Classes: 145 [0] | State: 145 [0]
[2026-10-01 05:25:03:522] INFO 🔗 Sync is at 145/145 [0.17 blocks/s]
[2026-10-01 05:25:06:523] INFO 📥 Blocks: 146 [0] | Classes: 146 [0] | State: 146 [0]
[2026-10-01 05:25:06:523] INFO 🔗 Sync is at 146/146 [0.17 blocks/s]
[2026-10-01 05:25:09:523] INFO 📥 Blocks: 146 [0] | Classes: 146 [0] | State: 146 [0]
[2026-10-01 05:25:09:523] INFO 🔗 Sync is at 146/146 [0.17 blocks/s]
[2026-10-01 05:25:10:070] WARN mc_gateway_client::methods Failed to get with StarknetError(StarknetError { code: BlockNotFound, message: "Pre-confirmed block with number 147 was not found. Current pre-confirmed block number is 148." }), retrying
[2026-10-01 05:25:10:172] WARN mc_gateway_client::methods Failed to get with StarknetError(StarknetError { code: BlockNotFound, message: "Pre-confirmed block with number 147 was not found. Current pre-confirmed block number is 148." }), retrying
[2026-10-01 05:25:12:523] INFO 📥 Blocks: 147 [0] | Classes: 147 [0] | State: 147 [0]
[2026-10-01 05:25:12:523] INFO 🔗 Sync is at 147/147 [0.17 blocks/s]
[2026-10-01 05:25:15:522] INFO 📥 Blocks: 147 [0] | Classes: 147 [0] | State: 147 [0]
[2026-10-01 05:25:15:522] INFO 🔗 Sync is at 147/147 [0.17 blocks/s]
[2026-10-01 05:25:18:526] INFO 📥 Blocks: 148 [0] | Classes: 148 [0] | State: 148 [0]
[2026-10-01 05:25:18:526] INFO 🔗 Sync is at 148/148 [0.17 blocks/s]
[2026-10-01 05:25:21:522] INFO 📥 Blocks: 148 [0] | Classes: 148 [0] | State: 148 [0]
[2026-10-01 05:25:21:522] INFO 🔗 Sync is at 148/148 [0.17 blocks/s]
[2026-10-01 05:25:24:526] INFO 📥 Blocks: 149 [0] | Classes: 149 [0] | State: 149 [0]
[2026-10-01 05:25:24:526] INFO 🔗 Sync is at 149/149 [0.17 blocks/s]
[2026-10-01 05:25:27:523] INFO 📥 Blocks: 149 [0] | Classes: 149 [0] | State: 149 [0]
[2026-10-01 05:25:27:523] INFO 🔗 Sync is at 149/149 [0.17 blocks/s]
[2026-10-01 05:25:30:522] INFO 📥 Blocks: 150 [0] | Classes: 150 [0] | State: 150 [0]
[2026-10-01 05:25:30:522] INFO 🔗 Sync is at 150/150 [0.17 blocks/s]
[2026-10-01 05:25:34:609] INFO 📥 Blocks: 150 [0] | Classes: 150 [0] | State: 150 [0]
[2026-10-01 05:25:34:609] INFO 🔗 Sync is at 150/150 [0.17 blocks/s]
[2026-10-01 05:25:37:606] INFO 📥 Blocks: 151 [0] | Classes: 151 [0] | State: 151 [0]
[2026-10-01 05:25:37:606] INFO 🔗 Sync is at 151/151 [0.17 blocks/s]
[2026-10-01 05:25:40:606] INFO 📥 Blocks: 151 [0] | Classes: 151 [0] | State: 151 [0]
[2026-10-01 05:25:40:606] INFO 🔗 Sync is at 151/151 [0.17 blocks/s]
[2026-10-01 05:25:41:134] WARN mc_gateway_client::methods Failed to get with StarknetError(StarknetError { code: BlockNotFound, message: "Pre-confirmed block with number 152 was not found. Current pre-confirmed block number is 153." }), retrying
[2026-10-01 05:25:41:236] WARN mc_gateway_client::methods Failed to get with StarknetError(StarknetError { code: BlockNotFound, message: "Pre-confirmed block with number 152 was not found. Current pre-confirmed block number is 153." }), retrying
[2026-10-01 05:25:41:438] WARN mc_gateway_client::methods Failed to get with StarknetError(StarknetError { code: BlockNotFound, message: "Pre-confirmed block with number 152 was not found. Current pre-confirmed block number is 153." }), retrying
[2026-10-01 05:25:43:608] INFO 📥 Blocks: 152 [0] | Classes: 152 [0] | State: 152 [0]
[2026-10-01 05:25:43:608] INFO 🔗 Sync is at 152/152 [0.17 blocks/s]
[2026-10-01 05:25:46:613] INFO 📥 Blocks: 152 [0] | Classes: 152 [0] | State: 152 [0]
[2026-10-01 05:25:46:613] INFO 🔗 Sync is at 152/152 [0.17 blocks/s]
[2026-10-01 05:25:49:606] INFO 📥 Blocks: 153 [0] | Classes: 153 [0] | State: 153 [0]
[2026-10-01 05:25:49:606] INFO 🔗 Sync is at 153/153 [0.17 blocks/s]
[2026-10-01 05:25:52:606] INFO 📥 Blocks: 153 [0] | Classes: 153 [0] | State: 153 [0]
[2026-10-01 05:25:52:606] INFO 🔗 Sync is at 153/153 [0.17 blocks/s]
[2026-10-01 05:25:55:606] INFO 📥 Blocks: 154 [0] | Classes: 154 [0] | State: 154 [0]
[2026-10-01 05:25:55:606] INFO 🔗 Sync is at 154/154 [0.17 blocks/s]
[2026-10-01 05:25:58:606] INFO 📥 Blocks: 154 [0] | Classes: 154 [0] | State: 154 [0]
[2026-10-01 05:25:58:606] INFO 🔗 Sync is at 154/154 [0.17 blocks/s]
[2026-10-01 05:26:01:606] INFO 📥 Blocks: 155 [0] | Classes: 155 [0] | State: 155 [0]
[2026-10-01 05:26:01:606] INFO 🔗 Sync is at 155/155 [0.17 blocks/s]
[2026-10-01 05:26:05:689] INFO 📥 Blocks: 155 [0] | Classes: 155 [0] | State: 155 [0]
[2026-10-01 05:26:05:689] INFO 🔗 Sync is at 155/155 [0.17 blocks/s]
[2026-10-01 05:26:08:689] INFO 📥 Blocks: 156 [0] | Classes: 156 [0] | State: 156 [0]
[2026-10-01 05:26:08:689] INFO 🔗 Sync is at 156/156 [0.17 blocks/s]
[2026-10-01 05:26:11:689] INFO 📥 Blocks: 156 [0] | Classes: 156 [0] | State: 156 [0]
[2026-10-01 05:26:11:689] INFO 🔗 Sync is at 156/156 [0.17 blocks/s]
[2026-10-01 05:26:12:241] WARN mc_gateway_client::methods Failed to get with StarknetError(StarknetError { code: BlockNotFound, message: "Pre-confirmed block with number 157 was not found. Current pre-confirmed block number is 158." }), retrying
[2026-10-01 05:26:12:349] WARN mc_gateway_client::methods Failed to get with StarknetError(StarknetError { code: BlockNotFound, message: "Pre-confirmed block with number 157 was not found. Current pre-confirmed block number is 158." }), retrying
[2026-10-01 05:26:12:555] WARN mc_gateway_client::methods Failed to get with StarknetError(StarknetError { code: BlockNotFound, message: "Pre-confirmed block with number 157 was not found. Current pre-confirmed block number is 158." }), retrying
[2026-10-01 05:26:14:688] INFO 📥 Blocks: 157 [0] | Classes: 157 [0] | State: 157 [0]
[2026-10-01 05:26:14:688] INFO 🔗 Sync is at 157/157 [0.17 blocks/s]
[2026-10-01 05:26:17:688] INFO 📥 Blocks: 157 [0] | Classes: 157 [0] | State: 157 [0]
[2026-10-01 05:26:17:688] INFO 🔗 Sync is at 157/157 [0.17 blocks/s]
[2026-10-01 05:26:20:688] INFO 📥 Blocks: 158 [0] | Classes: 158 [0] | State: 158 [0]
[2026-10-01 05:26:20:688] INFO 🔗 Sync is at 158/158 [0.17 blocks/s]
[2026-10-01 05:26:23:692] INFO 📥 Blocks: 158 [0] | Classes: 158 [0] | State: 158 [0]
[2026-10-01 05:26:23:692] INFO 🔗 Sync is at 158/158 [0.17 blocks/s]
[2026-10-01 05:26:24:322] WARN mc_gateway_client::methods Failed to get with StarknetError(StarknetError { code: BlockNotFound, message: "Pre-confirmed block with number 159 was not found. Current pre-confirmed block number is 160." }), retrying
[2026-10-01 05:26:24:423] WARN mc_gateway_client::methods Failed to get with StarknetError(StarknetError { code: BlockNotFound, message: "Pre-confirmed block with number 159 was not found. Current pre-confirmed block number is 160." }), retrying
[2026-10-01 05:26:24:625] WARN mc_gateway_client::methods Failed to get with StarknetError(StarknetError { code: BlockNotFound, message: "Pre-confirmed block with number 159 was not found. Current pre-confirmed block number is 160." }), retrying
[2026-10-01 05:26:26:688] INFO 📥 Blocks: 159 [0] | Classes: 159 [0] | State: 159 [0]
[2026-10-01 05:26:26:689] INFO 🔗 Sync is at 159/159 [0.17 blocks/s]
[2026-10-01 05:26:29:688] INFO 📥 Blocks: 159 [0] | Classes: 159 [0] | State: 159 [0]
[2026-10-01 05:26:29:688] INFO 🔗 Sync is at 159/159 [0.17 blocks/s]
[2026-10-01 05:26:30:270] WARN mc_gateway_client::methods Failed to get with StarknetError(StarknetError { code: BlockNotFound, message: "Pre-confirmed block with number 160 was not found. Current pre-confirmed block number is 161." }), retrying
[2026-10-01 05:26:30:372] WARN mc_gateway_client::methods Failed to get with StarknetError(StarknetError { code: BlockNotFound, message: "Pre-confirmed block with number 160 was not found. Current pre-confirmed block number is 161." }), retrying
[2026-10-01 05:26:30:575] WARN mc_gateway_client::methods Failed to get with StarknetError(StarknetError { code: BlockNotFound, message: "Pre-confirmed block with number 160 was not found. Current pre-confirmed block number is 161." }), retrying
[2026-10-01 05:26:32:688] INFO 📥 Blocks: 160 [0] | Classes: 160 [0] | State: 160 [0]
[2026-10-01 05:26:32:688] INFO 🔗 Sync is at 160/160 [0.17 blocks/s]
[2026-10-01 05:26:36:777] INFO 📥 Blocks: 160 [0] | Classes: 160 [0] | State: 160 [0]
[2026-10-01 05:26:36:777] INFO 🔗 Sync is at 160/160 [0.17 blocks/s]
[2026-10-01 05:26:37:380] WARN mc_gateway_client::methods Failed to get with StarknetError(StarknetError { code: BlockNotFound, message: "Pre-confirmed block with number 161 was not found. Current pre-confirmed block number is 162." }), retrying
[2026-10-01 05:26:37:484] WARN mc_gateway_client::methods Failed to get with StarknetError(StarknetError { code: BlockNotFound, message: "Pre-confirmed block with number 161 was not found. Current pre-confirmed block number is 162." }), retrying
[2026-10-01 05:26:37:685] WARN mc_gateway_client::methods Failed to get with StarknetError(StarknetError { code: BlockNotFound, message: "Pre-confirmed block with number 161 was not found. Current pre-confirmed block number is 162." }), retrying
[2026-10-01 05:26:39:779] INFO 📥 Blocks: 161 [0] | Classes: 161 [0] | State: 161 [0]
[2026-10-01 05:26:39:779] INFO 🔗 Sync is at 161/161 [0.17 blocks/s]
[2026-10-01 05:26:42:778] INFO 📥 Blocks: 161 [0] | Classes: 161 [0] | State: 161 [0]
[2026-10-01 05:26:42:778] INFO 🔗 Sync is at 161/161 [0.17 blocks/s]
[2026-10-01 05:26:43:413] WARN mc_gateway_client::methods Failed to get with StarknetError(StarknetError { code: BlockNotFound, message: "Pre-confirmed block with number 162 was not found. Current pre-confirmed block number is 163." }), retrying
[2026-10-01 05:26:43:519] WARN mc_gateway_client::methods Failed to get with StarknetError(StarknetError { code: BlockNotFound, message: "Pre-confirmed block with number 162 was not found. Current pre-confirmed block number is 163." }), retrying
[2026-10-01 05:26:43:722] WARN mc_gateway_client::methods Failed to get with StarknetError(StarknetError { code: BlockNotFound, message: "Pre-confirmed block with number 162 was not found. Current pre-confirmed block number is 163." }), retrying
[2026-10-01 05:26:45:779] INFO 📥 Blocks: 162 [0] | Classes: 162 [0] | State: 162 [0]
[2026-10-01 05:26:45:779] INFO 🔗 Sync is at 162/162 [0.17 blocks/s]
[2026-10-01 05:26:48:777] INFO 📥 Blocks: 162 [0] | Classes: 162 [0] | State: 162 [0]
[2026-10-01 05:26:48:777] INFO 🔗 Sync is at 162/162 [0.17 blocks/s]
[2026-10-01 05:26:49:419] WARN mc_gateway_client::methods Failed to get with StarknetError(StarknetError { code: BlockNotFound, message: "Pre-confirmed block with number 163 was not found. Current pre-confirmed block number is 164." }), retrying
[2026-10-01 05:26:49:522] WARN mc_gateway_client::methods Failed to get with StarknetError(StarknetError { code: BlockNotFound, message: "Pre-confirmed block with number 163 was not found. Current pre-confirmed block number is 164." }), retrying
[2026-10-01 05:26:49:724] WARN mc_gateway_client::methods Failed to get with StarknetError(StarknetError { code: BlockNotFound, message: "Pre-confirmed block with number 163 was not found. Current pre-confirmed block number is 164." }), retrying
[2026-10-01 05:26:51:776] INFO 📥 Blocks: 163 [0] | Classes: 163 [0] | State: 163 [0]
[2026-10-01 05:26:51:776] INFO 🔗 Sync is at 163/163 [0.17 blocks/s]
[2026-10-01 05:26:54:776] INFO 📥 Blocks: 163 [0] | Classes: 163 [0] | State: 163 [0]
[2026-10-01 05:26:54:776] INFO 🔗 Sync is at 163/163 [0.17 blocks/s]
[2026-10-01 05:26:55:466] WARN mc_gateway_client::methods Failed to get with StarknetError(StarknetError { code: BlockNotFound, message: "Pre-confirmed block with number 164 was not found. Current pre-confirmed block number is 165." }), retrying
[2026-10-01 05:26:55:575] WARN mc_gateway_client::methods Failed to get with StarknetError(StarknetError { code: BlockNotFound, message: "Pre-confirmed block with number 164 was not found. Current pre-confirmed block number is 165." }), retrying
[2026-10-01 05:26:55:780] WARN mc_gateway_client::methods Failed to get with StarknetError(StarknetError { code: BlockNotFound, message: "Pre-confirmed block with number 164 was not found. Current pre-confirmed block number is 165." }), retrying
[2026-10-01 05:26:57:777] INFO 📥 Blocks: 164 [0] | Classes: 164 [0] | State: 164 [0]
[2026-10-01 05:26:57:777] INFO 🔗 Sync is at 164/164 [0.17 blocks/s]
[2026-10-01 05:27:00:778] INFO 📥 Blocks: 164 [0] | Classes: 164 [0] | State: 164 [0]
[2026-10-01 05:27:00:778] INFO 🔗 Sync is at 164/164 [0.17 blocks/s]
[2026-10-01 05:27:01:463] WARN mc_gateway_client::methods Failed to get with StarknetError(StarknetError { code: BlockNotFound, message: "Pre-confirmed block with number 165 was not found. Current pre-confirmed block number is 166." }), retrying
[2026-10-01 05:27:01:565] WARN mc_gateway_client::methods Failed to get with StarknetError(StarknetError { code: BlockNotFound, message: "Pre-confirmed block with number 165 was not found. Current pre-confirmed block number is 166." }), retrying
[2026-10-01 05:27:01:767] WARN mc_gateway_client::methods Failed to get with StarknetError(StarknetError { code: BlockNotFound, message: "Pre-confirmed block with number 165 was not found. Current pre-confirmed block number is 166." }), retrying
[2026-10-01 05:27:03:777] INFO 📥 Blocks: 165 [0] | Classes: 165 [0] | State: 165 [0]
[2026-10-01 05:27:03:777] INFO 🔗 Sync is at 165/165 [0.17 blocks/s]
[2026-10-01 05:27:07:869] INFO 📥 Blocks: 165 [0] | Classes: 165 [0] | State: 165 [0]
[2026-10-01 05:27:07:869] INFO 🔗 Sync is at 165/165 [0.17 blocks/s]
[2026-10-01 05:27:08:561] WARN mc_gateway_client::methods Failed to get with StarknetError(StarknetError { code: BlockNotFound, message: "Pre-confirmed block with number 166 was not found. Current pre-confirmed block number is 167." }), retrying
[2026-10-01 05:27:08:662] WARN mc_gateway_client::methods Failed to get with StarknetError(StarknetError { code: BlockNotFound, message: "Pre-confirmed block with number 166 was not found. Current pre-confirmed block number is 167." }), retrying
[2026-10-01 05:27:08:864] WARN mc_gateway_client::methods Failed to get with StarknetError(StarknetError { code: BlockNotFound, message: "Pre-confirmed block with number 166 was not found. Current pre-confirmed block number is 167." }), retrying
[2026-10-01 05:27:10:868] INFO 📥 Blocks: 166 [0] | Classes: 166 [0] | State: 166 [0]
[2026-10-01 05:27:10:868] INFO 🔗 Sync is at 166/166 [0.17 blocks/s]
[2026-10-01 05:27:13:868] INFO 📥 Blocks: 166 [0] | Classes: 166 [0] | State: 166 [0]
[2026-10-01 05:27:13:868] INFO 🔗 Sync is at 166/166 [0.17 blocks/s]
[2026-10-01 05:27:14:602] WARN mc_gateway_client::methods Failed to get with StarknetError(StarknetError { code: BlockNotFound, message: "Pre-confirmed block with number 167 was not found. Current pre-confirmed block number is 168." }), retrying
[2026-10-01 05:27:14:704] WARN mc_gateway_client::methods Failed to get with StarknetError(StarknetError { code: BlockNotFound, message: "Pre-confirmed block with number 167 was not found. Current pre-confirmed block number is 168." }), retrying
[2026-10-01 05:27:14:905] WARN mc_gateway_client::methods Failed to get with StarknetError(StarknetError { code: BlockNotFound, message: "Pre-confirmed block with number 167 was not found. Current pre-confirmed block number is 168." }), retrying
[2026-10-01 05:27:16:868] INFO 📥 Blocks: 167 [0] | Classes: 167 [0] | State: 167 [0]
[2026-10-01 05:27:16:868] INFO 🔗 Sync is at 167/167 [0.17 blocks/s]
[2026-10-01 05:27:19:868] INFO 📥 Blocks: 167 [0] | Classes: 167 [0] | State: 167 [0]
[2026-10-01 05:27:19:868] INFO 🔗 Sync is at 167/167 [0.17 blocks/s]
[2026-10-01 05:27:20:604] WARN mc_gateway_client::methods Failed to get with StarknetError(StarknetError { code: BlockNotFound, message: "Pre-confirmed block with number 168 was not found. Current pre-confirmed block number is 169." }), retrying
[2026-10-01 05:27:20:706] WARN mc_gateway_client::methods Failed to get with StarknetError(StarknetError { code: BlockNotFound, message: "Pre-confirmed block with number 168 was not found. Current pre-confirmed block number is 169." }), retrying
[2026-10-01 05:27:20:908] WARN mc_gateway_client::methods Failed to get with StarknetError(StarknetError { code: BlockNotFound, message: "Pre-confirmed block with number 168 was not found. Current pre-confirmed block number is 169." }), retrying
[2026-10-01 05:27:22:869] INFO 📥 Blocks: 168 [0] | Classes: 168 [0] | State: 168 [0]
[2026-10-01 05:27:22:869] INFO 🔗 Sync is at 168/168 [0.17 blocks/s]
[2026-10-01 05:27:25:869] INFO 📥 Blocks: 168 [0] | Classes: 168 [0] | State: 168 [0]
[2026-10-01 05:27:25:869] INFO 🔗 Sync is at 168/168 [0.17 blocks/s]
[2026-10-01 05:27:26:593] WARN mc_gateway_client::methods Failed to get with StarknetError(StarknetError { code: BlockNotFound, message: "Pre-confirmed block with number 169 was not found. Current pre-confirmed block number is 170." }), retrying
[2026-10-01 05:27:26:695] WARN mc_gateway_client::methods Failed to get with StarknetError(StarknetError { code: BlockNotFound, message: "Pre-confirmed block with number 169 was not found. Current pre-confirmed block number is 170." }), retrying
[2026-10-01 05:27:26:897] WARN mc_gateway_client::methods Failed to get with StarknetError(StarknetError { code: BlockNotFound, message: "Pre-confirmed block with number 169 was not found. Current pre-confirmed block number is 170." }), retrying
[2026-10-01 05:27:28:868] INFO 📥 Blocks: 169 [0] | Classes: 169 [0] | State: 169 [0]
[2026-10-01 05:27:28:868] INFO 🔗 Sync is at 169/169 [0.17 blocks/s]
[2026-10-01 05:27:31:869] INFO 📥 Blocks: 169 [0] | Classes: 169 [0] | State: 169 [0]
[2026-10-01 05:27:31:869] INFO 🔗 Sync is at 169/169 [0.17 blocks/s]
[2026-10-01 05:27:32:612] WARN mc_gateway_client::methods Failed to get with StarknetError(StarknetError { code: BlockNotFound, message: "Pre-confirmed block with number 170 was not found. Current pre-confirmed block number is 171." }), retrying
[2026-10-01 05:27:32:713] WARN mc_gateway_client::methods Failed to get with StarknetError(StarknetError { code: BlockNotFound, message: "Pre-confirmed block with number 170 was not found. Current pre-confirmed block number is 171." }), retrying
[2026-10-01 05:27:32:914] WARN mc_gateway_client::methods Failed to get with StarknetError(StarknetError { code: BlockNotFound, message: "Pre-confirmed block with number 170 was not found. Current pre-confirmed block number is 171." }), retrying
[2026-10-01 05:27:34:868] INFO 📥 Blocks: 170 [0] | Classes: 170 [0] | State: 170 [0]
[2026-10-01 05:27:34:868] INFO 🔗 Sync is at 170/170 [0.17 blocks/s]
[2026-10-01 05:27:38:979] INFO 📥 Blocks: 170 [0] | Classes: 170 [0] | State: 170 [0]
[2026-10-01 05:27:38:979] INFO 🔗 Sync is at 170/170 [0.17 blocks/s]
[2026-10-01 05:27:39:725] WARN mc_gateway_client::methods Failed to get with StarknetError(StarknetError { code: BlockNotFound, message: "Pre-confirmed block with number 171 was not found. Current pre-confirmed block number is 172." }), retrying
[2026-10-01 05:27:39:827] WARN mc_gateway_client::methods Failed to get with StarknetError(StarknetError { code: BlockNotFound, message: "Pre-confirmed block with number 171 was not found. Current pre-confirmed block number is 172." }), retrying
[2026-10-01 05:27:40:029] WARN mc_gateway_client::methods Failed to get with StarknetError(StarknetError { code: BlockNotFound, message: "Pre-confirmed block with number 171 was not found. Current pre-confirmed block number is 172." }), retrying
[2026-10-01 05:27:41:978] INFO 📥 Blocks: 171 [0] | Classes: 171 [0] | State: 171 [0]
[2026-10-01 05:27:41:978] INFO 🔗 Sync is at 171/171 [0.17 blocks/s]
[2026-10-01 05:27:44:981] INFO 📥 Blocks: 171 [0] | Classes: 171 [0] | State: 171 [0]
[2026-10-01 05:27:44:981] INFO 🔗 Sync is at 171/171 [0.17 blocks/s]
[2026-10-01 05:27:45:735] WARN mc_gateway_client::methods Failed to get with StarknetError(StarknetError { code: BlockNotFound, message: "Pre-confirmed block with number 172 was not found. Current pre-confirmed block number is 173." }), retrying
[2026-10-01 05:27:45:837] WARN mc_gateway_client::methods Failed to get with StarknetError(StarknetError { code: BlockNotFound, message: "Pre-confirmed block with number 172 was not found. Current pre-confirmed block number is 173." }), retrying
[2026-10-01 05:27:46:039] WARN mc_gateway_client::methods Failed to get with StarknetError(StarknetError { code: BlockNotFound, message: "Pre-confirmed block with number 172 was not found. Current pre-confirmed block number is 173." }), retrying
[2026-10-01 05:27:47:978] INFO 📥 Blocks: 172 [0] | Classes: 172 [0] | State: 172 [0]
[2026-10-01 05:27:47:978] INFO 🔗 Sync is at 172/172 [0.17 blocks/s]
[2026-10-01 05:27:50:978] INFO 📥 Blocks: 172 [0] | Classes: 172 [0] | State: 172 [0]
[2026-10-01 05:27:50:978] INFO 🔗 Sync is at 172/172 [0.17 blocks/s]
[2026-10-01 05:27:51:744] WARN mc_gateway_client::methods Failed to get with StarknetError(StarknetError { code: BlockNotFound, message: "Pre-confirmed block with number 173 was not found. Current pre-confirmed block number is 174." }), retrying
[2026-10-01 05:27:51:845] WARN mc_gateway_client::methods Failed to get with StarknetError(StarknetError { code: BlockNotFound, message: "Pre-confirmed block with number 173 was not found. Current pre-confirmed block number is 174." }), retrying
[2026-10-01 05:27:52:047] WARN mc_gateway_client::methods Failed to get with StarknetError(StarknetError { code: BlockNotFound, message: "Pre-confirmed block with number 173 was not found. Current pre-confirmed block number is 174." }), retrying
[2026-10-01 05:27:53:979] INFO 📥 Blocks: 173 [0] | Classes: 173 [0] | State: 173 [0]
[2026-10-01 05:27:53:979] INFO 🔗 Sync is at 173/173 [0.17 blocks/s]
[2026-10-01 05:27:56:979] INFO 📥 Blocks: 173 [0] | Classes: 173 [0] | State: 173 [0]
[2026-10-01 05:27:56:979] INFO 🔗 Sync is at 173/173 [0.17 blocks/s]
[2026-10-01 05:27:57:752] WARN mc_gateway_client::methods Failed to get with StarknetError(StarknetError { code: BlockNotFound, message: "Pre-confirmed block with number 174 was not found. Current pre-confirmed block number is 175." }), retrying
[2026-10-01 05:27:57:854] WARN mc_gateway_client::methods Failed to get with StarknetError(StarknetError { code: BlockNotFound, message: "Pre-confirmed block with number 174 was not found. Current pre-confirmed block number is 175." }), retrying
[2026-10-01 05:27:58:056] WARN mc_gateway_client::methods Failed to get with StarknetError(StarknetError { code: BlockNotFound, message: "Pre-confirmed block with number 174 was not found. Current pre-confirmed block number is 175." }), retrying
[2026-10-01 05:27:59:978] INFO 📥 Blocks: 174 [0] | Classes: 174 [0] | State: 174 [0]
[2026-10-01 05:27:59:978] INFO 🔗 Sync is at 174/174 [0.17 blocks/s]
[2026-10-01 05:28:02:978] INFO 📥 Blocks: 174 [0] | Classes: 174 [0] | State: 174 [0]
[2026-10-01 05:28:02:978] INFO 🔗 Sync is at 174/174 [0.17 blocks/s]
[2026-10-01 05:28:03:766] WARN mc_gateway_client::methods Failed to get with StarknetError(StarknetError { code: BlockNotFound, message: "Pre-confirmed block with number 175 was not found. Current pre-confirmed block number is 176." }), retrying
[2026-10-01 05:28:03:868] WARN mc_gateway_client::methods Failed to get with StarknetError(StarknetError { code: BlockNotFound, message: "Pre-confirmed block with number 175 was not found. Current pre-confirmed block number is 176." }), retrying
[2026-10-01 05:28:04:069] WARN mc_gateway_client::methods Failed to get with StarknetError(StarknetError { code: BlockNotFound, message: "Pre-confirmed block with number 175 was not found. Current pre-confirmed block number is 176." }), retrying
[2026-10-01 05:28:05:978] INFO 📥 Blocks: 175 [0] | Classes: 175 [0] | State: 175 [0]
[2026-10-01 05:28:05:978] INFO 🔗 Sync is at 175/175 [0.17 blocks/s]
[2026-10-01 05:28:10:061] INFO 📥 Blocks: 175 [0] | Classes: 175 [0] | State: 175 [0]
[2026-10-01 05:28:10:061] INFO 🔗 Sync is at 175/175 [0.17 blocks/s]
[2026-10-01 05:28:10:860] WARN mc_gateway_client::methods Failed to get with StarknetError(StarknetError { code: BlockNotFound, message: "Pre-confirmed block with number 176 was not found. Current pre-confirmed block number is 177." }), retrying
[2026-10-01 05:28:10:962] WARN mc_gateway_client::methods Failed to get with StarknetError(StarknetError { code: BlockNotFound, message: "Pre-confirmed block with number 176 was not found. Current pre-confirmed block number is 177." }), retrying
[2026-10-01 05:28:11:164] WARN mc_gateway_client::methods Failed to get with StarknetError(StarknetError { code: BlockNotFound, message: "Pre-confirmed block with number 176 was not found. Current pre-confirmed block number is 177." }), retrying
[2026-10-01 05:28:13:061] INFO 📥 Blocks: 176 [0] | Classes: 176 [0] | State: 176 [0]
[2026-10-01 05:28:13:061] INFO 🔗 Sync is at 176/176 [0.17 blocks/s]
[2026-10-01 05:28:16:061] INFO 📥 Blocks: 176 [0] | Classes: 176 [0] | State: 176 [0]
[2026-10-01 05:28:16:061] INFO 🔗 Sync is at 176/176 [0.17 blocks/s]
[2026-10-01 05:28:16:864] WARN mc_gateway_client::methods Failed to get with StarknetError(StarknetError { code: BlockNotFound, message: "Pre-confirmed block with number 177 was not found. Current pre-confirmed block number is 178." }), retrying
[2026-10-01 05:28:16:966] WARN mc_gateway_client::methods Failed to get with StarknetError(StarknetError { code: BlockNotFound, message: "Pre-confirmed block with number 177 was not found. Current pre-confirmed block number is 178." }), retrying
[2026-10-01 05:28:17:168] WARN mc_gateway_client::methods Failed to get with StarknetError(StarknetError { code: BlockNotFound, message: "Pre-confirmed block with number 177 was not found. Current pre-confirmed block number is 178." }), retrying
[2026-10-01 05:28:19:062] INFO 📥 Blocks: 177 [0] | Classes: 177 [0] | State: 177 [0]
[2026-10-01 05:28:19:062] INFO 🔗 Sync is at 177/177 [0.17 blocks/s]
[2026-10-01 05:28:22:062] INFO 📥 Blocks: 177 [0] | Classes: 177 [0] | State: 177 [0]
[2026-10-01 05:28:22:062] INFO 🔗 Sync is at 177/177 [0.17 blocks/s]
[2026-10-01 05:28:22:868] WARN mc_gateway_client::methods Failed to get with StarknetError(StarknetError { code: BlockNotFound, message: "Pre-confirmed block with number 178 was not found. Current pre-confirmed block number is 179." }), retrying
[2026-10-01 05:28:22:970] WARN mc_gateway_client::methods Failed to get with StarknetError(StarknetError { code: BlockNotFound, message: "Pre-confirmed block with number 178 was not found. Current pre-confirmed block number is 179." }), retrying
[2026-10-01 05:28:23:172] WARN mc_gateway_client::methods Failed to get with StarknetError(StarknetError { code: BlockNotFound, message: "Pre-confirmed block with number 178 was not found. Current pre-confirmed block number is 179." }), retrying
[2026-10-01 05:28:25:061] INFO 📥 Blocks: 178 [0] | Classes: 178 [0] | State: 178 [0]
[2026-10-01 05:28:25:061] INFO 🔗 Sync is at 178/178 [0.17 blocks/s]
[2026-10-01 05:28:28:061] INFO 📥 Blocks: 178 [0] | Classes: 178 [0] | State: 178 [0]
[2026-10-01 05:28:28:061] INFO 🔗 Sync is at 178/178 [0.17 blocks/s]
[2026-10-01 05:28:28:887] WARN mc_gateway_client::methods Failed to get with StarknetError(StarknetError { code: BlockNotFound, message: "Pre-confirmed block with number 179 was not found. Current pre-confirmed block number is 180." }), retrying
[2026-10-01 05:28:28:989] WARN mc_gateway_client::methods Failed to get with StarknetError(StarknetError { code: BlockNotFound, message: "Pre-confirmed block with number 179 was not found. Current pre-confirmed block number is 180." }), retrying
[2026-10-01 05:28:29:190] WARN mc_gateway_client::methods Failed to get with StarknetError(StarknetError { code: BlockNotFound, message: "Pre-confirmed block with number 179 was not found. Current pre-confirmed block number is 180." }), retrying
[2026-10-01 05:28:31:061] INFO 📥 Blocks: 179 [0] | Classes: 179 [0] | State: 179 [0]
[2026-10-01 05:28:31:061] INFO 🔗 Sync is at 179/179 [0.17 blocks/s]
[2026-10-01 05:28:34:061] INFO 📥 Blocks: 179 [0] | Classes: 179 [0] | State: 179 [0]
[2026-10-01 05:28:34:061] INFO 🔗 Sync is at 179/179 [0.17 blocks/s]
[2026-10-01 05:28:34:896] WARN mc_gateway_client::methods Failed to get with StarknetError(StarknetError { code: BlockNotFound, message: "Pre-confirmed block with number 180 was not found. Current pre-confirmed block number is 181." }), retrying
[2026-10-01 05:28:34:998] WARN mc_gateway_client::methods Failed to get with StarknetError(StarknetError { code: BlockNotFound, message: "Pre-confirmed block with number 180 was not found. Current pre-confirmed block number is 181." }), retrying
[2026-10-01 05:28:35:200] WARN mc_gateway_client::methods Failed to get with StarknetError(StarknetError { code: BlockNotFound, message: "Pre-confirmed block with number 180 was not found. Current pre-confirmed block number is 181." }), retrying
[2026-10-01 05:28:37:061] INFO 📥 Blocks: 180 [0] | Classes: 180 [0] | State: 180 [0]
[2026-10-01 05:28:37:061] INFO 🔗 Sync is at 180/180 [0.17 blocks/s]
[2026-10-01 05:28:41:154] INFO 📥 Blocks: 180 [0] | Classes: 180 [0] | State: 180 [0]
[2026-10-01 05:28:41:154] INFO 🔗 Sync is at 180/180 [0.17 blocks/s]
[2026-10-01 05:28:41:999] WARN mc_gateway_client::methods Failed to get with StarknetError(StarknetError { code: BlockNotFound, message: "Pre-confirmed block with number 181 was not found. Current pre-confirmed block number is 182." }), retrying
[2026-10-01 05:28:42:100] WARN mc_gateway_client::methods Failed to get with StarknetError(StarknetError { code: BlockNotFound, message: "Pre-confirmed block with number 181 was not found. Current pre-confirmed block number is 182." }), retrying
[2026-10-01 05:28:42:303] WARN mc_gateway_client::methods Failed to get with StarknetError(StarknetError { code: BlockNotFound, message: "Pre-confirmed block with number 181 was not found. Current pre-confirmed block number is 182." }), retrying
[2026-10-01 05:28:44:153] INFO 📥 Blocks: 181 [0] | Classes: 181 [0] | State: 181 [0]
[2026-10-01 05:28:44:153] INFO 🔗 Sync is at 181/181 [0.17 blocks/s]
[2026-10-01 05:28:47:154] INFO 📥 Blocks: 181 [0] | Classes: 181 [0] | State: 181 [0]
[2026-10-01 05:28:47:154] INFO 🔗 Sync is at 181/181 [0.17 blocks/s]
[2026-10-01 05:28:48:013] WARN mc_gateway_client::methods Failed to get with StarknetError(StarknetError { code: BlockNotFound, message: "Pre-confirmed block with number 182 was not found. Current pre-confirmed block number is 183." }), retrying
[2026-10-01 05:28:48:114] WARN mc_gateway_client::methods Failed to get with StarknetError(StarknetError { code: BlockNotFound, message: "Pre-confirmed block with number 182 was not found. Current pre-confirmed block number is 183." }), retrying
[2026-10-01 05:28:48:316] WARN mc_gateway_client::methods Failed to get with StarknetError(StarknetError { code: BlockNotFound, message: "Pre-confirmed block with number 182 was not found. Current pre-confirmed block number is 183." }), retrying
[2026-10-01 05:28:50:154] INFO 📥 Blocks: 182 [0] | Classes: 182 [0] | State: 182 [0]
[2026-10-01 05:28:50:154] INFO 🔗 Sync is at 182/182 [0.17 blocks/s]
[2026-10-01 05:28:53:154] INFO 📥 Blocks: 182 [0] | Classes: 182 [0] | State: 182 [0]
[2026-10-01 05:28:53:154] INFO 🔗 Sync is at 182/182 [0.17 blocks/s]
[2026-10-01 05:28:54:016] WARN mc_gateway_client::methods Failed to get with StarknetError(StarknetError { code: BlockNotFound, message: "Pre-confirmed block with number 183 was not found. Current pre-confirmed block number is 184." }), retrying
[2026-10-01 05:28:54:118] WARN mc_gateway_client::methods Failed to get with StarknetError(StarknetError { code: BlockNotFound, message: "Pre-confirmed block with number 183 was not found. Current pre-confirmed block number is 184." }), retrying
[2026-10-01 05:28:54:320] WARN mc_gateway_client::methods Failed to get with StarknetError(StarknetError { code: BlockNotFound, message: "Pre-confirmed block with number 183 was not found. Current pre-confirmed block number is 184." }), retrying
[2026-10-01 05:28:56:154] INFO 📥 Blocks: 183 [0] | Classes: 183 [0] | State: 183 [0]
[2026-10-01 05:28:56:154] INFO 🔗 Sync is at 183/183 [0.17 blocks/s]
[2026-10-01 05:28:59:154] INFO 📥 Blocks: 183 [0] | Classes: 183 [0] | State: 183 [0]
[2026-10-01 05:28:59:154] INFO 🔗 Sync is at 183/183 [0.17 blocks/s]
[2026-10-01 05:29:00:024] WARN mc_gateway_client::methods Failed to get with StarknetError(StarknetError { code: BlockNotFound, message: "Pre-confirmed block with number 184 was not found. Current pre-confirmed block number is 185." }), retrying
[2026-10-01 05:29:00:126] WARN mc_gateway_client::methods Failed to get with StarknetError(StarknetError { code: BlockNotFound, message: "Pre-confirmed block with number 184 was not found. Current pre-confirmed block number is 185." }), retrying
[2026-10-01 05:29:00:328] WARN mc_gateway_client::methods Failed to get with StarknetError(StarknetError { code: BlockNotFound, message: "Pre-confirmed block with number 184 was not found. Current pre-confirmed block number is 185." }), retrying
[2026-10-01 05:29:02:154] INFO 📥 Blocks: 184 [0] | Classes: 184 [0] | State: 184 [0]
[2026-10-01 05:29:02:154] INFO 🔗 Sync is at 184/184 [0.17 blocks/s]
[2026-10-01 05:29:05:154] INFO 📥 Blocks: 184 [0] | Classes: 184 [0] | State: 184 [0]
[2026-10-01 05:29:05:154] INFO 🔗 Sync is at 184/184 [0.17 blocks/s]
[2026-10-01 05:29:06:040] WARN mc_gateway_client::methods Failed to get with StarknetError(StarknetError { code: BlockNotFound, message: "Pre-confirmed block with number 185 was not found. Current pre-confirmed block number is 186." }), retrying
[2026-10-01 05:29:06:142] WARN mc_gateway_client::methods Failed to get with StarknetError(StarknetError { code: BlockNotFound, message: "Pre-confirmed block with number 185 was not found. Current pre-confirmed block number is 186." }), retrying
[2026-10-01 05:29:06:343] WARN mc_gateway_client::methods Failed to get with StarknetError(StarknetError { code: BlockNotFound, message: "Pre-confirmed block with number 185 was not found. Current pre-confirmed block number is 186." }), retrying
[2026-10-01 05:29:08:154] INFO 📥 Blocks: 185 [0] | Classes: 185 [0] | State: 185 [0]
[2026-10-01 05:29:08:154] INFO 🔗 Sync is at 185/185 [0.17 blocks/s]
[2026-10-01 05:29:12:251] INFO 📥 Blocks: 185 [0] | Classes: 185 [0] | State: 185 [0]
[2026-10-01 05:29:12:251] INFO 🔗 Sync is at 185/185 [0.17 blocks/s]
[2026-10-01 05:29:13:144] WARN mc_gateway_client::methods Failed to get with StarknetError(StarknetError { code: BlockNotFound, message: "Pre-confirmed block with number 186 was not found. Current pre-confirmed block number is 187." }), retrying
[2026-10-01 05:29:13:245] WARN mc_gateway_client::methods Failed to get with StarknetError(StarknetError { code: BlockNotFound, message: "Pre-confirmed block with number 186 was not found. Current pre-confirmed block number is 187." }), retrying
[2026-10-01 05:29:13:447] WARN mc_gateway_client::methods Failed to get with StarknetError(StarknetError { code: BlockNotFound, message: "Pre-confirmed block with number 186 was not found. Current pre-confirmed block number is 187." }), retrying
[2026-10-01 05:29:15:251] INFO 📥 Blocks: 186 [0] | Classes: 186 [0] | State: 186 [0]
[2026-10-01 05:29:15:251] INFO 🔗 Sync is at 186/186 [0.17 blocks/s]
[2026-10-01 05:29:18:250] INFO 📥 Blocks: 186 [0] | Classes: 186 [0] | State: 186 [0]
[2026-10-01 05:29:18:251] INFO 🔗 Sync is at 186/186 [0.17 blocks/s]
[2026-10-01 05:29:19:154] WARN mc_gateway_client::methods Failed to get with StarknetError(StarknetError { code: BlockNotFound, message: "Pre-confirmed block with number 187 was not found. Current pre-confirmed block number is 188." }), retrying
[2026-10-01 05:29:19:255] WARN mc_gateway_client::methods Failed to get with StarknetError(StarknetError { code: BlockNotFound, message: "Pre-confirmed block with number 187 was not found. Current pre-confirmed block number is 188." }), retrying
[2026-10-01 05:29:19:457] WARN mc_gateway_client::methods Failed to get with StarknetError(StarknetError { code: BlockNotFound, message: "Pre-confirmed block with number 187 was not found. Current pre-confirmed block number is 188." }), retrying
[2026-10-01 05:29:21:251] INFO 📥 Blocks: 187 [0] | Classes: 187 [0] | State: 187 [0]
[2026-10-01 05:29:21:251] INFO 🔗 Sync is at 187/187 [0.17 blocks/s]
[2026-10-01 05:29:24:251] INFO 📥 Blocks: 187 [0] | Classes: 187 [0] | State: 187 [0]
[2026-10-01 05:29:24:251] INFO 🔗 Sync is at 187/187 [0.17 blocks/s]
[2026-10-01 05:29:25:169] WARN mc_gateway_client::methods Failed to get with StarknetError(StarknetError { code: BlockNotFound, message: "Pre-confirmed block with number 188 was not found. Current pre-confirmed block number is 189." }), retrying
[2026-10-01 05:29:25:270] WARN mc_gateway_client::methods Failed to get with StarknetError(StarknetError { code: BlockNotFound, message: "Pre-confirmed block with number 188 was not found. Current pre-confirmed block number is 189." }), retrying
[2026-10-01 05:29:25:471] WARN mc_gateway_client::methods Failed to get with StarknetError(StarknetError { code: BlockNotFound, message: "Pre-confirmed block with number 188 was not found. Current pre-confirmed block number is 189." }), retrying
[2026-10-01 05:29:27:251] INFO 📥 Blocks: 188 [0] | Classes: 188 [0] | State: 188 [0]
[2026-10-01 05:29:27:251] INFO 🔗 Sync is at 188/188 [0.17 blocks/s]
[2026-10-01 05:29:30:251] INFO 📥 Blocks: 188 [0] | Classes: 188 [0] | State: 188 [0]
[2026-10-01 05:29:30:251] INFO 🔗 Sync is at 188/188 [0.17 blocks/s]
[2026-10-01 05:29:31:174] WARN mc_gateway_client::methods Failed to get with StarknetError(StarknetError { code: BlockNotFound, message: "Pre-confirmed block with number 189 was not found. Current pre-confirmed block number is 190." }), retrying
[2026-10-01 05:29:31:276] WARN mc_gateway_client::methods Failed to get with StarknetError(StarknetError { code: BlockNotFound, message: "Pre-confirmed block with number 189 was not found. Current pre-confirmed block number is 190." }), retrying
[2026-10-01 05:29:31:477] WARN mc_gateway_client::methods Failed to get with StarknetError(StarknetError { code: BlockNotFound, message: "Pre-confirmed block with number 189 was not found. Current pre-confirmed block number is 190." }), retrying
[2026-10-01 05:29:33:251] INFO 📥 Blocks: 189 [0] | Classes: 189 [0] | State: 189 [0]
[2026-10-01 05:29:33:251] INFO 🔗 Sync is at 189/189 [0.17 blocks/s]
[2026-10-01 05:29:36:251] INFO 📥 Blocks: 189 [0] | Classes: 189 [0] | State: 189 [0]
[2026-10-01 05:29:36:251] INFO 🔗 Sync is at 189/189 [0.17 blocks/s]
[2026-10-01 05:29:37:186] WARN mc_gateway_client::methods Failed to get with StarknetError(StarknetError { code: BlockNotFound, message: "Pre-confirmed block with number 190 was not found. Current pre-confirmed block number is 191." }), retrying
[2026-10-01 05:29:37:288] WARN mc_gateway_client::methods Failed to get with StarknetError(StarknetError { code: BlockNotFound, message: "Pre-confirmed block with number 190 was not found. Current pre-confirmed block number is 191." }), retrying
[2026-10-01 05:29:37:489] WARN mc_gateway_client::methods Failed to get with StarknetError(StarknetError { code: BlockNotFound, message: "Pre-confirmed block with number 190 was not found. Current pre-confirmed block number is 191." }), retrying
[2026-10-01 05:29:39:251] INFO 📥 Blocks: 190 [0] | Classes: 190 [0] | State: 190 [0]
[2026-10-01 05:29:39:251] INFO 🔗 Sync is at 190/190 [0.17 blocks/s]
[2026-10-01 05:29:43:372] INFO 📥 Blocks: 190 [0] | Classes: 190 [0] | State: 190 [0]
[2026-10-01 05:29:43:372] INFO 🔗 Sync is at 190/190 [0.17 blocks/s]
[2026-10-01 05:29:44:318] WARN mc_gateway_client::methods Failed to get with StarknetError(StarknetError { code: BlockNotFound, message: "Pre-confirmed block with number 191 was not found. Current pre-confirmed block number is 192." }), retrying
[2026-10-01 05:29:44:420] WARN mc_gateway_client::methods Failed to get with StarknetError(StarknetError { code: BlockNotFound, message: "Pre-confirmed block with number 191 was not found. Current pre-confirmed block number is 192." }), retrying
[2026-10-01 05:29:44:623] WARN mc_gateway_client::methods Failed to get with StarknetError(StarknetError { code: BlockNotFound, message: "Pre-confirmed block with number 191 was not found. Current pre-confirmed block number is 192." }), retrying
[2026-10-01 05:29:46:372] INFO 📥 Blocks: 191 [0] | Classes: 191 [0] | State: 191 [0]
[2026-10-01 05:29:46:372] INFO 🔗 Sync is at 191/191 [0.16 blocks/s]
[2026-10-01 05:29:49:372] INFO 📥 Blocks: 191 [0] | Classes: 191 [0] | State: 191 [0]
[2026-10-01 05:29:49:372] INFO 🔗 Sync is at 191/191 [0.16 blocks/s]
[2026-10-01 05:29:50:326] WARN mc_gateway_client::methods Failed to get with StarknetError(StarknetError { code: BlockNotFound, message: "Pre-confirmed block with number 192 was not found. Current pre-confirmed block number is 193." }), retrying
[2026-10-01 05:29:50:428] WARN mc_gateway_client::methods Failed to get with StarknetError(StarknetError { code: BlockNotFound, message: "Pre-confirmed block with number 192 was not found. Current pre-confirmed block number is 193." }), retrying
[2026-10-01 05:29:50:630] WARN mc_gateway_client::methods Failed to get with StarknetError(StarknetError { code: BlockNotFound, message: "Pre-confirmed block with number 192 was not found. Current pre-confirmed block number is 193." }), retrying
[2026-10-01 05:29:52:373] INFO 📥 Blocks: 192 [0] | Classes: 192 [0] | State: 192 [0]
[2026-10-01 05:29:52:373] INFO 🔗 Sync is at 192/192 [0.17 blocks/s]
[2026-10-01 05:29:55:372] INFO 📥 Blocks: 192 [0] | Classes: 192 [0] | State: 192 [0]
[2026-10-01 05:29:55:372] INFO 🔗 Sync is at 192/192 [0.17 blocks/s]
[2026-10-01 05:29:56:337] WARN mc_gateway_client::methods Failed to get with StarknetError(StarknetError { code: BlockNotFound, message: "Pre-confirmed block with number 193 was not found. Current pre-confirmed block number is 194." }), retrying
[2026-10-01 05:29:56:438] WARN mc_gateway_client::methods Failed to get with StarknetError(StarknetError { code: BlockNotFound, message: "Pre-confirmed block with number 193 was not found. Current pre-confirmed block number is 194." }), retrying
[2026-10-01 05:29:56:640] WARN mc_gateway_client::methods Failed to get with StarknetError(StarknetError { code: BlockNotFound, message: "Pre-confirmed block with number 193 was not found. Current pre-confirmed block number is 194." }), retrying
[2026-10-01 05:29:58:372] INFO 📥 Blocks: 193 [0] | Classes: 193 [0] | State: 193 [0]
[2026-10-01 05:29:58:372] INFO 🔗 Sync is at 193/193 [0.17 blocks/s]
[2026-10-01 05:30:01:372] INFO 📥 Blocks: 193 [0] | Classes: 193 [0] | State: 193 [0]
[2026-10-01 05:30:01:372] INFO 🔗 Sync is at 193/193 [0.17 blocks/s]
[2026-10-01 05:30:02:350] WARN mc_gateway_client::methods Failed to get with StarknetError(StarknetError { code: BlockNotFound, message: "Pre-confirmed block with number 194 was not found. Current pre-confirmed block number is 195." }), retrying
[2026-10-01 05:30:02:451] WARN mc_gateway_client::methods Failed to get with StarknetError(StarknetError { code: BlockNotFound, message: "Pre-confirmed block with number 194 was not found. Current pre-confirmed block number is 195." }), retrying
[2026-10-01 05:30:02:654] WARN mc_gateway_client::methods Failed to get with StarknetError(StarknetError { code: BlockNotFound, message: "Pre-confirmed block with number 194 was not found. Current pre-confirmed block number is 195." }), retrying
[2026-10-01 05:30:04:372] INFO 📥 Blocks: 194 [0] | Classes: 194 [0] | State: 194 [0]
[2026-10-01 05:30:04:372] INFO 🔗 Sync is at 194/194 [0.17 blocks/s]
[2026-10-01 05:30:07:372] INFO 📥 Blocks: 194 [0] | Classes: 194 [0] | State: 194 [0]
[2026-10-01 05:30:07:372] INFO 🔗 Sync is at 194/194 [0.17 blocks/s]
[2026-10-01 05:30:08:356] WARN mc_gateway_client::methods Failed to get with StarknetError(StarknetError { code: BlockNotFound, message: "Pre-confirmed block with number 195 was not found. Current pre-confirmed block number is 196." }), retrying
[2026-10-01 05:30:08:458] WARN mc_gateway_client::methods Failed to get with StarknetError(StarknetError { code: BlockNotFound, message: "Pre-confirmed block with number 195 was not found. Current pre-confirmed block number is 196." }), retrying
[2026-10-01 05:30:08:660] WARN mc_gateway_client::methods Failed to get with StarknetError(StarknetError { code: BlockNotFound, message: "Pre-confirmed block with number 195 was not found. Current pre-confirmed block number is 196." }), retrying
[2026-10-01 05:30:10:372] INFO 📥 Blocks: 195 [0] | Classes: 195 [0] | State: 195 [0]
[2026-10-01 05:30:10:372] INFO 🔗 Sync is at 195/195 [0.17 blocks/s]
[2026-10-01 05:30:14:454] INFO 📥 Blocks: 195 [0] | Classes: 195 [0] | State: 195 [0]
[2026-10-01 05:30:14:454] INFO 🔗 Sync is at 195/195 [0.17 blocks/s]
[2026-10-01 05:30:15:450] WARN mc_gateway_client::methods Failed to get with StarknetError(StarknetError { code: BlockNotFound, message: "Pre-confirmed block with number 196 was not found. Current pre-confirmed block number is 197." }), retrying
[2026-10-01 05:30:15:552] WARN mc_gateway_client::methods Failed to get with StarknetError(StarknetError { code: BlockNotFound, message: "Pre-confirmed block with number 196 was not found. Current pre-confirmed block number is 197." }), retrying
[2026-10-01 05:30:15:753] WARN mc_gateway_client::methods Failed to get with StarknetError(StarknetError { code: BlockNotFound, message: "Pre-confirmed block with number 196 was not found. Current pre-confirmed block number is 197." }), retrying
[2026-10-01 05:30:17:453] INFO 📥 Blocks: 196 [0] | Classes: 196 [0] | State: 196 [0]
[2026-10-01 05:30:17:453] INFO 🔗 Sync is at 196/196 [0.17 blocks/s]
[2026-10-01 05:30:20:453] INFO 📥 Blocks: 196 [0] | Classes: 196 [0] | State: 196 [0]
[2026-10-01 05:30:20:453] INFO 🔗 Sync is at 196/196 [0.17 blocks/s]
[2026-10-01 05:30:21:481] WARN mc_gateway_client::methods Failed to get with StarknetError(StarknetError { code: BlockNotFound, message: "Pre-confirmed block with number 197 was not found. Current pre-confirmed block number is 198." }), retrying
[2026-10-01 05:30:21:583] WARN mc_gateway_client::methods Failed to get with StarknetError(StarknetError { code: BlockNotFound, message: "Pre-confirmed block with number 197 was not found. Current pre-confirmed block number is 198." }), retrying
[2026-10-01 05:30:21:785] WARN mc_gateway_client::methods Failed to get with StarknetError(StarknetError { code: BlockNotFound, message: "Pre-confirmed block with number 197 was not found. Current pre-confirmed block number is 198." }), retrying
[2026-10-01 05:30:23:454] INFO 📥 Blocks: 197 [0] | Classes: 197 [0] | State: 197 [0]
[2026-10-01 05:30:23:454] INFO 🔗 Sync is at 197/197 [0.17 blocks/s]
[2026-10-01 05:30:26:454] INFO 📥 Blocks: 197 [0] | Classes: 197 [0] | State: 197 [0]
[2026-10-01 05:30:26:454] INFO 🔗 Sync is at 197/197 [0.17 blocks/s]
[2026-10-01 05:30:27:472] WARN mc_gateway_client::methods Failed to get with StarknetError(StarknetError { code: BlockNotFound, message: "Pre-confirmed block with number 198 was not found. Current pre-confirmed block number is 199." }), retrying
[2026-10-01 05:30:27:574] WARN mc_gateway_client::methods Failed to get with StarknetError(StarknetError { code: BlockNotFound, message: "Pre-confirmed block with number 198 was not found. Current pre-confirmed block number is 199." }), retrying
[2026-10-01 05:30:27:774] WARN mc_gateway_client::methods Failed to get with StarknetError(StarknetError { code: BlockNotFound, message: "Pre-confirmed block with number 198 was not found. Current pre-confirmed block number is 199." }), retrying
[2026-10-01 05:30:29:454] INFO 📥 Blocks: 198 [0] | Classes: 198 [0] | State: 198 [0]
[2026-10-01 05:30:29:454] INFO 🔗 Sync is at 198/198 [0.17 blocks/s]
[2026-10-01 05:30:32:454] INFO 📥 Blocks: 198 [0] | Classes: 198 [0] | State: 198 [0]
[2026-10-01 05:30:32:454] INFO 🔗 Sync is at 198/198 [0.17 blocks/s]
[2026-10-01 05:30:33:479] WARN mc_gateway_client::methods Failed to get with StarknetError(StarknetError { code: BlockNotFound, message: "Pre-confirmed block with number 199 was not found. Current pre-confirmed block number is 200." }), retrying
[2026-10-01 05:30:33:580] WARN mc_gateway_client::methods Failed to get with StarknetError(StarknetError { code: BlockNotFound, message: "Pre-confirmed block with number 199 was not found. Current pre-confirmed block number is 200." }), retrying
[2026-10-01 05:30:33:782] WARN mc_gateway_client::methods Failed to get with StarknetError(StarknetError { code: BlockNotFound, message: "Pre-confirmed block with number 199 was not found. Current pre-confirmed block number is 200." }), retrying
[2026-10-01 05:30:35:453] INFO 📥 Blocks: 199 [0] | Classes: 199 [0] | State: 199 [0]
[2026-10-01 05:30:35:453] INFO 🔗 Sync is at 199/199 [0.17 blocks/s]
[2026-10-01 05:30:38:453] INFO 📥 Blocks: 199 [0] | Classes: 199 [0] | State: 199 [0]
[2026-10-01 05:30:38:453] INFO 🔗 Sync is at 199/199 [0.17 blocks/s]
[2026-10-01 05:30:39:509] WARN mc_gateway_client::methods Failed to get with StarknetError(StarknetError { code: BlockNotFound, message: "Pre-confirmed block with number 200 was not found. Current pre-confirmed block number is 201." }), retrying
[2026-10-01 05:30:39:610] WARN mc_gateway_client::methods Failed to get with StarknetError(StarknetError { code: BlockNotFound, message: "Pre-confirmed block with number 200 was not found. Current pre-confirmed block number is 201." }), retrying
[2026-10-01 05:30:39:812] WARN mc_gateway_client::methods Failed to get with StarknetError(StarknetError { code: BlockNotFound, message: "Pre-confirmed block with number 200 was not found. Current pre-confirmed block number is 201." }), retrying
[2026-10-01 05:30:41:453] INFO 📥 Blocks: 200 [0] | Classes: 200 [0] | State: 200 [0]
[2026-10-01 05:30:41:453] INFO 🔗 Sync is at 200/200 [0.17 blocks/s]
[2026-10-01 05:30:45:549] INFO 📥 Blocks: 200 [0] | Classes: 200 [0] | State: 200 [0]
[2026-10-01 05:30:45:549] INFO 🔗 Sync is at 200/200 [0.17 blocks/s]
[2026-10-01 05:30:46:592] WARN mc_gateway_client::methods Failed to get with StarknetError(StarknetError { code: BlockNotFound, message: "Pre-confirmed block with number 201 was not found. Current pre-confirmed block number is 202." }), retrying
[2026-10-01 05:30:46:694] WARN mc_gateway_client::methods Failed to get with StarknetError(StarknetError { code: BlockNotFound, message: "Pre-confirmed block with number 201 was not found. Current pre-confirmed block number is 202." }), retrying
[2026-10-01 05:30:46:896] WARN mc_gateway_client::methods Failed to get with StarknetError(StarknetError { code: BlockNotFound, message: "Pre-confirmed block with number 201 was not found. Current pre-confirmed block number is 202." }), retrying
[2026-10-01 05:30:48:548] INFO 📥 Blocks: 201 [0] | Classes: 201 [0] | State: 201 [0]
[2026-10-01 05:30:48:548] INFO 🔗 Sync is at 201/201 [0.17 blocks/s]
[2026-10-01 05:30:51:548] INFO 📥 Blocks: 201 [0] | Classes: 201 [0] | State: 201 [0]
[2026-10-01 05:30:51:548] INFO 🔗 Sync is at 201/201 [0.17 blocks/s]
[2026-10-01 05:30:52:602] WARN mc_gateway_client::methods Failed to get with StarknetError(StarknetError { code: BlockNotFound, message: "Pre-confirmed block with number 202 was not found. Current pre-confirmed block number is 203." }), retrying
[2026-10-01 05:30:52:702] WARN mc_gateway_client::methods Failed to get with StarknetError(StarknetError { code: BlockNotFound, message: "Pre-confirmed block with number 202 was not found. Current pre-confirmed block number is 203." }), retrying
[2026-10-01 05:30:52:904] WARN mc_gateway_client::methods Failed to get with StarknetError(StarknetError { code: BlockNotFound, message: "Pre-confirmed block with number 202 was not found. Current pre-confirmed block number is 203." }), retrying
[2026-10-01 05:30:54:549] INFO 📥 Blocks: 202 [0] | Classes: 202 [0] | State: 202 [0]
[2026-10-01 05:30:54:549] INFO 🔗 Sync is at 202/202 [0.17 blocks/s]
[2026-10-01 05:30:57:549] INFO 📥 Blocks: 202 [0] | Classes: 202 [0] | State: 202 [0]
[2026-10-01 05:30:57:549] INFO 🔗 Sync is at 202/202 [0.17 blocks/s]
[2026-10-01 05:30:58:609] WARN mc_gateway_client::methods Failed to get with StarknetError(StarknetError { code: BlockNotFound, message: "Pre-confirmed block with number 203 was not found. Current pre-confirmed block number is 204." }), retrying
[2026-10-01 05:30:58:711] WARN mc_gateway_client::methods Failed to get with StarknetError(StarknetError { code: BlockNotFound, message: "Pre-confirmed block with number 203 was not found. Current pre-confirmed block number is 204." }), retrying
[2026-10-01 05:30:58:913] WARN mc_gateway_client::methods Failed to get with StarknetError(StarknetError { code: BlockNotFound, message: "Pre-confirmed block with number 203 was not found. Current pre-confirmed block number is 204." }), retrying
[2026-10-01 05:31:00:549] INFO 📥 Blocks: 203 [0] | Classes: 203 [0] | State: 203 [0]
[2026-10-01 05:31:00:549] INFO 🔗 Sync is at 203/203 [0.17 blocks/s]
[2026-10-01 05:31:03:549] INFO 📥 Blocks: 203 [0] | Classes: 203 [0] | State: 203 [0]
[2026-10-01 05:31:03:549] INFO 🔗 Sync is at 203/203 [0.17 blocks/s]
[2026-10-01 05:31:04:240] WARN mc_gateway_client::methods Failed to get with StarknetError(StarknetError { code: BlockNotFound, message: "Pre-confirmed block with number 204 was not found. Current pre-confirmed block number is 205." }), retrying
[2026-10-01 05:31:04:341] WARN mc_gateway_client::methods Failed to get with StarknetError(StarknetError { code: BlockNotFound, message: "Pre-confirmed block with number 204 was not found. Current pre-confirmed block number is 205." }), retrying
[2026-10-01 05:31:04:543] WARN mc_gateway_client::methods Failed to get with StarknetError(StarknetError { code: BlockNotFound, message: "Pre-confirmed block with number 204 was not found. Current pre-confirmed block number is 205." }), retrying
[2026-10-01 05:31:04:945] WARN mc_gateway_client::methods Failed to get with StarknetError(StarknetError { code: BlockNotFound, message: "Pre-confirmed block with number 204 was not found. Current pre-confirmed block number is 205." }), retrying
[2026-10-01 05:31:06:548] INFO 📥 Blocks: 204 [0] | Classes: 204 [0] | State: 204 [0]
[2026-10-01 05:31:06:548] INFO 🔗 Sync is at 204/204 [0.17 blocks/s]
[2026-10-01 05:31:09:548] INFO 📥 Blocks: 204 [0] | Classes: 204 [0] | State: 204 [0]
[2026-10-01 05:31:09:548] INFO 🔗 Sync is at 204/204 [0.17 blocks/s]
[2026-10-01 05:31:10:144] WARN mc_gateway_client::methods Failed to get with StarknetError(StarknetError { code: BlockNotFound, message: "Pre-confirmed block with number 205 was not found. Current pre-confirmed block number is 206." }), retrying
[2026-10-01 05:31:10:245] WARN mc_gateway_client::methods Failed to get with StarknetError(StarknetError { code: BlockNotFound, message: "Pre-confirmed block with number 205 was not found. Current pre-confirmed block number is 206." }), retrying
[2026-10-01 05:31:10:447] WARN mc_gateway_client::methods Failed to get with StarknetError(StarknetError { code: BlockNotFound, message: "Pre-confirmed block with number 205 was not found. Current pre-confirmed block number is 206." }), retrying
[2026-10-01 05:31:10:849] WARN mc_gateway_client::methods Failed to get with StarknetError(StarknetError { code: BlockNotFound, message: "Pre-confirmed block with number 205 was not found. Current pre-confirmed block number is 206." }), retrying
[2026-10-01 05:31:12:549] INFO 📥 Blocks: 205 [0] | Classes: 205 [0] | State: 205 [0]
[2026-10-01 05:31:12:549] INFO 🔗 Sync is at 205/205 [0.17 blocks/s]
[2026-10-01 05:31:16:655] INFO 📥 Blocks: 205 [0] | Classes: 205 [0] | State: 205 [0]
[2026-10-01 05:31:16:656] INFO 🔗 Sync is at 205/205 [0.17 blocks/s]
[2026-10-01 05:31:17:748] WARN mc_gateway_client::methods Failed to get with StarknetError(StarknetError { code: BlockNotFound, message: "Pre-confirmed block with number 206 was not found. Current pre-confirmed block number is 207." }), retrying
[2026-10-01 05:31:17:850] WARN mc_gateway_client::methods Failed to get with StarknetError(StarknetError { code: BlockNotFound, message: "Pre-confirmed block with number 206 was not found. Current pre-confirmed block number is 207." }), retrying
[2026-10-01 05:31:18:052] WARN mc_gateway_client::methods Failed to get with StarknetError(StarknetError { code: BlockNotFound, message: "Pre-confirmed block with number 206 was not found. Current pre-confirmed block number is 207." }), retrying
[2026-10-01 05:31:19:655] INFO 📥 Blocks: 206 [0] | Classes: 206 [0] | State: 206 [0]
[2026-10-01 05:31:19:655] INFO 🔗 Sync is at 206/206 [0.17 blocks/s]
