Setting permissions for: /data with access: READ_WRITE
[2m2026-10-01 05:06:08.903+0000[m[2m | [m[2mmain[m[2m | [m[32mINFO [m[2m | [m[2mBesu[m[2m | [m[32mStarting Besu
[m[2m2026-10-01 05:06:10.779+0000[m[2m | [m[2mmain[m[2m | [m[33mWARN [m[2m | [m[2mBesu[m[2m | [m[33m--rpc-ws-host has been ignored because --rpc-ws-enabled was not defined on the command line.
[m[2m2026-10-01 05:06:10.790+0000[m[2m | [m[2mmain[m[2m | [m[33mWARN [m[2m | [m[2mBesu[m[2m | [m[33m--graphql-http-host has been ignored because --graphql-http-enabled was not defined on the command line.
[m[2m2026-10-01 05:06:12.950+0000[m[2m | [m[2mmain[m[2m | [m[32mINFO [m[2m | [m[2mBesu[m[2m | [m[32mRPC HTTP JSON-RPC config: JsonRpcConfiguration{enabled=true, port=8545, host=0.0.0.0, corsAllowedDomains=[*], hostsAllowlist=[*], rpcApis=[ETH, NET, WEB3, QBFT, DEBUG, TXPOOL, ADMIN], authenticationEnabled=false, authenticationCredentialsFile=null, authenticationPublicKeyFile=null, tlsConfiguration=Optional.empty, httpTimeoutSec=30, maxActiveConnections=80, maxBatchSize=1024}
[m[2m2026-10-01 05:06:12.961+0000[m[2m | [m[2mmain[m[2m | [m[33mWARN [m[2m | [m[2mBesu[m[2m | [m[33mForcing --bonsai-limit-trie-logs-enabled=false, since it cannot be enabled with --sync-mode=FULL and --data-storage-format=BONSAI.
[m[2m2026-10-01 05:06:12.962+0000[m[2m | [m[2mmain[m[2m | [m[32mINFO [m[2m | [m[2mBesu[m[2m | [m[32mConnecting to 0 static nodes.
[m[2m2026-10-01 05:06:12.997+0000[m[2m | [m[2mmain[m[2m | [m[33mWARN [m[2m | [m[2mBesu[m[2m | [m[33mForcing price bump for transaction replacement to 0, since we are on a zero basefee network
[m[2m2026-10-01 05:06:12.998+0000[m[2m | [m[2mmain[m[2m | [m[33mWARN [m[2m | [m[2mBesu[m[2m | [m[33mForcing price bump for transaction replacement to 0, since min-gas-price is set to 0
[m[2m2026-10-01 05:06:13.001+0000[m[2m | [m[2mmain[m[2m | [m[33mWARN [m[2m | [m[2mBesu[m[2m | [m[33mForcing tx-pool-min-gas-price=0, since it cannot be greater than the value of min-gas-price
[m[2m2026-10-01 05:06:13.221+0000[m[2m | [m[2mmain[m[2m | [m[32mINFO [m[2m | [m[2mBesu[m[2m | [m[32m
####################################################################################################
#                                                                                                  #
# Besu version 26.7.1                                                                              #
#                                                                                                  #
# Configuration:                                                                                   #
# Network: Custom genesis file                                                                     #
# /config/genesis.json                                                                             #
# Network Id: 1337                                                                                 #
# Data storage: Bonsai                                                                             #
# RocksDB max open files: 8192 (derived from available resources)                                  #
# Sync mode: Full                                                                                  #
# Sync min peers: 5                                                                                #
# RPC HTTP APIs: ETH,NET,WEB3,QBFT,DEBUG,TXPOOL,ADMIN                                              #
# RPC HTTP port: 8545                                                                              #
# Using LAYERED transaction pool implementation                                                    #
# Using STACKED worldstate update mode                                                             #
# Opcode optimizations enabled                                                                     #
# Parallel transaction processing enabled                                                          #
# BAL pruning enabled (retained BALs: 113056)                                                      #
# Target Gas Limit: 60M                                                                            #
#                                                                                                  #
# Host:                                                                                            #
# Java: openjdk-java-25                                                                            #
# Maximum heap size: 5.87 GB                                                                       #
# OS: linux-x86_64                                                                                 #
# glibc: 2.39                                                                                      #
# jemalloc: 5.3.0-0-g54eaed1d8b56b1aa528be3bdd1877e59c56fa90c                                      #
# Total memory: 23.47 GB                                                                           #
# CPU cores: 16                                                                                    #
#                                                                                                  #
# Plugin Registration Summary:                                                                     #
# No plugins have been registered.                                                                 #
# TOTAL = 0 of 0 plugins successfully registered.                                                  #
#                                                                                                  #
####################################################################################################
[m[2m2026-10-01 05:06:13.222+0000[m[2m | [m[2mmain[m[2m | [m[32mINFO [m[2m | [m[2mBesu[m[2m | [m[32mSecurity Module: localfile
[m[2m2026-10-01 05:06:13.223+0000[m[2m | [m[2mmain[m[2m | [m[32mINFO [m[2m | [m[2mVersionMetadata[m[2m | [m[32mLookup version metadata file in data directory: /data
[m[2m2026-10-01 05:06:13.223+0000[m[2m | [m[2mmain[m[2m | [m[32mINFO [m[2m | [m[2mVersionMetadata[m[2m | [m[32mNo version data detected. Writing Besu version 26.7.1 to metadata file
[m[2m2026-10-01 05:06:13.345+0000[m[2m | [m[2mmain[m[2m | [m[32mINFO [m[2m | [m[2mBesu[m[2m | [m[32mUsing the native implementation of alt bn128
[m[2m2026-10-01 05:06:13.348+0000[m[2m | [m[2mmain[m[2m | [m[32mINFO [m[2m | [m[2mBesu[m[2m | [m[32mUsing the Java implementation of modexp
[m[2m2026-10-01 05:06:13.395+0000[m[2m | [m[2mmain[m[2m | [m[32mINFO [m[2m | [m[2mBesu[m[2m | [m[32mUsing the native implementation of the signature algorithm
[m[2m2026-10-01 05:06:13.400+0000[m[2m | [m[2mmain[m[2m | [m[32mINFO [m[2m | [m[2mBesu[m[2m | [m[32mUsing the native implementation of the blake2bf algorithm
[m[2m2026-10-01 05:06:13.636+0000[m[2m | [m[2mmain[m[2m | [m[32mINFO [m[2m | [m[2mBesu[m[2m | [m[32mUsing the native BoringSSL implementation of p256verify
[m[2m2026-10-01 05:06:13.649+0000[m[2m | [m[2mmain[m[2m | [m[32mINFO [m[2m | [m[2mKZGPointEvalPrecompiledContract[m[2m | [m[32mLoading network trusted setup from classpath resource /kzg-trusted-setups/mainnet.txt
[m[2m2026-10-01 05:06:16.474+0000[m[2m | [m[2mmain[m[2m | [m[33mWARN [m[2m | [m[2mBesu[m[2m | [m[33mForcing price bump for transaction replacement to 0, since we are on a zero basefee network
[m[2m2026-10-01 05:06:16.475+0000[m[2m | [m[2mmain[m[2m | [m[33mWARN [m[2m | [m[2mBesu[m[2m | [m[33mForcing price bump for transaction replacement to 0, since min-gas-price is set to 0
[m[2m2026-10-01 05:06:16.476+0000[m[2m | [m[2mmain[m[2m | [m[33mWARN [m[2m | [m[2mBesu[m[2m | [m[33mForcing tx-pool-min-gas-price=0, since it cannot be greater than the value of min-gas-price
[m[2m2026-10-01 05:06:16.479+0000[m[2m | [m[2mmain[m[2m | [m[32mINFO [m[2m | [m[2mKeyPairUtil[m[2m | [m[32mAttempting to load public key from /nodekey/key.priv
[m[2m2026-10-01 05:06:16.505+0000[m[2m | [m[2mmain[m[2m | [m[32mINFO [m[2m | [m[2mKeyPairUtil[m[2m | [m[32mLoaded public key 0x589e397984078a8135fa61cc5fdb57ae62332733d02cb6f4f738c764600a9b586cc809d9ced5e90bc1719a0f235f92ed9a61e548bf48ae3614add06a88f109db from /nodekey/key.priv
[m[2m2026-10-01 05:06:16.716+0000[m[2m | [m[2mmain[m[2m | [m[32mINFO [m[2m | [m[2mProtocolScheduleBuilder[m[2m | [m[32mProtocol schedule created with milestones: [Cancun:0]
[m[2m2026-10-01 05:06:16.727+0000[m[2m | [m[2mmain[m[2m | [m[32mINFO [m[2m | [m[2mRocksDBKeyValueStorageFactory[m[2m | [m[32mNo existing database at /data. Using default metadata for new db versionedStorageFormat=BaseVersionedStorageFormat{format=BONSAI, version=3}
[m[2m2026-10-01 05:06:17.189+0000[m[2m | [m[2mmain[m[2m | [m[32mINFO [m[2m | [m[2mFlatDbStrategyProvider[m[2m | [m[32mFlat db mode found FULL
[m[2m2026-10-01 05:06:17.194+0000[m[2m | [m[2mmain[m[2m | [m[32mINFO [m[2m | [m[2mFlatDbStrategyProvider[m[2m | [m[32mDB mode with code stored using code hash enabled = true
[m[2m2026-10-01 05:06:17.217+0000[m[2m | [m[2mmain[m[2m | [m[32mINFO [m[2m | [m[2mFlatDbStrategyProvider[m[2m | [m[32mFlat db mode found FULL
[m[2m2026-10-01 05:06:17.218+0000[m[2m | [m[2mmain[m[2m | [m[32mINFO [m[2m | [m[2mFlatDbStrategyProvider[m[2m | [m[32mDB mode with code stored using code hash enabled = true
[m[2m2026-10-01 05:06:17.583+0000[m[2m | [m[2mmain[m[2m | [m[32mINFO [m[2m | [m[2mBesuControllerBuilder[m[2m | [m[32mAdding ChainDataPruner to observe block added events
[m[2m2026-10-01 05:06:17.589+0000[m[2m | [m[2mmain[m[2m | [m[32mINFO [m[2m | [m[2mBesuControllerBuilder[m[2m | [m[32mBAL pruning enabled | BALs retained: 113056 | Frequency: 256
[m[2m2026-10-01 05:06:17.648+0000[m[2m | [m[2mmain[m[2m | [m[32mINFO [m[2m | [m[2mTransactionPoolFactory[m[2m | [m[32mEnabling transaction pool
[m[2m2026-10-01 05:06:17.706+0000[m[2m | [m[2mmain[m[2m | [m[32mINFO [m[2m | [m[2mBesuControllerBuilder[m[2m | [m[32mQBFT is configured, creating initial sync for BFT
[m[2m2026-10-01 05:06:17.709+0000[m[2m | [m[2mmain[m[2m | [m[32mINFO [m[2m | [m[2mBFTPivotSelectorFromPeers[m[2m | [m[32mCreating pivot block selector for BFT node
[m[2m2026-10-01 05:06:17.808+0000[m[2m | [m[2mmain[m[2m | [m[32mINFO [m[2m | [m[2mRunnerBuilder[m[2m | [m[32mResolved 1 bootnodes.
[m[2m2026-10-01 05:06:17.829+0000[m[2m | [m[2mmain[m[2m | [m[32mINFO [m[2m | [m[2mRunnerBuilder[m[2m | [m[32mDetecting NAT service.
[m[2m2026-10-01 05:06:18.265+0000[m[2m | [m[2mmain[m[2m | [m[32mINFO [m[2m | [m[2mRunner[m[2m | [m[32mStarting external services ... 
[m[2m2026-10-01 05:06:18.269+0000[m[2m | [m[2mmain[m[2m | [m[32mINFO [m[2m | [m[2mJsonRpcHttpService[m[2m | [m[32mStarting JSON-RPC service on 0.0.0.0:8545
[m[2m2026-10-01 05:06:18.618+0000[m[2m | [m[2mvert.x-eventloop-thread-1[m[2m | [m[32mINFO [m[2m | [m[2mJsonRpcHttpService[m[2m | [m[32mJSON-RPC service started and listening on 0.0.0.0:8545
[m[2m2026-10-01 05:06:18.630+0000[m[2m | [m[2mmain[m[2m | [m[32mINFO [m[2m | [m[2mAutoTransactionLogBloomCachingService[m[2m | [m[32mStarting auto transaction log bloom caching service.
[m[2m2026-10-01 05:06:18.632+0000[m[2m | [m[2mmain[m[2m | [m[32mINFO [m[2m | [m[2mLogBloomCacheMetadata[m[2m | [m[32mLookup cache metadata file in data directory: /data/caches
[m[2m2026-10-01 05:06:18.676+0000[m[2m | [m[2mmain[m[2m | [m[32mINFO [m[2m | [m[2mRunner[m[2m | [m[32mStarting Ethereum main loop ... 
[m[2m2026-10-01 05:06:18.677+0000[m[2m | [m[2mmain[m[2m | [m[32mINFO [m[2m | [m[2mNatService[m[2m | [m[32mNo NAT environment detected so no service could be started
[m[2m2026-10-01 05:06:18.677+0000[m[2m | [m[2mmain[m[2m | [m[32mINFO [m[2m | [m[2mNetworkRunner[m[2m | [m[32mStarting Network.
[m[2m2026-10-01 05:06:18.719+0000[m[2m | [m[2mnioEventLoopGroup-2-1[m[2m | [m[32mINFO [m[2m | [m[2mRlpxAgent[m[2m | [m[32mP2P RLPx agent started and listening on /[0:0:0:0:0:0:0:0]:30303.
[m[2m2026-10-01 05:06:18.721+0000[m[2m | [m[2mmain[m[2m | [m[32mINFO [m[2m | [m[2mPeerDiscoveryAgentV4[m[2m | [m[32mStarting peer discovery agent on host=0.0.0.0, port=30303. IPv6 available.
[m[2m2026-10-01 05:06:18.746+0000[m[2m | [m[2mdiscv4-eventloop[m[2m | [m[32mINFO [m[2m | [m[2mNettyTransport[m[2m | [m[32mDiscV4 UDP transport started, listening on 0.0.0.0:30303
[m[2m2026-10-01 05:06:18.837+0000[m[2m | [m[2mdiscv4-eventloop[m[2m | [m[32mINFO [m[2m | [m[2mNodeRecordManager[m[2m | [m[32mWriting node record to disk. NodeRecord{seq=1, publicKey=0x03589e397984078a8135fa61cc5fdb57ae62332733d02cb6f4f738c764600a9b58, udpAddress=Optional[/172.28.0.16:30303], tcpAddress=Optional[/172.28.0.16:30303], quicAddress=Optional.empty, udp6Address=Optional.empty, tcp6Address=Optional.empty, quic6Address=Optional.empty, asBase64=-Je4QL4UrW_jwdGTTLIGbF8KfrCFbJ7-e0Wg3NTYsku4MgNgavJkGkugjWWa7EmUcYS_v--VvsK4jCedGoVfFyMUP-MBg2V0aMfGhHGHiYuAgmlkgnY0gmlwhKwcABCJc2VjcDI1NmsxoQNYnjl5hAeKgTX6Ycxf21euYjMnM9AstvT3OMdkYAqbWIN0Y3CCdl-DdWRwgnZf, nodeId=0x88fe3604f028df2f4b91857bd211edae231b5ec240035cf56e8cd302bd5d0879, customFields={tcp=30303, udp=30303, eth=[[0x7187898b, 0x]], id=V4, ip=0xac1c0010, secp256k1=0x03589e397984078a8135fa61cc5fdb57ae62332733d02cb6f4f738c764600a9b58}}
[m[2m2026-10-01 05:06:18.895+0000[m[2m | [m[2mdiscv4-eventloop[m[2m | [m[32mINFO [m[2m | [m[2mPeerDiscoveryAgentV4[m[2m | [m[32mP2P peer discovery agent started and listening on /0.0.0.0:30303
[m[2m2026-10-01 05:06:18.897+0000[m[2m | [m[2mmain[m[2m | [m[32mINFO [m[2m | [m[2mDefaultP2PNetwork[m[2m | [m[32mEnode URL enode://589e397984078a8135fa61cc5fdb57ae62332733d02cb6f4f738c764600a9b586cc809d9ced5e90bc1719a0f235f92ed9a61e548bf48ae3614add06a88f109db@172.28.0.16:30303
[m[2m2026-10-01 05:06:18.899+0000[m[2m | [m[2mmain[m[2m | [m[32mINFO [m[2m | [m[2mDefaultP2PNetwork[m[2m | [m[32mENR URL enr:-Je4QL4UrW_jwdGTTLIGbF8KfrCFbJ7-e0Wg3NTYsku4MgNgavJkGkugjWWa7EmUcYS_v--VvsK4jCedGoVfFyMUP-MBg2V0aMfGhHGHiYuAgmlkgnY0gmlwhKwcABCJc2VjcDI1NmsxoQNYnjl5hAeKgTX6Ycxf21euYjMnM9AstvT3OMdkYAqbWIN0Y3CCdl-DdWRwgnZf
[m[2m2026-10-01 05:06:18.900+0000[m[2m | [m[2mmain[m[2m | [m[32mINFO [m[2m | [m[2mDefaultP2PNetwork[m[2m | [m[32mNode address 0xd211edae231b5ec240035cf56e8cd302bd5d0879
[m[2m2026-10-01 05:06:18.929+0000[m[2m | [m[2mmain[m[2m | [m[32mINFO [m[2m | [m[2mNetworkRunner[m[2m | [m[32mSupported capabilities: [eth/68, eth/69, eth/70, eth/71], [istanbul/100], [snap/1]
[m[2m2026-10-01 05:06:18.932+0000[m[2m | [m[2mmain[m[2m | [m[32mINFO [m[2m | [m[2mDefaultSynchronizer[m[2m | [m[32mStarting synchronizer.
[m[2m2026-10-01 05:06:18.944+0000[m[2m | [m[2mmain[m[2m | [m[32mINFO [m[2m | [m[2mTransactionPoolFactory[m[2m | [m[32mEnabling transaction handling following initial sync
[m[2m2026-10-01 05:06:18.948+0000[m[2m | [m[2mmain[m[2m | [m[32mINFO [m[2m | [m[2mBftMiningCoordinator[m[2m | [m[32mStarting BFT mining coordinator following initial sync
[m[2m2026-10-01 05:06:18.968+0000[m[2m | [m[2mmain[m[2m | [m[32mINFO [m[2m | [m[2mFullSyncDownloader[m[2m | [m[32mStarting full sync.
[m[2m2026-10-01 05:06:18.971+0000[m[2m | [m[2mmain[m[2m | [m[32mINFO [m[2m | [m[2mFullSyncTargetManager[m[2m | [m[32mUnable to find sync target. Waiting for 5 peers minimum. Currently checking 0 peers for usefulness
[m[2m2026-10-01 05:06:18.979+0000[m[2m | [m[2mmain[m[2m | [m[32mINFO [m[2m | [m[2mRunner[m[2m | [m[32mEthereum main loop is up.
[m[2m2026-10-01 05:06:24.064+0000[m[2m | [m[2mBftProcessorExecutor-QBFT-0[m[2m | [m[32mINFO [m[2m | [m[2mQbftRound[m[2m | [m[32mImporting proposed block to chain. round=ConsensusRoundIdentifier{Sequence=1, Round=1}, hash=0xc0d69521e2687328d11220e2105b0c407de5840d39a5b0034187f286c6c4134d
[m[2m2026-10-01 05:06:24.257+0000[m[2m | [m[2mBftProcessorExecutor-QBFT-0[m[2m | [m[32mINFO [m[2m | [m[2mQbftBesuControllerBuilder[m[2m | [m[32mImported empty block #1 / 0 tx / 0 pending / 0 (0.0%) gas / (0xc0d69521e2687328d11220e2105b0c407de5840d39a5b0034187f286c6c4134d)
[m[2m2026-10-01 05:06:25.034+0000[m[2m | [m[2mEthScheduler-Timer-0[m[2m | [m[32mINFO [m[2m | [m[2mFullSyncTargetManager[m[2m | [m[32mUnable to find sync target. Waiting for 5 peers minimum. Currently checking 1 peers for usefulness
[m[2m2026-10-01 05:06:25.153+0000[m[2m | [m[2mBftProcessorExecutor-QBFT-0[m[2m | [m[32mINFO [m[2m | [m[2mQbftBesuControllerBuilder[m[2m | [m[32mImported empty block #2 / 0 tx / 0 pending / 0 (0.0%) gas / (0x38fe9934d6d50611cb279e9ae9e4aa3453e89ed5e286d6bdf14f34ea17965128)
[m[2m2026-10-01 05:06:27.083+0000[m[2m | [m[2mBftProcessorExecutor-QBFT-0[m[2m | [m[32mINFO [m[2m | [m[2mQbftBesuControllerBuilder[m[2m | [m[32mImported empty block #3 / 0 tx / 0 pending / 0 (0.0%) gas / (0xe7898b3df9d4e6d86290af380791f453fe51c8a4871d72aec1c9045e13b16d78)
[m[2m2026-10-01 05:06:29.146+0000[m[2m | [m[2mBftProcessorExecutor-QBFT-0[m[2m | [m[32mINFO [m[2m | [m[2mQbftBesuControllerBuilder[m[2m | [m[32mImported block       #4 / 1 tx / 0 pending / 3,477,564 (11.6%) gas / (0x70d12690185605348750026a0aa94463b08c06573ea55748c70c139c8d6f0757)
[m[2m2026-10-01 05:06:31.082+0000[m[2m | [m[2mBftProcessorExecutor-QBFT-0[m[2m | [m[32mINFO [m[2m | [m[2mQbftBesuControllerBuilder[m[2m | [m[32mProduced empty block #5 / 0 tx / 0 pending / 0 (0.0%) gas / (0x084f7c78785cd00b71e2a64d52f54780c200c72f95082c5da1205e9e8ca5e552)
[m[2m2026-10-01 05:06:33.035+0000[m[2m | [m[2mBftProcessorExecutor-QBFT-0[m[2m | [m[32mINFO [m[2m | [m[2mQbftBesuControllerBuilder[m[2m | [m[32mImported empty block #6 / 0 tx / 0 pending / 0 (0.0%) gas / (0xbfe8274b3b1faab1f40f601af22ff4777d9ce17a8a3418df75cf564e827cc7a8)
[m[2m2026-10-01 05:06:35.030+0000[m[2m | [m[2mBftProcessorExecutor-QBFT-0[m[2m | [m[32mINFO [m[2m | [m[2mQbftBesuControllerBuilder[m[2m | [m[32mImported empty block #7 / 0 tx / 0 pending / 0 (0.0%) gas / (0xc7d2c9b6140a864239b264acdf714d5f695c2de93e35848ccd2b1754434e27ec)
[m[2m2026-10-01 05:06:37.109+0000[m[2m | [m[2mBftProcessorExecutor-QBFT-0[m[2m | [m[32mINFO [m[2m | [m[2mQbftBesuControllerBuilder[m[2m | [m[32mImported block       #8 / 1 tx / 0 pending / 2,248,308 (7.5%) gas / (0x44c61ce462a7741658d0413ff40c8352bc519bf3167ce9ead9cde3cd40786269)
[m[2m2026-10-01 05:06:37.111+0000[m[2m | [m[2mEthScheduler-Workers-2[m[2m | [m[32mINFO [m[2m | [m[2mPersistBlockTask[m[2m | [m[32mBlock 8 (0x44c61ce462a7741658d0413ff40c8352bc519bf3167ce9ead9cde3cd40786269) is already imported
[m[2m2026-10-01 05:06:39.036+0000[m[2m | [m[2mBftProcessorExecutor-QBFT-0[m[2m | [m[32mINFO [m[2m | [m[2mQbftBesuControllerBuilder[m[2m | [m[32mImported empty block #9 / 0 tx / 0 pending / 0 (0.0%) gas / (0x1e7ec25b13596946d1d4b7c0a38b24bd4743cbb6ea6cd69cca7e4a5bf428c3db)
[m[2m2026-10-01 05:06:41.032+0000[m[2m | [m[2mBftProcessorExecutor-QBFT-0[m[2m | [m[32mINFO [m[2m | [m[2mQbftBesuControllerBuilder[m[2m | [m[32mImported empty block #10 / 0 tx / 0 pending / 0 (0.0%) gas / (0x67debef201b9342d567d2420bf4ca3f164369db2ce39cce5549efebe5798a341)
[m[2m2026-10-01 05:06:41.032+0000[m[2m | [m[2mEthScheduler-Workers-4[m[2m | [m[32mINFO [m[2m | [m[2mPersistBlockTask[m[2m | [m[32mBlock 10 (0x67debef201b9342d567d2420bf4ca3f164369db2ce39cce5549efebe5798a341) is already imported
[m[2m2026-10-01 05:06:56.061+0000[m[2m | [m[2mBftProcessorExecutor-QBFT-0[m[2m | [m[32mINFO [m[2m | [m[2mRoundTimer[m[2m | [m[32mMoved to round 2 which will expire in 16 seconds
[m[2m2026-10-01 05:06:56.069+0000[m[2m | [m[2mBftProcessorExecutor-QBFT-0[m[2m | [m[32mINFO [m[2m | [m[2mRoundChangeManager[m[2m | [m[32mBFT round summary (quorum = 4)
[m[2m2026-10-01 05:06:56.070+0000[m[2m | [m[2mBftProcessorExecutor-QBFT-0[m[2m | [m[32mINFO [m[2m | [m[2mRoundChangeManager[m[2m | [m[32mAddress: 0xd211edae231b5ec240035cf56e8cd302bd5d0879  Round: 2 (Local node)
[m[2m2026-10-01 05:06:56.070+0000[m[2m | [m[2mBftProcessorExecutor-QBFT-0[m[2m | [m[32mINFO [m[2m | [m[2mRoundChangeManager[m[2m | [m[32mAddress: 0x2f7b6c28cd816229d02825e131fd1b7b5ed35a3d  Round: 2 
[m[2m2026-10-01 05:06:56.072+0000[m[2m | [m[2mBftProcessorExecutor-QBFT-0[m[2m | [m[32mINFO [m[2m | [m[2mRoundChangeManager[m[2m | [m[32mBFT round summary (quorum = 4)
[m[2m2026-10-01 05:06:56.073+0000[m[2m | [m[2mBftProcessorExecutor-QBFT-0[m[2m | [m[32mINFO [m[2m | [m[2mRoundChangeManager[m[2m | [m[32mAddress: 0x9a26fd747265b0c4abd15e8d8ad9e493c15efcce  Round: 2 
[m[2m2026-10-01 05:06:56.073+0000[m[2m | [m[2mBftProcessorExecutor-QBFT-0[m[2m | [m[32mINFO [m[2m | [m[2mRoundChangeManager[m[2m | [m[32mAddress: 0xd211edae231b5ec240035cf56e8cd302bd5d0879  Round: 2 (Local node)
[m[2m2026-10-01 05:06:56.073+0000[m[2m | [m[2mBftProcessorExecutor-QBFT-0[m[2m | [m[32mINFO [m[2m | [m[2mRoundChangeManager[m[2m | [m[32mAddress: 0x2f7b6c28cd816229d02825e131fd1b7b5ed35a3d  Round: 2 
[m[2m2026-10-01 05:06:56.075+0000[m[2m | [m[2mBftProcessorExecutor-QBFT-0[m[2m | [m[32mINFO [m[2m | [m[2mRoundChangeManager[m[2m | [m[32mBFT round summary (quorum = 4)
[m[2m2026-10-01 05:06:56.076+0000[m[2m | [m[2mBftProcessorExecutor-QBFT-0[m[2m | [m[32mINFO [m[2m | [m[2mRoundChangeManager[m[2m | [m[32mAddress: 0x9a26fd747265b0c4abd15e8d8ad9e493c15efcce  Round: 2 
[m[2m2026-10-01 05:06:56.076+0000[m[2m | [m[2mBftProcessorExecutor-QBFT-0[m[2m | [m[32mINFO [m[2m | [m[2mRoundChangeManager[m[2m | [m[32mAddress: 0xd211edae231b5ec240035cf56e8cd302bd5d0879  Round: 2 (Local node)
[m[2m2026-10-01 05:06:56.076+0000[m[2m | [m[2mBftProcessorExecutor-QBFT-0[m[2m | [m[32mINFO [m[2m | [m[2mRoundChangeManager[m[2m | [m[32mAddress: 0x2f7b6c28cd816229d02825e131fd1b7b5ed35a3d  Round: 2 
[m[2m2026-10-01 05:06:56.076+0000[m[2m | [m[2mBftProcessorExecutor-QBFT-0[m[2m | [m[32mINFO [m[2m | [m[2mRoundChangeManager[m[2m | [m[32mAddress: 0x9cbbfd6876318aff280535a395dad1b07eac352c  Round: 2 
[m[2m2026-10-01 05:06:56.077+0000[m[2m | [m[2mBftProcessorExecutor-QBFT-0[m[2m | [m[32mINFO [m[2m | [m[2mRoundChangeManager[m[2m | [m[32mBFT round summary (quorum = 4)
[m[2m2026-10-01 05:06:56.077+0000[m[2m | [m[2mBftProcessorExecutor-QBFT-0[m[2m | [m[32mINFO [m[2m | [m[2mRoundChangeManager[m[2m | [m[32mAddress: 0x9a26fd747265b0c4abd15e8d8ad9e493c15efcce  Round: 2 
[m[2m2026-10-01 05:06:56.077+0000[m[2m | [m[2mBftProcessorExecutor-QBFT-0[m[2m | [m[32mINFO [m[2m | [m[2mRoundChangeManager[m[2m | [m[32mAddress: 0xd211edae231b5ec240035cf56e8cd302bd5d0879  Round: 2 (Local node)
[m[2m2026-10-01 05:06:56.077+0000[m[2m | [m[2mBftProcessorExecutor-QBFT-0[m[2m | [m[32mINFO [m[2m | [m[2mRoundChangeManager[m[2m | [m[32mAddress: 0x2f7b6c28cd816229d02825e131fd1b7b5ed35a3d  Round: 2 
[m[2m2026-10-01 05:06:56.077+0000[m[2m | [m[2mBftProcessorExecutor-QBFT-0[m[2m | [m[32mINFO [m[2m | [m[2mRoundChangeManager[m[2m | [m[32mAddress: 0xc41fb2e0dde63b7ea181cc65fd37a129ad8ad93a  Round: 2 
[m[2m2026-10-01 05:06:56.077+0000[m[2m | [m[2mBftProcessorExecutor-QBFT-0[m[2m | [m[32mINFO [m[2m | [m[2mRoundChangeManager[m[2m | [m[32mAddress: 0x9cbbfd6876318aff280535a395dad1b07eac352c  Round: 2 
[m[2m2026-10-01 05:06:56.078+0000[m[2m | [m[2mBftProcessorExecutor-QBFT-0[m[2m | [m[32mINFO [m[2m | [m[2mRoundChangeManager[m[2m | [m[32mBFT round summary (quorum = 4)
[m[2m2026-10-01 05:06:56.078+0000[m[2m | [m[2mBftProcessorExecutor-QBFT-0[m[2m | [m[32mINFO [m[2m | [m[2mRoundChangeManager[m[2m | [m[32mAddress: 0x9a26fd747265b0c4abd15e8d8ad9e493c15efcce  Round: 2 
[m[2m2026-10-01 05:06:56.078+0000[m[2m | [m[2mBftProcessorExecutor-QBFT-0[m[2m | [m[32mINFO [m[2m | [m[2mRoundChangeManager[m[2m | [m[32mAddress: 0xd211edae231b5ec240035cf56e8cd302bd5d0879  Round: 2 (Local node)
[m[2m2026-10-01 05:06:56.078+0000[m[2m | [m[2mBftProcessorExecutor-QBFT-0[m[2m | [m[32mINFO [m[2m | [m[2mRoundChangeManager[m[2m | [m[32mAddress: 0x2f7b6c28cd816229d02825e131fd1b7b5ed35a3d  Round: 2 
[m[2m2026-10-01 05:06:56.078+0000[m[2m | [m[2mBftProcessorExecutor-QBFT-0[m[2m | [m[32mINFO [m[2m | [m[2mRoundChangeManager[m[2m | [m[32mAddress: 0x1b8926a8193ec65c3d011304bd8240bbb30cfbe3  Round: 2 
[m[2m2026-10-01 05:06:56.078+0000[m[2m | [m[2mBftProcessorExecutor-QBFT-0[m[2m | [m[32mINFO [m[2m | [m[2mRoundChangeManager[m[2m | [m[32mAddress: 0xc41fb2e0dde63b7ea181cc65fd37a129ad8ad93a  Round: 2 
[m[2m2026-10-01 05:06:56.078+0000[m[2m | [m[2mBftProcessorExecutor-QBFT-0[m[2m | [m[32mINFO [m[2m | [m[2mRoundChangeManager[m[2m | [m[32mAddress: 0x9cbbfd6876318aff280535a395dad1b07eac352c  Round: 2 
[m[2m2026-10-01 05:06:56.126+0000[m[2m | [m[2mBftProcessorExecutor-QBFT-0[m[2m | [m[32mINFO [m[2m | [m[2mQbftRound[m[2m | [m[32mImporting proposed block to chain. round=ConsensusRoundIdentifier{Sequence=11, Round=2}, hash=0x9e350efc3142e565ae6054d7403837a84867641b9816027ce0e3b6f64ed48909
[m[2m2026-10-01 05:06:56.140+0000[m[2m | [m[2mBftProcessorExecutor-QBFT-0[m[2m | [m[32mINFO [m[2m | [m[2mQbftBesuControllerBuilder[m[2m | [m[32mImported block       #11 / 1 tx / 0 pending / 1,026,576 (3.4%) gas / (0x9e350efc3142e565ae6054d7403837a84867641b9816027ce0e3b6f64ed48909)
[m[2m2026-10-01 05:06:58.094+0000[m[2m | [m[2mBftProcessorExecutor-QBFT-0[m[2m | [m[32mINFO [m[2m | [m[2mQbftBesuControllerBuilder[m[2m | [m[32mImported block       #12 / 1 tx / 0 pending / 4,272,310 (14.2%) gas / (0xda8a216637cca8f46f0df05138d614ef2cf274779c889dac8fe2fa17f9f06a0b)
[m[2m2026-10-01 05:06:58.094+0000[m[2m | [m[2mEthScheduler-Workers-7[m[2m | [m[32mINFO [m[2m | [m[2mPersistBlockTask[m[2m | [m[32mBlock 12 (0xda8a216637cca8f46f0df05138d614ef2cf274779c889dac8fe2fa17f9f06a0b) is already imported
[m[2m2026-10-01 05:07:00.040+0000[m[2m | [m[2mBftProcessorExecutor-QBFT-0[m[2m | [m[32mINFO [m[2m | [m[2mQbftBesuControllerBuilder[m[2m | [m[32mImported empty block #13 / 0 tx / 0 pending / 0 (0.0%) gas / (0xa810adc3cce36b2c5f2c70de001ff1081dbf0878ee5ea83533688f5b09758d95)
[m[2m2026-10-01 05:07:02.042+0000[m[2m | [m[2mBftProcessorExecutor-QBFT-0[m[2m | [m[32mINFO [m[2m | [m[2mQbftBesuControllerBuilder[m[2m | [m[32mImported empty block #14 / 0 tx / 0 pending / 0 (0.0%) gas / (0x863bba5422ce70e46014efad45b77e727c48821bd2caac18db9b120b62ab85cc)
[m[2m2026-10-01 05:07:04.043+0000[m[2m | [m[2mBftProcessorExecutor-QBFT-0[m[2m | [m[32mINFO [m[2m | [m[2mQbftBesuControllerBuilder[m[2m | [m[32mProduced empty block #15 / 0 tx / 0 pending / 0 (0.0%) gas / (0x9e09d694cff54436e26de5ef333445f112c48882e559a2572304fdfeb2098680)
[m[2m2026-10-01 05:07:04.043+0000[m[2m | [m[2mEthScheduler-Workers-1[m[2m | [m[32mINFO [m[2m | [m[2mPersistBlockTask[m[2m | [m[32mBlock 15 (0x9e09d694cff54436e26de5ef333445f112c48882e559a2572304fdfeb2098680) is already imported
[m[2m2026-10-01 05:07:06.073+0000[m[2m | [m[2mBftProcessorExecutor-QBFT-0[m[2m | [m[32mINFO [m[2m | [m[2mQbftBesuControllerBuilder[m[2m | [m[32mImported block       #16 / 1 tx / 0 pending / 4,340,644 (14.5%) gas / (0x7c906f95160d4711122464b28522589f937a46420d3b1012449df0f71987fb54)
[m[2m2026-10-01 05:07:08.053+0000[m[2m | [m[2mBftProcessorExecutor-QBFT-0[m[2m | [m[32mINFO [m[2m | [m[2mQbftBesuControllerBuilder[m[2m | [m[32mImported empty block #17 / 0 tx / 0 pending / 0 (0.0%) gas / (0x6531100119479ce7a73fc28146908cd850f5754f0dc956c0cc851aa0d8789ef7)
[m[2m2026-10-01 05:07:08.057+0000[m[2m | [m[2mEthScheduler-Workers-0[m[2m | [m[32mINFO [m[2m | [m[2mPersistBlockTask[m[2m | [m[32mBlock 17 (0x6531100119479ce7a73fc28146908cd850f5754f0dc956c0cc851aa0d8789ef7) is already imported
[m[2m2026-10-01 05:07:10.029+0000[m[2m | [m[2mBftProcessorExecutor-QBFT-0[m[2m | [m[32mINFO [m[2m | [m[2mQbftBesuControllerBuilder[m[2m | [m[32mImported empty block #18 / 0 tx / 0 pending / 0 (0.0%) gas / (0x502550a1f4dad0534fb7d7f8948776ddb8ecd4e7b06048a58f3c83c9c6ed6a47)
[m[2m2026-10-01 05:07:12.047+0000[m[2m | [m[2mBftProcessorExecutor-QBFT-0[m[2m | [m[32mINFO [m[2m | [m[2mQbftBesuControllerBuilder[m[2m | [m[32mImported block       #19 / 1 tx / 0 pending / 338,454 (1.1%) gas / (0x18164891ea276ec4d4de84c2878d0f7b05edb40b9f1947562c707e77865419f2)
[m[2m2026-10-01 05:07:14.033+0000[m[2m | [m[2mBftProcessorExecutor-QBFT-0[m[2m | [m[32mINFO [m[2m | [m[2mQbftBesuControllerBuilder[m[2m | [m[32mImported empty block #20 / 0 tx / 0 pending / 0 (0.0%) gas / (0xcdc512ce15c44b000d29a98f998d1f48e270a03ac1827f8ea366b25b00cd1afc)
[m[2m2026-10-01 05:07:16.033+0000[m[2m | [m[2mBftProcessorExecutor-QBFT-0[m[2m | [m[32mINFO [m[2m | [m[2mQbftBesuControllerBuilder[m[2m | [m[32mProduced empty block #21 / 0 tx / 0 pending / 0 (0.0%) gas / (0xf15bd24c2c854a4e2bbccf1428e6bcd52857c5c1a96723ddd06c340e873d515b)
[m[2m2026-10-01 05:07:18.022+0000[m[2m | [m[2mBftProcessorExecutor-QBFT-0[m[2m | [m[32mINFO [m[2m | [m[2mQbftBesuControllerBuilder[m[2m | [m[32mImported empty block #22 / 0 tx / 0 pending / 0 (0.0%) gas / (0x2ac4fd0986efdc0ad86267246d088a8e4e26a927ad8e51d38094dc0f7980d26b)
[m[2m2026-10-01 05:07:20.051+0000[m[2m | [m[2mBftProcessorExecutor-QBFT-0[m[2m | [m[32mINFO [m[2m | [m[2mQbftBesuControllerBuilder[m[2m | [m[32mImported block       #23 / 1 tx / 0 pending / 3,439,781 (11.5%) gas / (0xdc4c99e12a74766ad81eb6c9c932244c7a37ee4a11e2c7bfb2d6dfce5c1b7f29)
[m[2m2026-10-01 05:07:22.028+0000[m[2m | [m[2mBftProcessorExecutor-QBFT-0[m[2m | [m[32mINFO [m[2m | [m[2mQbftBesuControllerBuilder[m[2m | [m[32mImported empty block #24 / 0 tx / 0 pending / 0 (0.0%) gas / (0xf4ec7c0a3ef7f1d13191783e418323d5272fb2854b36a8c0c58d794066ed86b6)
[m[2m2026-10-01 05:07:25.081+0000[m[2m | [m[2mBftProcessorExecutor-QBFT-0[m[2m | [m[32mINFO [m[2m | [m[2mQbftBesuControllerBuilder[m[2m | [m[32mImported empty block #25 / 0 tx / 0 pending / 0 (0.0%) gas / (0x5a99f5182e17fc4aa389c1362e3fca5d85de5c7672ff38ed892b94b1b96482d1)
[m[2m2026-10-01 05:07:27.471+0000[m[2m | [m[2mBftProcessorExecutor-QBFT-0[m[2m | [m[32mINFO [m[2m | [m[2mQbftBesuControllerBuilder[m[2m | [m[32mImported block       #26 / 1 tx / 0 pending / 10,437,429 (34.8%) gas / (0x41418119dfba55825b04c4e2912c23f2aa7574a42ab53e2f9aab4411844dbfd0)
[m[2m2026-10-01 05:07:29.031+0000[m[2m | [m[2mBftProcessorExecutor-QBFT-0[m[2m | [m[32mINFO [m[2m | [m[2mQbftBesuControllerBuilder[m[2m | [m[32mProduced empty block #27 / 0 tx / 0 pending / 0 (0.0%) gas / (0x946c904de47e2de009128211330b40969c6e0ebe889e694fd21ef15e72964472)
[m[2m2026-10-01 05:07:31.032+0000[m[2m | [m[2mEthScheduler-Workers-0[m[2m | [m[32mINFO [m[2m | [m[2mPersistBlockTask[m[2m | [m[32mBlock 28 (0x53a0864244bbd0eefcc13cd21f01112692f3cded26d2b064e372a4cbbfbdf560) is already imported
[m[2m2026-10-01 05:07:31.032+0000[m[2m | [m[2mBftProcessorExecutor-QBFT-0[m[2m | [m[32mINFO [m[2m | [m[2mQbftBesuControllerBuilder[m[2m | [m[32mImported empty block #28 / 0 tx / 0 pending / 0 (0.0%) gas / (0x53a0864244bbd0eefcc13cd21f01112692f3cded26d2b064e372a4cbbfbdf560)
[m[2m2026-10-01 05:07:33.023+0000[m[2m | [m[2mEthScheduler-Workers-3[m[2m | [m[32mINFO [m[2m | [m[2mPersistBlockTask[m[2m | [m[32mBlock 29 (0x85f44a74f35e42671d359915282a896db29ccae17d86f27af96fa5ba16e3a0ab) is already imported
[m[2m2026-10-01 05:07:33.023+0000[m[2m | [m[2mBftProcessorExecutor-QBFT-0[m[2m | [m[32mINFO [m[2m | [m[2mQbftBesuControllerBuilder[m[2m | [m[32mImported empty block #29 / 0 tx / 0 pending / 0 (0.0%) gas / (0x85f44a74f35e42671d359915282a896db29ccae17d86f27af96fa5ba16e3a0ab)
[m[2m2026-10-01 05:07:35.039+0000[m[2m | [m[2mBftProcessorExecutor-QBFT-0[m[2m | [m[32mINFO [m[2m | [m[2mQbftBesuControllerBuilder[m[2m | [m[32mImported block       #30 / 1 tx / 0 pending / 3,477,564 (11.6%) gas / (0x03a35f5031431f38c85a191174a24578ea82cf1867b0f0741533303075723497)
[m[2m2026-10-01 05:07:37.023+0000[m[2m | [m[2mBftProcessorExecutor-QBFT-0[m[2m | [m[32mINFO [m[2m | [m[2mQbftBesuControllerBuilder[m[2m | [m[32mImported empty block #31 / 0 tx / 0 pending / 0 (0.0%) gas / (0x02c8dccd87d38f317f263da3cd636dd4322ed99a6a1acbb6d62641542b3b5dfd)
[m[2m2026-10-01 05:07:39.036+0000[m[2m | [m[2mBftProcessorExecutor-QBFT-0[m[2m | [m[32mINFO [m[2m | [m[2mQbftBesuControllerBuilder[m[2m | [m[32mImported empty block #32 / 0 tx / 0 pending / 0 (0.0%) gas / (0xffc5de4ced66872f3c70643b6454faa072da278d581730471fd992a6ad86fcb1)
[m[2m2026-10-01 05:07:41.027+0000[m[2m | [m[2mBftProcessorExecutor-QBFT-0[m[2m | [m[32mINFO [m[2m | [m[2mQbftBesuControllerBuilder[m[2m | [m[32mProduced empty block #33 / 0 tx / 0 pending / 0 (0.0%) gas / (0x59e420acbac64ec10aa74a896f8b1f2b86e679a7f8576b8e49ffe92152ea9a19)
[m[2m2026-10-01 05:07:43.043+0000[m[2m | [m[2mBftProcessorExecutor-QBFT-0[m[2m | [m[32mINFO [m[2m | [m[2mQbftBesuControllerBuilder[m[2m | [m[32mImported block       #34 / 1 tx / 0 pending / 2,248,308 (7.5%) gas / (0x2d253eb1d38358944d52549f17e3aa9dc1b2d62ff3ec8900aaa5b9078dc42b59)
[m[2m2026-10-01 05:07:45.025+0000[m[2m | [m[2mBftProcessorExecutor-QBFT-0[m[2m | [m[32mINFO [m[2m | [m[2mQbftBesuControllerBuilder[m[2m | [m[32mImported empty block #35 / 0 tx / 0 pending / 0 (0.0%) gas / (0x676595b4b521fc53206acbea5782ad243e7b03dd5d302a48353489eb0f4b987c)
[m[2m2026-10-01 05:07:47.018+0000[m[2m | [m[2mBftProcessorExecutor-QBFT-0[m[2m | [m[32mINFO [m[2m | [m[2mQbftBesuControllerBuilder[m[2m | [m[32mImported empty block #36 / 0 tx / 0 pending / 0 (0.0%) gas / (0x44103799056d07c0e09adedae0e82fcde46d82d99d25054a563d9717e0528b0c)
[m[2m2026-10-01 05:07:49.024+0000[m[2m | [m[2mBftProcessorExecutor-QBFT-0[m[2m | [m[32mINFO [m[2m | [m[2mQbftBesuControllerBuilder[m[2m | [m[32mImported empty block #37 / 0 tx / 1 pending / 0 (0.0%) gas / (0x53dfd8a587f4b20d581164b80c2aa0f9106d1433066b1aabbf481868c33d5407)
[m[2m2026-10-01 05:07:51.031+0000[m[2m | [m[2mBftProcessorExecutor-QBFT-0[m[2m | [m[32mINFO [m[2m | [m[2mQbftBesuControllerBuilder[m[2m | [m[32mImported block       #38 / 1 tx / 0 pending / 1,026,576 (3.4%) gas / (0x8818180d2e6a195e75a1346d8c0d55df8036c9e9e32cbb21db2615b800578ea0)
[m[2m2026-10-01 05:07:53.021+0000[m[2m | [m[2mBftProcessorExecutor-QBFT-0[m[2m | [m[32mINFO [m[2m | [m[2mQbftBesuControllerBuilder[m[2m | [m[32mProduced empty block #39 / 0 tx / 0 pending / 0 (0.0%) gas / (0x5a38c14835e784fa0072f272dca75fa2b586704be418893af9917c6fac28a919)
[m[2m2026-10-01 05:07:56.060+0000[m[2m | [m[2mBftProcessorExecutor-QBFT-0[m[2m | [m[32mINFO [m[2m | [m[2mQbftBesuControllerBuilder[m[2m | [m[32mImported empty block #40 / 0 tx / 0 pending / 0 (0.0%) gas / (0x59b35144506a8f000ab914fe6d7185343e2a22c2769714a14b6de1a3c6202fe6)
[m[2m2026-10-01 05:07:58.041+0000[m[2m | [m[2mBftProcessorExecutor-QBFT-0[m[2m | [m[32mINFO [m[2m | [m[2mQbftBesuControllerBuilder[m[2m | [m[32mImported block       #41 / 1 tx / 0 pending / 4,272,310 (14.2%) gas / (0x6aa63a52d195c72c3cafdc3f8e34c1cb3bfa2ff5b8fa9e7fe24edd44e83bfcdd)
[m[2m2026-10-01 05:08:00.023+0000[m[2m | [m[2mBftProcessorExecutor-QBFT-0[m[2m | [m[32mINFO [m[2m | [m[2mQbftBesuControllerBuilder[m[2m | [m[32mImported empty block #42 / 0 tx / 0 pending / 0 (0.0%) gas / (0x57b8ab6cb9e6879185a29b356b7920a611bc615b344d23e3b7bec3740b8b404f)
[m[2m2026-10-01 05:08:02.026+0000[m[2m | [m[2mBftProcessorExecutor-QBFT-0[m[2m | [m[32mINFO [m[2m | [m[2mQbftBesuControllerBuilder[m[2m | [m[32mImported empty block #43 / 0 tx / 0 pending / 0 (0.0%) gas / (0xa482bd2301c53a9fa50fa35769d1816116674384caf42c48784ac101e0c1b396)
[m[2m2026-10-01 05:08:02.028+0000[m[2m | [m[2mEthScheduler-Workers-6[m[2m | [m[32mINFO [m[2m | [m[2mPersistBlockTask[m[2m | [m[32mBlock 43 (0xa482bd2301c53a9fa50fa35769d1816116674384caf42c48784ac101e0c1b396) is already imported
[m[2m2026-10-01 05:08:04.023+0000[m[2m | [m[2mBftProcessorExecutor-QBFT-0[m[2m | [m[32mINFO [m[2m | [m[2mQbftBesuControllerBuilder[m[2m | [m[32mImported empty block #44 / 0 tx / 0 pending / 0 (0.0%) gas / (0xb4ac9915a1c407e4ce7b8b0c34c10495a95c73567e3e83536da0bb628bda4efb)
[m[2m2026-10-01 05:08:06.032+0000[m[2m | [m[2mBftProcessorExecutor-QBFT-0[m[2m | [m[32mINFO [m[2m | [m[2mQbftBesuControllerBuilder[m[2m | [m[32mProduced block       #45 / 1 tx / 0 pending / 4,340,644 (14.5%) gas / (0x91cd64cdcb93b3d94af9f3e163e503d766c5cacf2c283bd1304c2210d064ab41)
[m[2m2026-10-01 05:08:08.024+0000[m[2m | [m[2mBftProcessorExecutor-QBFT-0[m[2m | [m[32mINFO [m[2m | [m[2mQbftBesuControllerBuilder[m[2m | [m[32mImported empty block #46 / 0 tx / 0 pending / 0 (0.0%) gas / (0x4b0eca8f0a6d61bc636183b4aef65e6f13374b5581273dd935048cec9f7640b8)
[m[2m2026-10-01 05:08:10.019+0000[m[2m | [m[2mBftProcessorExecutor-QBFT-0[m[2m | [m[32mINFO [m[2m | [m[2mQbftBesuControllerBuilder[m[2m | [m[32mImported empty block #47 / 0 tx / 0 pending / 0 (0.0%) gas / (0xc696ff817d3deae8ae0ecd7706ac354d07c17ab0ea79d591670e041cc5682c54)
[m[2m2026-10-01 05:08:12.038+0000[m[2m | [m[2mBftProcessorExecutor-QBFT-0[m[2m | [m[32mINFO [m[2m | [m[2mQbftBesuControllerBuilder[m[2m | [m[32mImported block       #48 / 1 tx / 0 pending / 338,454 (1.1%) gas / (0x9293d34e1167378fcdca3bf255772b9d4416cc03b4d5c55fda012d212cdbe380)
[m[2m2026-10-01 05:08:14.022+0000[m[2m | [m[2mBftProcessorExecutor-QBFT-0[m[2m | [m[32mINFO [m[2m | [m[2mQbftBesuControllerBuilder[m[2m | [m[32mImported empty block #49 / 0 tx / 0 pending / 0 (0.0%) gas / (0xf929c98ce4fd0f71b7b2c06ceed48d67b361e646edf17f3d3e72947075617f01)
[m[2m2026-10-01 05:08:14.022+0000[m[2m | [m[2mEthScheduler-Workers-7[m[2m | [m[32mINFO [m[2m | [m[2mPersistBlockTask[m[2m | [m[32mBlock 49 (0xf929c98ce4fd0f71b7b2c06ceed48d67b361e646edf17f3d3e72947075617f01) is already imported
[m[2m2026-10-01 05:08:16.016+0000[m[2m | [m[2mBftProcessorExecutor-QBFT-0[m[2m | [m[32mINFO [m[2m | [m[2mQbftBesuControllerBuilder[m[2m | [m[32mImported empty block #50 / 0 tx / 0 pending / 0 (0.0%) gas / (0x8a30dd7ceca0d8c512a158cafb2bc3778cacabc7bdf127ae27eb6c1c5f5ed8a1)
[m[2m2026-10-01 05:08:18.023+0000[m[2m | [m[2mEthScheduler-Workers-2[m[2m | [m[32mINFO [m[2m | [m[2mPersistBlockTask[m[2m | [m[32mBlock 51 (0x6c67bc82a684853321f889e9f13ef3da2c32392ab44d7cd8f8ebde07e4b220a4) is already imported
[m[2m2026-10-01 05:08:18.024+0000[m[2m | [m[2mBftProcessorExecutor-QBFT-0[m[2m | [m[32mINFO [m[2m | [m[2mQbftBesuControllerBuilder[m[2m | [m[32mProduced empty block #51 / 0 tx / 0 pending / 0 (0.0%) gas / (0x6c67bc82a684853321f889e9f13ef3da2c32392ab44d7cd8f8ebde07e4b220a4)
[m[2m2026-10-01 05:08:20.044+0000[m[2m | [m[2mBftProcessorExecutor-QBFT-0[m[2m | [m[32mINFO [m[2m | [m[2mQbftBesuControllerBuilder[m[2m | [m[32mImported block       #52 / 1 tx / 0 pending / 3,439,805 (11.5%) gas / (0xc8795884214ef9240d37d6d5e0a9feb94b0ae80bc236d80686412c6818a0a048)
[m[2m2026-10-01 05:08:22.021+0000[m[2m | [m[2mBftProcessorExecutor-QBFT-0[m[2m | [m[32mINFO [m[2m | [m[2mQbftBesuControllerBuilder[m[2m | [m[32mImported empty block #53 / 0 tx / 0 pending / 0 (0.0%) gas / (0x09a7d2ecf52ca7edb327ce3f985a32feaab657ac5f66e1abb745ef5a9aea38b3)
[m[2m2026-10-01 05:08:24.022+0000[m[2m | [m[2mBftProcessorExecutor-QBFT-0[m[2m | [m[32mINFO [m[2m | [m[2mQbftBesuControllerBuilder[m[2m | [m[32mImported empty block #54 / 0 tx / 0 pending / 0 (0.0%) gas / (0x061c81d3c428cf3c49f32793fd49f3adc288e4da22134467f6c754c7930f44db)
[m[2m2026-10-01 05:08:27.295+0000[m[2m | [m[2mBftProcessorExecutor-QBFT-0[m[2m | [m[32mINFO [m[2m | [m[2mQbftBesuControllerBuilder[m[2m | [m[32mImported block       #55 / 1 tx / 0 pending / 10,437,429 (34.8%) gas / (0x15a076ccf7f3985877f6094e23428a7faf6af992d077e28eeb89b210668063b5)
[m[2m2026-10-01 05:08:27.295+0000[m[2m | [m[2mEthScheduler-Workers-1[m[2m | [m[32mINFO [m[2m | [m[2mPersistBlockTask[m[2m | [m[32mBlock 55 (0x15a076ccf7f3985877f6094e23428a7faf6af992d077e28eeb89b210668063b5) is already imported
[m[2m2026-10-01 05:08:29.025+0000[m[2m | [m[2mBftProcessorExecutor-QBFT-0[m[2m | [m[32mINFO [m[2m | [m[2mQbftBesuControllerBuilder[m[2m | [m[32mImported empty block #56 / 0 tx / 0 pending / 0 (0.0%) gas / (0x3b9b6af323150037c74f1cede2fb20c4f100857c300a05ec7f667a3d9f8cdb80)
[m[2m2026-10-01 05:08:29.025+0000[m[2m | [m[2mEthScheduler-Workers-5[m[2m | [m[32mINFO [m[2m | [m[2mPersistBlockTask[m[2m | [m[32mBlock 56 (0x3b9b6af323150037c74f1cede2fb20c4f100857c300a05ec7f667a3d9f8cdb80) is already imported
[m[2m2026-10-01 05:08:31.020+0000[m[2m | [m[2mBftProcessorExecutor-QBFT-0[m[2m | [m[32mINFO [m[2m | [m[2mQbftBesuControllerBuilder[m[2m | [m[32mProduced empty block #57 / 0 tx / 0 pending / 0 (0.0%) gas / (0xa0d1332de5c8fe34ace4c31510c9088316bad9bf39c6d37dc6d68d50513ac2ab)
[m[2m2026-10-01 05:08:33.021+0000[m[2m | [m[2mBftProcessorExecutor-QBFT-0[m[2m | [m[32mINFO [m[2m | [m[2mQbftBesuControllerBuilder[m[2m | [m[32mImported empty block #58 / 0 tx / 0 pending / 0 (0.0%) gas / (0xe20451164867ccb1c64c2c5fc3657b7c77db03074c26c101ca028967f9886a85)
[m[2m2026-10-01 05:08:33.023+0000[m[2m | [m[2mEthScheduler-Workers-2[m[2m | [m[32mINFO [m[2m | [m[2mPersistBlockTask[m[2m | [m[32mBlock 58 (0xe20451164867ccb1c64c2c5fc3657b7c77db03074c26c101ca028967f9886a85) is already imported
[m[2m2026-10-01 05:08:35.025+0000[m[2m | [m[2mEthScheduler-Workers-7[m[2m | [m[32mINFO [m[2m | [m[2mPersistBlockTask[m[2m | [m[32mImported empty block #59 / 0 tx / 0 om / 0 (0.0%) gas / (0xa9b15511c791c35c2673aee8a3973fe5807389f6b3fb72940ebfeb7a50c645cc) in 0.000s. Peers: 5
[m[2m2026-10-01 05:08:37.018+0000[m[2m | [m[2mBftProcessorExecutor-QBFT-0[m[2m | [m[32mINFO [m[2m | [m[2mQbftBesuControllerBuilder[m[2m | [m[32mImported empty block #60 / 0 tx / 0 pending / 0 (0.0%) gas / (0x7f69ef45a4ede3b19b5d8e3fcc96f6b8cb58de8fb08eb11988607b4d8299dc91)
[m[2m2026-10-01 05:08:37.020+0000[m[2m | [m[2mEthScheduler-Workers-0[m[2m | [m[32mINFO [m[2m | [m[2mPersistBlockTask[m[2m | [m[32mBlock 60 (0x7f69ef45a4ede3b19b5d8e3fcc96f6b8cb58de8fb08eb11988607b4d8299dc91) is already imported
[m[2m2026-10-01 05:08:39.046+0000[m[2m | [m[2mBftProcessorExecutor-QBFT-0[m[2m | [m[32mINFO [m[2m | [m[2mQbftBesuControllerBuilder[m[2m | [m[32mImported block       #61 / 4 tx / 0 pending / 3,481,395 (11.6%) gas / (0xcf357a219ce3b24b2a8ca45da7bfa274b97c95b1e422f90a9fba32d3eaecf6f8)
[m[2m2026-10-01 05:08:41.021+0000[m[2m | [m[2mBftProcessorExecutor-QBFT-0[m[2m | [m[32mINFO [m[2m | [m[2mQbftBesuControllerBuilder[m[2m | [m[32mImported empty block #62 / 0 tx / 0 pending / 0 (0.0%) gas / (0x17211103b0374d7590eac96aa1557cece98a3c8291f540674fa907738fda4222)
[m[2m2026-10-01 05:08:41.021+0000[m[2m | [m[2mEthScheduler-Workers-4[m[2m | [m[32mINFO [m[2m | [m[2mPersistBlockTask[m[2m | [m[32mBlock 62 (0x17211103b0374d7590eac96aa1557cece98a3c8291f540674fa907738fda4222) is already imported
[m[2m2026-10-01 05:08:43.029+0000[m[2m | [m[2mBftProcessorExecutor-QBFT-0[m[2m | [m[32mINFO [m[2m | [m[2mQbftBesuControllerBuilder[m[2m | [m[32mProduced block       #63 / 1 tx / 0 pending / 420,333 (1.4%) gas / (0xb1d472fd0b751c8e48365f368a50c29533f2dd1c1057751ddba503ed83edd5e7)
[m[2m2026-10-01 05:08:45.027+0000[m[2m | [m[2mBftProcessorExecutor-QBFT-0[m[2m | [m[32mINFO [m[2m | [m[2mQbftBesuControllerBuilder[m[2m | [m[32mImported empty block #64 / 0 tx / 0 pending / 0 (0.0%) gas / (0x07fa852d835eeed1d243c5cb4bd94817b12ee1ab2a4a55f3fb497406998d4816)
[m[2m2026-10-01 05:08:47.028+0000[m[2m | [m[2mBftProcessorExecutor-QBFT-0[m[2m | [m[32mINFO [m[2m | [m[2mQbftBesuControllerBuilder[m[2m | [m[32mImported block       #65 / 1 tx / 1 pending / 1,458,014 (4.9%) gas / (0xd5f05abfbff3d73bf6359dddccac74091d27ed9d24be501f6ff043b1a7943551)
[m[2m2026-10-01 05:08:49.048+0000[m[2m | [m[2mEthScheduler-Workers-7[m[2m | [m[32mINFO [m[2m | [m[2mPersistBlockTask[m[2m | [m[32mBlock 66 (0x88767ebe002f3414b7c2cb796a60ac6c92958c415d89ca6ba89d3f97bf0f4535) is already imported
[m[2m2026-10-01 05:08:49.052+0000[m[2m | [m[2mBftProcessorExecutor-QBFT-0[m[2m | [m[32mINFO [m[2m | [m[2mQbftBesuControllerBuilder[m[2m | [m[32mImported empty block #66 / 0 tx / 0 pending / 0 (0.0%) gas / (0x88767ebe002f3414b7c2cb796a60ac6c92958c415d89ca6ba89d3f97bf0f4535)
[m[2m2026-10-01 05:08:51.027+0000[m[2m | [m[2mEthScheduler-Workers-0[m[2m | [m[32mINFO [m[2m | [m[2mPersistBlockTask[m[2m | [m[32mBlock 67 (0x2cca7f47f2895c61b69a117cb3314ce977a80f4b86585a2d6c713f59c610da11) is already imported
[m[2m2026-10-01 05:08:51.028+0000[m[2m | [m[2mBftProcessorExecutor-QBFT-0[m[2m | [m[32mINFO [m[2m | [m[2mQbftBesuControllerBuilder[m[2m | [m[32mImported block       #67 / 1 tx / 0 pending / 530,913 (1.8%) gas / (0x2cca7f47f2895c61b69a117cb3314ce977a80f4b86585a2d6c713f59c610da11)
[m[2m2026-10-01 05:08:53.024+0000[m[2m | [m[2mBftProcessorExecutor-QBFT-0[m[2m | [m[32mINFO [m[2m | [m[2mQbftBesuControllerBuilder[m[2m | [m[32mImported block       #68 / 1 tx / 0 pending / 3,220,629 (10.7%) gas / (0xd9dcd1892890474b354311deffb971a0a169dfa32aba0042e92d247cbdc48e97)
[m[2m2026-10-01 05:08:55.022+0000[m[2m | [m[2mBftProcessorExecutor-QBFT-0[m[2m | [m[32mINFO [m[2m | [m[2mQbftBesuControllerBuilder[m[2m | [m[32mProduced block       #69 / 1 tx / 0 pending / 4,105,308 (13.7%) gas / (0xcabfe5f8442ce6a89154a5b1bb0ab2e005a63cdcc75cea80f2b2d9096cdf2afa)
[m[2m2026-10-01 05:08:58.077+0000[m[2m | [m[2mBftProcessorExecutor-QBFT-0[m[2m | [m[32mINFO [m[2m | [m[2mQbftBesuControllerBuilder[m[2m | [m[32mImported empty block #70 / 0 tx / 0 pending / 0 (0.0%) gas / (0xab904141d3585e60cc9b5ebdddc4adf572261da524056dfc360b4d9eb81d2dd4)
[m[2m2026-10-01 05:09:00.035+0000[m[2m | [m[2mBftProcessorExecutor-QBFT-0[m[2m | [m[32mINFO [m[2m | [m[2mQbftBesuControllerBuilder[m[2m | [m[32mImported block       #71 / 1 tx / 0 pending / 2,399,061 (8.0%) gas / (0x42074be8dd1a9e58145211bb088c130aff26752406e5a623dfd12ad9dd3af298)
[m[2m2026-10-01 05:09:02.026+0000[m[2m | [m[2mBftProcessorExecutor-QBFT-0[m[2m | [m[32mINFO [m[2m | [m[2mQbftBesuControllerBuilder[m[2m | [m[32mImported block       #72 / 1 tx / 1 pending / 4,224,824 (14.1%) gas / (0xea5957496d6f6b20662c5bd8e34dbef46a87e7099eb6da5d4739556f71435e90)
[m[2m2026-10-01 05:09:04.026+0000[m[2m | [m[2mBftProcessorExecutor-QBFT-0[m[2m | [m[32mINFO [m[2m | [m[2mQbftBesuControllerBuilder[m[2m | [m[32mImported block       #73 / 1 tx / 0 pending / 4,225,864 (14.1%) gas / (0xd66c4dac8cef5186a34557c6a3bcfadf6503890c58c14d33421aed13770e7d6c)
[m[2m2026-10-01 05:09:06.028+0000[m[2m | [m[2mBftProcessorExecutor-QBFT-0[m[2m | [m[32mINFO [m[2m | [m[2mQbftBesuControllerBuilder[m[2m | [m[32mImported empty block #74 / 0 tx / 0 pending / 0 (0.0%) gas / (0xc79e027a8b30c38a0f0a2bb5b34ac090f86c43ad216825776fa59db4245c8351)
[m[2m2026-10-01 05:09:08.027+0000[m[2m | [m[2mBftProcessorExecutor-QBFT-0[m[2m | [m[32mINFO [m[2m | [m[2mQbftBesuControllerBuilder[m[2m | [m[32mProduced block       #75 / 1 tx / 0 pending / 2,158,881 (7.2%) gas / (0xfc0322a8e5f5f4d64e6f7f5184956bfc6d56cd5a06792aec9f2f69c6478ee9aa)
[m[2m2026-10-01 05:09:10.032+0000[m[2m | [m[2mBftProcessorExecutor-QBFT-0[m[2m | [m[32mINFO [m[2m | [m[2mQbftBesuControllerBuilder[m[2m | [m[32mImported block       #76 / 1 tx / 0 pending / 2,160,959 (7.2%) gas / (0xc9fa12999ec121efc918487d121620a97076c11bf1109d292f74f2c12cb1aa48)
[m[2m2026-10-01 05:09:12.024+0000[m[2m | [m[2mBftProcessorExecutor-QBFT-0[m[2m | [m[32mINFO [m[2m | [m[2mQbftBesuControllerBuilder[m[2m | [m[32mImported block       #77 / 1 tx / 0 pending / 161,474 (0.5%) gas / (0x9ee426fa51a2bda7e604a4f4f260f53172888929bcb514ccff03e8a1d5c10425)
[m[2m2026-10-01 05:09:14.020+0000[m[2m | [m[2mBftProcessorExecutor-QBFT-0[m[2m | [m[32mINFO [m[2m | [m[2mQbftBesuControllerBuilder[m[2m | [m[32mImported empty block #78 / 0 tx / 0 pending / 0 (0.0%) gas / (0x7369de64f3cc1514c3c15ff3984836b71d88751c94bcf2529880211aaa86a57d)
[m[2m2026-10-01 05:09:16.026+0000[m[2m | [m[2mBftProcessorExecutor-QBFT-0[m[2m | [m[32mINFO [m[2m | [m[2mQbftBesuControllerBuilder[m[2m | [m[32mImported block       #79 / 1 tx / 0 pending / 161,234 (0.5%) gas / (0xf1cebe275cf98bef2e11b56fc1579b49c1670dc0a7bbb47a6f9f63b70dc11099)
[m[2m2026-10-01 05:09:18.019+0000[m[2m | [m[2mEthScheduler-Workers-4[m[2m | [m[32mINFO [m[2m | [m[2mPersistBlockTask[m[2m | [m[32mImported empty block #80 / 0 tx / 0 om / 0 (0.0%) gas / (0x2b6d8f8a194a2c7ab875fbabe55d1908e8a68ea8dac6fb0dbf3b3bfa7c0d521b) in 0.000s. Peers: 5
[m[2m2026-10-01 05:09:18.019+0000[m[2m | [m[2mBftProcessorExecutor-QBFT-0[m[2m | [m[32mINFO [m[2m | [m[2mQbftBesuControllerBuilder[m[2m | [m[32mImported empty block #80 / 0 tx / 0 pending / 0 (0.0%) gas / (0x2b6d8f8a194a2c7ab875fbabe55d1908e8a68ea8dac6fb0dbf3b3bfa7c0d521b)
[m[2m2026-10-01 05:09:20.020+0000[m[2m | [m[2mBftProcessorExecutor-QBFT-0[m[2m | [m[32mINFO [m[2m | [m[2mQbftBesuControllerBuilder[m[2m | [m[32mProduced block       #81 / 1 tx / 0 pending / 161,450 (0.5%) gas / (0x436337cb566dea05a502d569765713e1a6e982d06fc7219b8c47c9cdd6b8f2c4)
[m[2m2026-10-01 05:09:22.030+0000[m[2m | [m[2mBftProcessorExecutor-QBFT-0[m[2m | [m[32mINFO [m[2m | [m[2mQbftBesuControllerBuilder[m[2m | [m[32mImported block       #82 / 1 tx / 0 pending / 612,726 (2.0%) gas / (0xfce21c71671c14f5f067238cf8056a13b229e1c65a5bf2b5a979ee6af321dd6f)
[m[2m2026-10-01 05:09:24.021+0000[m[2m | [m[2mBftProcessorExecutor-QBFT-0[m[2m | [m[32mINFO [m[2m | [m[2mQbftBesuControllerBuilder[m[2m | [m[32mImported block       #83 / 1 tx / 0 pending / 355,177 (1.2%) gas / (0x95d8ba8f9a81f380e1d8b517fc108469be9ceb52dc0b22a84eab09339a945e65)
[m[2m2026-10-01 05:09:26.015+0000[m[2m | [m[2mBftProcessorExecutor-QBFT-0[m[2m | [m[32mINFO [m[2m | [m[2mQbftBesuControllerBuilder[m[2m | [m[32mImported empty block #84 / 0 tx / 0 pending / 0 (0.0%) gas / (0xd730d2d693add8b6ebc7bd95200b195299e4c492db94d13b5efb741f22901d94)
[m[2m2026-10-01 05:09:29.092+0000[m[2m | [m[2mBftProcessorExecutor-QBFT-0[m[2m | [m[32mINFO [m[2m | [m[2mQbftBesuControllerBuilder[m[2m | [m[32mImported block       #85 / 1 tx / 0 pending / 4,625,322 (15.4%) gas / (0x88ac56f20379898ae8750e27b3fa3eddd0a3bc1b4b875e00caa4f1416761f6e7)
[m[2m2026-10-01 05:09:31.020+0000[m[2m | [m[2mBftProcessorExecutor-QBFT-0[m[2m | [m[32mINFO [m[2m | [m[2mQbftBesuControllerBuilder[m[2m | [m[32mImported empty block #86 / 0 tx / 0 pending / 0 (0.0%) gas / (0x987efa70ccfb685620f9a8c5b9192e249c90e90c5abc667f3849887c9311b70c)
[m[2m2026-10-01 05:09:33.040+0000[m[2m | [m[2mBftProcessorExecutor-QBFT-0[m[2m | [m[32mINFO [m[2m | [m[2mQbftBesuControllerBuilder[m[2m | [m[32mProduced block       #87 / 1 tx / 0 pending / 1,917,700 (6.4%) gas / (0x0e92b4d6a8db4baa73f4c356cf4a61326fe2a8ef755f36bc784faced6504967a)
[m[2m2026-10-01 05:09:35.024+0000[m[2m | [m[2mBftProcessorExecutor-QBFT-0[m[2m | [m[32mINFO [m[2m | [m[2mQbftBesuControllerBuilder[m[2m | [m[32mImported empty block #88 / 0 tx / 0 pending / 0 (0.0%) gas / (0xde20d7813ba6e96b5dd1f530a77da0281aaa2305347d38a430558c3aa778d71e)
[m[2m2026-10-01 05:09:37.031+0000[m[2m | [m[2mBftProcessorExecutor-QBFT-0[m[2m | [m[32mINFO [m[2m | [m[2mQbftBesuControllerBuilder[m[2m | [m[32mImported block       #89 / 1 tx / 0 pending / 29,198 (0.1%) gas / (0x6a7fc41770e5c4822728f0205d6f07c633e48aca89861df39edf2aca83a407eb)
[m[2m2026-10-01 05:09:39.009+0000[m[2m | [m[2mBftProcessorExecutor-QBFT-0[m[2m | [m[32mINFO [m[2m | [m[2mQbftBesuControllerBuilder[m[2m | [m[32mImported empty block #90 / 0 tx / 0 pending / 0 (0.0%) gas / (0x3615c8ac33a2f5f45e96c0869396efd248075a259f5ca2e94be4b2f8c3d3df3c)
[m[2m2026-10-01 05:09:41.016+0000[m[2m | [m[2mBftProcessorExecutor-QBFT-0[m[2m | [m[32mINFO [m[2m | [m[2mQbftBesuControllerBuilder[m[2m | [m[32mImported empty block #91 / 0 tx / 0 pending / 0 (0.0%) gas / (0xc4cf0483ca865a86ce39f6faee345945e1d81828ba0828a179c5d70cbc9fdc90)
[m[2m2026-10-01 05:09:43.021+0000[m[2m | [m[2mBftProcessorExecutor-QBFT-0[m[2m | [m[32mINFO [m[2m | [m[2mQbftBesuControllerBuilder[m[2m | [m[32mImported empty block #92 / 0 tx / 0 pending / 0 (0.0%) gas / (0xc6cf582f7033a7d2221b55b95a50d17860713feffd8a635889bf2ad46919a65e)
[m[2m2026-10-01 05:09:45.018+0000[m[2m | [m[2mEthScheduler-Workers-4[m[2m | [m[32mINFO [m[2m | [m[2mPersistBlockTask[m[2m | [m[32mBlock 93 (0x1fda3f8e0812039a2aa68f02f8f0b8a19603f1c95213d25d49f5ada1e3e0346f) is already imported
[m[2m2026-10-01 05:09:45.019+0000[m[2m | [m[2mBftProcessorExecutor-QBFT-0[m[2m | [m[32mINFO [m[2m | [m[2mQbftBesuControllerBuilder[m[2m | [m[32mProduced empty block #93 / 0 tx / 0 pending / 0 (0.0%) gas / (0x1fda3f8e0812039a2aa68f02f8f0b8a19603f1c95213d25d49f5ada1e3e0346f)
[m[2m2026-10-01 05:09:47.012+0000[m[2m | [m[2mBftProcessorExecutor-QBFT-0[m[2m | [m[32mINFO [m[2m | [m[2mQbftBesuControllerBuilder[m[2m | [m[32mImported empty block #94 / 0 tx / 0 pending / 0 (0.0%) gas / (0x761e4279a4895cc33ffe220863ebc055307b2a6ed12ce7c8eedc3723ddc2e918)
[m[2m2026-10-01 05:09:49.016+0000[m[2m | [m[2mBftProcessorExecutor-QBFT-0[m[2m | [m[32mINFO [m[2m | [m[2mQbftBesuControllerBuilder[m[2m | [m[32mImported empty block #95 / 0 tx / 0 pending / 0 (0.0%) gas / (0x7780faf3076534b3b32f826e85490e7724c26011b14654751ef7740af4cdf0ab)
[m[2m2026-10-01 05:09:51.021+0000[m[2m | [m[2mBftProcessorExecutor-QBFT-0[m[2m | [m[32mINFO [m[2m | [m[2mQbftBesuControllerBuilder[m[2m | [m[32mImported empty block #96 / 0 tx / 0 pending / 0 (0.0%) gas / (0xd7859ab59ce61fda58c9facc2d842844879f12d6e125770fbe3ac349b5f2ed42)
[m[2m2026-10-01 05:09:51.021+0000[m[2m | [m[2mEthScheduler-Workers-6[m[2m | [m[32mINFO [m[2m | [m[2mPersistBlockTask[m[2m | [m[32mBlock 96 (0xd7859ab59ce61fda58c9facc2d842844879f12d6e125770fbe3ac349b5f2ed42) is already imported
[m[2m2026-10-01 05:09:53.039+0000[m[2m | [m[2mBftProcessorExecutor-QBFT-0[m[2m | [m[32mINFO [m[2m | [m[2mQbftBesuControllerBuilder[m[2m | [m[32mImported empty block #97 / 0 tx / 0 pending / 0 (0.0%) gas / (0xc4bccc9a96e9c66cf8e3eb3cf9487484ce8940788dba0c11eba906527699c856)
[m[2m2026-10-01 05:09:55.025+0000[m[2m | [m[2mEthScheduler-Workers-1[m[2m | [m[32mINFO [m[2m | [m[2mPersistBlockTask[m[2m | [m[32mBlock 98 (0x03056e4babd38d1cf87edc544713aec24f109ea4d274c20b3ce9e20a3a7cc020) is already imported
[m[2m2026-10-01 05:09:55.025+0000[m[2m | [m[2mBftProcessorExecutor-QBFT-0[m[2m | [m[32mINFO [m[2m | [m[2mQbftBesuControllerBuilder[m[2m | [m[32mImported empty block #98 / 0 tx / 0 pending / 0 (0.0%) gas / (0x03056e4babd38d1cf87edc544713aec24f109ea4d274c20b3ce9e20a3a7cc020)
[m[2m2026-10-01 05:09:57.017+0000[m[2m | [m[2mBftProcessorExecutor-QBFT-0[m[2m | [m[32mINFO [m[2m | [m[2mQbftBesuControllerBuilder[m[2m | [m[32mProduced empty block #99 / 0 tx / 0 pending / 0 (0.0%) gas / (0x4a952b0f9a2900196bbc7c2a6090344123c9d1c9b499d763c6e03713f65e0aa5)
[m[2m2026-10-01 05:10:00.071+0000[m[2m | [m[2mBftProcessorExecutor-QBFT-0[m[2m | [m[32mINFO [m[2m | [m[2mQbftBesuControllerBuilder[m[2m | [m[32mImported empty block #100 / 0 tx / 0 pending / 0 (0.0%) gas / (0x7a6ce6bd3671dffb59041bd9c5f563f3fd8793986e259dd554cc134bb4e14a09)
[m[2m2026-10-01 05:10:02.026+0000[m[2m | [m[2mBftProcessorExecutor-QBFT-0[m[2m | [m[32mINFO [m[2m | [m[2mQbftBesuControllerBuilder[m[2m | [m[32mImported empty block #101 / 0 tx / 0 pending / 0 (0.0%) gas / (0x175a587d54dc2f9e4ed544298dd9709056c0e1736aa98f8076120aa3701b90f0)
[m[2m2026-10-01 05:10:04.020+0000[m[2m | [m[2mBftProcessorExecutor-QBFT-0[m[2m | [m[32mINFO [m[2m | [m[2mQbftBesuControllerBuilder[m[2m | [m[32mImported empty block #102 / 0 tx / 0 pending / 0 (0.0%) gas / (0xa40d67a17f59a87c7dd2cdb60c28fc68ea26976752ab500fe6ee70c508eb797f)
[m[2m2026-10-01 05:10:04.021+0000[m[2m | [m[2mEthScheduler-Workers-3[m[2m | [m[32mINFO [m[2m | [m[2mPersistBlockTask[m[2m | [m[32mBlock 102 (0xa40d67a17f59a87c7dd2cdb60c28fc68ea26976752ab500fe6ee70c508eb797f) is already imported
[m[2m2026-10-01 05:10:06.037+0000[m[2m | [m[2mEthScheduler-Workers-5[m[2m | [m[32mINFO [m[2m | [m[2mPersistBlockTask[m[2m | [m[32mBlock 103 (0xee4b9fc77a4573a0f4a86647a924ff6ea99cc8bc1eb1ad26065654bc125a1c32) is already imported
[m[2m2026-10-01 05:10:06.038+0000[m[2m | [m[2mBftProcessorExecutor-QBFT-0[m[2m | [m[32mINFO [m[2m | [m[2mQbftBesuControllerBuilder[m[2m | [m[32mImported empty block #103 / 0 tx / 0 pending / 0 (0.0%) gas / (0xee4b9fc77a4573a0f4a86647a924ff6ea99cc8bc1eb1ad26065654bc125a1c32)
[m[2m2026-10-01 05:10:08.026+0000[m[2m | [m[2mBftProcessorExecutor-QBFT-0[m[2m | [m[32mINFO [m[2m | [m[2mQbftBesuControllerBuilder[m[2m | [m[32mImported empty block #104 / 0 tx / 0 pending / 0 (0.0%) gas / (0x8c963a6579cc1b8f85e244e435d8eeff7fca91975e289b536eac7a5d8fd1ab45)
[m[2m2026-10-01 05:10:10.022+0000[m[2m | [m[2mEthScheduler-Workers-2[m[2m | [m[32mINFO [m[2m | [m[2mPersistBlockTask[m[2m | [m[32mBlock 105 (0x15197cba02fdcf924d91ee294e612d5c9fab8b4247417c07d832dcb5fa6d2354) is already imported
[m[2m2026-10-01 05:10:10.022+0000[m[2m | [m[2mBftProcessorExecutor-QBFT-0[m[2m | [m[32mINFO [m[2m | [m[2mQbftBesuControllerBuilder[m[2m | [m[32mProduced empty block #105 / 0 tx / 0 pending / 0 (0.0%) gas / (0x15197cba02fdcf924d91ee294e612d5c9fab8b4247417c07d832dcb5fa6d2354)
[m[2m2026-10-01 05:10:12.020+0000[m[2m | [m[2mEthScheduler-Workers-0[m[2m | [m[32mINFO [m[2m | [m[2mPersistBlockTask[m[2m | [m[32mBlock 106 (0xff1a9d3c9f35aaef4b055a91e74c6de9ec316498d2efb0fa0bac824f12468599) is already imported
[m[2m2026-10-01 05:10:12.021+0000[m[2m | [m[2mBftProcessorExecutor-QBFT-0[m[2m | [m[32mINFO [m[2m | [m[2mQbftBesuControllerBuilder[m[2m | [m[32mImported empty block #106 / 0 tx / 0 pending / 0 (0.0%) gas / (0xff1a9d3c9f35aaef4b055a91e74c6de9ec316498d2efb0fa0bac824f12468599)
[m[2m2026-10-01 05:10:14.016+0000[m[2m | [m[2mBftProcessorExecutor-QBFT-0[m[2m | [m[32mINFO [m[2m | [m[2mQbftBesuControllerBuilder[m[2m | [m[32mImported empty block #107 / 0 tx / 0 pending / 0 (0.0%) gas / (0x6d27d4763e6cc6b02dc9bfac7708da796f1d1e9524eb377ffe04da3ab5feb226)
[m[2m2026-10-01 05:10:16.016+0000[m[2m | [m[2mBftProcessorExecutor-QBFT-0[m[2m | [m[32mINFO [m[2m | [m[2mQbftBesuControllerBuilder[m[2m | [m[32mImported empty block #108 / 0 tx / 0 pending / 0 (0.0%) gas / (0x5818f242cafc7f9cf9527956e1851054a9251c4239a5cf49a21291b7f5e5b1b9)
[m[2m2026-10-01 05:10:18.013+0000[m[2m | [m[2mBftProcessorExecutor-QBFT-0[m[2m | [m[32mINFO [m[2m | [m[2mQbftBesuControllerBuilder[m[2m | [m[32mImported empty block #109 / 0 tx / 0 pending / 0 (0.0%) gas / (0x51e03ac81ccb27864bac0f0a65253953b7e756f06015fba90b3375c73d62cee1)
[m[2m2026-10-01 05:10:20.015+0000[m[2m | [m[2mBftProcessorExecutor-QBFT-0[m[2m | [m[32mINFO [m[2m | [m[2mQbftBesuControllerBuilder[m[2m | [m[32mImported empty block #110 / 0 tx / 0 pending / 0 (0.0%) gas / (0x1f6050ba60c8a5e044b5e786958fa25e6d037244c6d603747ce63a2d5cf71940)
[m[2m2026-10-01 05:10:20.015+0000[m[2m | [m[2mEthScheduler-Workers-7[m[2m | [m[32mINFO [m[2m | [m[2mPersistBlockTask[m[2m | [m[32mBlock 110 (0x1f6050ba60c8a5e044b5e786958fa25e6d037244c6d603747ce63a2d5cf71940) is already imported
[m[2m2026-10-01 05:10:22.015+0000[m[2m | [m[2mBftProcessorExecutor-QBFT-0[m[2m | [m[32mINFO [m[2m | [m[2mQbftBesuControllerBuilder[m[2m | [m[32mProduced empty block #111 / 0 tx / 0 pending / 0 (0.0%) gas / (0xe924526d20e8f79c0d1356837c096378df1fb9098c4c7655b400953dd08b461f)
[m[2m2026-10-01 05:10:24.019+0000[m[2m | [m[2mEthScheduler-Workers-4[m[2m | [m[32mINFO [m[2m | [m[2mPersistBlockTask[m[2m | [m[32mBlock 112 (0x0cbfa723b666f1311b90808c3decc54cd8215eec68c0968b5adac967dd8a9158) is already imported
[m[2m2026-10-01 05:10:24.019+0000[m[2m | [m[2mBftProcessorExecutor-QBFT-0[m[2m | [m[32mINFO [m[2m | [m[2mQbftBesuControllerBuilder[m[2m | [m[32mImported empty block #112 / 0 tx / 0 pending / 0 (0.0%) gas / (0x0cbfa723b666f1311b90808c3decc54cd8215eec68c0968b5adac967dd8a9158)
[m[2m2026-10-01 05:10:26.013+0000[m[2m | [m[2mBftProcessorExecutor-QBFT-0[m[2m | [m[32mINFO [m[2m | [m[2mQbftBesuControllerBuilder[m[2m | [m[32mImported empty block #113 / 0 tx / 0 pending / 0 (0.0%) gas / (0xa22edf753c0af0830ccb3a5074a9622885989323402f3eb795e323ada76895b9)
[m[2m2026-10-01 05:10:28.024+0000[m[2m | [m[2mBftProcessorExecutor-QBFT-0[m[2m | [m[32mINFO [m[2m | [m[2mQbftBesuControllerBuilder[m[2m | [m[32mImported empty block #114 / 0 tx / 0 pending / 0 (0.0%) gas / (0x8b487d212d8a715dcd912662c5f851636ef5d6885796e44901b7c2303cbec80c)
[m[2m2026-10-01 05:10:31.098+0000[m[2m | [m[2mBftProcessorExecutor-QBFT-0[m[2m | [m[32mINFO [m[2m | [m[2mQbftBesuControllerBuilder[m[2m | [m[32mImported empty block #115 / 0 tx / 0 pending / 0 (0.0%) gas / (0x8fcf2e2ee241a15a59c9aecb29d073cc4195a89fe050a9feba44d69053018a17)
[m[2m2026-10-01 05:10:33.020+0000[m[2m | [m[2mEthScheduler-Workers-6[m[2m | [m[32mINFO [m[2m | [m[2mPersistBlockTask[m[2m | [m[32mBlock 116 (0xb00e7377deee04f1a465b82735141f78020f99c8d82c031b52bcaf91c5cec8d9) is already imported
[m[2m2026-10-01 05:10:33.022+0000[m[2m | [m[2mBftProcessorExecutor-QBFT-0[m[2m | [m[32mINFO [m[2m | [m[2mQbftBesuControllerBuilder[m[2m | [m[32mImported empty block #116 / 0 tx / 0 pending / 0 (0.0%) gas / (0xb00e7377deee04f1a465b82735141f78020f99c8d82c031b52bcaf91c5cec8d9)
[m[2m2026-10-01 05:10:35.020+0000[m[2m | [m[2mBftProcessorExecutor-QBFT-0[m[2m | [m[32mINFO [m[2m | [m[2mQbftBesuControllerBuilder[m[2m | [m[32mProduced empty block #117 / 0 tx / 0 pending / 0 (0.0%) gas / (0xc811b2cd435fbc586ea6302cf6dfc92a5712c6cd58eb2473779e6fdd594f2745)
[m[2m2026-10-01 05:10:37.013+0000[m[2m | [m[2mBftProcessorExecutor-QBFT-0[m[2m | [m[32mINFO [m[2m | [m[2mQbftBesuControllerBuilder[m[2m | [m[32mImported empty block #118 / 0 tx / 0 pending / 0 (0.0%) gas / (0x442e67fe4a0eca05755e50156dc595f986668ef3525e6a799ab44795ecad1a90)
[m[2m2026-10-01 05:10:39.013+0000[m[2m | [m[2mBftProcessorExecutor-QBFT-0[m[2m | [m[32mINFO [m[2m | [m[2mQbftBesuControllerBuilder[m[2m | [m[32mImported empty block #119 / 0 tx / 0 pending / 0 (0.0%) gas / (0x4120776f4885a611b96885a4f8d4763e31a6584c37ce11c5e5230a4263014541)
[m[2m2026-10-01 05:10:41.015+0000[m[2m | [m[2mBftProcessorExecutor-QBFT-0[m[2m | [m[32mINFO [m[2m | [m[2mQbftBesuControllerBuilder[m[2m | [m[32mImported empty block #120 / 0 tx / 0 pending / 0 (0.0%) gas / (0x0263c5bb553241f259d224dfe21d62e1a5afe7643c7953a3cc7d520032d6b2f7)
[m[2m2026-10-01 05:10:43.019+0000[m[2m | [m[2mBftProcessorExecutor-QBFT-0[m[2m | [m[32mINFO [m[2m | [m[2mQbftBesuControllerBuilder[m[2m | [m[32mImported empty block #121 / 0 tx / 0 pending / 0 (0.0%) gas / (0x99014bff31831ed8dde70a1ba6604372c8c1da292c8b333b41109b5be68f48bd)
[m[2m2026-10-01 05:10:43.020+0000[m[2m | [m[2mEthScheduler-Workers-1[m[2m | [m[32mINFO [m[2m | [m[2mPersistBlockTask[m[2m | [m[32mBlock 121 (0x99014bff31831ed8dde70a1ba6604372c8c1da292c8b333b41109b5be68f48bd) is already imported
[m[2m2026-10-01 05:10:45.012+0000[m[2m | [m[2mBftProcessorExecutor-QBFT-0[m[2m | [m[32mINFO [m[2m | [m[2mQbftBesuControllerBuilder[m[2m | [m[32mImported empty block #122 / 0 tx / 0 pending / 0 (0.0%) gas / (0x30246e815597f871645e47dbe800f1446b7268c2b337b3c3b03f1ec47cf5e155)
[m[2m2026-10-01 05:10:47.013+0000[m[2m | [m[2mEthScheduler-Workers-3[m[2m | [m[32mINFO [m[2m | [m[2mPersistBlockTask[m[2m | [m[32mImported empty block #123 / 0 tx / 0 om / 0 (0.0%) gas / (0xe1c5da76c030df44b81669370189dff86f5187242f1e457418c965d0aedb21ee) in 0.000s. Peers: 5
[m[2m2026-10-01 05:10:49.011+0000[m[2m | [m[2mBftProcessorExecutor-QBFT-0[m[2m | [m[32mINFO [m[2m | [m[2mQbftBesuControllerBuilder[m[2m | [m[32mImported empty block #124 / 0 tx / 0 pending / 0 (0.0%) gas / (0x9946124d50d158946499cf1c1a42638b0b99378a55d872290d40d0a8d4e5fd41)
[m[2m2026-10-01 05:10:51.016+0000[m[2m | [m[2mBftProcessorExecutor-QBFT-0[m[2m | [m[32mINFO [m[2m | [m[2mQbftBesuControllerBuilder[m[2m | [m[32mImported empty block #125 / 0 tx / 0 pending / 0 (0.0%) gas / (0x0ea5d0d9e78b377724db562ca25f8301f631b34c39380bc7c0de9eaa35dd9648)
[m[2m2026-10-01 05:10:53.019+0000[m[2m | [m[2mBftProcessorExecutor-QBFT-0[m[2m | [m[32mINFO [m[2m | [m[2mQbftBesuControllerBuilder[m[2m | [m[32mImported empty block #126 / 0 tx / 0 pending / 0 (0.0%) gas / (0x4305d702c9080bd911369d20fd4f9e25525289f47b5e0bedc36c3708d73b0b42)
[m[2m2026-10-01 05:10:55.013+0000[m[2m | [m[2mBftProcessorExecutor-QBFT-0[m[2m | [m[32mINFO [m[2m | [m[2mQbftBesuControllerBuilder[m[2m | [m[32mImported empty block #127 / 0 tx / 0 pending / 0 (0.0%) gas / (0x884e71b2956d133eb2a14121d9071c9f5d8cee5593d73cbc08c3b8f5580f2042)
[m[2m2026-10-01 05:10:57.019+0000[m[2m | [m[2mBftProcessorExecutor-QBFT-0[m[2m | [m[32mINFO [m[2m | [m[2mQbftBesuControllerBuilder[m[2m | [m[32mImported empty block #128 / 0 tx / 0 pending / 0 (0.0%) gas / (0xb8f07b5234e8b803eebde89c556638a61211645ad40be79cebbb41202bdc4bd3)
[m[2m2026-10-01 05:10:59.013+0000[m[2m | [m[2mBftProcessorExecutor-QBFT-0[m[2m | [m[32mINFO [m[2m | [m[2mQbftBesuControllerBuilder[m[2m | [m[32mProduced empty block #129 / 0 tx / 0 pending / 0 (0.0%) gas / (0xca826b9d29cee1851fe1c257cf3c96f8ad137dae17e36f778d602142f6326b15)
[m[2m2026-10-01 05:11:02.067+0000[m[2m | [m[2mBftProcessorExecutor-QBFT-0[m[2m | [m[32mINFO [m[2m | [m[2mQbftBesuControllerBuilder[m[2m | [m[32mImported empty block #130 / 0 tx / 0 pending / 0 (0.0%) gas / (0xf7054c9f64e8b6f30f09371eca746f87cecd41d8e74c8f5264f07eda9fe8bb43)
[m[2m2026-10-01 05:11:04.014+0000[m[2m | [m[2mBftProcessorExecutor-QBFT-0[m[2m | [m[32mINFO [m[2m | [m[2mQbftBesuControllerBuilder[m[2m | [m[32mImported empty block #131 / 0 tx / 0 pending / 0 (0.0%) gas / (0x7c88f4a73af4b022c384a0da5b6c637e075bfd9100242a3ad0ecea08a71ecb80)
[m[2m2026-10-01 05:11:06.021+0000[m[2m | [m[2mBftProcessorExecutor-QBFT-0[m[2m | [m[32mINFO [m[2m | [m[2mQbftBesuControllerBuilder[m[2m | [m[32mImported empty block #132 / 0 tx / 0 pending / 0 (0.0%) gas / (0x81c4d1d0a2c6b25f779b42d90cf36e16bae29b8d94babd639b46d1547f6ecbe6)
[m[2m2026-10-01 05:11:08.016+0000[m[2m | [m[2mBftProcessorExecutor-QBFT-0[m[2m | [m[32mINFO [m[2m | [m[2mQbftBesuControllerBuilder[m[2m | [m[32mImported empty block #133 / 0 tx / 0 pending / 0 (0.0%) gas / (0x2e2e30c4952892767983d093e2408aeb350cf0c599a46c2a820e2b2edf38718e)
[m[2m2026-10-01 05:11:10.015+0000[m[2m | [m[2mBftProcessorExecutor-QBFT-0[m[2m | [m[32mINFO [m[2m | [m[2mQbftBesuControllerBuilder[m[2m | [m[32mImported empty block #134 / 0 tx / 0 pending / 0 (0.0%) gas / (0xc30b8251da0db7841b163c65f731592b06cbaaaa78482baceef26064feb5d78b)
[m[2m2026-10-01 05:11:12.016+0000[m[2m | [m[2mBftProcessorExecutor-QBFT-0[m[2m | [m[32mINFO [m[2m | [m[2mQbftBesuControllerBuilder[m[2m | [m[32mProduced empty block #135 / 0 tx / 0 pending / 0 (0.0%) gas / (0xcc31142135be460bd67bc86dda5563953587e5161258a900948f89509bd9419c)
[m[2m2026-10-01 05:11:14.013+0000[m[2m | [m[2mBftProcessorExecutor-QBFT-0[m[2m | [m[32mINFO [m[2m | [m[2mQbftBesuControllerBuilder[m[2m | [m[32mImported empty block #136 / 0 tx / 0 pending / 0 (0.0%) gas / (0x43764f54792110e49905625a723d23490a66c7c75b6d84d3110b845fdb4be20b)
[m[2m2026-10-01 05:11:16.011+0000[m[2m | [m[2mBftProcessorExecutor-QBFT-0[m[2m | [m[32mINFO [m[2m | [m[2mQbftBesuControllerBuilder[m[2m | [m[32mImported empty block #137 / 0 tx / 0 pending / 0 (0.0%) gas / (0xff228edee0e9433a95c83a617676b451dee7ecd1a25ab32301663a4cc5ee5b27)
[m[2m2026-10-01 05:11:16.012+0000[m[2m | [m[2mEthScheduler-Workers-8[m[2m | [m[32mINFO [m[2m | [m[2mPersistBlockTask[m[2m | [m[32mBlock 137 (0xff228edee0e9433a95c83a617676b451dee7ecd1a25ab32301663a4cc5ee5b27) is already imported
[m[2m2026-10-01 05:11:18.018+0000[m[2m | [m[2mBftProcessorExecutor-QBFT-0[m[2m | [m[32mINFO [m[2m | [m[2mQbftBesuControllerBuilder[m[2m | [m[32mImported empty block #138 / 0 tx / 0 pending / 0 (0.0%) gas / (0xfa9bb8a7456f3cbf30df495f624981ee105c810d1146079f82c5946780b15336)
[m[2m2026-10-01 05:11:20.015+0000[m[2m | [m[2mBftProcessorExecutor-QBFT-0[m[2m | [m[32mINFO [m[2m | [m[2mQbftBesuControllerBuilder[m[2m | [m[32mImported empty block #139 / 0 tx / 0 pending / 0 (0.0%) gas / (0x621f7b0c917d9ab3218126a537f8f9984c5e4278853b154f58c81d6d4e6ddbc6)
[m[2m2026-10-01 05:11:22.014+0000[m[2m | [m[2mEthScheduler-Workers-4[m[2m | [m[32mINFO [m[2m | [m[2mPersistBlockTask[m[2m | [m[32mImported empty block #140 / 0 tx / 0 om / 0 (0.0%) gas / (0xba05e04da7f696d7746f3928e5a20486225f686cbc90b18bbd34d3cf62913c81) in 0.000s. Peers: 5
[m[2m2026-10-01 05:11:24.011+0000[m[2m | [m[2mBftProcessorExecutor-QBFT-0[m[2m | [m[32mINFO [m[2m | [m[2mQbftBesuControllerBuilder[m[2m | [m[32mProduced empty block #141 / 0 tx / 0 pending / 0 (0.0%) gas / (0x214e3874be44d3887a621da6b9bc04f9afee8d20379dfc05fdf725e3947ab6e1)
[m[2m2026-10-01 05:11:24.012+0000[m[2m | [m[2mEthScheduler-Workers-0[m[2m | [m[32mINFO [m[2m | [m[2mPersistBlockTask[m[2m | [m[32mBlock 141 (0x214e3874be44d3887a621da6b9bc04f9afee8d20379dfc05fdf725e3947ab6e1) is already imported
[m[2m2026-10-01 05:11:26.012+0000[m[2m | [m[2mBftProcessorExecutor-QBFT-0[m[2m | [m[32mINFO [m[2m | [m[2mQbftBesuControllerBuilder[m[2m | [m[32mImported empty block #142 / 0 tx / 0 pending / 0 (0.0%) gas / (0x7ccb3e5b56af94ae26a563f626d7f7ffddc1a1db7ecbf046954da2804dcdfef5)
[m[2m2026-10-01 05:11:28.032+0000[m[2m | [m[2mBftProcessorExecutor-QBFT-0[m[2m | [m[32mINFO [m[2m | [m[2mQbftBesuControllerBuilder[m[2m | [m[32mImported empty block #143 / 0 tx / 0 pending / 0 (0.0%) gas / (0x15d6bcd57aa60a89aef1af24a87334e88a0e24d0b1b28ee074a2d0fcc032221d)
[m[2m2026-10-01 05:11:30.014+0000[m[2m | [m[2mBftProcessorExecutor-QBFT-0[m[2m | [m[32mINFO [m[2m | [m[2mQbftBesuControllerBuilder[m[2m | [m[32mImported empty block #144 / 0 tx / 0 pending / 0 (0.0%) gas / (0xfbed4649aa4734162ce643f8fcf05aac6de54493cf45f4137c5b4c81b6758f2f)
[m[2m2026-10-01 05:11:33.064+0000[m[2m | [m[2mBftProcessorExecutor-QBFT-0[m[2m | [m[32mINFO [m[2m | [m[2mQbftBesuControllerBuilder[m[2m | [m[32mImported empty block #145 / 0 tx / 0 pending / 0 (0.0%) gas / (0x5bc2ef04a57cb6a22d5b4f6f4e986d7a5309161ff73dbae77d9fde264818009f)
[m[2m2026-10-01 05:11:35.013+0000[m[2m | [m[2mBftProcessorExecutor-QBFT-0[m[2m | [m[32mINFO [m[2m | [m[2mQbftBesuControllerBuilder[m[2m | [m[32mImported empty block #146 / 0 tx / 0 pending / 0 (0.0%) gas / (0x878537a42def64b39dab1aee39ceebbbe98c62b95d110f65351163ba7da35942)
[m[2m2026-10-01 05:11:35.014+0000[m[2m | [m[2mEthScheduler-Workers-7[m[2m | [m[32mINFO [m[2m | [m[2mPersistBlockTask[m[2m | [m[32mBlock 146 (0x878537a42def64b39dab1aee39ceebbbe98c62b95d110f65351163ba7da35942) is already imported
[m[2m2026-10-01 05:11:37.010+0000[m[2m | [m[2mBftProcessorExecutor-QBFT-0[m[2m | [m[32mINFO [m[2m | [m[2mQbftBesuControllerBuilder[m[2m | [m[32mProduced empty block #147 / 0 tx / 0 pending / 0 (0.0%) gas / (0x60ca93d7fa880271c93c82ce50a1b7163c9e23564679449ed12ac2353edbafc0)
[m[2m2026-10-01 05:11:39.011+0000[m[2m | [m[2mBftProcessorExecutor-QBFT-0[m[2m | [m[32mINFO [m[2m | [m[2mQbftBesuControllerBuilder[m[2m | [m[32mImported empty block #148 / 0 tx / 0 pending / 0 (0.0%) gas / (0x63f2712ac71a60f1abf3ad61e4aa6b8e8c33478388359d6c8231e8bd3fe23c54)
[m[2m2026-10-01 05:11:41.010+0000[m[2m | [m[2mBftProcessorExecutor-QBFT-0[m[2m | [m[32mINFO [m[2m | [m[2mQbftBesuControllerBuilder[m[2m | [m[32mImported empty block #149 / 0 tx / 0 pending / 0 (0.0%) gas / (0x3f83a0620526d984a3aa607e9bc18116b7ba72dba86c4c4e3300c124a43628d4)
[m[2m2026-10-01 05:11:43.011+0000[m[2m | [m[2mEthScheduler-Workers-5[m[2m | [m[32mINFO [m[2m | [m[2mPersistBlockTask[m[2m | [m[32mBlock 150 (0x975aa48c38e2d17ace658e207eeff4cfb54a50f4295ee90224a49e79d9e51482) is already imported
[m[2m2026-10-01 05:11:43.011+0000[m[2m | [m[2mBftProcessorExecutor-QBFT-0[m[2m | [m[32mINFO [m[2m | [m[2mQbftBesuControllerBuilder[m[2m | [m[32mImported empty block #150 / 0 tx / 0 pending / 0 (0.0%) gas / (0x975aa48c38e2d17ace658e207eeff4cfb54a50f4295ee90224a49e79d9e51482)
[m[2m2026-10-01 05:11:45.018+0000[m[2m | [m[2mEthScheduler-Workers-6[m[2m | [m[32mINFO [m[2m | [m[2mPersistBlockTask[m[2m | [m[32mBlock 151 (0x4988b4c97c0c09596de256b4e6b6e18f2f90d675304ef356157198340e35ae37) is already imported
[m[2m2026-10-01 05:11:45.018+0000[m[2m | [m[2mBftProcessorExecutor-QBFT-0[m[2m | [m[32mINFO [m[2m | [m[2mQbftBesuControllerBuilder[m[2m | [m[32mImported empty block #151 / 0 tx / 0 pending / 0 (0.0%) gas / (0x4988b4c97c0c09596de256b4e6b6e18f2f90d675304ef356157198340e35ae37)
[m[2m2026-10-01 05:11:47.011+0000[m[2m | [m[2mBftProcessorExecutor-QBFT-0[m[2m | [m[32mINFO [m[2m | [m[2mQbftBesuControllerBuilder[m[2m | [m[32mImported empty block #152 / 0 tx / 0 pending / 0 (0.0%) gas / (0x8f6cea830f5250aa21b2351a2d1f8d6fafccd31a6a670be3511996cca19a0376)
[m[2m2026-10-01 05:11:49.010+0000[m[2m | [m[2mBftProcessorExecutor-QBFT-0[m[2m | [m[32mINFO [m[2m | [m[2mQbftBesuControllerBuilder[m[2m | [m[32mProduced empty block #153 / 0 tx / 0 pending / 0 (0.0%) gas / (0x3d4883709cdefe4948355c67244a8daa649a19ed87ca4202de556996614db5c1)
[m[2m2026-10-01 05:11:51.012+0000[m[2m | [m[2mBftProcessorExecutor-QBFT-0[m[2m | [m[32mINFO [m[2m | [m[2mQbftBesuControllerBuilder[m[2m | [m[32mImported empty block #154 / 0 tx / 0 pending / 0 (0.0%) gas / (0x78c666b2a4e4e4ae35080ac4080005f53a66c2e6c0edc06f916fb239133386c2)
[m[2m2026-10-01 05:11:53.011+0000[m[2m | [m[2mBftProcessorExecutor-QBFT-0[m[2m | [m[32mINFO [m[2m | [m[2mQbftBesuControllerBuilder[m[2m | [m[32mImported empty block #155 / 0 tx / 0 pending / 0 (0.0%) gas / (0x342c860f2694b6df298f520fe1c7ede1f4c81a8b3320a7520c39336f82dd8e91)
[m[2m2026-10-01 05:11:55.011+0000[m[2m | [m[2mBftProcessorExecutor-QBFT-0[m[2m | [m[32mINFO [m[2m | [m[2mQbftBesuControllerBuilder[m[2m | [m[32mImported empty block #156 / 0 tx / 0 pending / 0 (0.0%) gas / (0xa7a3f8c3f381623a8dc8160a460a5f0d128628ddd6612e7ed6e0eb9faa81e3ae)
[m[2m2026-10-01 05:11:57.012+0000[m[2m | [m[2mBftProcessorExecutor-QBFT-0[m[2m | [m[32mINFO [m[2m | [m[2mQbftBesuControllerBuilder[m[2m | [m[32mImported empty block #157 / 0 tx / 0 pending / 0 (0.0%) gas / (0xce7de5e836c64361c0871a6920a8258e95b106a83a46c2e9061f4736bd31ee32)
[m[2m2026-10-01 05:11:59.021+0000[m[2m | [m[2mBftProcessorExecutor-QBFT-0[m[2m | [m[32mINFO [m[2m | [m[2mQbftBesuControllerBuilder[m[2m | [m[32mImported empty block #158 / 0 tx / 0 pending / 0 (0.0%) gas / (0x4ce1b095411d7dcbb4a12c80df5d888dc99eb4ac7e2b01e8c04a68e6b8c40397)
[m[2m2026-10-01 05:12:01.012+0000[m[2m | [m[2mBftProcessorExecutor-QBFT-0[m[2m | [m[32mINFO [m[2m | [m[2mQbftBesuControllerBuilder[m[2m | [m[32mProduced empty block #159 / 0 tx / 0 pending / 0 (0.0%) gas / (0xb9a1bb3a741c34a44f7b8ff21506cb1eff0c64f42e0228974cc24175d0a9e404)
[m[2m2026-10-01 05:12:04.122+0000[m[2m | [m[2mEthScheduler-Workers-1[m[2m | [m[32mINFO [m[2m | [m[2mPersistBlockTask[m[2m | [m[32mBlock 160 (0xddc166ca6ce3ff3c7f0674674c200d4130f3754ca8f0338e6916fde123d09354) is already imported
[m[2m2026-10-01 05:12:04.122+0000[m[2m | [m[2mBftProcessorExecutor-QBFT-0[m[2m | [m[32mINFO [m[2m | [m[2mQbftBesuControllerBuilder[m[2m | [m[32mImported empty block #160 / 0 tx / 0 pending / 0 (0.0%) gas / (0xddc166ca6ce3ff3c7f0674674c200d4130f3754ca8f0338e6916fde123d09354)
[m[2m2026-10-01 05:12:06.017+0000[m[2m | [m[2mBftProcessorExecutor-QBFT-0[m[2m | [m[32mINFO [m[2m | [m[2mQbftBesuControllerBuilder[m[2m | [m[32mImported empty block #161 / 0 tx / 0 pending / 0 (0.0%) gas / (0x05222943ced24a1036ab44cdcdef92a579b45290823bf12f4c573a5f0e83f7ec)
[m[2m2026-10-01 05:12:08.013+0000[m[2m | [m[2mEthScheduler-Workers-3[m[2m | [m[32mINFO [m[2m | [m[2mPersistBlockTask[m[2m | [m[32mBlock 162 (0xbca77b8146c4c213c17c98e08951c9569359d7ed29bcaa99c63f7c6ad90fc5ed) is already imported
[m[2m2026-10-01 05:12:08.014+0000[m[2m | [m[2mBftProcessorExecutor-QBFT-0[m[2m | [m[32mINFO [m[2m | [m[2mQbftBesuControllerBuilder[m[2m | [m[32mImported empty block #162 / 0 tx / 0 pending / 0 (0.0%) gas / (0xbca77b8146c4c213c17c98e08951c9569359d7ed29bcaa99c63f7c6ad90fc5ed)
[m[2m2026-10-01 05:12:10.009+0000[m[2m | [m[2mBftProcessorExecutor-QBFT-0[m[2m | [m[32mINFO [m[2m | [m[2mQbftBesuControllerBuilder[m[2m | [m[32mImported empty block #163 / 0 tx / 0 pending / 0 (0.0%) gas / (0x72d53c293abd429870c820887375658ce0779de77cda23b48670da8c4304e168)
[m[2m2026-10-01 05:12:12.009+0000[m[2m | [m[2mBftProcessorExecutor-QBFT-0[m[2m | [m[32mINFO [m[2m | [m[2mQbftBesuControllerBuilder[m[2m | [m[32mImported empty block #164 / 0 tx / 0 pending / 0 (0.0%) gas / (0x88544945169d353ab861b1d7248ec8d5ee55c475901ff10d0238d5b657c45755)
[m[2m2026-10-01 05:12:14.017+0000[m[2m | [m[2mEthScheduler-Workers-8[m[2m | [m[32mINFO [m[2m | [m[2mPersistBlockTask[m[2m | [m[32mBlock 165 (0x3b28a03b7a80e376e2cbc30ada618093a254e2054238721719bc14a857c8ebe1) is already imported
[m[2m2026-10-01 05:12:14.017+0000[m[2m | [m[2mBftProcessorExecutor-QBFT-0[m[2m | [m[32mINFO [m[2m | [m[2mQbftBesuControllerBuilder[m[2m | [m[32mProduced empty block #165 / 0 tx / 0 pending / 0 (0.0%) gas / (0x3b28a03b7a80e376e2cbc30ada618093a254e2054238721719bc14a857c8ebe1)
[m[2m2026-10-01 05:12:16.014+0000[m[2m | [m[2mBftProcessorExecutor-QBFT-0[m[2m | [m[32mINFO [m[2m | [m[2mQbftBesuControllerBuilder[m[2m | [m[32mImported empty block #166 / 0 tx / 0 pending / 0 (0.0%) gas / (0xf49c9bd7f63d55bbf82acd5f8ba9022ec7f9ea66382ee45287102e3526a3ec0e)
[m[2m2026-10-01 05:12:18.010+0000[m[2m | [m[2mBftProcessorExecutor-QBFT-0[m[2m | [m[32mINFO [m[2m | [m[2mQbftBesuControllerBuilder[m[2m | [m[32mImported empty block #167 / 0 tx / 0 pending / 0 (0.0%) gas / (0xc6f1eff8fe75f6547ec9825c0303aab97c12826205fe3eddd3bddc228b5de746)
[m[2m2026-10-01 05:12:20.014+0000[m[2m | [m[2mBftProcessorExecutor-QBFT-0[m[2m | [m[32mINFO [m[2m | [m[2mQbftBesuControllerBuilder[m[2m | [m[32mImported empty block #168 / 0 tx / 0 pending / 0 (0.0%) gas / (0xf49840d8c991feacd3cde23d68b864b0304437ed71b6e95c451dee133c25126a)
[m[2m2026-10-01 05:12:22.011+0000[m[2m | [m[2mBftProcessorExecutor-QBFT-0[m[2m | [m[32mINFO [m[2m | [m[2mQbftBesuControllerBuilder[m[2m | [m[32mImported empty block #169 / 0 tx / 0 pending / 0 (0.0%) gas / (0x9e7db4ed8a961f99d2cd376247c8c15d424db0f3c6fa500347d50d533cb980ae)
[m[2m2026-10-01 05:12:24.009+0000[m[2m | [m[2mBftProcessorExecutor-QBFT-0[m[2m | [m[32mINFO [m[2m | [m[2mQbftBesuControllerBuilder[m[2m | [m[32mImported empty block #170 / 0 tx / 0 pending / 0 (0.0%) gas / (0xa5e30baaddf8a40929c8a702a5b7e4698b5224f5e24a90e9a12fda8230ba5b26)
[m[2m2026-10-01 05:12:26.011+0000[m[2m | [m[2mBftProcessorExecutor-QBFT-0[m[2m | [m[32mINFO [m[2m | [m[2mQbftBesuControllerBuilder[m[2m | [m[32mProduced empty block #171 / 0 tx / 0 pending / 0 (0.0%) gas / (0x929fb0f145d4af6ee9f8b11d089da68fbf9e1846cdd2d9e4334d798ab7dedb56)
[m[2m2026-10-01 05:12:28.024+0000[m[2m | [m[2mBftProcessorExecutor-QBFT-0[m[2m | [m[32mINFO [m[2m | [m[2mQbftBesuControllerBuilder[m[2m | [m[32mImported empty block #172 / 0 tx / 0 pending / 0 (0.0%) gas / (0x7af5624a0b61e6b81d5bea2130ee74a57b5504d21a6731849bbfc2fa5de977a1)
[m[2m2026-10-01 05:12:30.012+0000[m[2m | [m[2mBftProcessorExecutor-QBFT-0[m[2m | [m[32mINFO [m[2m | [m[2mQbftBesuControllerBuilder[m[2m | [m[32mImported empty block #173 / 0 tx / 0 pending / 0 (0.0%) gas / (0x5f913f5a5637954bd30df2012f2efce4bf1f2c04408fb9bc6cded0a71a61d6af)
[m[2m2026-10-01 05:12:30.013+0000[m[2m | [m[2mEthScheduler-Workers-4[m[2m | [m[32mINFO [m[2m | [m[2mPersistBlockTask[m[2m | [m[32mBlock 173 (0x5f913f5a5637954bd30df2012f2efce4bf1f2c04408fb9bc6cded0a71a61d6af) is already imported
[m[2m2026-10-01 05:12:32.036+0000[m[2m | [m[2mEthScheduler-Workers-0[m[2m | [m[32mINFO [m[2m | [m[2mPersistBlockTask[m[2m | [m[32mImported empty block #174 / 0 tx / 0 om / 0 (0.0%) gas / (0xe4c323582bbc961246bbb8fcf782d9ed6cbc28f99a4401963c8b867bb73df737) in 0.000s. Peers: 5
[m[2m2026-10-01 05:12:35.090+0000[m[2m | [m[2mBftProcessorExecutor-QBFT-0[m[2m | [m[32mINFO [m[2m | [m[2mQbftBesuControllerBuilder[m[2m | [m[32mImported empty block #175 / 0 tx / 0 pending / 0 (0.0%) gas / (0x801382efab2270c393961103df7e9c41a441231a1a5476aedb367cf4639f9a4c)
[m[2m2026-10-01 05:12:37.014+0000[m[2m | [m[2mBftProcessorExecutor-QBFT-0[m[2m | [m[32mINFO [m[2m | [m[2mQbftBesuControllerBuilder[m[2m | [m[32mImported empty block #176 / 0 tx / 0 pending / 0 (0.0%) gas / (0xe6f9e92a2f1025c425c7b2a1218d942f2e8d99b920190ce1b1c173527bd0dccb)
[m[2m2026-10-01 05:12:39.012+0000[m[2m | [m[2mBftProcessorExecutor-QBFT-0[m[2m | [m[32mINFO [m[2m | [m[2mQbftBesuControllerBuilder[m[2m | [m[32mProduced empty block #177 / 0 tx / 0 pending / 0 (0.0%) gas / (0x778187e2d3de87f44d7f44328bc6785cae472675834382b69dff64c366b7852f)
[m[2m2026-10-01 05:12:41.011+0000[m[2m | [m[2mBftProcessorExecutor-QBFT-0[m[2m | [m[32mINFO [m[2m | [m[2mQbftBesuControllerBuilder[m[2m | [m[32mImported empty block #178 / 0 tx / 0 pending / 0 (0.0%) gas / (0x3a139c95ea4f51a0bd448c0cd55ff3225ae2ed8695357d948dd010a55f444a45)
[m[2m2026-10-01 05:12:43.011+0000[m[2m | [m[2mBftProcessorExecutor-QBFT-0[m[2m | [m[32mINFO [m[2m | [m[2mQbftBesuControllerBuilder[m[2m | [m[32mImported empty block #179 / 0 tx / 0 pending / 0 (0.0%) gas / (0x29de28ab654c1514cf789a8d8b54eaa8f3b88619b4005be2807c3fb1801d94a9)
[m[2m2026-10-01 05:12:43.011+0000[m[2m | [m[2mEthScheduler-Workers-7[m[2m | [m[32mINFO [m[2m | [m[2mPersistBlockTask[m[2m | [m[32mBlock 179 (0x29de28ab654c1514cf789a8d8b54eaa8f3b88619b4005be2807c3fb1801d94a9) is already imported
[m[2m2026-10-01 05:12:45.011+0000[m[2m | [m[2mEthScheduler-Workers-5[m[2m | [m[32mINFO [m[2m | [m[2mPersistBlockTask[m[2m | [m[32mBlock 180 (0x58f432cb41a77cf32a777dd4af19bb5b383246147eb5b384be334a451eb98b73) is already imported
[m[2m2026-10-01 05:12:45.011+0000[m[2m | [m[2mBftProcessorExecutor-QBFT-0[m[2m | [m[32mINFO [m[2m | [m[2mQbftBesuControllerBuilder[m[2m | [m[32mImported empty block #180 / 0 tx / 0 pending / 0 (0.0%) gas / (0x58f432cb41a77cf32a777dd4af19bb5b383246147eb5b384be334a451eb98b73)
[m[2m2026-10-01 05:12:47.011+0000[m[2m | [m[2mBftProcessorExecutor-QBFT-0[m[2m | [m[32mINFO [m[2m | [m[2mQbftBesuControllerBuilder[m[2m | [m[32mImported empty block #181 / 0 tx / 0 pending / 0 (0.0%) gas / (0x01f27df877e0de28e5b38e669a5c90ec21879821f3ffd54a3b0a1c658d247ce2)
[m[2m2026-10-01 05:12:47.011+0000[m[2m | [m[2mEthScheduler-Workers-6[m[2m | [m[32mINFO [m[2m | [m[2mPersistBlockTask[m[2m | [m[32mBlock 181 (0x01f27df877e0de28e5b38e669a5c90ec21879821f3ffd54a3b0a1c658d247ce2) is already imported
[m[2m2026-10-01 05:12:49.013+0000[m[2m | [m[2mBftProcessorExecutor-QBFT-0[m[2m | [m[32mINFO [m[2m | [m[2mQbftBesuControllerBuilder[m[2m | [m[32mImported empty block #182 / 0 tx / 0 pending / 0 (0.0%) gas / (0x61be206dc26444c453a0263ce20c72b7aeacd95279b103ada4da5fb715d908dd)
[m[2m2026-10-01 05:12:49.014+0000[m[2m | [m[2mEthScheduler-Workers-1[m[2m | [m[32mINFO [m[2m | [m[2mPersistBlockTask[m[2m | [m[32mBlock 182 (0x61be206dc26444c453a0263ce20c72b7aeacd95279b103ada4da5fb715d908dd) is already imported
[m[2m2026-10-01 05:12:51.010+0000[m[2m | [m[2mBftProcessorExecutor-QBFT-0[m[2m | [m[32mINFO [m[2m | [m[2mQbftBesuControllerBuilder[m[2m | [m[32mProduced empty block #183 / 0 tx / 0 pending / 0 (0.0%) gas / (0x3fd2f63da4799900f2dd6b26b8946ee06d0fcf9a56d2f576c8c819a20ccf16c4)
[m[2m2026-10-01 05:12:53.009+0000[m[2m | [m[2mBftProcessorExecutor-QBFT-0[m[2m | [m[32mINFO [m[2m | [m[2mQbftBesuControllerBuilder[m[2m | [m[32mImported empty block #184 / 0 tx / 0 pending / 0 (0.0%) gas / (0xf245b7730ac486113222eb7f3009aa8ef6ec0b86e5de3181db7502252588b7ab)
[m[2m2026-10-01 05:12:55.010+0000[m[2m | [m[2mBftProcessorExecutor-QBFT-0[m[2m | [m[32mINFO [m[2m | [m[2mQbftBesuControllerBuilder[m[2m | [m[32mImported empty block #185 / 0 tx / 0 pending / 0 (0.0%) gas / (0xf2f7789a069e794c20b4e2a597e8dd437b1569e6823c3f06fe419fdb26f3a2a7)
[m[2m2026-10-01 05:12:57.013+0000[m[2m | [m[2mEthScheduler-Workers-7[m[2m | [m[32mINFO [m[2m | [m[2mPersistBlockTask[m[2m | [m[32mBlock 186 (0xebd69b92e0978875cbdffbd9425c6fca9e101f7831b217ecc7f0bdc52661ce19) is already imported
[m[2m2026-10-01 05:12:57.013+0000[m[2m | [m[2mBftProcessorExecutor-QBFT-0[m[2m | [m[32mINFO [m[2m | [m[2mQbftBesuControllerBuilder[m[2m | [m[32mImported empty block #186 / 0 tx / 0 pending / 0 (0.0%) gas / (0xebd69b92e0978875cbdffbd9425c6fca9e101f7831b217ecc7f0bdc52661ce19)
[m[2m2026-10-01 05:12:59.011+0000[m[2m | [m[2mBftProcessorExecutor-QBFT-0[m[2m | [m[32mINFO [m[2m | [m[2mQbftBesuControllerBuilder[m[2m | [m[32mImported empty block #187 / 0 tx / 0 pending / 0 (0.0%) gas / (0x19a6a68f1fd320ace931a05c961b4990113690693ff2720cfa988dbaf3f4ba35)
[m[2m2026-10-01 05:13:01.009+0000[m[2m | [m[2mBftProcessorExecutor-QBFT-0[m[2m | [m[32mINFO [m[2m | [m[2mQbftBesuControllerBuilder[m[2m | [m[32mImported empty block #188 / 0 tx / 0 pending / 0 (0.0%) gas / (0x32f55ef857af272164bc1ea44316f6de15025af6843c0abf7fb5b3a6fff597f3)
[m[2m2026-10-01 05:13:03.014+0000[m[2m | [m[2mBftProcessorExecutor-QBFT-0[m[2m | [m[32mINFO [m[2m | [m[2mQbftBesuControllerBuilder[m[2m | [m[32mProduced empty block #189 / 0 tx / 0 pending / 0 (0.0%) gas / (0x541e27a777364d4da516eec5da26b3bd68425998896ea0a028097efbeb7781e3)
[m[2m2026-10-01 05:13:03.014+0000[m[2m | [m[2mEthScheduler-Workers-8[m[2m | [m[32mINFO [m[2m | [m[2mPersistBlockTask[m[2m | [m[32mBlock 189 (0x541e27a777364d4da516eec5da26b3bd68425998896ea0a028097efbeb7781e3) is already imported
[m[2m2026-10-01 05:13:06.058+0000[m[2m | [m[2mBftProcessorExecutor-QBFT-0[m[2m | [m[32mINFO [m[2m | [m[2mQbftBesuControllerBuilder[m[2m | [m[32mImported empty block #190 / 0 tx / 0 pending / 0 (0.0%) gas / (0x3d3a10bb7ea7e11257ea5c7089a35951e2de058f306c621f164627674409ad72)
[m[2m2026-10-01 05:13:08.013+0000[m[2m | [m[2mEthScheduler-Workers-4[m[2m | [m[32mINFO [m[2m | [m[2mPersistBlockTask[m[2m | [m[32mBlock 191 (0x86d57c130a84e023a697830d0f52796060b6c0c6656161bf4b597fb1bbf17992) is already imported
[m[2m2026-10-01 05:13:08.013+0000[m[2m | [m[2mBftProcessorExecutor-QBFT-0[m[2m | [m[32mINFO [m[2m | [m[2mQbftBesuControllerBuilder[m[2m | [m[32mImported empty block #191 / 0 tx / 0 pending / 0 (0.0%) gas / (0x86d57c130a84e023a697830d0f52796060b6c0c6656161bf4b597fb1bbf17992)
[m[2m2026-10-01 05:13:10.012+0000[m[2m | [m[2mBftProcessorExecutor-QBFT-0[m[2m | [m[32mINFO [m[2m | [m[2mQbftBesuControllerBuilder[m[2m | [m[32mImported empty block #192 / 0 tx / 0 pending / 0 (0.0%) gas / (0xe0eac2f537c6e279e9fe19a52c3ac4f7e1498d2258dd0a1d01f66fb7dfd5633c)
[m[2m2026-10-01 05:13:12.013+0000[m[2m | [m[2mBftProcessorExecutor-QBFT-0[m[2m | [m[32mINFO [m[2m | [m[2mQbftBesuControllerBuilder[m[2m | [m[32mImported empty block #193 / 0 tx / 0 pending / 0 (0.0%) gas / (0xcccb6fad83902d21df7c1901365eae9df25f126d76c10b5693844df26f951bed)
[m[2m2026-10-01 05:13:14.012+0000[m[2m | [m[2mBftProcessorExecutor-QBFT-0[m[2m | [m[32mINFO [m[2m | [m[2mQbftBesuControllerBuilder[m[2m | [m[32mImported empty block #194 / 0 tx / 0 pending / 0 (0.0%) gas / (0xc5a1a9737ad8bcbba7775af636fb522c8a0b53f98da87ca00542ced364816436)
[m[2m2026-10-01 05:13:16.014+0000[m[2m | [m[2mBftProcessorExecutor-QBFT-0[m[2m | [m[32mINFO [m[2m | [m[2mQbftBesuControllerBuilder[m[2m | [m[32mProduced empty block #195 / 0 tx / 0 pending / 0 (0.0%) gas / (0x75ae9b53ea1b726fbe34ffb1442d307735857c8709ca84712eefc9c6b6fc911a)
[m[2m2026-10-01 05:13:18.016+0000[m[2m | [m[2mEthScheduler-Workers-0[m[2m | [m[32mINFO [m[2m | [m[2mPersistBlockTask[m[2m | [m[32mBlock 196 (0x1ae4acf40e83a6011c4c84e26a33bf4f57c791e3a9b86e0dd975f3a264911708) is already imported
[m[2m2026-10-01 05:13:18.017+0000[m[2m | [m[2mBftProcessorExecutor-QBFT-0[m[2m | [m[32mINFO [m[2m | [m[2mQbftBesuControllerBuilder[m[2m | [m[32mImported empty block #196 / 0 tx / 0 pending / 0 (0.0%) gas / (0x1ae4acf40e83a6011c4c84e26a33bf4f57c791e3a9b86e0dd975f3a264911708)
[m[2m2026-10-01 05:13:20.008+0000[m[2m | [m[2mBftProcessorExecutor-QBFT-0[m[2m | [m[32mINFO [m[2m | [m[2mQbftBesuControllerBuilder[m[2m | [m[32mImported empty block #197 / 0 tx / 0 pending / 0 (0.0%) gas / (0x66d1cc9bd27592066de284455502db31691ba21f43ebd7c7dc491b04916b7798)
[m[2m2026-10-01 05:13:22.012+0000[m[2m | [m[2mBftProcessorExecutor-QBFT-0[m[2m | [m[32mINFO [m[2m | [m[2mQbftBesuControllerBuilder[m[2m | [m[32mImported empty block #198 / 0 tx / 0 pending / 0 (0.0%) gas / (0x7d550cee46926d6e3965c2bdc9d39fa1602ef9c19c789645ede32d4adba84024)
[m[2m2026-10-01 05:13:24.009+0000[m[2m | [m[2mBftProcessorExecutor-QBFT-0[m[2m | [m[32mINFO [m[2m | [m[2mQbftBesuControllerBuilder[m[2m | [m[32mImported empty block #199 / 0 tx / 0 pending / 0 (0.0%) gas / (0x1cf1e5743645083eff54e249fd4ee106de60e38c7467ba4fd62cb418aba576c3)
[m[2m2026-10-01 05:13:26.008+0000[m[2m | [m[2mBftProcessorExecutor-QBFT-0[m[2m | [m[32mINFO [m[2m | [m[2mQbftBesuControllerBuilder[m[2m | [m[32mImported empty block #200 / 0 tx / 0 pending / 0 (0.0%) gas / (0x4c735becebb1a52f5bf74cdf7fd2d1ce7bc1b5d32bb3a88d94c3f996fa59dea8)
[m[2m2026-10-01 05:13:28.015+0000[m[2m | [m[2mBftProcessorExecutor-QBFT-0[m[2m | [m[32mINFO [m[2m | [m[2mQbftBesuControllerBuilder[m[2m | [m[32mProduced empty block #201 / 0 tx / 0 pending / 0 (0.0%) gas / (0xf1c7eda57c7a3cd4ab865fc24def47fd88e2d837fc195815c798cb7179a582f9)
[m[2m2026-10-01 05:13:30.011+0000[m[2m | [m[2mBftProcessorExecutor-QBFT-0[m[2m | [m[32mINFO [m[2m | [m[2mQbftBesuControllerBuilder[m[2m | [m[32mImported empty block #202 / 0 tx / 0 pending / 0 (0.0%) gas / (0x78117ae561c16769e7a5ddc30b8f5ddf0d2b8dc7272a7b144a49bace61a2ca0d)
[m[2m2026-10-01 05:13:32.011+0000[m[2m | [m[2mBftProcessorExecutor-QBFT-0[m[2m | [m[32mINFO [m[2m | [m[2mQbftBesuControllerBuilder[m[2m | [m[32mImported empty block #203 / 0 tx / 0 pending / 0 (0.0%) gas / (0xf827b2984d7041b35e2bf0b6a062f202e529c0889c2a46fac66f1ca4698c9fbf)
[m[2m2026-10-01 05:13:34.011+0000[m[2m | [m[2mBftProcessorExecutor-QBFT-0[m[2m | [m[32mINFO [m[2m | [m[2mQbftBesuControllerBuilder[m[2m | [m[32mImported empty block #204 / 0 tx / 0 pending / 0 (0.0%) gas / (0xfc87c0c6c21b77c72fdee64a21d995253b325e6bb35ba6826799389ca9adba6e)
[m[2m2026-10-01 05:13:34.011+0000[m[2m | [m[2mEthScheduler-Workers-3[m[2m | [m[32mINFO [m[2m | [m[2mPersistBlockTask[m[2m | [m[32mBlock 204 (0xfc87c0c6c21b77c72fdee64a21d995253b325e6bb35ba6826799389ca9adba6e) is already imported
[m[2m2026-10-01 05:13:37.080+0000[m[2m | [m[2mBftProcessorExecutor-QBFT-0[m[2m | [m[32mINFO [m[2m | [m[2mQbftBesuControllerBuilder[m[2m | [m[32mImported empty block #205 / 0 tx / 0 pending / 0 (0.0%) gas / (0x0fc96bef3ddb9031a0e0a2c37986297267ba4fb57f2dbaa9a1af1399fdd1af45)
[m[2m2026-10-01 05:13:37.080+0000[m[2m | [m[2mEthScheduler-Workers-5[m[2m | [m[32mINFO [m[2m | [m[2mPersistBlockTask[m[2m | [m[32mBlock 205 (0x0fc96bef3ddb9031a0e0a2c37986297267ba4fb57f2dbaa9a1af1399fdd1af45) is already imported
[m[2m2026-10-01 05:13:39.014+0000[m[2m | [m[2mBftProcessorExecutor-QBFT-0[m[2m | [m[32mINFO [m[2m | [m[2mQbftBesuControllerBuilder[m[2m | [m[32mImported empty block #206 / 0 tx / 0 pending / 0 (0.0%) gas / (0x77be239a250a82408d98bc5e68c88c3775ddfec10f0bd6b1b136facc455a9de5)
[m[2m2026-10-01 05:13:41.012+0000[m[2m | [m[2mEthScheduler-Workers-6[m[2m | [m[32mINFO [m[2m | [m[2mPersistBlockTask[m[2m | [m[32mBlock 207 (0x036d62a4a75259fdffaf5838e21311512ac757cc34bafb796434560ef9bb9295) is already imported
[m[2m2026-10-01 05:13:41.012+0000[m[2m | [m[2mBftProcessorExecutor-QBFT-0[m[2m | [m[32mINFO [m[2m | [m[2mQbftBesuControllerBuilder[m[2m | [m[32mProduced empty block #207 / 0 tx / 0 pending / 0 (0.0%) gas / (0x036d62a4a75259fdffaf5838e21311512ac757cc34bafb796434560ef9bb9295)
[m[2m2026-10-01 05:13:43.010+0000[m[2m | [m[2mBftProcessorExecutor-QBFT-0[m[2m | [m[32mINFO [m[2m | [m[2mQbftBesuControllerBuilder[m[2m | [m[32mImported empty block #208 / 0 tx / 0 pending / 0 (0.0%) gas / (0x0b275610cee6b06efdb37d08b8655bf77751f6fb306e8b7584089ede7e14c3d6)
[m[2m2026-10-01 05:13:43.010+0000[m[2m | [m[2mEthScheduler-Workers-1[m[2m | [m[32mINFO [m[2m | [m[2mPersistBlockTask[m[2m | [m[32mBlock 208 (0x0b275610cee6b06efdb37d08b8655bf77751f6fb306e8b7584089ede7e14c3d6) is already imported
[m[2m2026-10-01 05:13:45.019+0000[m[2m | [m[2mBftProcessorExecutor-QBFT-0[m[2m | [m[32mINFO [m[2m | [m[2mQbftBesuControllerBuilder[m[2m | [m[32mImported empty block #209 / 0 tx / 0 pending / 0 (0.0%) gas / (0xcfbfc33c33f8efb863b5d4630b425b9016be07a271074eabf7b46f1ee9a85910)
[m[2m2026-10-01 05:13:47.010+0000[m[2m | [m[2mBftProcessorExecutor-QBFT-0[m[2m | [m[32mINFO [m[2m | [m[2mQbftBesuControllerBuilder[m[2m | [m[32mImported empty block #210 / 0 tx / 0 pending / 0 (0.0%) gas / (0x55a9173401973eacdb8f80ed5c5e3cf3c5e0d80dd2d94ed527e18b80f3d83862)
[m[2m2026-10-01 05:13:49.012+0000[m[2m | [m[2mBftProcessorExecutor-QBFT-0[m[2m | [m[32mINFO [m[2m | [m[2mQbftBesuControllerBuilder[m[2m | [m[32mImported empty block #211 / 0 tx / 0 pending / 0 (0.0%) gas / (0xc4dbf70fb80b99c7e00ca4a9fa46d253b204d2dd267e90c8d175b201cb407bfe)
[m[2m2026-10-01 05:13:51.010+0000[m[2m | [m[2mBftProcessorExecutor-QBFT-0[m[2m | [m[32mINFO [m[2m | [m[2mQbftBesuControllerBuilder[m[2m | [m[32mImported empty block #212 / 0 tx / 0 pending / 0 (0.0%) gas / (0xb20e0a33b7e2083d520ea7982303c7ed91240b09e0db084dcd80a93aded9ceaa)
[m[2m2026-10-01 05:13:51.011+0000[m[2m | [m[2mEthScheduler-Workers-3[m[2m | [m[32mINFO [m[2m | [m[2mPersistBlockTask[m[2m | [m[32mBlock 212 (0xb20e0a33b7e2083d520ea7982303c7ed91240b09e0db084dcd80a93aded9ceaa) is already imported
[m[2m2026-10-01 05:13:53.013+0000[m[2m | [m[2mEthScheduler-Workers-8[m[2m | [m[32mINFO [m[2m | [m[2mPersistBlockTask[m[2m | [m[32mImported empty block #213 / 0 tx / 0 om / 0 (0.0%) gas / (0xfe45441cfb5ee12074f05a2e5c8233a101c9203dfc2d12f968374bc926470e65) in 0.000s. Peers: 5
[m[2m2026-10-01 05:13:55.014+0000[m[2m | [m[2mBftProcessorExecutor-QBFT-0[m[2m | [m[32mINFO [m[2m | [m[2mQbftBesuControllerBuilder[m[2m | [m[32mImported empty block #214 / 0 tx / 0 pending / 0 (0.0%) gas / (0xff4fd50f90c62fad3308cff2c7436a7274add85cfa613861312c031da634c4db)
[m[2m2026-10-01 05:13:57.013+0000[m[2m | [m[2mBftProcessorExecutor-QBFT-0[m[2m | [m[32mINFO [m[2m | [m[2mQbftBesuControllerBuilder[m[2m | [m[32mImported empty block #215 / 0 tx / 0 pending / 0 (0.0%) gas / (0x83a19628075bdd7020dd893ae4827b8bac491ee9a105c534ca5dcf7147bbf508)
[m[2m2026-10-01 05:13:59.011+0000[m[2m | [m[2mBftProcessorExecutor-QBFT-0[m[2m | [m[32mINFO [m[2m | [m[2mQbftBesuControllerBuilder[m[2m | [m[32mImported empty block #216 / 0 tx / 0 pending / 0 (0.0%) gas / (0xec3fb26424629c5726fabcc767cf1fb5b8dc18f5134f0fdf49a258d3cceeec95)
[m[2m2026-10-01 05:14:01.014+0000[m[2m | [m[2mBftProcessorExecutor-QBFT-0[m[2m | [m[32mINFO [m[2m | [m[2mQbftBesuControllerBuilder[m[2m | [m[32mImported empty block #217 / 0 tx / 0 pending / 0 (0.0%) gas / (0x595b4e82c68748355e99157a503ddfaccd9205a12cc9995196603e6e6afd27c6)
[m[2m2026-10-01 05:14:01.014+0000[m[2m | [m[2mEthScheduler-Workers-4[m[2m | [m[32mINFO [m[2m | [m[2mPersistBlockTask[m[2m | [m[32mBlock 217 (0x595b4e82c68748355e99157a503ddfaccd9205a12cc9995196603e6e6afd27c6) is already imported
[m[2m2026-10-01 05:14:03.010+0000[m[2m | [m[2mBftProcessorExecutor-QBFT-0[m[2m | [m[32mINFO [m[2m | [m[2mQbftBesuControllerBuilder[m[2m | [m[32mImported empty block #218 / 0 tx / 0 pending / 0 (0.0%) gas / (0x54b32419be046f57d6c6e7a3badc8cac0abfad8a2c4fa89c04a5ed169a4924f9)
[m[2m2026-10-01 05:14:05.011+0000[m[2m | [m[2mBftProcessorExecutor-QBFT-0[m[2m | [m[32mINFO [m[2m | [m[2mQbftBesuControllerBuilder[m[2m | [m[32mProduced empty block #219 / 0 tx / 0 pending / 0 (0.0%) gas / (0x8d7ffa87c80e2212c36dc15604588eeff1ca96c7d2cf58cacc54987e21759fdf)
[m[2m2026-10-01 05:14:08.102+0000[m[2m | [m[2mBftProcessorExecutor-QBFT-0[m[2m | [m[32mINFO [m[2m | [m[2mQbftBesuControllerBuilder[m[2m | [m[32mImported empty block #220 / 0 tx / 0 pending / 0 (0.0%) gas / (0xa625a51b70a51ffee4ed521fd3ce7a018bac005e6408508d6cf17fb91984caaa)
[m[2m2026-10-01 05:14:10.012+0000[m[2m | [m[2mBftProcessorExecutor-QBFT-0[m[2m | [m[32mINFO [m[2m | [m[2mQbftBesuControllerBuilder[m[2m | [m[32mImported empty block #221 / 0 tx / 0 pending / 0 (0.0%) gas / (0xdef11b5c4ef096cb7a2588e2aafc95599ffe9371b18c6b34f36ecf18252c4f77)
[m[2m2026-10-01 05:14:10.013+0000[m[2m | [m[2mEthScheduler-Workers-0[m[2m | [m[32mINFO [m[2m | [m[2mPersistBlockTask[m[2m | [m[32mBlock 221 (0xdef11b5c4ef096cb7a2588e2aafc95599ffe9371b18c6b34f36ecf18252c4f77) is already imported
[m[2m2026-10-01 05:14:12.011+0000[m[2m | [m[2mBftProcessorExecutor-QBFT-0[m[2m | [m[32mINFO [m[2m | [m[2mQbftBesuControllerBuilder[m[2m | [m[32mImported empty block #222 / 0 tx / 0 pending / 0 (0.0%) gas / (0x005dab64ec4d46dbb5d807e58e8a117d2beb39b3210022269c428db95d416078)
[m[2m2026-10-01 05:14:14.015+0000[m[2m | [m[2mBftProcessorExecutor-QBFT-0[m[2m | [m[32mINFO [m[2m | [m[2mQbftBesuControllerBuilder[m[2m | [m[32mImported empty block #223 / 0 tx / 0 pending / 0 (0.0%) gas / (0x3dba84f20a595d08a7aa756a911fda307f27f0d4458a38e51b9764da1c9e835b)
[m[2m2026-10-01 05:14:16.013+0000[m[2m | [m[2mBftProcessorExecutor-QBFT-0[m[2m | [m[32mINFO [m[2m | [m[2mQbftBesuControllerBuilder[m[2m | [m[32mImported empty block #224 / 0 tx / 0 pending / 0 (0.0%) gas / (0x649ffd079c3c66bc5d3511bda977a3bc9602e99c1e36e25c5791391885cafb1f)
[m[2m2026-10-01 05:14:18.009+0000[m[2m | [m[2mBftProcessorExecutor-QBFT-0[m[2m | [m[32mINFO [m[2m | [m[2mQbftBesuControllerBuilder[m[2m | [m[32mProduced empty block #225 / 0 tx / 0 pending / 0 (0.0%) gas / (0x8f791acccc1b6181623453dd485592146d83bec81ad521b44c0cca6cb5e0f83c)
[m[2m2026-10-01 05:14:20.012+0000[m[2m | [m[2mBftProcessorExecutor-QBFT-0[m[2m | [m[32mINFO [m[2m | [m[2mQbftBesuControllerBuilder[m[2m | [m[32mImported empty block #226 / 0 tx / 0 pending / 0 (0.0%) gas / (0xcb6b4919810cfc053e66f24babd7480cfc2e056cafea3292c42f26cc9f15505e)
[m[2m2026-10-01 05:14:22.011+0000[m[2m | [m[2mBftProcessorExecutor-QBFT-0[m[2m | [m[32mINFO [m[2m | [m[2mQbftBesuControllerBuilder[m[2m | [m[32mImported empty block #227 / 0 tx / 0 pending / 0 (0.0%) gas / (0x968c0700618697ac4329f6cb2dffef08bae5f8a7b3452f4c66fd7bacce937298)
[m[2m2026-10-01 05:14:24.010+0000[m[2m | [m[2mBftProcessorExecutor-QBFT-0[m[2m | [m[32mINFO [m[2m | [m[2mQbftBesuControllerBuilder[m[2m | [m[32mImported empty block #228 / 0 tx / 0 pending / 0 (0.0%) gas / (0x6e6095b6b9c3062b9138a9eac949c193eb64190240be82579f0a906e47144166)
[m[2m2026-10-01 05:14:26.016+0000[m[2m | [m[2mBftProcessorExecutor-QBFT-0[m[2m | [m[32mINFO [m[2m | [m[2mQbftBesuControllerBuilder[m[2m | [m[32mImported empty block #229 / 0 tx / 0 pending / 0 (0.0%) gas / (0x7b0ad17ac22b2a33c67f29eb4e4751e9dd9aea598c0bd20de3664bbb7afe9502)
[m[2m2026-10-01 05:14:26.016+0000[m[2m | [m[2mEthScheduler-Workers-7[m[2m | [m[32mINFO [m[2m | [m[2mPersistBlockTask[m[2m | [m[32mBlock 229 (0x7b0ad17ac22b2a33c67f29eb4e4751e9dd9aea598c0bd20de3664bbb7afe9502) is already imported
[m[2m2026-10-01 05:14:28.014+0000[m[2m | [m[2mBftProcessorExecutor-QBFT-0[m[2m | [m[32mINFO [m[2m | [m[2mQbftBesuControllerBuilder[m[2m | [m[32mImported empty block #230 / 0 tx / 0 pending / 0 (0.0%) gas / (0x692893c682fe0fc3d12512e98eead82e850b939aa37e12aae1fa5af6d161879a)
[m[2m2026-10-01 05:14:30.011+0000[m[2m | [m[2mEthScheduler-Workers-5[m[2m | [m[32mINFO [m[2m | [m[2mPersistBlockTask[m[2m | [m[32mBlock 231 (0xbb7c4e80f44c6b3cad8a63a599ab553f572d676478486c5f06f9abb43b3f691d) is already imported
[m[2m2026-10-01 05:14:30.012+0000[m[2m | [m[2mBftProcessorExecutor-QBFT-0[m[2m | [m[32mINFO [m[2m | [m[2mQbftBesuControllerBuilder[m[2m | [m[32mProduced empty block #231 / 0 tx / 0 pending / 0 (0.0%) gas / (0xbb7c4e80f44c6b3cad8a63a599ab553f572d676478486c5f06f9abb43b3f691d)
[m[2m2026-10-01 05:14:32.010+0000[m[2m | [m[2mBftProcessorExecutor-QBFT-0[m[2m | [m[32mINFO [m[2m | [m[2mQbftBesuControllerBuilder[m[2m | [m[32mImported empty block #232 / 0 tx / 0 pending / 0 (0.0%) gas / (0xc060410ed7b9f7d43fad5fd39d6d3d8c17e81e001c765a52892b8c4436708da7)
[m[2m2026-10-01 05:14:34.009+0000[m[2m | [m[2mBftProcessorExecutor-QBFT-0[m[2m | [m[32mINFO [m[2m | [m[2mQbftBesuControllerBuilder[m[2m | [m[32mImported empty block #233 / 0 tx / 0 pending / 0 (0.0%) gas / (0x44a67cafbf4e226ca35f1b2da2b64b95818081564c9f0cb1bc235391368980fa)
[m[2m2026-10-01 05:14:36.010+0000[m[2m | [m[2mBftProcessorExecutor-QBFT-0[m[2m | [m[32mINFO [m[2m | [m[2mQbftBesuControllerBuilder[m[2m | [m[32mImported empty block #234 / 0 tx / 0 pending / 0 (0.0%) gas / (0xdd2906ad74b301ce1bede08bef41e4581e7779aa8ed1db5eeabd99506b1edcf1)
[m[2m2026-10-01 05:14:39.106+0000[m[2m | [m[2mBftProcessorExecutor-QBFT-0[m[2m | [m[32mINFO [m[2m | [m[2mQbftBesuControllerBuilder[m[2m | [m[32mImported empty block #235 / 0 tx / 0 pending / 0 (0.0%) gas / (0x1d91be528fe7354b2220afebba8f6e33959876f3ffc69c65502fafaa63ecaf01)
[m[2m2026-10-01 05:14:41.014+0000[m[2m | [m[2mBftProcessorExecutor-QBFT-0[m[2m | [m[32mINFO [m[2m | [m[2mQbftBesuControllerBuilder[m[2m | [m[32mImported empty block #236 / 0 tx / 0 pending / 0 (0.0%) gas / (0xf11f7e1f8e0104f03258c7a0a4ebb1c90ebc092154bd59284f82936095656de7)
[m[2m2026-10-01 05:14:41.014+0000[m[2m | [m[2mEthScheduler-Workers-6[m[2m | [m[32mINFO [m[2m | [m[2mPersistBlockTask[m[2m | [m[32mBlock 236 (0xf11f7e1f8e0104f03258c7a0a4ebb1c90ebc092154bd59284f82936095656de7) is already imported
[m[2m2026-10-01 05:14:43.011+0000[m[2m | [m[2mBftProcessorExecutor-QBFT-0[m[2m | [m[32mINFO [m[2m | [m[2mQbftBesuControllerBuilder[m[2m | [m[32mProduced empty block #237 / 0 tx / 0 pending / 0 (0.0%) gas / (0xd3cb3cd3cf8a48abbe4fa1ad4cc2cfbc6bdc3911473386de4df7ace9d873dc0b)
[m[2m2026-10-01 05:14:45.019+0000[m[2m | [m[2mEthScheduler-Workers-1[m[2m | [m[32mINFO [m[2m | [m[2mPersistBlockTask[m[2m | [m[32mBlock 238 (0x10c139af84593a195b392a334ab205e702b6ef4fd5b6c592b52b350e4123d089) is already imported
[m[2m2026-10-01 05:14:45.019+0000[m[2m | [m[2mBftProcessorExecutor-QBFT-0[m[2m | [m[32mINFO [m[2m | [m[2mQbftBesuControllerBuilder[m[2m | [m[32mImported empty block #238 / 0 tx / 0 pending / 0 (0.0%) gas / (0x10c139af84593a195b392a334ab205e702b6ef4fd5b6c592b52b350e4123d089)
[m[2m2026-10-01 05:14:47.012+0000[m[2m | [m[2mBftProcessorExecutor-QBFT-0[m[2m | [m[32mINFO [m[2m | [m[2mQbftBesuControllerBuilder[m[2m | [m[32mImported empty block #239 / 0 tx / 0 pending / 0 (0.0%) gas / (0x8c524b19cba41d693b4142246b9c271aed72a6520dfaabeb623e3daa6f97c5ec)
[m[2m2026-10-01 05:14:49.018+0000[m[2m | [m[2mBftProcessorExecutor-QBFT-0[m[2m | [m[32mINFO [m[2m | [m[2mQbftBesuControllerBuilder[m[2m | [m[32mImported empty block #240 / 0 tx / 0 pending / 0 (0.0%) gas / (0x07a0a94d00efd9d430ba305e1fc83931bb12e19796fdc61f3dc8fe28c5b54487)
[m[2m2026-10-01 05:14:49.019+0000[m[2m | [m[2mEthScheduler-Workers-3[m[2m | [m[32mINFO [m[2m | [m[2mPersistBlockTask[m[2m | [m[32mBlock 240 (0x07a0a94d00efd9d430ba305e1fc83931bb12e19796fdc61f3dc8fe28c5b54487) is already imported
[m[2m2026-10-01 05:14:51.008+0000[m[2m | [m[2mBftProcessorExecutor-QBFT-0[m[2m | [m[32mINFO [m[2m | [m[2mQbftBesuControllerBuilder[m[2m | [m[32mImported empty block #241 / 0 tx / 0 pending / 0 (0.0%) gas / (0x12ce68d7bb7cfa5cbb778ca5df3f908366c9546c10a1e50996a589f001c1faf1)
[m[2m2026-10-01 05:14:53.008+0000[m[2m | [m[2mBftProcessorExecutor-QBFT-0[m[2m | [m[32mINFO [m[2m | [m[2mQbftBesuControllerBuilder[m[2m | [m[32mImported empty block #242 / 0 tx / 0 pending / 0 (0.0%) gas / (0x7a2dab034a96af3f7cc7ccd3033abd49031fab19d1fa02f04e80ef43462ee847)
[m[2m2026-10-01 05:14:55.013+0000[m[2m | [m[2mBftProcessorExecutor-QBFT-0[m[2m | [m[32mINFO [m[2m | [m[2mQbftBesuControllerBuilder[m[2m | [m[32mProduced empty block #243 / 0 tx / 0 pending / 0 (0.0%) gas / (0x97966353b7840b8fd251ed7bf90ab94b16cdc48fa29ba290e7cd5e9abdf67706)
[m[2m2026-10-01 05:14:57.014+0000[m[2m | [m[2mBftProcessorExecutor-QBFT-0[m[2m | [m[32mINFO [m[2m | [m[2mQbftBesuControllerBuilder[m[2m | [m[32mImported empty block #244 / 0 tx / 0 pending / 0 (0.0%) gas / (0xfb2359bd93e5695bcc05057ab32ba096f04936589fac41d72d8064d95442717d)
[m[2m2026-10-01 05:14:59.009+0000[m[2m | [m[2mBftProcessorExecutor-QBFT-0[m[2m | [m[32mINFO [m[2m | [m[2mQbftBesuControllerBuilder[m[2m | [m[32mImported empty block #245 / 0 tx / 0 pending / 0 (0.0%) gas / (0xc3ab9b05743f4890fb2a89ec904446e17f43e87ad815373f434a289b5cfb30c8)
[m[2m2026-10-01 05:15:01.012+0000[m[2m | [m[2mBftProcessorExecutor-QBFT-0[m[2m | [m[32mINFO [m[2m | [m[2mQbftBesuControllerBuilder[m[2m | [m[32mImported empty block #246 / 0 tx / 0 pending / 0 (0.0%) gas / (0xd6a316627d979b486887ec39abb218694fcdcda27abb49b1189a91b7eacfc4ac)
[m[2m2026-10-01 05:15:01.012+0000[m[2m | [m[2mEthScheduler-Workers-5[m[2m | [m[32mINFO [m[2m | [m[2mPersistBlockTask[m[2m | [m[32mBlock 246 (0xd6a316627d979b486887ec39abb218694fcdcda27abb49b1189a91b7eacfc4ac) is already imported
[m[2m2026-10-01 05:15:03.011+0000[m[2m | [m[2mBftProcessorExecutor-QBFT-0[m[2m | [m[32mINFO [m[2m | [m[2mQbftBesuControllerBuilder[m[2m | [m[32mImported empty block #247 / 0 tx / 0 pending / 0 (0.0%) gas / (0x593d29de4df8e2e8ee4bfc96413ca7a26cd04b013a4b593b555284351ee2c61c)
[m[2m2026-10-01 05:15:05.019+0000[m[2m | [m[2mBftProcessorExecutor-QBFT-0[m[2m | [m[32mINFO [m[2m | [m[2mQbftBesuControllerBuilder[m[2m | [m[32mImported empty block #248 / 0 tx / 0 pending / 0 (0.0%) gas / (0x02db2f0e87d3323063dbcfc0387cdaeaec7435d26973b8695ffa785477e52918)
[m[2m2026-10-01 05:15:05.020+0000[m[2m | [m[2mEthScheduler-Workers-4[m[2m | [m[32mINFO [m[2m | [m[2mPersistBlockTask[m[2m | [m[32mBlock 248 (0x02db2f0e87d3323063dbcfc0387cdaeaec7435d26973b8695ffa785477e52918) is already imported
[m[2m2026-10-01 05:15:07.016+0000[m[2m | [m[2mEthScheduler-Workers-0[m[2m | [m[32mINFO [m[2m | [m[2mPersistBlockTask[m[2m | [m[32mImported empty block #249 / 0 tx / 0 om / 0 (0.0%) gas / (0x6658b325df75abda34339a2ffa1842bd85e2beaaf5da8ba69f06e3c20099862a) in 0.000s. Peers: 5
[m[2m2026-10-01 05:15:09.010+0000[m[2m | [m[2mBftProcessorExecutor-QBFT-0[m[2m | [m[32mINFO [m[2m | [m[2mQbftBesuControllerBuilder[m[2m | [m[32mImported empty block #250 / 0 tx / 0 pending / 0 (0.0%) gas / (0xb44138556cdf0c6d4d4d5036bb464f17e38466eac2315459545cdd3a3589936b)
[m[2m2026-10-01 05:15:12.084+0000[m[2m | [m[2mEthScheduler-Workers-7[m[2m | [m[32mINFO [m[2m | [m[2mPersistBlockTask[m[2m | [m[32mImported empty block #251 / 0 tx / 0 om / 0 (0.0%) gas / (0x88c23b4f3f3b3a13e9c75f4c4f680bdc854d29a65dfff7fd5bf96a41345b1aa7) in 0.000s. Peers: 5
[m[2m2026-10-01 05:15:12.084+0000[m[2m | [m[2mBftProcessorExecutor-QBFT-0[m[2m | [m[32mINFO [m[2m | [m[2mQbftBesuControllerBuilder[m[2m | [m[32mImported empty block #251 / 0 tx / 0 pending / 0 (0.0%) gas / (0x88c23b4f3f3b3a13e9c75f4c4f680bdc854d29a65dfff7fd5bf96a41345b1aa7)
[m[2m2026-10-01 05:15:14.012+0000[m[2m | [m[2mBftProcessorExecutor-QBFT-0[m[2m | [m[32mINFO [m[2m | [m[2mQbftBesuControllerBuilder[m[2m | [m[32mImported empty block #252 / 0 tx / 0 pending / 0 (0.0%) gas / (0x5c09d48183752816838b819d7e7dadbf8a044c253fbcf36ea4d49cea5bb1167d)
[m[2m2026-10-01 05:15:16.013+0000[m[2m | [m[2mBftProcessorExecutor-QBFT-0[m[2m | [m[32mINFO [m[2m | [m[2mQbftBesuControllerBuilder[m[2m | [m[32mImported empty block #253 / 0 tx / 0 pending / 0 (0.0%) gas / (0xf8c7080009575c882e35d4c2d53b3e2f02a0f066c6c92894667c710210adc328)
[m[2m2026-10-01 05:15:18.011+0000[m[2m | [m[2mBftProcessorExecutor-QBFT-0[m[2m | [m[32mINFO [m[2m | [m[2mQbftBesuControllerBuilder[m[2m | [m[32mImported empty block #254 / 0 tx / 0 pending / 0 (0.0%) gas / (0xe29f2b09cb9e6852ccf15a4b491a452863f490bf50f4de492fb456290c7d8aa0)
[m[2m2026-10-01 05:15:20.017+0000[m[2m | [m[2mBftProcessorExecutor-QBFT-0[m[2m | [m[32mINFO [m[2m | [m[2mQbftBesuControllerBuilder[m[2m | [m[32mProduced empty block #255 / 0 tx / 0 pending / 0 (0.0%) gas / (0xc4ee7e5d7ba6a2a77cef4f1776bc85bdac420bc547f146b9cd82709b36f4fc5a)
[m[2m2026-10-01 05:15:22.019+0000[m[2m | [m[2mEthScheduler-Workers-8[m[2m | [m[32mINFO [m[2m | [m[2mPersistBlockTask[m[2m | [m[32mImported empty block #256 / 0 tx / 0 om / 0 (0.0%) gas / (0xa5c21af0901411aa761cafd8c56fe50499b5887077297c12afc33a1ad9989fec) in 0.000s. Peers: 5
[m[2m2026-10-01 05:15:22.020+0000[m[2m | [m[2mBftProcessorExecutor-QBFT-0[m[2m | [m[32mINFO [m[2m | [m[2mQbftBesuControllerBuilder[m[2m | [m[32mImported empty block #256 / 0 tx / 0 pending / 0 (0.0%) gas / (0xa5c21af0901411aa761cafd8c56fe50499b5887077297c12afc33a1ad9989fec)
[m[2m2026-10-01 05:15:24.015+0000[m[2m | [m[2mBftProcessorExecutor-QBFT-0[m[2m | [m[32mINFO [m[2m | [m[2mQbftBesuControllerBuilder[m[2m | [m[32mImported empty block #257 / 0 tx / 0 pending / 0 (0.0%) gas / (0xfb57d237a77b96f86a2990c0cece5d72fd0defeb4d60a5b9f72eae622ead8e11)
[m[2m2026-10-01 05:15:26.011+0000[m[2m | [m[2mBftProcessorExecutor-QBFT-0[m[2m | [m[32mINFO [m[2m | [m[2mQbftBesuControllerBuilder[m[2m | [m[32mImported empty block #258 / 0 tx / 0 pending / 0 (0.0%) gas / (0xcc45359e68901f6b89477252bf99a702414f562d2a02583c4880370bee211b56)
[m[2m2026-10-01 05:15:28.021+0000[m[2m | [m[2mBftProcessorExecutor-QBFT-0[m[2m | [m[32mINFO [m[2m | [m[2mQbftBesuControllerBuilder[m[2m | [m[32mImported empty block #259 / 0 tx / 0 pending / 0 (0.0%) gas / (0x02978dc2842cec9983e8517309cef12abbcb44f736ced32adff1131db97634d5)
[m[2m2026-10-01 05:15:30.013+0000[m[2m | [m[2mBftProcessorExecutor-QBFT-0[m[2m | [m[32mINFO [m[2m | [m[2mQbftBesuControllerBuilder[m[2m | [m[32mImported empty block #260 / 0 tx / 0 pending / 0 (0.0%) gas / (0x914e1d568a7217622883cbea4fd6f254e3df40479861c631fa00821f91e09604)
[m[2m2026-10-01 05:15:32.015+0000[m[2m | [m[2mBftProcessorExecutor-QBFT-0[m[2m | [m[32mINFO [m[2m | [m[2mQbftBesuControllerBuilder[m[2m | [m[32mProduced empty block #261 / 0 tx / 0 pending / 0 (0.0%) gas / (0x96c2e6f61e8a1ffebe32d78e4ec1ceb1d3733bab0082268eb9968966a9d16a27)
[m[2m2026-10-01 05:15:34.015+0000[m[2m | [m[2mBftProcessorExecutor-QBFT-0[m[2m | [m[32mINFO [m[2m | [m[2mQbftBesuControllerBuilder[m[2m | [m[32mImported empty block #262 / 0 tx / 0 pending / 0 (0.0%) gas / (0x2959607db6d01ae3162ef75429cfe69180e4ec0014a5318c10a4e0070e5750c6)
[m[2m2026-10-01 05:15:36.012+0000[m[2m | [m[2mBftProcessorExecutor-QBFT-0[m[2m | [m[32mINFO [m[2m | [m[2mQbftBesuControllerBuilder[m[2m | [m[32mImported empty block #263 / 0 tx / 0 pending / 0 (0.0%) gas / (0xeeedb148ce0ed82ba907857b0e0175c8cec91bec0036ba513935f0cf40d60014)
[m[2m2026-10-01 05:15:36.013+0000[m[2m | [m[2mEthScheduler-Workers-6[m[2m | [m[32mINFO [m[2m | [m[2mPersistBlockTask[m[2m | [m[32mBlock 263 (0xeeedb148ce0ed82ba907857b0e0175c8cec91bec0036ba513935f0cf40d60014) is already imported
[m[2m2026-10-01 05:15:38.012+0000[m[2m | [m[2mBftProcessorExecutor-QBFT-0[m[2m | [m[32mINFO [m[2m | [m[2mQbftBesuControllerBuilder[m[2m | [m[32mImported empty block #264 / 0 tx / 0 pending / 0 (0.0%) gas / (0x4ba7e56c6f380f637b573b6687c896b2951f64461002c906e1236d2602c3b017)
[m[2m2026-10-01 05:15:40.012+0000[m[2m | [m[2mBftProcessorExecutor-QBFT-0[m[2m | [m[32mINFO [m[2m | [m[2mQbftBesuControllerBuilder[m[2m | [m[32mImported empty block #265 / 0 tx / 0 pending / 0 (0.0%) gas / (0xc0ff6c1c64577d73a6422fcf275d0afdfe1ae36da522966a26575e565244048c)
[m[2m2026-10-01 05:15:43.087+0000[m[2m | [m[2mBftProcessorExecutor-QBFT-0[m[2m | [m[32mINFO [m[2m | [m[2mQbftBesuControllerBuilder[m[2m | [m[32mImported empty block #266 / 0 tx / 0 pending / 0 (0.0%) gas / (0x50f43a7a8f466bb79e82b3b5cf1517e62c5be88fd7e40ff3bff2b43c07d1b7e4)
[m[2m2026-10-01 05:15:43.088+0000[m[2m | [m[2mEthScheduler-Workers-1[m[2m | [m[32mINFO [m[2m | [m[2mPersistBlockTask[m[2m | [m[32mBlock 266 (0x50f43a7a8f466bb79e82b3b5cf1517e62c5be88fd7e40ff3bff2b43c07d1b7e4) is already imported
[m[2m2026-10-01 05:15:45.011+0000[m[2m | [m[2mBftProcessorExecutor-QBFT-0[m[2m | [m[32mINFO [m[2m | [m[2mQbftBesuControllerBuilder[m[2m | [m[32mProduced empty block #267 / 0 tx / 0 pending / 0 (0.0%) gas / (0xad944e93e856a20b9f7391111d349ab1314f46d62469210657e7e1a1709c99cc)
[m[2m2026-10-01 05:15:47.015+0000[m[2m | [m[2mBftProcessorExecutor-QBFT-0[m[2m | [m[32mINFO [m[2m | [m[2mQbftBesuControllerBuilder[m[2m | [m[32mImported empty block #268 / 0 tx / 0 pending / 0 (0.0%) gas / (0x26ec12e920ee39efc3ce6380f072aa65ace064c95bf7a4966ec044602e2c05c0)
[m[2m2026-10-01 05:15:47.017+0000[m[2m | [m[2mEthScheduler-Workers-3[m[2m | [m[32mINFO [m[2m | [m[2mPersistBlockTask[m[2m | [m[32mBlock 268 (0x26ec12e920ee39efc3ce6380f072aa65ace064c95bf7a4966ec044602e2c05c0) is already imported
[m[2m2026-10-01 05:15:49.012+0000[m[2m | [m[2mBftProcessorExecutor-QBFT-0[m[2m | [m[32mINFO [m[2m | [m[2mQbftBesuControllerBuilder[m[2m | [m[32mImported empty block #269 / 0 tx / 0 pending / 0 (0.0%) gas / (0x5259cf7000d65ae4527e75b025b798eeb8736db0fbc29a1745e5b88fe5cedc87)
[m[2m2026-10-01 05:15:51.011+0000[m[2m | [m[2mBftProcessorExecutor-QBFT-0[m[2m | [m[32mINFO [m[2m | [m[2mQbftBesuControllerBuilder[m[2m | [m[32mImported empty block #270 / 0 tx / 0 pending / 0 (0.0%) gas / (0x00f4e2ce344564d1f35a8550d84499603eb3f7f71f2e05de5621ac0ce48f3357)
[m[2m2026-10-01 05:15:53.009+0000[m[2m | [m[2mBftProcessorExecutor-QBFT-0[m[2m | [m[32mINFO [m[2m | [m[2mQbftBesuControllerBuilder[m[2m | [m[32mImported empty block #271 / 0 tx / 0 pending / 0 (0.0%) gas / (0x9c7a74465457c655b6c81f1b822eee8c3a6ef1b185126f7d0c9f2d7f3ade8004)
[m[2m2026-10-01 05:15:55.013+0000[m[2m | [m[2mEthScheduler-Workers-5[m[2m | [m[32mINFO [m[2m | [m[2mPersistBlockTask[m[2m | [m[32mBlock 272 (0x8990bb24e37c09aafdb3eb3ca6552ee7e88cd95c3cc124e4da8ff52d551df5d0) is already imported
[m[2m2026-10-01 05:15:55.013+0000[m[2m | [m[2mBftProcessorExecutor-QBFT-0[m[2m | [m[32mINFO [m[2m | [m[2mQbftBesuControllerBuilder[m[2m | [m[32mImported empty block #272 / 0 tx / 0 pending / 0 (0.0%) gas / (0x8990bb24e37c09aafdb3eb3ca6552ee7e88cd95c3cc124e4da8ff52d551df5d0)
[m[2m2026-10-01 05:15:57.019+0000[m[2m | [m[2mEthScheduler-Workers-4[m[2m | [m[32mINFO [m[2m | [m[2mPersistBlockTask[m[2m | [m[32mImported empty block #273 / 0 tx / 0 om / 0 (0.0%) gas / (0x7f5fbe1231725cdfcda4d56ada540f5b482534aa51f44a20fbe28cba5848428e) in 0.000s. Peers: 5
[m[2m2026-10-01 05:15:59.019+0000[m[2m | [m[2mBftProcessorExecutor-QBFT-0[m[2m | [m[32mINFO [m[2m | [m[2mQbftBesuControllerBuilder[m[2m | [m[32mImported empty block #274 / 0 tx / 0 pending / 0 (0.0%) gas / (0xa81f5cbc2305a92d1d355126e704957187429a7884c7c91f2dca5df4a1870e22)
[m[2m2026-10-01 05:16:01.011+0000[m[2m | [m[2mEthScheduler-Workers-0[m[2m | [m[32mINFO [m[2m | [m[2mPersistBlockTask[m[2m | [m[32mBlock 275 (0xe437f2384ccbbbb4e483c474c81c09a8d47581d823a7ba7f88e45b8789036edd) is already imported
[m[2m2026-10-01 05:16:01.011+0000[m[2m | [m[2mBftProcessorExecutor-QBFT-0[m[2m | [m[32mINFO [m[2m | [m[2mQbftBesuControllerBuilder[m[2m | [m[32mImported empty block #275 / 0 tx / 0 pending / 0 (0.0%) gas / (0xe437f2384ccbbbb4e483c474c81c09a8d47581d823a7ba7f88e45b8789036edd)
[m[2m2026-10-01 05:16:03.012+0000[m[2m | [m[2mBftProcessorExecutor-QBFT-0[m[2m | [m[32mINFO [m[2m | [m[2mQbftBesuControllerBuilder[m[2m | [m[32mImported empty block #276 / 0 tx / 0 pending / 0 (0.0%) gas / (0xa2b00b5cf4adaf0248b347a6f8514db7c07bc30b0f8848e9e18a7604c4f0169f)
[m[2m2026-10-01 05:16:05.011+0000[m[2m | [m[2mBftProcessorExecutor-QBFT-0[m[2m | [m[32mINFO [m[2m | [m[2mQbftBesuControllerBuilder[m[2m | [m[32mImported empty block #277 / 0 tx / 0 pending / 0 (0.0%) gas / (0x1f6acdfe01fa5d64246a0e10635594f4dab9a80443d5dbfecc50a9bd04c2da4b)
[m[2m2026-10-01 05:16:07.011+0000[m[2m | [m[2mBftProcessorExecutor-QBFT-0[m[2m | [m[32mINFO [m[2m | [m[2mQbftBesuControllerBuilder[m[2m | [m[32mImported empty block #278 / 0 tx / 0 pending / 0 (0.0%) gas / (0x15cf79d37869795b615e35af70145303395c8aaa1f1ec2e3a58a19fc150409af)
[m[2m2026-10-01 05:16:09.012+0000[m[2m | [m[2mBftProcessorExecutor-QBFT-0[m[2m | [m[32mINFO [m[2m | [m[2mQbftBesuControllerBuilder[m[2m | [m[32mProduced empty block #279 / 0 tx / 0 pending / 0 (0.0%) gas / (0x413377d4de4f3288972dde12661082143da13cc0b1de4201e04fed6ae9d13bd5)
[m[2m2026-10-01 05:16:09.012+0000[m[2m | [m[2mEthScheduler-Workers-3[m[2m | [m[32mINFO [m[2m | [m[2mPersistBlockTask[m[2m | [m[32mBlock 279 (0x413377d4de4f3288972dde12661082143da13cc0b1de4201e04fed6ae9d13bd5) is already imported
[m[2m2026-10-01 05:16:11.009+0000[m[2m | [m[2mBftProcessorExecutor-QBFT-0[m[2m | [m[32mINFO [m[2m | [m[2mQbftBesuControllerBuilder[m[2m | [m[32mImported empty block #280 / 0 tx / 0 pending / 0 (0.0%) gas / (0xd1117f43676512f483401216cdcba3e79bca8c21f1e5d5c7b6472b1e8fe233cd)
[m[2m2026-10-01 05:16:14.100+0000[m[2m | [m[2mEthScheduler-Workers-8[m[2m | [m[32mINFO [m[2m | [m[2mPersistBlockTask[m[2m | [m[32mImported empty block #281 / 0 tx / 0 om / 0 (0.0%) gas / (0x97cf57738b5e2970a19ab5a82150f1b2d64bfa37775a0f65e6076ce854f74c04) in 0.000s. Peers: 5
[m[2m2026-10-01 05:16:14.100+0000[m[2m | [m[2mBftProcessorExecutor-QBFT-0[m[2m | [m[32mINFO [m[2m | [m[2mQbftBesuControllerBuilder[m[2m | [m[32mImported empty block #281 / 0 tx / 0 pending / 0 (0.0%) gas / (0x97cf57738b5e2970a19ab5a82150f1b2d64bfa37775a0f65e6076ce854f74c04)
[m[2m2026-10-01 05:16:16.012+0000[m[2m | [m[2mBftProcessorExecutor-QBFT-0[m[2m | [m[32mINFO [m[2m | [m[2mQbftBesuControllerBuilder[m[2m | [m[32mImported empty block #282 / 0 tx / 0 pending / 0 (0.0%) gas / (0x374e7f44c65c03707a0850f2105722701a8e93d72b51cd9cba427acbb7a26837)
[m[2m2026-10-01 05:16:18.012+0000[m[2m | [m[2mBftProcessorExecutor-QBFT-0[m[2m | [m[32mINFO [m[2m | [m[2mQbftBesuControllerBuilder[m[2m | [m[32mImported empty block #283 / 0 tx / 0 pending / 0 (0.0%) gas / (0xf87a2714819aca04ed74b7f2f219847300a8f88b5712e7b69609c94fe4f64ad3)
[m[2m2026-10-01 05:16:20.014+0000[m[2m | [m[2mBftProcessorExecutor-QBFT-0[m[2m | [m[32mINFO [m[2m | [m[2mQbftBesuControllerBuilder[m[2m | [m[32mImported empty block #284 / 0 tx / 0 pending / 0 (0.0%) gas / (0xa3e8cccbf845e609c333789142374b7c0486173204f72bb32f1cd50977832cf6)
[m[2m2026-10-01 05:16:22.009+0000[m[2m | [m[2mBftProcessorExecutor-QBFT-0[m[2m | [m[32mINFO [m[2m | [m[2mQbftBesuControllerBuilder[m[2m | [m[32mProduced empty block #285 / 0 tx / 0 pending / 0 (0.0%) gas / (0x23e4eb653430e1cd34a71593ee35b583b042845ab573d1beaf4ec18578b69b42)
[m[2m2026-10-01 05:16:24.009+0000[m[2m | [m[2mBftProcessorExecutor-QBFT-0[m[2m | [m[32mINFO [m[2m | [m[2mQbftBesuControllerBuilder[m[2m | [m[32mImported empty block #286 / 0 tx / 0 pending / 0 (0.0%) gas / (0xfbfb5457f6f8a4a4c542ca7893fc4e39cb949b3b15a0be67b317f4eff80a1bbb)
[m[2m2026-10-01 05:16:26.013+0000[m[2m | [m[2mBftProcessorExecutor-QBFT-0[m[2m | [m[32mINFO [m[2m | [m[2mQbftBesuControllerBuilder[m[2m | [m[32mImported empty block #287 / 0 tx / 0 pending / 0 (0.0%) gas / (0x03135f9bf52173707568dbcfa1ffdbab9aedaff23a5578d598e464611dd68c55)
[m[2m2026-10-01 05:16:26.014+0000[m[2m | [m[2mEthScheduler-Workers-6[m[2m | [m[32mINFO [m[2m | [m[2mPersistBlockTask[m[2m | [m[32mBlock 287 (0x03135f9bf52173707568dbcfa1ffdbab9aedaff23a5578d598e464611dd68c55) is already imported
[m[2m2026-10-01 05:16:28.011+0000[m[2m | [m[2mBftProcessorExecutor-QBFT-0[m[2m | [m[32mINFO [m[2m | [m[2mQbftBesuControllerBuilder[m[2m | [m[32mImported empty block #288 / 0 tx / 0 pending / 0 (0.0%) gas / (0x32e8ccb3b0ef6cd77e4312162d1b05af05713ba383b26201baeb0a861ba9e309)
[m[2m2026-10-01 05:16:28.011+0000[m[2m | [m[2mEthScheduler-Workers-1[m[2m | [m[32mINFO [m[2m | [m[2mPersistBlockTask[m[2m | [m[32mBlock 288 (0x32e8ccb3b0ef6cd77e4312162d1b05af05713ba383b26201baeb0a861ba9e309) is already imported
[m[2m2026-10-01 05:16:30.012+0000[m[2m | [m[2mBftProcessorExecutor-QBFT-0[m[2m | [m[32mINFO [m[2m | [m[2mQbftBesuControllerBuilder[m[2m | [m[32mImported empty block #289 / 0 tx / 0 pending / 0 (0.0%) gas / (0x619c2eaeddf743088aa24c8feeddb46bb490745b2a8cf523afd26a09a713a0ee)
[m[2m2026-10-01 05:16:32.019+0000[m[2m | [m[2mBftProcessorExecutor-QBFT-0[m[2m | [m[32mINFO [m[2m | [m[2mQbftBesuControllerBuilder[m[2m | [m[32mImported empty block #290 / 0 tx / 0 pending / 0 (0.0%) gas / (0xd162c7b0b08e2b3819e1c26d739a2ce6b7c8c14eec33f1b21343d1d35c35e193)
[m[2m2026-10-01 05:16:32.023+0000[m[2m | [m[2mEthScheduler-Workers-7[m[2m | [m[32mINFO [m[2m | [m[2mPersistBlockTask[m[2m | [m[32mBlock 290 (0xd162c7b0b08e2b3819e1c26d739a2ce6b7c8c14eec33f1b21343d1d35c35e193) is already imported
[m[2m2026-10-01 05:16:34.013+0000[m[2m | [m[2mBftProcessorExecutor-QBFT-0[m[2m | [m[32mINFO [m[2m | [m[2mQbftBesuControllerBuilder[m[2m | [m[32mProduced empty block #291 / 0 tx / 0 pending / 0 (0.0%) gas / (0x03c1832ad0970280f8111f21fe983091b69465d0bd3bd499a861ca46e10a3d21)
[m[2m2026-10-01 05:16:36.017+0000[m[2m | [m[2mBftProcessorExecutor-QBFT-0[m[2m | [m[32mINFO [m[2m | [m[2mQbftBesuControllerBuilder[m[2m | [m[32mImported empty block #292 / 0 tx / 0 pending / 0 (0.0%) gas / (0x59c69f5df53a717eea621182d6d9f3d17b1296a9923f3fb29c8cbfe8068d2351)
[m[2m2026-10-01 05:16:38.014+0000[m[2m | [m[2mBftProcessorExecutor-QBFT-0[m[2m | [m[32mINFO [m[2m | [m[2mQbftBesuControllerBuilder[m[2m | [m[32mImported empty block #293 / 0 tx / 0 pending / 0 (0.0%) gas / (0xf729b28e678eec0d7794207c3b0671fb264d07bb2d83687150856a6e5bb0f702)
[m[2m2026-10-01 05:16:40.019+0000[m[2m | [m[2mEthScheduler-Workers-5[m[2m | [m[32mINFO [m[2m | [m[2mPersistBlockTask[m[2m | [m[32mBlock 294 (0x8ab7fe2ee59aabfe70654df4398a7d7f33bfa87a5d402c5e58643d7fe37b8920) is already imported
[m[2m2026-10-01 05:16:40.020+0000[m[2m | [m[2mBftProcessorExecutor-QBFT-0[m[2m | [m[32mINFO [m[2m | [m[2mQbftBesuControllerBuilder[m[2m | [m[32mImported empty block #294 / 0 tx / 0 pending / 0 (0.0%) gas / (0x8ab7fe2ee59aabfe70654df4398a7d7f33bfa87a5d402c5e58643d7fe37b8920)
[m[2m2026-10-01 05:16:42.012+0000[m[2m | [m[2mBftProcessorExecutor-QBFT-0[m[2m | [m[32mINFO [m[2m | [m[2mQbftBesuControllerBuilder[m[2m | [m[32mImported empty block #295 / 0 tx / 0 pending / 0 (0.0%) gas / (0x7573669d16d7010be6c1101a3974f522bea20672612c39556573fdba7113b97f)
[m[2m2026-10-01 05:16:45.126+0000[m[2m | [m[2mBftProcessorExecutor-QBFT-0[m[2m | [m[32mINFO [m[2m | [m[2mQbftBesuControllerBuilder[m[2m | [m[32mImported empty block #296 / 0 tx / 0 pending / 0 (0.0%) gas / (0xebda4f83b1ecbbb64c25c1231271496676984102799599d1d7998774429b8158)
[m[2m2026-10-01 05:16:47.011+0000[m[2m | [m[2mBftProcessorExecutor-QBFT-0[m[2m | [m[32mINFO [m[2m | [m[2mQbftBesuControllerBuilder[m[2m | [m[32mProduced empty block #297 / 0 tx / 0 pending / 0 (0.0%) gas / (0x15f959065009b2ec3951a57df14ceefb2946c026cc53bb9db29769ef6b2a382d)
[m[2m2026-10-01 05:16:49.009+0000[m[2m | [m[2mBftProcessorExecutor-QBFT-0[m[2m | [m[32mINFO [m[2m | [m[2mQbftBesuControllerBuilder[m[2m | [m[32mImported empty block #298 / 0 tx / 0 pending / 0 (0.0%) gas / (0xc9fc4a30561bf3a1b361d00ce9706c5b7ce4971c96a2faff6fab111293434d34)
[m[2m2026-10-01 05:16:51.011+0000[m[2m | [m[2mBftProcessorExecutor-QBFT-0[m[2m | [m[32mINFO [m[2m | [m[2mQbftBesuControllerBuilder[m[2m | [m[32mImported empty block #299 / 0 tx / 0 pending / 0 (0.0%) gas / (0xecd38996336ed47d8acea2e6f2412e11c8e0d6871062021d5adb5d7968d56f10)
[m[2m2026-10-01 05:16:51.011+0000[m[2m | [m[2mEthScheduler-Workers-4[m[2m | [m[32mINFO [m[2m | [m[2mPersistBlockTask[m[2m | [m[32mBlock 299 (0xecd38996336ed47d8acea2e6f2412e11c8e0d6871062021d5adb5d7968d56f10) is already imported
[m[2m2026-10-01 05:16:53.010+0000[m[2m | [m[2mBftProcessorExecutor-QBFT-0[m[2m | [m[32mINFO [m[2m | [m[2mQbftBesuControllerBuilder[m[2m | [m[32mImported empty block #300 / 0 tx / 0 pending / 0 (0.0%) gas / (0x8f725fad926e497108efe74f1bf0f97828a519f8abecf55fec4f67c8585a7de8)
[m[2m2026-10-01 05:16:55.010+0000[m[2m | [m[2mBftProcessorExecutor-QBFT-0[m[2m | [m[32mINFO [m[2m | [m[2mQbftBesuControllerBuilder[m[2m | [m[32mImported empty block #301 / 0 tx / 0 pending / 0 (0.0%) gas / (0x2395212ef7d715009231203e05994beadb8e407da4d14dc5302f63046da35a9d)
[m[2m2026-10-01 05:16:57.012+0000[m[2m | [m[2mBftProcessorExecutor-QBFT-0[m[2m | [m[32mINFO [m[2m | [m[2mQbftBesuControllerBuilder[m[2m | [m[32mImported empty block #302 / 0 tx / 0 pending / 0 (0.0%) gas / (0x64b65ab3377b916e3f882f1766096ed87a372f736552e8a99ae21c4a0e1db622)
[m[2m2026-10-01 05:16:59.018+0000[m[2m | [m[2mEthScheduler-Workers-0[m[2m | [m[32mINFO [m[2m | [m[2mPersistBlockTask[m[2m | [m[32mBlock 303 (0x1ee5dbca9813f2be914ffba98e34d8faa947491d5f5f9694f2e65ad352274454) is already imported
[m[2m2026-10-01 05:16:59.018+0000[m[2m | [m[2mBftProcessorExecutor-QBFT-0[m[2m | [m[32mINFO [m[2m | [m[2mQbftBesuControllerBuilder[m[2m | [m[32mProduced empty block #303 / 0 tx / 0 pending / 0 (0.0%) gas / (0x1ee5dbca9813f2be914ffba98e34d8faa947491d5f5f9694f2e65ad352274454)
[m[2m2026-10-01 05:17:01.014+0000[m[2m | [m[2mBftProcessorExecutor-QBFT-0[m[2m | [m[32mINFO [m[2m | [m[2mQbftBesuControllerBuilder[m[2m | [m[32mImported empty block #304 / 0 tx / 0 pending / 0 (0.0%) gas / (0xc59148c2e29e79e2103db50650b3cb40f2dc3ac995396edb4289f17f629ffe3a)
[m[2m2026-10-01 05:17:01.014+0000[m[2m | [m[2mEthScheduler-Workers-3[m[2m | [m[32mINFO [m[2m | [m[2mPersistBlockTask[m[2m | [m[32mBlock 304 (0xc59148c2e29e79e2103db50650b3cb40f2dc3ac995396edb4289f17f629ffe3a) is already imported
[m[2m2026-10-01 05:17:03.012+0000[m[2m | [m[2mBftProcessorExecutor-QBFT-0[m[2m | [m[32mINFO [m[2m | [m[2mQbftBesuControllerBuilder[m[2m | [m[32mImported empty block #305 / 0 tx / 0 pending / 0 (0.0%) gas / (0x50a6a8dd0775b71d3064424735a91d36748ee647d274551193e6e7c882f2267a)
[m[2m2026-10-01 05:17:05.023+0000[m[2m | [m[2mBftProcessorExecutor-QBFT-0[m[2m | [m[32mINFO [m[2m | [m[2mQbftBesuControllerBuilder[m[2m | [m[32mImported empty block #306 / 0 tx / 0 pending / 0 (0.0%) gas / (0x9e59a5dc234e078b8b712b5ff961df708944ff06fac30e7ff4597b35ee51487d)
[m[2m2026-10-01 05:17:07.009+0000[m[2m | [m[2mBftProcessorExecutor-QBFT-0[m[2m | [m[32mINFO [m[2m | [m[2mQbftBesuControllerBuilder[m[2m | [m[32mImported empty block #307 / 0 tx / 0 pending / 0 (0.0%) gas / (0x5b845ebb8a62e58fbb0483a9038a51361f55cfd3a8e1b1ca71f560f682b448a4)
[m[2m2026-10-01 05:17:09.017+0000[m[2m | [m[2mBftProcessorExecutor-QBFT-0[m[2m | [m[32mINFO [m[2m | [m[2mQbftBesuControllerBuilder[m[2m | [m[32mImported empty block #308 / 0 tx / 0 pending / 0 (0.0%) gas / (0x01e2438dcf9ef50265a37a319b4875b43e602e32d0504bc2217676931ee86eda)
[m[2m2026-10-01 05:17:11.011+0000[m[2m | [m[2mBftProcessorExecutor-QBFT-0[m[2m | [m[32mINFO [m[2m | [m[2mQbftBesuControllerBuilder[m[2m | [m[32mProduced empty block #309 / 0 tx / 0 pending / 0 (0.0%) gas / (0x604bf00980e8e4616e5c9512b775070445c8932ebb900745a83b2bffabcef373)
[m[2m2026-10-01 05:17:11.011+0000[m[2m | [m[2mEthScheduler-Workers-8[m[2m | [m[32mINFO [m[2m | [m[2mPersistBlockTask[m[2m | [m[32mBlock 309 (0x604bf00980e8e4616e5c9512b775070445c8932ebb900745a83b2bffabcef373) is already imported
[m[2m2026-10-01 05:17:13.015+0000[m[2m | [m[2mBftProcessorExecutor-QBFT-0[m[2m | [m[32mINFO [m[2m | [m[2mQbftBesuControllerBuilder[m[2m | [m[32mImported empty block #310 / 0 tx / 0 pending / 0 (0.0%) gas / (0xdc40e100e6b255f762e35326db499f18205a682aafd87cc33de99c3d4c04621e)
[m[2m2026-10-01 05:17:13.015+0000[m[2m | [m[2mEthScheduler-Workers-6[m[2m | [m[32mINFO [m[2m | [m[2mPersistBlockTask[m[2m | [m[32mBlock 310 (0xdc40e100e6b255f762e35326db499f18205a682aafd87cc33de99c3d4c04621e) is already imported
[m[2m2026-10-01 05:17:16.082+0000[m[2m | [m[2mBftProcessorExecutor-QBFT-0[m[2m | [m[32mINFO [m[2m | [m[2mQbftBesuControllerBuilder[m[2m | [m[32mImported empty block #311 / 0 tx / 0 pending / 0 (0.0%) gas / (0x24d2949119182c64bba24048cc5a5a91f5f3a9c66cdc642dd82b8bd019124dee)
[m[2m2026-10-01 05:17:18.010+0000[m[2m | [m[2mBftProcessorExecutor-QBFT-0[m[2m | [m[32mINFO [m[2m | [m[2mQbftBesuControllerBuilder[m[2m | [m[32mImported empty block #312 / 0 tx / 0 pending / 0 (0.0%) gas / (0xec7a7d35dc753383d95d4893bcc04562d000ee29d6a3436c1e1924a18094b70a)
[m[2m2026-10-01 05:17:20.009+0000[m[2m | [m[2mBftProcessorExecutor-QBFT-0[m[2m | [m[32mINFO [m[2m | [m[2mQbftBesuControllerBuilder[m[2m | [m[32mImported empty block #313 / 0 tx / 0 pending / 0 (0.0%) gas / (0xa2fc9d0413351385682342f85bfd24b6fa9bc0b9ce1231555b637cc71074f0fb)
[m[2m2026-10-01 05:17:22.013+0000[m[2m | [m[2mBftProcessorExecutor-QBFT-0[m[2m | [m[32mINFO [m[2m | [m[2mQbftBesuControllerBuilder[m[2m | [m[32mImported empty block #314 / 0 tx / 0 pending / 0 (0.0%) gas / (0x0a140207db3491333f938412a2586c07ea7a798b5801d0412762a864956d6e20)
[m[2m2026-10-01 05:17:24.011+0000[m[2m | [m[2mBftProcessorExecutor-QBFT-0[m[2m | [m[32mINFO [m[2m | [m[2mQbftBesuControllerBuilder[m[2m | [m[32mProduced empty block #315 / 0 tx / 0 pending / 0 (0.0%) gas / (0xbb4fbd8b5850828354c44974d5d4b4757e76ffcdfc703cbcf003b8b91f7af52a)
[m[2m2026-10-01 05:17:26.013+0000[m[2m | [m[2mBftProcessorExecutor-QBFT-0[m[2m | [m[32mINFO [m[2m | [m[2mQbftBesuControllerBuilder[m[2m | [m[32mImported empty block #316 / 0 tx / 0 pending / 0 (0.0%) gas / (0xdae2ec535cefb86411a4df303ffa1a4b90c9c22c3b9bbeaf23e9fce95f3ce8b6)
[m[2m2026-10-01 05:17:28.009+0000[m[2m | [m[2mBftProcessorExecutor-QBFT-0[m[2m | [m[32mINFO [m[2m | [m[2mQbftBesuControllerBuilder[m[2m | [m[32mImported empty block #317 / 0 tx / 0 pending / 0 (0.0%) gas / (0x8affe2825fb58f5a14783cf598e346206118e5679162a493b9760e9baf233650)
[m[2m2026-10-01 05:17:30.016+0000[m[2m | [m[2mBftProcessorExecutor-QBFT-0[m[2m | [m[32mINFO [m[2m | [m[2mQbftBesuControllerBuilder[m[2m | [m[32mImported empty block #318 / 0 tx / 0 pending / 0 (0.0%) gas / (0x73f1d5ffc2bf9e3a49e6441891d99c264e371e21a408ba0f2231abebf50fe1ce)
[m[2m2026-10-01 05:17:32.011+0000[m[2m | [m[2mBftProcessorExecutor-QBFT-0[m[2m | [m[32mINFO [m[2m | [m[2mQbftBesuControllerBuilder[m[2m | [m[32mImported empty block #319 / 0 tx / 0 pending / 0 (0.0%) gas / (0x4e07569a9bb82e8ad8fc4fc846306980d5594758bf6f4d6609710e8bd1ebf0bc)
[m[2m2026-10-01 05:17:34.010+0000[m[2m | [m[2mBftProcessorExecutor-QBFT-0[m[2m | [m[32mINFO [m[2m | [m[2mQbftBesuControllerBuilder[m[2m | [m[32mImported empty block #320 / 0 tx / 0 pending / 0 (0.0%) gas / (0x638e7aad96678e2342df628cf42e859599134beb95f894a9115727ca4fcf8a0a)
[m[2m2026-10-01 05:17:36.012+0000[m[2m | [m[2mBftProcessorExecutor-QBFT-0[m[2m | [m[32mINFO [m[2m | [m[2mQbftBesuControllerBuilder[m[2m | [m[32mProduced empty block #321 / 0 tx / 0 pending / 0 (0.0%) gas / (0x2f95fe83f5075fe1a3cca654a871642e84f723e6e2e7cb47ba07a4aac5ef5b9a)
[m[2m2026-10-01 05:17:38.014+0000[m[2m | [m[2mBftProcessorExecutor-QBFT-0[m[2m | [m[32mINFO [m[2m | [m[2mQbftBesuControllerBuilder[m[2m | [m[32mImported empty block #322 / 0 tx / 0 pending / 0 (0.0%) gas / (0xe0afab18ae89c98362aa951aa2913870979aae9b9eeee72ac27f4e73ea3633ee)
[m[2m2026-10-01 05:17:40.009+0000[m[2m | [m[2mBftProcessorExecutor-QBFT-0[m[2m | [m[32mINFO [m[2m | [m[2mQbftBesuControllerBuilder[m[2m | [m[32mImported empty block #323 / 0 tx / 0 pending / 0 (0.0%) gas / (0xc2c55f0e79cab73b0c42c19d3130c1b9fcc2fd62667efa96d1dbeb42d6976d92)
[m[2m2026-10-01 05:17:42.019+0000[m[2m | [m[2mBftProcessorExecutor-QBFT-0[m[2m | [m[32mINFO [m[2m | [m[2mQbftBesuControllerBuilder[m[2m | [m[32mImported empty block #324 / 0 tx / 0 pending / 0 (0.0%) gas / (0x297a2b3dff0b69f2d65117dab0b9faa888bbe5a7de3a3c455dc95418904ba2a3)
[m[2m2026-10-01 05:17:44.009+0000[m[2m | [m[2mBftProcessorExecutor-QBFT-0[m[2m | [m[32mINFO [m[2m | [m[2mQbftBesuControllerBuilder[m[2m | [m[32mImported empty block #325 / 0 tx / 0 pending / 0 (0.0%) gas / (0xd58375f6b5ccaf4243b7f40de00d1d7d9159a5cc7068fbe9e4e7983956f6f5ab)
[m[2m2026-10-01 05:17:47.078+0000[m[2m | [m[2mBftProcessorExecutor-QBFT-0[m[2m | [m[32mINFO [m[2m | [m[2mQbftBesuControllerBuilder[m[2m | [m[32mImported empty block #326 / 0 tx / 0 pending / 0 (0.0%) gas / (0xa408601b92b4aa4e5fc066e7cf310ca19b9c47c39c972d658f56652d3a26e059)
[m[2m2026-10-01 05:17:49.012+0000[m[2m | [m[2mBftProcessorExecutor-QBFT-0[m[2m | [m[32mINFO [m[2m | [m[2mQbftBesuControllerBuilder[m[2m | [m[32mProduced empty block #327 / 0 tx / 0 pending / 0 (0.0%) gas / (0x1474965e65a60f410b13d34c4da681277333a8c439b06a8d6d22c7e057b45578)
[m[2m2026-10-01 05:17:51.014+0000[m[2m | [m[2mBftProcessorExecutor-QBFT-0[m[2m | [m[32mINFO [m[2m | [m[2mQbftBesuControllerBuilder[m[2m | [m[32mImported empty block #328 / 0 tx / 0 pending / 0 (0.0%) gas / (0x4b5e9d45b04172df13f0be99bda44d3674f41b54a1b466db07460eea47e95138)
[m[2m2026-10-01 05:17:53.011+0000[m[2m | [m[2mBftProcessorExecutor-QBFT-0[m[2m | [m[32mINFO [m[2m | [m[2mQbftBesuControllerBuilder[m[2m | [m[32mImported empty block #329 / 0 tx / 0 pending / 0 (0.0%) gas / (0xb36018aa4f858bad4f4c9912cccad930b66584738b1e3fabc80877971a746f3d)
[m[2m2026-10-01 05:17:53.011+0000[m[2m | [m[2mEthScheduler-Workers-1[m[2m | [m[32mINFO [m[2m | [m[2mPersistBlockTask[m[2m | [m[32mBlock 329 (0xb36018aa4f858bad4f4c9912cccad930b66584738b1e3fabc80877971a746f3d) is already imported
[m[2m2026-10-01 05:17:55.013+0000[m[2m | [m[2mBftProcessorExecutor-QBFT-0[m[2m | [m[32mINFO [m[2m | [m[2mQbftBesuControllerBuilder[m[2m | [m[32mImported empty block #330 / 0 tx / 0 pending / 0 (0.0%) gas / (0x5317412081eb65f863e6fea16a0bfce1f75db08c56bdc5888a354f9325a7e753)
[m[2m2026-10-01 05:17:57.008+0000[m[2m | [m[2mBftProcessorExecutor-QBFT-0[m[2m | [m[32mINFO [m[2m | [m[2mQbftBesuControllerBuilder[m[2m | [m[32mImported empty block #331 / 0 tx / 0 pending / 0 (0.0%) gas / (0xed297e0c71f61f3f2c25def92c9b93fd6bc12cb7cc442082a94063a64fc55e7d)
[m[2m2026-10-01 05:17:59.012+0000[m[2m | [m[2mBftProcessorExecutor-QBFT-0[m[2m | [m[32mINFO [m[2m | [m[2mQbftBesuControllerBuilder[m[2m | [m[32mImported empty block #332 / 0 tx / 0 pending / 0 (0.0%) gas / (0xac36b8a52dada696375d0e52f991cba3b9d37e93e2d7584c22cec7a5efc65840)
[m[2m2026-10-01 05:18:01.013+0000[m[2m | [m[2mBftProcessorExecutor-QBFT-0[m[2m | [m[32mINFO [m[2m | [m[2mQbftBesuControllerBuilder[m[2m | [m[32mProduced empty block #333 / 0 tx / 0 pending / 0 (0.0%) gas / (0xfc290f9a2bacfe77f34f40a7e0629c2be922cea01d42fdd6678e7aee4827c940)
[m[2m2026-10-01 05:18:03.017+0000[m[2m | [m[2mBftProcessorExecutor-QBFT-0[m[2m | [m[32mINFO [m[2m | [m[2mQbftBesuControllerBuilder[m[2m | [m[32mImported empty block #334 / 0 tx / 0 pending / 0 (0.0%) gas / (0x342b95718155f86e4407e6b42060d3a8c0e4ff0e9808f2ce25a7a3e0dad766bb)
[m[2m2026-10-01 05:18:05.016+0000[m[2m | [m[2mBftProcessorExecutor-QBFT-0[m[2m | [m[32mINFO [m[2m | [m[2mQbftBesuControllerBuilder[m[2m | [m[32mImported empty block #335 / 0 tx / 0 pending / 0 (0.0%) gas / (0xe216a326085dd7a3ef080bd97e5f4f40afbfb6b409c0fcabb277a7be835236eb)
[m[2m2026-10-01 05:18:05.016+0000[m[2m | [m[2mEthScheduler-Workers-9[m[2m | [m[32mINFO [m[2m | [m[2mPersistBlockTask[m[2m | [m[32mBlock 335 (0xe216a326085dd7a3ef080bd97e5f4f40afbfb6b409c0fcabb277a7be835236eb) is already imported
[m[2m2026-10-01 05:18:07.012+0000[m[2m | [m[2mBftProcessorExecutor-QBFT-0[m[2m | [m[32mINFO [m[2m | [m[2mQbftBesuControllerBuilder[m[2m | [m[32mImported empty block #336 / 0 tx / 0 pending / 0 (0.0%) gas / (0x529ea8a635ad2053edd21b7312d17125fa36cf30feba9201ad8327ec2dc9ff62)
[m[2m2026-10-01 05:18:09.010+0000[m[2m | [m[2mBftProcessorExecutor-QBFT-0[m[2m | [m[32mINFO [m[2m | [m[2mQbftBesuControllerBuilder[m[2m | [m[32mImported empty block #337 / 0 tx / 0 pending / 0 (0.0%) gas / (0x2de08fe6a5451b478b5c797d52d02ebd0ada6aedcc5dd261b4720bb926ec9471)
[m[2m2026-10-01 05:18:11.010+0000[m[2m | [m[2mBftProcessorExecutor-QBFT-0[m[2m | [m[32mINFO [m[2m | [m[2mQbftBesuControllerBuilder[m[2m | [m[32mImported empty block #338 / 0 tx / 0 pending / 0 (0.0%) gas / (0x0c6f6ae762f83110c606cc3cd011b39d1dfd99f9a17ab3525ae812521b9c26bf)
[m[2m2026-10-01 05:18:13.011+0000[m[2m | [m[2mBftProcessorExecutor-QBFT-0[m[2m | [m[32mINFO [m[2m | [m[2mQbftBesuControllerBuilder[m[2m | [m[32mProduced empty block #339 / 0 tx / 0 pending / 0 (0.0%) gas / (0x87e4c7373d947a82d5d7be331c207df105404e135e182856a1bcb5d99c92f9a5)
[m[2m2026-10-01 05:18:15.016+0000[m[2m | [m[2mBftProcessorExecutor-QBFT-0[m[2m | [m[32mINFO [m[2m | [m[2mQbftBesuControllerBuilder[m[2m | [m[32mImported empty block #340 / 0 tx / 0 pending / 0 (0.0%) gas / (0x6aeabbfaac3bc9d4332c84796c344577803fab67f35068fbf96fc9a83628a29b)
[m[2m2026-10-01 05:18:18.093+0000[m[2m | [m[2mBftProcessorExecutor-QBFT-0[m[2m | [m[32mINFO [m[2m | [m[2mQbftBesuControllerBuilder[m[2m | [m[32mImported empty block #341 / 0 tx / 0 pending / 0 (0.0%) gas / (0x937f30cd7c237e97b5f04ed0ef8621fbc908153e7edd9e593c5a85f05309914e)
[m[2m2026-10-01 05:18:18.094+0000[m[2m | [m[2mEthScheduler-Workers-11[m[2m | [m[32mINFO [m[2m | [m[2mPersistBlockTask[m[2m | [m[32mBlock 341 (0x937f30cd7c237e97b5f04ed0ef8621fbc908153e7edd9e593c5a85f05309914e) is already imported
[m[2m2026-10-01 05:18:20.012+0000[m[2m | [m[2mBftProcessorExecutor-QBFT-0[m[2m | [m[32mINFO [m[2m | [m[2mQbftBesuControllerBuilder[m[2m | [m[32mImported empty block #342 / 0 tx / 0 pending / 0 (0.0%) gas / (0x46951e95f991fa00e4982437d7cb3e8c0ca2f0bb51983d1a4bafd6a41c3dc099)
[m[2m2026-10-01 05:18:22.013+0000[m[2m | [m[2mBftProcessorExecutor-QBFT-0[m[2m | [m[32mINFO [m[2m | [m[2mQbftBesuControllerBuilder[m[2m | [m[32mImported empty block #343 / 0 tx / 0 pending / 0 (0.0%) gas / (0xc5dff8715a26f77cf4d20966e864927b4491ed583c19fa185628fd0467fadebc)
[m[2m2026-10-01 05:18:24.014+0000[m[2m | [m[2mBftProcessorExecutor-QBFT-0[m[2m | [m[32mINFO [m[2m | [m[2mQbftBesuControllerBuilder[m[2m | [m[32mImported empty block #344 / 0 tx / 0 pending / 0 (0.0%) gas / (0x1629eb5be61a5557891bf9dd7258aed26e4322637943b823f9c036cf1135e7fa)
[m[2m2026-10-01 05:18:26.014+0000[m[2m | [m[2mBftProcessorExecutor-QBFT-0[m[2m | [m[32mINFO [m[2m | [m[2mQbftBesuControllerBuilder[m[2m | [m[32mProduced empty block #345 / 0 tx / 0 pending / 0 (0.0%) gas / (0x1afa20955e7f286abe565c88fdaf0b83d12c9f8e7f3b9e7bdcf628d7c060582a)
[m[2m2026-10-01 05:18:26.014+0000[m[2m | [m[2mEthScheduler-Workers-13[m[2m | [m[32mINFO [m[2m | [m[2mPersistBlockTask[m[2m | [m[32mBlock 345 (0x1afa20955e7f286abe565c88fdaf0b83d12c9f8e7f3b9e7bdcf628d7c060582a) is already imported
[m[2m2026-10-01 05:18:28.013+0000[m[2m | [m[2mBftProcessorExecutor-QBFT-0[m[2m | [m[32mINFO [m[2m | [m[2mQbftBesuControllerBuilder[m[2m | [m[32mImported empty block #346 / 0 tx / 0 pending / 0 (0.0%) gas / (0x9305e945e7a4a36880acf70b18837eed4cd81da61041cea39b2c5e79a7cca55f)
[m[2m2026-10-01 05:18:30.012+0000[m[2m | [m[2mBftProcessorExecutor-QBFT-0[m[2m | [m[32mINFO [m[2m | [m[2mQbftBesuControllerBuilder[m[2m | [m[32mImported empty block #347 / 0 tx / 0 pending / 0 (0.0%) gas / (0x58e7140b730c4bb701de9948f576ff05bf6e494ef52da9a1a5a9039e573e3059)
[m[2m2026-10-01 05:18:32.010+0000[m[2m | [m[2mBftProcessorExecutor-QBFT-0[m[2m | [m[32mINFO [m[2m | [m[2mQbftBesuControllerBuilder[m[2m | [m[32mImported empty block #348 / 0 tx / 0 pending / 0 (0.0%) gas / (0x1d97f3c6d6b8d737cc1f3a0073ea0666c3448eab5802c4db1570d9a5a55b92df)
[m[2m2026-10-01 05:18:34.012+0000[m[2m | [m[2mBftProcessorExecutor-QBFT-0[m[2m | [m[32mINFO [m[2m | [m[2mQbftBesuControllerBuilder[m[2m | [m[32mImported empty block #349 / 0 tx / 0 pending / 0 (0.0%) gas / (0xdf7370b85ac238145b99b70d2770bad775ca0d53afbfae7f06ab8758d2263d07)
[m[2m2026-10-01 05:18:36.011+0000[m[2m | [m[2mBftProcessorExecutor-QBFT-0[m[2m | [m[32mINFO [m[2m | [m[2mQbftBesuControllerBuilder[m[2m | [m[32mImported empty block #350 / 0 tx / 0 pending / 0 (0.0%) gas / (0x7ec1c69d9faac7c94a9d942a5e58a757a034c810da0850cd81d30bbfad1880bd)
[m[2m2026-10-01 05:18:36.011+0000[m[2m | [m[2mEthScheduler-Workers-15[m[2m | [m[32mINFO [m[2m | [m[2mPersistBlockTask[m[2m | [m[32mBlock 350 (0x7ec1c69d9faac7c94a9d942a5e58a757a034c810da0850cd81d30bbfad1880bd) is already imported
[m[2m2026-10-01 05:18:38.007+0000[m[2m | [m[2mBftProcessorExecutor-QBFT-0[m[2m | [m[32mINFO [m[2m | [m[2mQbftBesuControllerBuilder[m[2m | [m[32mProduced empty block #351 / 0 tx / 0 pending / 0 (0.0%) gas / (0x567a6bb47073b33c63aad078b717e9d48df4fc572da739bb419b91a0c3d3332d)
[m[2m2026-10-01 05:18:40.013+0000[m[2m | [m[2mBftProcessorExecutor-QBFT-0[m[2m | [m[32mINFO [m[2m | [m[2mQbftBesuControllerBuilder[m[2m | [m[32mImported empty block #352 / 0 tx / 0 pending / 0 (0.0%) gas / (0x8f78420cfe0b2c6c412d89003d98ea4686a50a810bcc2aaaf977f344382ee2fa)
[m[2m2026-10-01 05:18:42.010+0000[m[2m | [m[2mBftProcessorExecutor-QBFT-0[m[2m | [m[32mINFO [m[2m | [m[2mQbftBesuControllerBuilder[m[2m | [m[32mImported empty block #353 / 0 tx / 0 pending / 0 (0.0%) gas / (0xb565bc800bbbdbf17076eb3a903d8a75cb2d26735719cf2d9227ab7bcabffb31)
[m[2m2026-10-01 05:18:44.011+0000[m[2m | [m[2mBftProcessorExecutor-QBFT-0[m[2m | [m[32mINFO [m[2m | [m[2mQbftBesuControllerBuilder[m[2m | [m[32mImported empty block #354 / 0 tx / 0 pending / 0 (0.0%) gas / (0x1c3f39c1b13fa7ba044a766a0a63c852564236b4e0c67f9de8049bca6f8bfaa1)
[m[2m2026-10-01 05:18:44.011+0000[m[2m | [m[2mEthScheduler-Workers-10[m[2m | [m[32mINFO [m[2m | [m[2mPersistBlockTask[m[2m | [m[32mBlock 354 (0x1c3f39c1b13fa7ba044a766a0a63c852564236b4e0c67f9de8049bca6f8bfaa1) is already imported
[m[2m2026-10-01 05:18:46.015+0000[m[2m | [m[2mBftProcessorExecutor-QBFT-0[m[2m | [m[32mINFO [m[2m | [m[2mQbftBesuControllerBuilder[m[2m | [m[32mImported empty block #355 / 0 tx / 0 pending / 0 (0.0%) gas / (0x3db7d5c75c127e20710148087074502dc11c6d4ebee01a09d723d7c139f4c5b3)
[m[2m2026-10-01 05:18:49.108+0000[m[2m | [m[2mBftProcessorExecutor-QBFT-0[m[2m | [m[32mINFO [m[2m | [m[2mQbftBesuControllerBuilder[m[2m | [m[32mImported empty block #356 / 0 tx / 0 pending / 0 (0.0%) gas / (0x1e6147ddb1368dce5bc4459449f53993c06373d341a949e5cabb2f6c40fbba45)
[m[2m2026-10-01 05:18:51.016+0000[m[2m | [m[2mBftProcessorExecutor-QBFT-0[m[2m | [m[32mINFO [m[2m | [m[2mQbftBesuControllerBuilder[m[2m | [m[32mProduced empty block #357 / 0 tx / 0 pending / 0 (0.0%) gas / (0xc7225236c9fcd5125d1ed6854a4a71e84f4060b95e124ef46530c34a7f66a200)
[m[2m2026-10-01 05:18:53.014+0000[m[2m | [m[2mBftProcessorExecutor-QBFT-0[m[2m | [m[32mINFO [m[2m | [m[2mQbftBesuControllerBuilder[m[2m | [m[32mImported empty block #358 / 0 tx / 0 pending / 0 (0.0%) gas / (0x45a4eb1d2b83e8188c49082137ac098de0000149dbd5f413a6a24654a0850160)
[m[2m2026-10-01 05:18:55.016+0000[m[2m | [m[2mEthScheduler-Workers-12[m[2m | [m[32mINFO [m[2m | [m[2mPersistBlockTask[m[2m | [m[32mImported empty block #359 / 0 tx / 0 om / 0 (0.0%) gas / (0xbdd4f8789feddafdeb5a90d6388783fc68dcf1dbafa829192369e4d983d269ee) in 0.000s. Peers: 5
[m[2m2026-10-01 05:18:57.014+0000[m[2m | [m[2mBftProcessorExecutor-QBFT-0[m[2m | [m[32mINFO [m[2m | [m[2mQbftBesuControllerBuilder[m[2m | [m[32mImported empty block #360 / 0 tx / 0 pending / 0 (0.0%) gas / (0x3327a59f5fcfb79cf83902be74244aba2393ec0eb5e05a073ec7b106df34de03)
[m[2m2026-10-01 05:18:59.012+0000[m[2m | [m[2mBftProcessorExecutor-QBFT-0[m[2m | [m[32mINFO [m[2m | [m[2mQbftBesuControllerBuilder[m[2m | [m[32mImported empty block #361 / 0 tx / 0 pending / 0 (0.0%) gas / (0x12f2ef92a3e742d19e9db74030ca1b9ea9932b42ec0379b0e5834bb8a51b35eb)
[m[2m2026-10-01 05:19:01.012+0000[m[2m | [m[2mBftProcessorExecutor-QBFT-0[m[2m | [m[32mINFO [m[2m | [m[2mQbftBesuControllerBuilder[m[2m | [m[32mImported empty block #362 / 0 tx / 0 pending / 0 (0.0%) gas / (0x5416b44506c4c412b74105d53e334f7b86c5450c6a884fbdb69227950353f15e)
[m[2m2026-10-01 05:19:03.011+0000[m[2m | [m[2mBftProcessorExecutor-QBFT-0[m[2m | [m[32mINFO [m[2m | [m[2mQbftBesuControllerBuilder[m[2m | [m[32mProduced empty block #363 / 0 tx / 0 pending / 0 (0.0%) gas / (0x64e4c2aea2157e83742a0cab5dcf91cbb80926567e90b2c7aed21cd294ff1aa2)
[m[2m2026-10-01 05:19:05.015+0000[m[2m | [m[2mBftProcessorExecutor-QBFT-0[m[2m | [m[32mINFO [m[2m | [m[2mQbftBesuControllerBuilder[m[2m | [m[32mImported empty block #364 / 0 tx / 0 pending / 0 (0.0%) gas / (0xd8694605e99a6eef24a78bf1f9ceab33ec60be586935ab62d94044be6c92ae44)
[m[2m2026-10-01 05:19:07.011+0000[m[2m | [m[2mBftProcessorExecutor-QBFT-0[m[2m | [m[32mINFO [m[2m | [m[2mQbftBesuControllerBuilder[m[2m | [m[32mImported empty block #365 / 0 tx / 0 pending / 0 (0.0%) gas / (0xd8fbe3308d63ae2074e4ecc12c7615b54c1c0fd5b5e40826e5eb88b8cbcc9947)
[m[2m2026-10-01 05:19:09.012+0000[m[2m | [m[2mBftProcessorExecutor-QBFT-0[m[2m | [m[32mINFO [m[2m | [m[2mQbftBesuControllerBuilder[m[2m | [m[32mImported empty block #366 / 0 tx / 0 pending / 0 (0.0%) gas / (0x0ca159e7e50e0c3b858a4afce33a577087b1f37a5978c49a8e57d9352d3ba7ef)
[m[2m2026-10-01 05:19:11.011+0000[m[2m | [m[2mBftProcessorExecutor-QBFT-0[m[2m | [m[32mINFO [m[2m | [m[2mQbftBesuControllerBuilder[m[2m | [m[32mImported empty block #367 / 0 tx / 0 pending / 0 (0.0%) gas / (0x6eb28662675816b040e13e8063df2b1aea2c17c8ceca23be6ebd57942f4f24a2)
[m[2m2026-10-01 05:19:13.011+0000[m[2m | [m[2mBftProcessorExecutor-QBFT-0[m[2m | [m[32mINFO [m[2m | [m[2mQbftBesuControllerBuilder[m[2m | [m[32mImported empty block #368 / 0 tx / 0 pending / 0 (0.0%) gas / (0x248d345aad3998f7997fd9033cbc02ba86fa2f7b70c6c79ba3aec946b9e441e6)
[m[2m2026-10-01 05:19:15.011+0000[m[2m | [m[2mBftProcessorExecutor-QBFT-0[m[2m | [m[32mINFO [m[2m | [m[2mQbftBesuControllerBuilder[m[2m | [m[32mProduced empty block #369 / 0 tx / 0 pending / 0 (0.0%) gas / (0x2a707a364ea91962cb94c87968144b29007ce921298336e3552f04d8cb9d7cdd)
[m[2m2026-10-01 05:19:17.017+0000[m[2m | [m[2mBftProcessorExecutor-QBFT-0[m[2m | [m[32mINFO [m[2m | [m[2mQbftBesuControllerBuilder[m[2m | [m[32mImported empty block #370 / 0 tx / 0 pending / 0 (0.0%) gas / (0xfa1aec1ce3c27bf3cb7d2a2fa454f8258fb1b66f23cd480e28aa9d289aed38fa)
[m[2m2026-10-01 05:19:17.018+0000[m[2m | [m[2mEthScheduler-Workers-14[m[2m | [m[32mINFO [m[2m | [m[2mPersistBlockTask[m[2m | [m[32mBlock 370 (0xfa1aec1ce3c27bf3cb7d2a2fa454f8258fb1b66f23cd480e28aa9d289aed38fa) is already imported
[m[2m2026-10-01 05:19:20.083+0000[m[2m | [m[2mBftProcessorExecutor-QBFT-0[m[2m | [m[32mINFO [m[2m | [m[2mQbftBesuControllerBuilder[m[2m | [m[32mImported empty block #371 / 0 tx / 0 pending / 0 (0.0%) gas / (0x95bd5910e8111cd7b8ba62bb665de86d5421db92627652f2145d5c23b0037519)
[m[2m2026-10-01 05:19:22.013+0000[m[2m | [m[2mBftProcessorExecutor-QBFT-0[m[2m | [m[32mINFO [m[2m | [m[2mQbftBesuControllerBuilder[m[2m | [m[32mImported empty block #372 / 0 tx / 0 pending / 0 (0.0%) gas / (0xd73dff69c62c316ef7f2713435a57c9229617a2e571026e08ef5ec51874fd25d)
[m[2m2026-10-01 05:19:22.013+0000[m[2m | [m[2mEthScheduler-Workers-1[m[2m | [m[32mINFO [m[2m | [m[2mPersistBlockTask[m[2m | [m[32mBlock 372 (0xd73dff69c62c316ef7f2713435a57c9229617a2e571026e08ef5ec51874fd25d) is already imported
[m[2m2026-10-01 05:19:24.039+0000[m[2m | [m[2mBftProcessorExecutor-QBFT-0[m[2m | [m[32mINFO [m[2m | [m[2mQbftBesuControllerBuilder[m[2m | [m[32mImported block       #373 / 1 tx / 0 pending / 46,847 (0.2%) gas / (0xef702522772444eada6c2d827c6ad72257816f0174f5e1e552c21c1f39c4d08f)
[m[2m2026-10-01 05:19:26.085+0000[m[2m | [m[2mEthScheduler-Workers-11[m[2m | [m[32mINFO [m[2m | [m[2mPersistBlockTask[m[2m | [m[32mBlock 374 (0x10741eb77220d9c56a9154daad34f0ab9d3910ece6e48d6ecda0fd2f8f9b2033) is already imported
[m[2m2026-10-01 05:19:26.085+0000[m[2m | [m[2mBftProcessorExecutor-QBFT-0[m[2m | [m[32mINFO [m[2m | [m[2mQbftBesuControllerBuilder[m[2m | [m[32mImported block       #374 / 1 tx / 0 pending / 408,368 (1.4%) gas / (0x10741eb77220d9c56a9154daad34f0ab9d3910ece6e48d6ecda0fd2f8f9b2033)
[m[2m2026-10-01 05:19:28.009+0000[m[2m | [m[2mBftProcessorExecutor-QBFT-0[m[2m | [m[32mINFO [m[2m | [m[2mQbftBesuControllerBuilder[m[2m | [m[32mProduced empty block #375 / 0 tx / 0 pending / 0 (0.0%) gas / (0xce4dea3830f717c704443d96976936e9a76b2449a1a0ee0128787d67fb66aab5)
[m[2m2026-10-01 05:19:30.010+0000[m[2m | [m[2mBftProcessorExecutor-QBFT-0[m[2m | [m[32mINFO [m[2m | [m[2mQbftBesuControllerBuilder[m[2m | [m[32mImported empty block #376 / 0 tx / 0 pending / 0 (0.0%) gas / (0xe34662ca427f994e6131adede5860a3c52c4e442abd342ccadd94f6c21b1e565)
[m[2m2026-10-01 05:19:32.008+0000[m[2m | [m[2mBftProcessorExecutor-QBFT-0[m[2m | [m[32mINFO [m[2m | [m[2mQbftBesuControllerBuilder[m[2m | [m[32mImported empty block #377 / 0 tx / 0 pending / 0 (0.0%) gas / (0xff54615f4c2a6e4730475335f17373ec095a3ca8ca39ffdaf0a9648e88b37fdb)
[m[2m2026-10-01 05:19:34.024+0000[m[2m | [m[2mBftProcessorExecutor-QBFT-0[m[2m | [m[32mINFO [m[2m | [m[2mQbftBesuControllerBuilder[m[2m | [m[32mImported block       #378 / 1 tx / 0 pending / 46,652 (0.2%) gas / (0x18d73011e8c267c9a7de1b8fd24b2c2251744c437c3849438baa61361990188e)
[m[2m2026-10-01 05:19:36.020+0000[m[2m | [m[2mBftProcessorExecutor-QBFT-0[m[2m | [m[32mINFO [m[2m | [m[2mQbftBesuControllerBuilder[m[2m | [m[32mImported block       #379 / 1 tx / 0 pending / 46,664 (0.2%) gas / (0x861c80549a37d522deb1c9e15cb90d8008b212d1c0a7d788ec80b235e12b2d89)
[m[2m2026-10-01 05:19:38.014+0000[m[2m | [m[2mBftProcessorExecutor-QBFT-0[m[2m | [m[32mINFO [m[2m | [m[2mQbftBesuControllerBuilder[m[2m | [m[32mImported empty block #380 / 0 tx / 0 pending / 0 (0.0%) gas / (0x9670cd3d97665df9ad22d15e8fda29d970924cf572beee2336ad3bcf1700ba78)
[m[2m2026-10-01 05:19:40.023+0000[m[2m | [m[2mBftProcessorExecutor-QBFT-0[m[2m | [m[32mINFO [m[2m | [m[2mQbftBesuControllerBuilder[m[2m | [m[32mProduced block       #381 / 1 tx / 0 pending / 46,664 (0.2%) gas / (0x50071267e70ed024224d4c77ffd45e72e9c4ce529b8cf7b752bba959d89ce453)
[m[2m2026-10-01 05:19:42.021+0000[m[2m | [m[2mBftProcessorExecutor-QBFT-0[m[2m | [m[32mINFO [m[2m | [m[2mQbftBesuControllerBuilder[m[2m | [m[32mImported empty block #382 / 0 tx / 0 pending / 0 (0.0%) gas / (0x06e9b1a4c94ee9c97bbd4dcdbc86e2f7663c48ea2f39d834d6d01c03d5f912c0)
[m[2m2026-10-01 05:19:44.025+0000[m[2m | [m[2mBftProcessorExecutor-QBFT-0[m[2m | [m[32mINFO [m[2m | [m[2mQbftBesuControllerBuilder[m[2m | [m[32mImported block       #383 / 1 tx / 0 pending / 46,652 (0.2%) gas / (0x360485a610957e7537e6f7984f7ad2bfcebf549a20c5596d648b1b7503962346)
[m[2m2026-10-01 05:19:46.022+0000[m[2m | [m[2mBftProcessorExecutor-QBFT-0[m[2m | [m[32mINFO [m[2m | [m[2mQbftBesuControllerBuilder[m[2m | [m[32mImported block       #384 / 1 tx / 0 pending / 46,652 (0.2%) gas / (0xa64a04a8adf4714bf87bf577e96048592207f3e9b78cc2bb2cf29fe265aace06)
[m[2m2026-10-01 05:19:48.011+0000[m[2m | [m[2mBftProcessorExecutor-QBFT-0[m[2m | [m[32mINFO [m[2m | [m[2mQbftBesuControllerBuilder[m[2m | [m[32mImported empty block #385 / 0 tx / 0 pending / 0 (0.0%) gas / (0xd865c16eab5ceafc4b7a3c53151726240f38ceb6995a2b7c6db28e5097c0f61f)
[m[2m2026-10-01 05:19:51.089+0000[m[2m | [m[2mBftProcessorExecutor-QBFT-0[m[2m | [m[32mINFO [m[2m | [m[2mQbftBesuControllerBuilder[m[2m | [m[32mImported empty block #386 / 0 tx / 0 pending / 0 (0.0%) gas / (0x41770320be874e77df2c1bd3c830f91fe415c8f00b982f1cfa6f87f407d4a9cd)
[m[2m2026-10-01 05:19:53.025+0000[m[2m | [m[2mBftProcessorExecutor-QBFT-0[m[2m | [m[32mINFO [m[2m | [m[2mQbftBesuControllerBuilder[m[2m | [m[32mProduced block       #387 / 1 tx / 0 pending / 46,435 (0.2%) gas / (0xf69bc3b60d978f3f438b2518c2b9c8a4aaf49041aebed7848871dbb92464e644)
[m[2m2026-10-01 05:19:55.015+0000[m[2m | [m[2mBftProcessorExecutor-QBFT-0[m[2m | [m[32mINFO [m[2m | [m[2mQbftBesuControllerBuilder[m[2m | [m[32mImported empty block #388 / 0 tx / 0 pending / 0 (0.0%) gas / (0x511edf5a5809df8d44b34211f490c7e07d2422cefafe85b0100f9a152acbbae1)
[m[2m2026-10-01 05:19:57.012+0000[m[2m | [m[2mEthScheduler-Workers-13[m[2m | [m[32mINFO [m[2m | [m[2mPersistBlockTask[m[2m | [m[32mImported empty block #389 / 0 tx / 0 om / 0 (0.0%) gas / (0x7a1fcf4b9e9c4ef75f3f1a697c9ae219326a001ead86aab27c39a9ab21ad3e72) in 0.000s. Peers: 5
[m[2m2026-10-01 05:19:59.019+0000[m[2m | [m[2mBftProcessorExecutor-QBFT-0[m[2m | [m[32mINFO [m[2m | [m[2mQbftBesuControllerBuilder[m[2m | [m[32mImported block       #390 / 1 tx / 0 pending / 46,859 (0.2%) gas / (0x18ef4be1a1215c75d8b2250f84072ed560b7626b550ed281876a775e038b4599)
[m[2m2026-10-01 05:20:01.011+0000[m[2m | [m[2mBftProcessorExecutor-QBFT-0[m[2m | [m[32mINFO [m[2m | [m[2mQbftBesuControllerBuilder[m[2m | [m[32mImported empty block #391 / 0 tx / 0 pending / 0 (0.0%) gas / (0xceacd52d6743b1eade7b2c55a23990101b3dd6e389c8c9f359876e702897f69c)
[m[2m2026-10-01 05:20:03.036+0000[m[2m | [m[2mBftProcessorExecutor-QBFT-0[m[2m | [m[32mINFO [m[2m | [m[2mQbftBesuControllerBuilder[m[2m | [m[32mImported block       #392 / 1 tx / 0 pending / 408,343 (1.4%) gas / (0xf5f26765fac39c81a0bd9f22f42934872c9252fc3d3cb7f2a585811fcee01186)
[m[2m2026-10-01 05:20:05.015+0000[m[2m | [m[2mBftProcessorExecutor-QBFT-0[m[2m | [m[32mINFO [m[2m | [m[2mQbftBesuControllerBuilder[m[2m | [m[32mProduced empty block #393 / 0 tx / 0 pending / 0 (0.0%) gas / (0x3b9f52e375e2ce508c61cbeeb7bc276b927b0ef0ef4788cd53b4d3ad6ce4ef01)
[m[2m2026-10-01 05:20:07.012+0000[m[2m | [m[2mBftProcessorExecutor-QBFT-0[m[2m | [m[32mINFO [m[2m | [m[2mQbftBesuControllerBuilder[m[2m | [m[32mImported empty block #394 / 0 tx / 0 pending / 0 (0.0%) gas / (0x53f02681943b16ec90f0fe669b79feeaac30e462c7d46ff23700145c528c9731)
[m[2m2026-10-01 05:20:09.028+0000[m[2m | [m[2mEthScheduler-Workers-1[m[2m | [m[32mINFO [m[2m | [m[2mPersistBlockTask[m[2m | [m[32mBlock 395 (0x4402091c022e3e257b1e3849d02304bafd36b7f128bc2c3d8fdb1f1c243f1136) is already imported
[m[2m2026-10-01 05:20:09.028+0000[m[2m | [m[2mBftProcessorExecutor-QBFT-0[m[2m | [m[32mINFO [m[2m | [m[2mQbftBesuControllerBuilder[m[2m | [m[32mImported block       #395 / 1 tx / 0 pending / 46,652 (0.2%) gas / (0x4402091c022e3e257b1e3849d02304bafd36b7f128bc2c3d8fdb1f1c243f1136)
[m[2m2026-10-01 05:20:11.013+0000[m[2m | [m[2mEthScheduler-Workers-12[m[2m | [m[32mINFO [m[2m | [m[2mPersistBlockTask[m[2m | [m[32mBlock 396 (0x95c2b4ecdd7dd6e59e74117a949bfe3d48c39d0e573b6a0d5095be32c395c04a) is already imported
[m[2m2026-10-01 05:20:11.013+0000[m[2m | [m[2mBftProcessorExecutor-QBFT-0[m[2m | [m[32mINFO [m[2m | [m[2mQbftBesuControllerBuilder[m[2m | [m[32mImported empty block #396 / 0 tx / 0 pending / 0 (0.0%) gas / (0x95c2b4ecdd7dd6e59e74117a949bfe3d48c39d0e573b6a0d5095be32c395c04a)
[m[2m2026-10-01 05:20:13.019+0000[m[2m | [m[2mBftProcessorExecutor-QBFT-0[m[2m | [m[32mINFO [m[2m | [m[2mQbftBesuControllerBuilder[m[2m | [m[32mImported block       #397 / 1 tx / 0 pending / 46,664 (0.2%) gas / (0xfc6689c0121fd7e7138a5912f669cc65edb904001965b9772e8b8dcc7b8e8718)
[m[2m2026-10-01 05:20:15.025+0000[m[2m | [m[2mBftProcessorExecutor-QBFT-0[m[2m | [m[32mINFO [m[2m | [m[2mQbftBesuControllerBuilder[m[2m | [m[32mImported block       #398 / 1 tx / 0 pending / 46,664 (0.2%) gas / (0x5c8fb49b4d1e708dd67df52b02e04e67bc2065689eb87317223cdcf3fc920a0e)
[m[2m2026-10-01 05:20:17.009+0000[m[2m | [m[2mBftProcessorExecutor-QBFT-0[m[2m | [m[32mINFO [m[2m | [m[2mQbftBesuControllerBuilder[m[2m | [m[32mProduced empty block #399 / 0 tx / 0 pending / 0 (0.0%) gas / (0x30bcee5747571d2acbe64137b06b1edd76d70f772e10797a9f99c750d5dbd6be)
[m[2m2026-10-01 05:20:19.023+0000[m[2m | [m[2mBftProcessorExecutor-QBFT-0[m[2m | [m[32mINFO [m[2m | [m[2mQbftBesuControllerBuilder[m[2m | [m[32mImported block       #400 / 1 tx / 0 pending / 46,664 (0.2%) gas / (0xd1dc762a4079cad4fcd93dbc12a1e301362c8b5004d4c6f9f550a323c9ac2c74)
[m[2m2026-10-01 05:20:22.105+0000[m[2m | [m[2mBftProcessorExecutor-QBFT-0[m[2m | [m[32mINFO [m[2m | [m[2mQbftBesuControllerBuilder[m[2m | [m[32mImported block       #401 / 1 tx / 0 pending / 46,664 (0.2%) gas / (0x953981f86574619b7673210fae5716518e9782bd861b286a1ee9a0c7d345bd81)
[m[2m2026-10-01 05:20:24.009+0000[m[2m | [m[2mBftProcessorExecutor-QBFT-0[m[2m | [m[32mINFO [m[2m | [m[2mQbftBesuControllerBuilder[m[2m | [m[32mImported empty block #402 / 0 tx / 0 pending / 0 (0.0%) gas / (0xf067da99619a04dab27a001d01f233429b4e4aaf99aab31d4c5ccb370c3ff680)
[m[2m2026-10-01 05:20:26.013+0000[m[2m | [m[2mBftProcessorExecutor-QBFT-0[m[2m | [m[32mINFO [m[2m | [m[2mQbftBesuControllerBuilder[m[2m | [m[32mImported empty block #403 / 0 tx / 0 pending / 0 (0.0%) gas / (0x07d2b5fbd90d88420ae4832fc890b1e0d9f67cf95326c1fb1d2d44c629dd8010)
[m[2m2026-10-01 05:20:26.013+0000[m[2m | [m[2mEthScheduler-Workers-1[m[2m | [m[32mINFO [m[2m | [m[2mPersistBlockTask[m[2m | [m[32mBlock 403 (0x07d2b5fbd90d88420ae4832fc890b1e0d9f67cf95326c1fb1d2d44c629dd8010) is already imported
[m[2m2026-10-01 05:20:28.020+0000[m[2m | [m[2mBftProcessorExecutor-QBFT-0[m[2m | [m[32mINFO [m[2m | [m[2mQbftBesuControllerBuilder[m[2m | [m[32mImported block       #404 / 1 tx / 0 pending / 46,435 (0.2%) gas / (0xb95e8cd0c7864938f1776704c0c7184a11d7cd894181b285b9887e53ca8c8bb4)
[m[2m2026-10-01 05:20:30.013+0000[m[2m | [m[2mEthScheduler-Workers-14[m[2m | [m[32mINFO [m[2m | [m[2mPersistBlockTask[m[2m | [m[32mImported empty block #405 / 0 tx / 0 om / 0 (0.0%) gas / (0xf8661fab2ec242ad0e754facef6737ef3e3e1435f013a5ee57be6b24dd0bdd49) in 0.000s. Peers: 5
[m[2m2026-10-01 05:20:30.013+0000[m[2m | [m[2mBftProcessorExecutor-QBFT-0[m[2m | [m[32mINFO [m[2m | [m[2mQbftBesuControllerBuilder[m[2m | [m[32mProduced empty block #405 / 0 tx / 0 pending / 0 (0.0%) gas / (0xf8661fab2ec242ad0e754facef6737ef3e3e1435f013a5ee57be6b24dd0bdd49)
[m[2m2026-10-01 05:20:32.010+0000[m[2m | [m[2mBftProcessorExecutor-QBFT-0[m[2m | [m[32mINFO [m[2m | [m[2mQbftBesuControllerBuilder[m[2m | [m[32mImported empty block #406 / 0 tx / 0 pending / 0 (0.0%) gas / (0x810fe4771615282747b76ac2762590b5630906f121612ceda08a549ce5198763)
[m[2m2026-10-01 05:20:34.010+0000[m[2m | [m[2mBftProcessorExecutor-QBFT-0[m[2m | [m[32mINFO [m[2m | [m[2mQbftBesuControllerBuilder[m[2m | [m[32mImported empty block #407 / 0 tx / 0 pending / 0 (0.0%) gas / (0x9bd720b9eb6f6b8b3629f097fb459e6cb2e9ce022127dcdaaa44737bf2ca3084)
[m[2m2026-10-01 05:20:36.016+0000[m[2m | [m[2mBftProcessorExecutor-QBFT-0[m[2m | [m[32mINFO [m[2m | [m[2mQbftBesuControllerBuilder[m[2m | [m[32mImported empty block #408 / 0 tx / 0 pending / 0 (0.0%) gas / (0x2ef1959ee87a291ec58976377f7066184062d2f3f52ee62d5f5987ad883a8179)
[m[2m2026-10-01 05:20:36.016+0000[m[2m | [m[2mEthScheduler-Workers-1[m[2m | [m[32mINFO [m[2m | [m[2mPersistBlockTask[m[2m | [m[32mBlock 408 (0x2ef1959ee87a291ec58976377f7066184062d2f3f52ee62d5f5987ad883a8179) is already imported
[m[2m2026-10-01 05:20:38.012+0000[m[2m | [m[2mBftProcessorExecutor-QBFT-0[m[2m | [m[32mINFO [m[2m | [m[2mQbftBesuControllerBuilder[m[2m | [m[32mImported empty block #409 / 0 tx / 0 pending / 0 (0.0%) gas / (0x4f67e836c1e4013093a56acf52f82fdb00388ca673adaf56f6c7872095dba7b8)
[m[2m2026-10-01 05:20:40.013+0000[m[2m | [m[2mBftProcessorExecutor-QBFT-0[m[2m | [m[32mINFO [m[2m | [m[2mQbftBesuControllerBuilder[m[2m | [m[32mImported empty block #410 / 0 tx / 0 pending / 0 (0.0%) gas / (0x2af32873ca217c96a86060ee0620e2f8e538eaaa16fa76dc2cc12f5b97345d91)
[m[2m2026-10-01 05:20:42.010+0000[m[2m | [m[2mBftProcessorExecutor-QBFT-0[m[2m | [m[32mINFO [m[2m | [m[2mQbftBesuControllerBuilder[m[2m | [m[32mProduced empty block #411 / 0 tx / 0 pending / 0 (0.0%) gas / (0xcf2fded660f773f1f5af74c4369f66aa36c4ca8005d9a2bb17e427e84153e7a8)
[m[2m2026-10-01 05:20:44.009+0000[m[2m | [m[2mBftProcessorExecutor-QBFT-0[m[2m | [m[32mINFO [m[2m | [m[2mQbftBesuControllerBuilder[m[2m | [m[32mImported empty block #412 / 0 tx / 0 pending / 0 (0.0%) gas / (0x460ea9fd6f2734ba10fcbb27b8e0baa993408a3be5834c520217c51d66d6b6ae)
[m[2m2026-10-01 05:20:46.011+0000[m[2m | [m[2mBftProcessorExecutor-QBFT-0[m[2m | [m[32mINFO [m[2m | [m[2mQbftBesuControllerBuilder[m[2m | [m[32mImported empty block #413 / 0 tx / 0 pending / 0 (0.0%) gas / (0xb730c26de0bf92987799e9e8aaa8026018048e5326bbac788ad0d00a2a53fb0a)
[m[2m2026-10-01 05:20:48.009+0000[m[2m | [m[2mBftProcessorExecutor-QBFT-0[m[2m | [m[32mINFO [m[2m | [m[2mQbftBesuControllerBuilder[m[2m | [m[32mImported empty block #414 / 0 tx / 0 pending / 0 (0.0%) gas / (0xafd1a9e0c5067b14a2133327ccd7151e60b8230dacb663bbe2f5d46ebb21954c)
[m[2m2026-10-01 05:20:50.010+0000[m[2m | [m[2mBftProcessorExecutor-QBFT-0[m[2m | [m[32mINFO [m[2m | [m[2mQbftBesuControllerBuilder[m[2m | [m[32mImported empty block #415 / 0 tx / 0 pending / 0 (0.0%) gas / (0xc636953c3ab971f4d5769e56ce1a2aaa0fba7d4a6c2f2207c69eafe427fb173c)
[m[2m2026-10-01 05:20:53.119+0000[m[2m | [m[2mBftProcessorExecutor-QBFT-0[m[2m | [m[32mINFO [m[2m | [m[2mQbftBesuControllerBuilder[m[2m | [m[32mImported empty block #416 / 0 tx / 0 pending / 0 (0.0%) gas / (0x8f27b4b407b2d9f0836b448fdf9a6307b230770197a846a7cc1d319adeb4257f)
[m[2m2026-10-01 05:20:55.009+0000[m[2m | [m[2mBftProcessorExecutor-QBFT-0[m[2m | [m[32mINFO [m[2m | [m[2mQbftBesuControllerBuilder[m[2m | [m[32mProduced empty block #417 / 0 tx / 0 pending / 0 (0.0%) gas / (0x33bc1316cc6ec4ed876db53846fc21817b1202e54f8f01612ef8cfe27bb1e41c)
[m[2m2026-10-01 05:20:57.066+0000[m[2m | [m[2mEthScheduler-Workers-9[m[2m | [m[32mINFO [m[2m | [m[2mPersistBlockTask[m[2m | [m[32mImported empty block #418 / 0 tx / 0 om / 0 (0.0%) gas / (0xcba7711ddf759530e374e7d2cd223fd92c8fe9e4ddc690ac9729de6eca0a373a) in 0.000s. Peers: 5
[m[2m2026-10-01 05:20:59.009+0000[m[2m | [m[2mBftProcessorExecutor-QBFT-0[m[2m | [m[32mINFO [m[2m | [m[2mQbftBesuControllerBuilder[m[2m | [m[32mImported empty block #419 / 0 tx / 0 pending / 0 (0.0%) gas / (0xe654f342c8b88bd8673ef09be203b24e1cda98981c6357dd3598e0df0c52e4ec)
[m[2m2026-10-01 05:21:01.010+0000[m[2m | [m[2mBftProcessorExecutor-QBFT-0[m[2m | [m[32mINFO [m[2m | [m[2mQbftBesuControllerBuilder[m[2m | [m[32mImported empty block #420 / 0 tx / 0 pending / 0 (0.0%) gas / (0xdbef2e66b051e113abed3d3c79bdba4807742144f6d86ab415c0a021bfaa2d8e)
[m[2m2026-10-01 05:21:03.011+0000[m[2m | [m[2mBftProcessorExecutor-QBFT-0[m[2m | [m[32mINFO [m[2m | [m[2mQbftBesuControllerBuilder[m[2m | [m[32mImported empty block #421 / 0 tx / 0 pending / 0 (0.0%) gas / (0x4e6c34606055024908be7da444eec57a7daf3f7a7f5d8cf6f85ed666c9132a77)
[m[2m2026-10-01 05:21:05.012+0000[m[2m | [m[2mBftProcessorExecutor-QBFT-0[m[2m | [m[32mINFO [m[2m | [m[2mQbftBesuControllerBuilder[m[2m | [m[32mImported empty block #422 / 0 tx / 0 pending / 0 (0.0%) gas / (0xece2d8612c10088aef5830d8f7f43a7038adc70e8a5c90425be8942a96d8818b)
[m[2m2026-10-01 05:21:05.012+0000[m[2m | [m[2mEthScheduler-Workers-15[m[2m | [m[32mINFO [m[2m | [m[2mPersistBlockTask[m[2m | [m[32mBlock 422 (0xece2d8612c10088aef5830d8f7f43a7038adc70e8a5c90425be8942a96d8818b) is already imported
[m[2m2026-10-01 05:21:07.012+0000[m[2m | [m[2mBftProcessorExecutor-QBFT-0[m[2m | [m[32mINFO [m[2m | [m[2mQbftBesuControllerBuilder[m[2m | [m[32mProduced empty block #423 / 0 tx / 0 pending / 0 (0.0%) gas / (0x827ec8450aca5adc38a7b92522c9dee3819cfd600bfa1a010cf61e42f18ea741)
[m[2m2026-10-01 05:21:07.013+0000[m[2m | [m[2mEthScheduler-Workers-10[m[2m | [m[32mINFO [m[2m | [m[2mPersistBlockTask[m[2m | [m[32mBlock 423 (0x827ec8450aca5adc38a7b92522c9dee3819cfd600bfa1a010cf61e42f18ea741) is already imported
[m[2m2026-10-01 05:21:09.016+0000[m[2m | [m[2mEthScheduler-Workers-12[m[2m | [m[32mINFO [m[2m | [m[2mPersistBlockTask[m[2m | [m[32mImported empty block #424 / 0 tx / 0 om / 0 (0.0%) gas / (0x6050c979d67bf6badbaa8ac1b54a1ba1f646d84bfb0e4814540e34e17d25a67b) in 0.000s. Peers: 5
[m[2m2026-10-01 05:21:11.015+0000[m[2m | [m[2mBftProcessorExecutor-QBFT-0[m[2m | [m[32mINFO [m[2m | [m[2mQbftBesuControllerBuilder[m[2m | [m[32mImported empty block #425 / 0 tx / 0 pending / 0 (0.0%) gas / (0x1ea1ed44547615e709162c0d9b9ffccad2061e107e1cf8af091a96f77dbf4028)
[m[2m2026-10-01 05:21:13.016+0000[m[2m | [m[2mBftProcessorExecutor-QBFT-0[m[2m | [m[32mINFO [m[2m | [m[2mQbftBesuControllerBuilder[m[2m | [m[32mImported empty block #426 / 0 tx / 0 pending / 0 (0.0%) gas / (0xd325335a350de67f2abee0d602ccb4d7ded6bec1b002b25533420d322a4a9354)
[m[2m2026-10-01 05:21:15.014+0000[m[2m | [m[2mEthScheduler-Workers-16[m[2m | [m[32mINFO [m[2m | [m[2mPersistBlockTask[m[2m | [m[32mImported empty block #427 / 0 tx / 0 om / 0 (0.0%) gas / (0xc060161527b939bf361b17cf89885721df9daf0a3e5911b38ae9dd1c6e82f6e9) in 0.000s. Peers: 5
[m[2m2026-10-01 05:21:15.014+0000[m[2m | [m[2mBftProcessorExecutor-QBFT-0[m[2m | [m[32mINFO [m[2m | [m[2mQbftBesuControllerBuilder[m[2m | [m[32mImported empty block #427 / 0 tx / 0 pending / 0 (0.0%) gas / (0xc060161527b939bf361b17cf89885721df9daf0a3e5911b38ae9dd1c6e82f6e9)
[m[2m2026-10-01 05:21:17.009+0000[m[2m | [m[2mBftProcessorExecutor-QBFT-0[m[2m | [m[32mINFO [m[2m | [m[2mQbftBesuControllerBuilder[m[2m | [m[32mImported empty block #428 / 0 tx / 0 pending / 0 (0.0%) gas / (0x1cd5412c0edb7efbe04b2e3ff7076806d6852e8aef608a4f3ba60dc9261a9c2a)
[m[2m2026-10-01 05:21:19.010+0000[m[2m | [m[2mBftProcessorExecutor-QBFT-0[m[2m | [m[32mINFO [m[2m | [m[2mQbftBesuControllerBuilder[m[2m | [m[32mProduced empty block #429 / 0 tx / 0 pending / 0 (0.0%) gas / (0xa1b07112d7a68e814d6ca8f574fea866e7dab1e48f61609cabaf5fcfa65e89fa)
[m[2m2026-10-01 05:21:21.009+0000[m[2m | [m[2mBftProcessorExecutor-QBFT-0[m[2m | [m[32mINFO [m[2m | [m[2mQbftBesuControllerBuilder[m[2m | [m[32mImported empty block #430 / 0 tx / 0 pending / 0 (0.0%) gas / (0xecf01ceadf19de2f641fd1c63c15ceb6d88758d7e259d176d3efb8232d66a5ef)
[m[2m2026-10-01 05:21:24.085+0000[m[2m | [m[2mBftProcessorExecutor-QBFT-0[m[2m | [m[32mINFO [m[2m | [m[2mQbftBesuControllerBuilder[m[2m | [m[32mImported empty block #431 / 0 tx / 0 pending / 0 (0.0%) gas / (0xb07073553051e17d4472f5a524a5332a140cb4a3c31d8d45ca16b41a16325695)
[m[2m2026-10-01 05:21:26.019+0000[m[2m | [m[2mBftProcessorExecutor-QBFT-0[m[2m | [m[32mINFO [m[2m | [m[2mQbftBesuControllerBuilder[m[2m | [m[32mImported empty block #432 / 0 tx / 0 pending / 0 (0.0%) gas / (0x7184419ef14180cc55f0d44f1828c2f653d7e1a60c85c8defc5562cedf444c10)
[m[2m2026-10-01 05:21:26.020+0000[m[2m | [m[2mEthScheduler-Workers-13[m[2m | [m[32mINFO [m[2m | [m[2mPersistBlockTask[m[2m | [m[32mBlock 432 (0x7184419ef14180cc55f0d44f1828c2f653d7e1a60c85c8defc5562cedf444c10) is already imported
[m[2m2026-10-01 05:21:28.011+0000[m[2m | [m[2mBftProcessorExecutor-QBFT-0[m[2m | [m[32mINFO [m[2m | [m[2mQbftBesuControllerBuilder[m[2m | [m[32mImported empty block #433 / 0 tx / 0 pending / 0 (0.0%) gas / (0xa5b5ae62aec69e987be61554891dfa572473b0faf2bbf383d6ddbee8dc810c3b)
[m[2m2026-10-01 05:21:30.013+0000[m[2m | [m[2mBftProcessorExecutor-QBFT-0[m[2m | [m[32mINFO [m[2m | [m[2mQbftBesuControllerBuilder[m[2m | [m[32mImported empty block #434 / 0 tx / 0 pending / 0 (0.0%) gas / (0x7234f4fdfd05e3536ff9d1735d050cd97b83e4ab1ef39e2ddfdfd97fcf99b491)
[m[2m2026-10-01 05:21:30.013+0000[m[2m | [m[2mEthScheduler-Workers-14[m[2m | [m[32mINFO [m[2m | [m[2mPersistBlockTask[m[2m | [m[32mBlock 434 (0x7234f4fdfd05e3536ff9d1735d050cd97b83e4ab1ef39e2ddfdfd97fcf99b491) is already imported
[m[2m2026-10-01 05:21:32.011+0000[m[2m | [m[2mEthScheduler-Workers-1[m[2m | [m[32mINFO [m[2m | [m[2mPersistBlockTask[m[2m | [m[32mBlock 435 (0xd09672fd71079b171bcadb634f518c3dcc8ab2f227901d78899d1c867ef6654a) is already imported
[m[2m2026-10-01 05:21:32.011+0000[m[2m | [m[2mBftProcessorExecutor-QBFT-0[m[2m | [m[32mINFO [m[2m | [m[2mQbftBesuControllerBuilder[m[2m | [m[32mProduced empty block #435 / 0 tx / 0 pending / 0 (0.0%) gas / (0xd09672fd71079b171bcadb634f518c3dcc8ab2f227901d78899d1c867ef6654a)
[m[2m2026-10-01 05:21:34.017+0000[m[2m | [m[2mBftProcessorExecutor-QBFT-0[m[2m | [m[32mINFO [m[2m | [m[2mQbftBesuControllerBuilder[m[2m | [m[32mImported empty block #436 / 0 tx / 0 pending / 0 (0.0%) gas / (0x1ff5764aad572e0843eb268bf6c38879f9bffeb3b5d355529722e653e85fdf38)
[m[2m2026-10-01 05:21:36.013+0000[m[2m | [m[2mBftProcessorExecutor-QBFT-0[m[2m | [m[32mINFO [m[2m | [m[2mQbftBesuControllerBuilder[m[2m | [m[32mImported empty block #437 / 0 tx / 0 pending / 0 (0.0%) gas / (0x1a0acf5d0d417e67211d15dca452e5a9886307b64750b603dd40c20aca48ff5f)
[m[2m2026-10-01 05:21:38.017+0000[m[2m | [m[2mBftProcessorExecutor-QBFT-0[m[2m | [m[32mINFO [m[2m | [m[2mQbftBesuControllerBuilder[m[2m | [m[32mImported empty block #438 / 0 tx / 0 pending / 0 (0.0%) gas / (0xf30191b0ce0236a10567977282c69913fef0412dc2d5fc80a0f4619c84ad2ef4)
[m[2m2026-10-01 05:21:40.010+0000[m[2m | [m[2mBftProcessorExecutor-QBFT-0[m[2m | [m[32mINFO [m[2m | [m[2mQbftBesuControllerBuilder[m[2m | [m[32mImported empty block #439 / 0 tx / 0 pending / 0 (0.0%) gas / (0xa6a30601cf71502375bf7b5243bc241c03625662051c8cc39c1000f0e55cfa32)
[m[2m2026-10-01 05:21:42.013+0000[m[2m | [m[2mBftProcessorExecutor-QBFT-0[m[2m | [m[32mINFO [m[2m | [m[2mQbftBesuControllerBuilder[m[2m | [m[32mImported empty block #440 / 0 tx / 0 pending / 0 (0.0%) gas / (0x78dd6bfcfd0de2f36a36247fb50eb1b2b962889dbd473f8911fd28ac8e9b2438)
[m[2m2026-10-01 05:21:42.013+0000[m[2m | [m[2mEthScheduler-Workers-9[m[2m | [m[32mINFO [m[2m | [m[2mPersistBlockTask[m[2m | [m[32mBlock 440 (0x78dd6bfcfd0de2f36a36247fb50eb1b2b962889dbd473f8911fd28ac8e9b2438) is already imported
[m[2m2026-10-01 05:21:44.011+0000[m[2m | [m[2mBftProcessorExecutor-QBFT-0[m[2m | [m[32mINFO [m[2m | [m[2mQbftBesuControllerBuilder[m[2m | [m[32mProduced empty block #441 / 0 tx / 0 pending / 0 (0.0%) gas / (0x6bdf987821c5cf5f26a4f0ad31b6c7ca250828687488d0f65c275baed1acaf48)
[m[2m2026-10-01 05:21:46.009+0000[m[2m | [m[2mBftProcessorExecutor-QBFT-0[m[2m | [m[32mINFO [m[2m | [m[2mQbftBesuControllerBuilder[m[2m | [m[32mImported empty block #442 / 0 tx / 0 pending / 0 (0.0%) gas / (0xd24fedc6f66e988e119035e7d2cab660cc23ca78b16416b7fd792e4055e4a42b)
[m[2m2026-10-01 05:21:48.012+0000[m[2m | [m[2mBftProcessorExecutor-QBFT-0[m[2m | [m[32mINFO [m[2m | [m[2mQbftBesuControllerBuilder[m[2m | [m[32mImported empty block #443 / 0 tx / 0 pending / 0 (0.0%) gas / (0x0fb25061ca69fab7d237142c2cdcb472abe4a54703e24b13de3c0cc36c46dfd3)
[m[2m2026-10-01 05:21:50.008+0000[m[2m | [m[2mBftProcessorExecutor-QBFT-0[m[2m | [m[32mINFO [m[2m | [m[2mQbftBesuControllerBuilder[m[2m | [m[32mImported empty block #444 / 0 tx / 0 pending / 0 (0.0%) gas / (0x7a114ccdfc3574e23f43ab281744f9ce90e1f5199bf21a2c754ec49f70eabb6c)
[m[2m2026-10-01 05:21:52.011+0000[m[2m | [m[2mEthScheduler-Workers-13[m[2m | [m[32mINFO [m[2m | [m[2mPersistBlockTask[m[2m | [m[32mImported empty block #445 / 0 tx / 0 om / 0 (0.0%) gas / (0xd46747bf92761925f3f532c7e03d7eb4b2c3510dfbe443124135aa936594fd39) in 0.000s. Peers: 5
[m[2m2026-10-01 05:21:55.088+0000[m[2m | [m[2mBftProcessorExecutor-QBFT-0[m[2m | [m[32mINFO [m[2m | [m[2mQbftBesuControllerBuilder[m[2m | [m[32mImported empty block #446 / 0 tx / 0 pending / 0 (0.0%) gas / (0x610b5276816add79b0a46aceeeb4234bfebe17df553a5c47c72e5beab2256411)
[m[2m2026-10-01 05:21:57.009+0000[m[2m | [m[2mBftProcessorExecutor-QBFT-0[m[2m | [m[32mINFO [m[2m | [m[2mQbftBesuControllerBuilder[m[2m | [m[32mProduced empty block #447 / 0 tx / 0 pending / 0 (0.0%) gas / (0x5f732feb58181a1c6cc56ec62319688f8b1d16707b906f46a98cfa9183c6eb9a)
[m[2m2026-10-01 05:21:59.021+0000[m[2m | [m[2mBftProcessorExecutor-QBFT-0[m[2m | [m[32mINFO [m[2m | [m[2mQbftBesuControllerBuilder[m[2m | [m[32mImported empty block #448 / 0 tx / 0 pending / 0 (0.0%) gas / (0xf9ac4d2369b7904757b5e790695d4b0d574e05d2951e4b3a18e1a3315c6cda25)
[m[2m2026-10-01 05:21:59.022+0000[m[2m | [m[2mEthScheduler-Workers-10[m[2m | [m[32mINFO [m[2m | [m[2mPersistBlockTask[m[2m | [m[32mBlock 448 (0xf9ac4d2369b7904757b5e790695d4b0d574e05d2951e4b3a18e1a3315c6cda25) is already imported
[m[2m2026-10-01 05:22:01.011+0000[m[2m | [m[2mBftProcessorExecutor-QBFT-0[m[2m | [m[32mINFO [m[2m | [m[2mQbftBesuControllerBuilder[m[2m | [m[32mImported empty block #449 / 0 tx / 0 pending / 0 (0.0%) gas / (0xee1c06af06d9c15b268ea02496208a660ee756669925d47a4090d683729c207d)
[m[2m2026-10-01 05:22:03.012+0000[m[2m | [m[2mBftProcessorExecutor-QBFT-0[m[2m | [m[32mINFO [m[2m | [m[2mQbftBesuControllerBuilder[m[2m | [m[32mImported empty block #450 / 0 tx / 0 pending / 0 (0.0%) gas / (0x39eed0fc56580f0b7fb17a6860bd875f51288797e7c9faccbcb93ae5b11c2838)
[m[2m2026-10-01 05:22:05.011+0000[m[2m | [m[2mBftProcessorExecutor-QBFT-0[m[2m | [m[32mINFO [m[2m | [m[2mQbftBesuControllerBuilder[m[2m | [m[32mImported empty block #451 / 0 tx / 0 pending / 0 (0.0%) gas / (0xeeb4542087b6bc4c3a44789903a5a70821d0000392a30306daea88007b13df83)
[m[2m2026-10-01 05:22:07.011+0000[m[2m | [m[2mBftProcessorExecutor-QBFT-0[m[2m | [m[32mINFO [m[2m | [m[2mQbftBesuControllerBuilder[m[2m | [m[32mImported empty block #452 / 0 tx / 0 pending / 0 (0.0%) gas / (0xc29e797c27aec31517d1ecc4a749d2d3a820cef89f4bfe9384116c90d80ca407)
[m[2m2026-10-01 05:22:09.011+0000[m[2m | [m[2mBftProcessorExecutor-QBFT-0[m[2m | [m[32mINFO [m[2m | [m[2mQbftBesuControllerBuilder[m[2m | [m[32mProduced empty block #453 / 0 tx / 0 pending / 0 (0.0%) gas / (0xdba987653f14591cbe27a23084809764e441abd7d60167469f0ba96d7dcf48cd)
[m[2m2026-10-01 05:22:11.009+0000[m[2m | [m[2mBftProcessorExecutor-QBFT-0[m[2m | [m[32mINFO [m[2m | [m[2mQbftBesuControllerBuilder[m[2m | [m[32mImported empty block #454 / 0 tx / 0 pending / 0 (0.0%) gas / (0x8fdc389d0fc03d7dda79ca10e2f1ea817149d91938776eb3b4292179f0dc4ede)
[m[2m2026-10-01 05:22:13.008+0000[m[2m | [m[2mBftProcessorExecutor-QBFT-0[m[2m | [m[32mINFO [m[2m | [m[2mQbftBesuControllerBuilder[m[2m | [m[32mImported empty block #455 / 0 tx / 0 pending / 0 (0.0%) gas / (0x462d3d1b04a8b8954ab57978311e084433b2095e243e19a25086e0eb5551265a)
[m[2m2026-10-01 05:22:15.009+0000[m[2m | [m[2mBftProcessorExecutor-QBFT-0[m[2m | [m[32mINFO [m[2m | [m[2mQbftBesuControllerBuilder[m[2m | [m[32mImported empty block #456 / 0 tx / 0 pending / 0 (0.0%) gas / (0x8a81ffe76da57cbf71ffd31da85a2639b193ebcf1065c53f974aca072f3ebb04)
[m[2m2026-10-01 05:22:17.011+0000[m[2m | [m[2mBftProcessorExecutor-QBFT-0[m[2m | [m[32mINFO [m[2m | [m[2mQbftBesuControllerBuilder[m[2m | [m[32mImported empty block #457 / 0 tx / 0 pending / 0 (0.0%) gas / (0x4d56607ec86e5241186145cfe1519600b710d47746d98ef4db3cbb8deb060e53)
[m[2m2026-10-01 05:22:17.011+0000[m[2m | [m[2mEthScheduler-Workers-12[m[2m | [m[32mINFO [m[2m | [m[2mPersistBlockTask[m[2m | [m[32mBlock 457 (0x4d56607ec86e5241186145cfe1519600b710d47746d98ef4db3cbb8deb060e53) is already imported
[m[2m2026-10-01 05:22:19.012+0000[m[2m | [m[2mBftProcessorExecutor-QBFT-0[m[2m | [m[32mINFO [m[2m | [m[2mQbftBesuControllerBuilder[m[2m | [m[32mImported empty block #458 / 0 tx / 0 pending / 0 (0.0%) gas / (0xdd4b2a86f04f5fea5306fdffd8d3e7326e9b3c9d17cec57d5375a1f453343117)
[m[2m2026-10-01 05:22:21.011+0000[m[2m | [m[2mBftProcessorExecutor-QBFT-0[m[2m | [m[32mINFO [m[2m | [m[2mQbftBesuControllerBuilder[m[2m | [m[32mProduced empty block #459 / 0 tx / 0 pending / 0 (0.0%) gas / (0xee9a13c9e1c41fef2df09493b9aaff40412398aebf30ac9acb4d55dffcacd75c)
[m[2m2026-10-01 05:22:23.012+0000[m[2m | [m[2mEthScheduler-Workers-16[m[2m | [m[32mINFO [m[2m | [m[2mPersistBlockTask[m[2m | [m[32mBlock 460 (0x575846db3064891da42696762429fee961f9679d7df0b16b0034f245e445b7c1) is already imported
[m[2m2026-10-01 05:22:23.012+0000[m[2m | [m[2mBftProcessorExecutor-QBFT-0[m[2m | [m[32mINFO [m[2m | [m[2mQbftBesuControllerBuilder[m[2m | [m[32mImported empty block #460 / 0 tx / 0 pending / 0 (0.0%) gas / (0x575846db3064891da42696762429fee961f9679d7df0b16b0034f245e445b7c1)
[m[2m2026-10-01 05:22:26.102+0000[m[2m | [m[2mBftProcessorExecutor-QBFT-0[m[2m | [m[32mINFO [m[2m | [m[2mQbftBesuControllerBuilder[m[2m | [m[32mImported empty block #461 / 0 tx / 0 pending / 0 (0.0%) gas / (0x25fdccaf51a175dc27a4ea590521fb7b4af137b3e7f4c4904a8ca93721a9310d)
[m[2m2026-10-01 05:22:28.014+0000[m[2m | [m[2mBftProcessorExecutor-QBFT-0[m[2m | [m[32mINFO [m[2m | [m[2mQbftBesuControllerBuilder[m[2m | [m[32mImported empty block #462 / 0 tx / 0 pending / 0 (0.0%) gas / (0x48be3208e4dc9d51d160386dd89650b9f33fa39ef54dc8cbc0962e2b75dc9aa1)
[m[2m2026-10-01 05:22:28.015+0000[m[2m | [m[2mEthScheduler-Workers-15[m[2m | [m[32mINFO [m[2m | [m[2mPersistBlockTask[m[2m | [m[32mBlock 462 (0x48be3208e4dc9d51d160386dd89650b9f33fa39ef54dc8cbc0962e2b75dc9aa1) is already imported
[m[2m2026-10-01 05:22:30.010+0000[m[2m | [m[2mBftProcessorExecutor-QBFT-0[m[2m | [m[32mINFO [m[2m | [m[2mQbftBesuControllerBuilder[m[2m | [m[32mImported empty block #463 / 0 tx / 0 pending / 0 (0.0%) gas / (0x7217f5de92a3f2a4518d59b156eca967f37bb03dc7bfc98f9c5476c9395e6c74)
[m[2m2026-10-01 05:22:32.013+0000[m[2m | [m[2mBftProcessorExecutor-QBFT-0[m[2m | [m[32mINFO [m[2m | [m[2mQbftBesuControllerBuilder[m[2m | [m[32mImported empty block #464 / 0 tx / 0 pending / 0 (0.0%) gas / (0xb8e35187036c2d3bb8a39dc3cc78f41e355d0b415b4ee409ca79b3abe4cc6cd6)
[m[2m2026-10-01 05:22:34.010+0000[m[2m | [m[2mBftProcessorExecutor-QBFT-0[m[2m | [m[32mINFO [m[2m | [m[2mQbftBesuControllerBuilder[m[2m | [m[32mProduced empty block #465 / 0 tx / 0 pending / 0 (0.0%) gas / (0x814c604006e27aed7a4f2c682544dc5792669ce3411a5579c2a2b9a9a1eb799d)
[m[2m2026-10-01 05:22:36.012+0000[m[2m | [m[2mBftProcessorExecutor-QBFT-0[m[2m | [m[32mINFO [m[2m | [m[2mQbftBesuControllerBuilder[m[2m | [m[32mImported empty block #466 / 0 tx / 0 pending / 0 (0.0%) gas / (0x4e57f714b176a889a089452251fbd9e3e4ea71f636b2353e93aaa77cf6af3248)
[m[2m2026-10-01 05:22:38.010+0000[m[2m | [m[2mBftProcessorExecutor-QBFT-0[m[2m | [m[32mINFO [m[2m | [m[2mQbftBesuControllerBuilder[m[2m | [m[32mImported empty block #467 / 0 tx / 0 pending / 0 (0.0%) gas / (0xb364adfe37cfcdb8e50fc93d049f090017148e83382f01181f2f2c3fba371a36)
[m[2m2026-10-01 05:22:40.012+0000[m[2m | [m[2mBftProcessorExecutor-QBFT-0[m[2m | [m[32mINFO [m[2m | [m[2mQbftBesuControllerBuilder[m[2m | [m[32mImported empty block #468 / 0 tx / 0 pending / 0 (0.0%) gas / (0xb8215583c28d51a7b6e39eb2afe2d546ebca8f679f5e3c8fa928741e2a504413)
[m[2m2026-10-01 05:22:42.015+0000[m[2m | [m[2mBftProcessorExecutor-QBFT-0[m[2m | [m[32mINFO [m[2m | [m[2mQbftBesuControllerBuilder[m[2m | [m[32mImported empty block #469 / 0 tx / 0 pending / 0 (0.0%) gas / (0xd96f24bba8d336d4bc0f6ccf1b3ed908c2ba6a5334b2e1d00f607f1e85b25b72)
[m[2m2026-10-01 05:22:42.016+0000[m[2m | [m[2mEthScheduler-Workers-17[m[2m | [m[32mINFO [m[2m | [m[2mPersistBlockTask[m[2m | [m[32mBlock 469 (0xd96f24bba8d336d4bc0f6ccf1b3ed908c2ba6a5334b2e1d00f607f1e85b25b72) is already imported
[m[2m2026-10-01 05:22:44.015+0000[m[2m | [m[2mBftProcessorExecutor-QBFT-0[m[2m | [m[32mINFO [m[2m | [m[2mQbftBesuControllerBuilder[m[2m | [m[32mImported empty block #470 / 0 tx / 0 pending / 0 (0.0%) gas / (0x5718b722ff8ab82f2f977e9b42e6229ac60b3fb8bddbb9a7f64cb2442ad81c81)
[m[2m2026-10-01 05:22:46.009+0000[m[2m | [m[2mBftProcessorExecutor-QBFT-0[m[2m | [m[32mINFO [m[2m | [m[2mQbftBesuControllerBuilder[m[2m | [m[32mProduced empty block #471 / 0 tx / 0 pending / 0 (0.0%) gas / (0x4d2fb29500872a38fa442d7b1ab7e481119fad5c84953a8256f783dd22747e44)
[m[2m2026-10-01 05:22:48.015+0000[m[2m | [m[2mBftProcessorExecutor-QBFT-0[m[2m | [m[32mINFO [m[2m | [m[2mQbftBesuControllerBuilder[m[2m | [m[32mImported empty block #472 / 0 tx / 0 pending / 0 (0.0%) gas / (0x8d9ce7b517c216a8ba2d119517703b15374b0c411575f99a3d3d29c8a348de73)
[m[2m2026-10-01 05:22:48.016+0000[m[2m | [m[2mEthScheduler-Workers-10[m[2m | [m[32mINFO [m[2m | [m[2mPersistBlockTask[m[2m | [m[32mBlock 472 (0x8d9ce7b517c216a8ba2d119517703b15374b0c411575f99a3d3d29c8a348de73) is already imported
[m[2m2026-10-01 05:22:50.013+0000[m[2m | [m[2mEthScheduler-Workers-9[m[2m | [m[32mINFO [m[2m | [m[2mPersistBlockTask[m[2m | [m[32mBlock 473 (0x3d23c4bae90e85195a9fd35ff157f776930fb006673778389caceae8a4c6569a) is already imported
[m[2m2026-10-01 05:22:50.013+0000[m[2m | [m[2mBftProcessorExecutor-QBFT-0[m[2m | [m[32mINFO [m[2m | [m[2mQbftBesuControllerBuilder[m[2m | [m[32mImported empty block #473 / 0 tx / 0 pending / 0 (0.0%) gas / (0x3d23c4bae90e85195a9fd35ff157f776930fb006673778389caceae8a4c6569a)
[m[2m2026-10-01 05:22:52.012+0000[m[2m | [m[2mBftProcessorExecutor-QBFT-0[m[2m | [m[32mINFO [m[2m | [m[2mQbftBesuControllerBuilder[m[2m | [m[32mImported empty block #474 / 0 tx / 0 pending / 0 (0.0%) gas / (0x2d5589c8220b85d086b9ca6c9eb486cbe469829756dcb27418a40952302ff9e2)
[m[2m2026-10-01 05:22:54.015+0000[m[2m | [m[2mBftProcessorExecutor-QBFT-0[m[2m | [m[32mINFO [m[2m | [m[2mQbftBesuControllerBuilder[m[2m | [m[32mImported empty block #475 / 0 tx / 0 pending / 0 (0.0%) gas / (0x4cd430ce9968607d69078d19f6cee7eb7658406256a9df60f3375231fc9642af)
[m[2m2026-10-01 05:22:54.015+0000[m[2m | [m[2mEthScheduler-Workers-13[m[2m | [m[32mINFO [m[2m | [m[2mPersistBlockTask[m[2m | [m[32mBlock 475 (0x4cd430ce9968607d69078d19f6cee7eb7658406256a9df60f3375231fc9642af) is already imported
[m[2m2026-10-01 05:22:57.130+0000[m[2m | [m[2mBftProcessorExecutor-QBFT-0[m[2m | [m[32mINFO [m[2m | [m[2mQbftBesuControllerBuilder[m[2m | [m[32mImported empty block #476 / 0 tx / 0 pending / 0 (0.0%) gas / (0xeeaa80fb143a292dfb19e37060fc04de4ec9be88f2ea5b85da2bce45e676d772)
[m[2m2026-10-01 05:22:59.012+0000[m[2m | [m[2mEthScheduler-Workers-14[m[2m | [m[32mINFO [m[2m | [m[2mPersistBlockTask[m[2m | [m[32mBlock 477 (0x16b2ca788d0517e822971024be6e78c46f47ac84214dae015557ce016e55ab52) is already imported
[m[2m2026-10-01 05:22:59.012+0000[m[2m | [m[2mBftProcessorExecutor-QBFT-0[m[2m | [m[32mINFO [m[2m | [m[2mQbftBesuControllerBuilder[m[2m | [m[32mProduced empty block #477 / 0 tx / 0 pending / 0 (0.0%) gas / (0x16b2ca788d0517e822971024be6e78c46f47ac84214dae015557ce016e55ab52)
[m[2m2026-10-01 05:23:01.011+0000[m[2m | [m[2mBftProcessorExecutor-QBFT-0[m[2m | [m[32mINFO [m[2m | [m[2mQbftBesuControllerBuilder[m[2m | [m[32mImported empty block #478 / 0 tx / 0 pending / 0 (0.0%) gas / (0x82402d487c17d35f9ba250573666524a13eaed17c22e0f98da3e6974e9c156b1)
[m[2m2026-10-01 05:23:01.011+0000[m[2m | [m[2mEthScheduler-Workers-12[m[2m | [m[32mINFO [m[2m | [m[2mPersistBlockTask[m[2m | [m[32mBlock 478 (0x82402d487c17d35f9ba250573666524a13eaed17c22e0f98da3e6974e9c156b1) is already imported
[m[2m2026-10-01 05:23:03.012+0000[m[2m | [m[2mBftProcessorExecutor-QBFT-0[m[2m | [m[32mINFO [m[2m | [m[2mQbftBesuControllerBuilder[m[2m | [m[32mImported empty block #479 / 0 tx / 0 pending / 0 (0.0%) gas / (0x1a49d3e9309c866e2ce524685181d5b9c1ffd2adb5c75f36334cf4b211f3a0be)
[m[2m2026-10-01 05:23:05.010+0000[m[2m | [m[2mBftProcessorExecutor-QBFT-0[m[2m | [m[32mINFO [m[2m | [m[2mQbftBesuControllerBuilder[m[2m | [m[32mImported empty block #480 / 0 tx / 0 pending / 0 (0.0%) gas / (0x048399fe916eca1d60ec662d92cadd30889a79f907ec0790444acb3764f328ff)
[m[2m2026-10-01 05:23:07.009+0000[m[2m | [m[2mBftProcessorExecutor-QBFT-0[m[2m | [m[32mINFO [m[2m | [m[2mQbftBesuControllerBuilder[m[2m | [m[32mImported empty block #481 / 0 tx / 0 pending / 0 (0.0%) gas / (0x9a8d601528c9d960d7d9abe3a13d71a8dddd0e24a8904bcf33cc6bcd488e20f1)
[m[2m2026-10-01 05:23:09.009+0000[m[2m | [m[2mBftProcessorExecutor-QBFT-0[m[2m | [m[32mINFO [m[2m | [m[2mQbftBesuControllerBuilder[m[2m | [m[32mImported empty block #482 / 0 tx / 0 pending / 0 (0.0%) gas / (0x3ddd32f5e8ca8aac98ac8e0c9bddb1dceaaa4a02141488f237143f3eb322647f)
[m[2m2026-10-01 05:23:11.012+0000[m[2m | [m[2mBftProcessorExecutor-QBFT-0[m[2m | [m[32mINFO [m[2m | [m[2mQbftBesuControllerBuilder[m[2m | [m[32mProduced empty block #483 / 0 tx / 0 pending / 0 (0.0%) gas / (0xbfb4e5e5a4386070fe4196d4260b8ab4b9042ed703386faa3e12bcb56682d499)
[m[2m2026-10-01 05:23:13.011+0000[m[2m | [m[2mBftProcessorExecutor-QBFT-0[m[2m | [m[32mINFO [m[2m | [m[2mQbftBesuControllerBuilder[m[2m | [m[32mImported empty block #484 / 0 tx / 0 pending / 0 (0.0%) gas / (0x000c3c6f3ea5f12093b4a144c00a50335692694311b898235e61e1b33a96c0aa)
[m[2m2026-10-01 05:23:15.011+0000[m[2m | [m[2mBftProcessorExecutor-QBFT-0[m[2m | [m[32mINFO [m[2m | [m[2mQbftBesuControllerBuilder[m[2m | [m[32mImported empty block #485 / 0 tx / 0 pending / 0 (0.0%) gas / (0x2cdcc6661e36c19227df45991d6ca3c9b9786b319d756fe503d0c00b45925dbe)
[m[2m2026-10-01 05:23:17.011+0000[m[2m | [m[2mBftProcessorExecutor-QBFT-0[m[2m | [m[32mINFO [m[2m | [m[2mQbftBesuControllerBuilder[m[2m | [m[32mImported empty block #486 / 0 tx / 0 pending / 0 (0.0%) gas / (0xcba0633c1eed0c748593ee26d19fec95a49f291fd8fe80f2ef5321a83847318b)
[m[2m2026-10-01 05:23:17.012+0000[m[2m | [m[2mEthScheduler-Workers-16[m[2m | [m[32mINFO [m[2m | [m[2mPersistBlockTask[m[2m | [m[32mBlock 486 (0xcba0633c1eed0c748593ee26d19fec95a49f291fd8fe80f2ef5321a83847318b) is already imported
[m[2m2026-10-01 05:23:19.015+0000[m[2m | [m[2mBftProcessorExecutor-QBFT-0[m[2m | [m[32mINFO [m[2m | [m[2mQbftBesuControllerBuilder[m[2m | [m[32mImported empty block #487 / 0 tx / 0 pending / 0 (0.0%) gas / (0x1acf6f608006dd452586c6d7f06e64fb0435e1d5d37a3a5243a7cac5010e87b8)
[m[2m2026-10-01 05:23:21.010+0000[m[2m | [m[2mBftProcessorExecutor-QBFT-0[m[2m | [m[32mINFO [m[2m | [m[2mQbftBesuControllerBuilder[m[2m | [m[32mImported empty block #488 / 0 tx / 0 pending / 0 (0.0%) gas / (0x383d01f36e5303ee1852f7c04525196123308146181e195b6e2ae412426c9d92)
[m[2m2026-10-01 05:23:23.012+0000[m[2m | [m[2mEthScheduler-Workers-15[m[2m | [m[32mINFO [m[2m | [m[2mPersistBlockTask[m[2m | [m[32mBlock 489 (0x5b530f4d20c265544e731774a02a25e340ebf799bba4df201cc84708aa62330c) is already imported
[m[2m2026-10-01 05:23:23.012+0000[m[2m | [m[2mBftProcessorExecutor-QBFT-0[m[2m | [m[32mINFO [m[2m | [m[2mQbftBesuControllerBuilder[m[2m | [m[32mProduced empty block #489 / 0 tx / 0 pending / 0 (0.0%) gas / (0x5b530f4d20c265544e731774a02a25e340ebf799bba4df201cc84708aa62330c)
[m[2m2026-10-01 05:23:25.011+0000[m[2m | [m[2mBftProcessorExecutor-QBFT-0[m[2m | [m[32mINFO [m[2m | [m[2mQbftBesuControllerBuilder[m[2m | [m[32mImported empty block #490 / 0 tx / 0 pending / 0 (0.0%) gas / (0x7e9d88ada4fbbc192c6d60b5c5704a07e4983568ab2c62998808316e0a10ff18)
[m[2m2026-10-01 05:23:28.089+0000[m[2m | [m[2mBftProcessorExecutor-QBFT-0[m[2m | [m[32mINFO [m[2m | [m[2mQbftBesuControllerBuilder[m[2m | [m[32mImported empty block #491 / 0 tx / 0 pending / 0 (0.0%) gas / (0x0b6443b9b88db5181283db4510063df121fe90078dde9ddefa000755c72518d7)
[m[2m2026-10-01 05:23:30.009+0000[m[2m | [m[2mBftProcessorExecutor-QBFT-0[m[2m | [m[32mINFO [m[2m | [m[2mQbftBesuControllerBuilder[m[2m | [m[32mImported empty block #492 / 0 tx / 0 pending / 0 (0.0%) gas / (0x87bb341f992af1682a2fc2cf947cf7307f4ed5352a359416c359a67a65e55f4d)
[m[2m2026-10-01 05:23:32.013+0000[m[2m | [m[2mBftProcessorExecutor-QBFT-0[m[2m | [m[32mINFO [m[2m | [m[2mQbftBesuControllerBuilder[m[2m | [m[32mImported empty block #493 / 0 tx / 0 pending / 0 (0.0%) gas / (0x654481f441bee974893e161af29aa6c0915b79932cb17c096b86310953ee22fe)
[m[2m2026-10-01 05:23:34.010+0000[m[2m | [m[2mBftProcessorExecutor-QBFT-0[m[2m | [m[32mINFO [m[2m | [m[2mQbftBesuControllerBuilder[m[2m | [m[32mImported empty block #494 / 0 tx / 0 pending / 0 (0.0%) gas / (0x94bf9c94eafb05b1e615bf7f57e165319e352dd9da278f90ea1f5bed9c5ba99c)
[m[2m2026-10-01 05:23:36.012+0000[m[2m | [m[2mBftProcessorExecutor-QBFT-0[m[2m | [m[32mINFO [m[2m | [m[2mQbftBesuControllerBuilder[m[2m | [m[32mProduced empty block #495 / 0 tx / 0 pending / 0 (0.0%) gas / (0x09e2dd255dc9644856f79279fd07ee9e38058d54f94d5c296cb29ac394a0c6dc)
[m[2m2026-10-01 05:23:38.008+0000[m[2m | [m[2mBftProcessorExecutor-QBFT-0[m[2m | [m[32mINFO [m[2m | [m[2mQbftBesuControllerBuilder[m[2m | [m[32mImported empty block #496 / 0 tx / 0 pending / 0 (0.0%) gas / (0x062c78c5e3e40886beb6f80303d30fca11cb627082776fe102c9f34e0f5e7bb7)
[m[2m2026-10-01 05:23:40.013+0000[m[2m | [m[2mEthScheduler-Workers-14[m[2m | [m[32mINFO [m[2m | [m[2mPersistBlockTask[m[2m | [m[32mBlock 497 (0x36e7319d08cd8320cc72645630cdb2078dec5c43ebb469f72f8cdd4c8422fe3a) is already imported
[m[2m2026-10-01 05:23:40.013+0000[m[2m | [m[2mBftProcessorExecutor-QBFT-0[m[2m | [m[32mINFO [m[2m | [m[2mQbftBesuControllerBuilder[m[2m | [m[32mImported empty block #497 / 0 tx / 0 pending / 0 (0.0%) gas / (0x36e7319d08cd8320cc72645630cdb2078dec5c43ebb469f72f8cdd4c8422fe3a)
[m[2m2026-10-01 05:23:42.016+0000[m[2m | [m[2mEthScheduler-Workers-10[m[2m | [m[32mINFO [m[2m | [m[2mPersistBlockTask[m[2m | [m[32mImported empty block #498 / 0 tx / 0 om / 0 (0.0%) gas / (0x5d4d6f0568ae0c2bf071f441c65072acefe37d1038c063a9e8ce5c68c62b6ae2) in 0.000s. Peers: 5
[m[2m2026-10-01 05:23:44.015+0000[m[2m | [m[2mEthScheduler-Workers-9[m[2m | [m[32mINFO [m[2m | [m[2mPersistBlockTask[m[2m | [m[32mBlock 499 (0x3006b0a4090ae9302a8724d0aa0b7479a68fcb47dd2f45030943e45df8266150) is already imported
[m[2m2026-10-01 05:23:44.015+0000[m[2m | [m[2mBftProcessorExecutor-QBFT-0[m[2m | [m[32mINFO [m[2m | [m[2mQbftBesuControllerBuilder[m[2m | [m[32mImported empty block #499 / 0 tx / 0 pending / 0 (0.0%) gas / (0x3006b0a4090ae9302a8724d0aa0b7479a68fcb47dd2f45030943e45df8266150)
[m[2m2026-10-01 05:23:46.013+0000[m[2m | [m[2mBftProcessorExecutor-QBFT-0[m[2m | [m[32mINFO [m[2m | [m[2mQbftBesuControllerBuilder[m[2m | [m[32mImported empty block #500 / 0 tx / 0 pending / 0 (0.0%) gas / (0x2eb5dc30cb1d516e8a081cca28f080d748cce4464f72571588038497040275d0)
[m[2m2026-10-01 05:23:46.013+0000[m[2m | [m[2mEthScheduler-Workers-13[m[2m | [m[32mINFO [m[2m | [m[2mPersistBlockTask[m[2m | [m[32mBlock 500 (0x2eb5dc30cb1d516e8a081cca28f080d748cce4464f72571588038497040275d0) is already imported
[m[2m2026-10-01 05:23:48.009+0000[m[2m | [m[2mBftProcessorExecutor-QBFT-0[m[2m | [m[32mINFO [m[2m | [m[2mQbftBesuControllerBuilder[m[2m | [m[32mProduced empty block #501 / 0 tx / 0 pending / 0 (0.0%) gas / (0xb986f683b4a65bb1a00a5b12c03dacf4bf29fa69222d52a878b45114e8d88561)
[m[2m2026-10-01 05:23:50.011+0000[m[2m | [m[2mBftProcessorExecutor-QBFT-0[m[2m | [m[32mINFO [m[2m | [m[2mQbftBesuControllerBuilder[m[2m | [m[32mImported empty block #502 / 0 tx / 0 pending / 0 (0.0%) gas / (0x09dd29aee8de5cb3bc29b0db1b219ba95ed8ff6d69372ce13248fb7cd6c9bc87)
[m[2m2026-10-01 05:23:52.010+0000[m[2m | [m[2mBftProcessorExecutor-QBFT-0[m[2m | [m[32mINFO [m[2m | [m[2mQbftBesuControllerBuilder[m[2m | [m[32mImported empty block #503 / 0 tx / 0 pending / 0 (0.0%) gas / (0xdd3f613418b748d5b3bad6bac74102781eae04cc10ed5f8a6a692e6f2ae1d93d)
[m[2m2026-10-01 05:23:54.010+0000[m[2m | [m[2mBftProcessorExecutor-QBFT-0[m[2m | [m[32mINFO [m[2m | [m[2mQbftBesuControllerBuilder[m[2m | [m[32mImported empty block #504 / 0 tx / 0 pending / 0 (0.0%) gas / (0x93c8e70f834c3f3744834b66fa4fe8e286fde68bee41cb32ffb5c1386408287a)
[m[2m2026-10-01 05:23:56.010+0000[m[2m | [m[2mBftProcessorExecutor-QBFT-0[m[2m | [m[32mINFO [m[2m | [m[2mQbftBesuControllerBuilder[m[2m | [m[32mImported empty block #505 / 0 tx / 0 pending / 0 (0.0%) gas / (0xec3ccd36b8890b04e75afbecdb7a361d37a0e0f533aa5b87f6949d53db7b6357)
[m[2m2026-10-01 05:23:59.093+0000[m[2m | [m[2mEthScheduler-Workers-17[m[2m | [m[32mINFO [m[2m | [m[2mPersistBlockTask[m[2m | [m[32mBlock 506 (0xae59b6f4e10c871b7f15882eb1a422226b3b3cc3feb7175c56b592fac9b22367) is already imported
[m[2m2026-10-01 05:23:59.093+0000[m[2m | [m[2mBftProcessorExecutor-QBFT-0[m[2m | [m[32mINFO [m[2m | [m[2mQbftBesuControllerBuilder[m[2m | [m[32mImported empty block #506 / 0 tx / 0 pending / 0 (0.0%) gas / (0xae59b6f4e10c871b7f15882eb1a422226b3b3cc3feb7175c56b592fac9b22367)
[m[2m2026-10-01 05:24:01.008+0000[m[2m | [m[2mBftProcessorExecutor-QBFT-0[m[2m | [m[32mINFO [m[2m | [m[2mQbftBesuControllerBuilder[m[2m | [m[32mProduced empty block #507 / 0 tx / 0 pending / 0 (0.0%) gas / (0x988fcf339bf78d9cad04746218a8d5b9a4eb61c652a1d6ea02dd4a0bc445f934)
[m[2m2026-10-01 05:24:03.010+0000[m[2m | [m[2mBftProcessorExecutor-QBFT-0[m[2m | [m[32mINFO [m[2m | [m[2mQbftBesuControllerBuilder[m[2m | [m[32mImported empty block #508 / 0 tx / 0 pending / 0 (0.0%) gas / (0x07b1a72b9520809a5afbc3567074fd5747519dbc81c420667bac5a878fbb4097)
[m[2m2026-10-01 05:24:05.013+0000[m[2m | [m[2mBftProcessorExecutor-QBFT-0[m[2m | [m[32mINFO [m[2m | [m[2mQbftBesuControllerBuilder[m[2m | [m[32mImported empty block #509 / 0 tx / 0 pending / 0 (0.0%) gas / (0xe0272b77fb762f172ff8932959506186ba6ce5240862636c09ce97560e1be806)
[m[2m2026-10-01 05:24:07.012+0000[m[2m | [m[2mBftProcessorExecutor-QBFT-0[m[2m | [m[32mINFO [m[2m | [m[2mQbftBesuControllerBuilder[m[2m | [m[32mImported empty block #510 / 0 tx / 0 pending / 0 (0.0%) gas / (0xb5899355492d04cb65b6c4a5d282a8602edbeaed40704afc6d8d8f77b233fa85)
[m[2m2026-10-01 05:24:07.012+0000[m[2m | [m[2mEthScheduler-Workers-12[m[2m | [m[32mINFO [m[2m | [m[2mPersistBlockTask[m[2m | [m[32mBlock 510 (0xb5899355492d04cb65b6c4a5d282a8602edbeaed40704afc6d8d8f77b233fa85) is already imported
[m[2m2026-10-01 05:24:09.014+0000[m[2m | [m[2mBftProcessorExecutor-QBFT-0[m[2m | [m[32mINFO [m[2m | [m[2mQbftBesuControllerBuilder[m[2m | [m[32mImported empty block #511 / 0 tx / 0 pending / 0 (0.0%) gas / (0x5172b677aba01bcca6181ebff5e15defdf57e8e418801ee15f77b80600b1af13)
[m[2m2026-10-01 05:24:09.015+0000[m[2m | [m[2mEthScheduler-Workers-16[m[2m | [m[32mINFO [m[2m | [m[2mPersistBlockTask[m[2m | [m[32mBlock 511 (0x5172b677aba01bcca6181ebff5e15defdf57e8e418801ee15f77b80600b1af13) is already imported
[m[2m2026-10-01 05:24:11.015+0000[m[2m | [m[2mBftProcessorExecutor-QBFT-0[m[2m | [m[32mINFO [m[2m | [m[2mQbftBesuControllerBuilder[m[2m | [m[32mImported empty block #512 / 0 tx / 0 pending / 0 (0.0%) gas / (0x5038142cdda0c1a1690b0bb36eb8b1cc68c28227e906c209da3fa5f3bf105a42)
[m[2m2026-10-01 05:24:13.009+0000[m[2m | [m[2mBftProcessorExecutor-QBFT-0[m[2m | [m[32mINFO [m[2m | [m[2mQbftBesuControllerBuilder[m[2m | [m[32mProduced empty block #513 / 0 tx / 0 pending / 0 (0.0%) gas / (0xfc6fe1a2ab5b4792bdbaff81cc1d819f3ef238c91665a6c29315115f85b9fa5a)
[m[2m2026-10-01 05:24:15.019+0000[m[2m | [m[2mBftProcessorExecutor-QBFT-0[m[2m | [m[32mINFO [m[2m | [m[2mQbftBesuControllerBuilder[m[2m | [m[32mImported empty block #514 / 0 tx / 0 pending / 0 (0.0%) gas / (0xd29b779bcf78fee49280a44dc746cb4d4c2614bccbd1bb3b2b7e794b56044d2a)
[m[2m2026-10-01 05:24:17.013+0000[m[2m | [m[2mBftProcessorExecutor-QBFT-0[m[2m | [m[32mINFO [m[2m | [m[2mQbftBesuControllerBuilder[m[2m | [m[32mImported empty block #515 / 0 tx / 0 pending / 0 (0.0%) gas / (0x388e0ffbdd3bf7c8e0cfc39ca7544407a8e715d39fb2b35fbdb8b930e0e13db7)
[m[2m2026-10-01 05:24:19.013+0000[m[2m | [m[2mBftProcessorExecutor-QBFT-0[m[2m | [m[32mINFO [m[2m | [m[2mQbftBesuControllerBuilder[m[2m | [m[32mImported empty block #516 / 0 tx / 0 pending / 0 (0.0%) gas / (0x5a80f3e96b89177608f9501729ea37c634d41302c0ecdde554104684db93f184)
[m[2m2026-10-01 05:24:21.012+0000[m[2m | [m[2mBftProcessorExecutor-QBFT-0[m[2m | [m[32mINFO [m[2m | [m[2mQbftBesuControllerBuilder[m[2m | [m[32mImported empty block #517 / 0 tx / 0 pending / 0 (0.0%) gas / (0x544144a5e6150ddb7c4e4196d5b82fa84ffea870c8c58da99c2851d3af779ebd)
[m[2m2026-10-01 05:24:23.009+0000[m[2m | [m[2mBftProcessorExecutor-QBFT-0[m[2m | [m[32mINFO [m[2m | [m[2mQbftBesuControllerBuilder[m[2m | [m[32mImported empty block #518 / 0 tx / 0 pending / 0 (0.0%) gas / (0x0749bb81353205e01d7358779bdf69ddd7ad2cea3cf0b543f5c6c0aba08ff7d6)
[m[2m2026-10-01 05:24:25.013+0000[m[2m | [m[2mBftProcessorExecutor-QBFT-0[m[2m | [m[32mINFO [m[2m | [m[2mQbftBesuControllerBuilder[m[2m | [m[32mProduced empty block #519 / 0 tx / 0 pending / 0 (0.0%) gas / (0x10d79b35f80768d48085e225a1ec0254a32f64ae7a38a0664d873104d8f0e17b)
[m[2m2026-10-01 05:24:25.013+0000[m[2m | [m[2mEthScheduler-Workers-15[m[2m | [m[32mINFO [m[2m | [m[2mPersistBlockTask[m[2m | [m[32mBlock 519 (0x10d79b35f80768d48085e225a1ec0254a32f64ae7a38a0664d873104d8f0e17b) is already imported
[m[2m2026-10-01 05:24:27.009+0000[m[2m | [m[2mBftProcessorExecutor-QBFT-0[m[2m | [m[32mINFO [m[2m | [m[2mQbftBesuControllerBuilder[m[2m | [m[32mImported empty block #520 / 0 tx / 0 pending / 0 (0.0%) gas / (0xf69acb887876d22a68a1f38f0bdfc1c6692184cf66bd7c5548bd53abe9dc7097)
[m[2m2026-10-01 05:24:30.104+0000[m[2m | [m[2mEthScheduler-Workers-14[m[2m | [m[32mINFO [m[2m | [m[2mPersistBlockTask[m[2m | [m[32mBlock 521 (0x6728661a3385bdfc09a013d82b057a450054010cdc4898885158057c46fe8590) is already imported
[m[2m2026-10-01 05:24:30.104+0000[m[2m | [m[2mBftProcessorExecutor-QBFT-0[m[2m | [m[32mINFO [m[2m | [m[2mQbftBesuControllerBuilder[m[2m | [m[32mImported empty block #521 / 0 tx / 0 pending / 0 (0.0%) gas / (0x6728661a3385bdfc09a013d82b057a450054010cdc4898885158057c46fe8590)
[m[2m2026-10-01 05:24:32.054+0000[m[2m | [m[2mBftProcessorExecutor-QBFT-0[m[2m | [m[32mINFO [m[2m | [m[2mQbftBesuControllerBuilder[m[2m | [m[32mImported empty block #522 / 0 tx / 0 pending / 0 (0.0%) gas / (0xaa1f6004822532bbf98fd9ef31224fb575d8761b6e5ab0f675954b76b6addbdd)
[m[2m2026-10-01 05:24:34.472+0000[m[2m | [m[2mBftProcessorExecutor-QBFT-0[m[2m | [m[32mINFO [m[2m | [m[2mQbftBesuControllerBuilder[m[2m | [m[32mImported empty block #523 / 0 tx / 0 pending / 0 (0.0%) gas / (0xa104a7410699a0a1c4c09705c906c2ab3ca2a5906d949e70868f44a9b9007b21)
[m[2m2026-10-01 05:24:36.234+0000[m[2m | [m[2mBftProcessorExecutor-QBFT-0[m[2m | [m[32mINFO [m[2m | [m[2mQbftBesuControllerBuilder[m[2m | [m[32mImported empty block #524 / 0 tx / 0 pending / 0 (0.0%) gas / (0xdcf969e8027894b133659270d0e5ea348069e325671380488320a698d3ecfa02)
[m[2m2026-10-01 05:24:36.242+0000[m[2m | [m[2mEthScheduler-Workers-10[m[2m | [m[32mINFO [m[2m | [m[2mPersistBlockTask[m[2m | [m[32mBlock 524 (0xdcf969e8027894b133659270d0e5ea348069e325671380488320a698d3ecfa02) is already imported
[m[2m2026-10-01 05:24:38.449+0000[m[2m | [m[2mBftProcessorExecutor-QBFT-0[m[2m | [m[32mINFO [m[2m | [m[2mQbftBesuControllerBuilder[m[2m | [m[32mProduced empty block #525 / 0 tx / 0 pending / 0 (0.0%) gas / (0x76e0c6325bd28a521910f90b3ce07b7ee179aff30982f092f1c78679a5a40813)
[m[2m2026-10-01 05:24:38.468+0000[m[2m | [m[2mEthScheduler-Workers-9[m[2m | [m[32mINFO [m[2m | [m[2mPersistBlockTask[m[2m | [m[32mBlock 525 (0x76e0c6325bd28a521910f90b3ce07b7ee179aff30982f092f1c78679a5a40813) is already imported
[m[2m2026-10-01 05:24:40.283+0000[m[2m | [m[2mBftProcessorExecutor-QBFT-0[m[2m | [m[32mINFO [m[2m | [m[2mQbftBesuControllerBuilder[m[2m | [m[32mImported empty block #526 / 0 tx / 0 pending / 0 (0.0%) gas / (0x9a175c1e756c87172459cb594fa1a0e9c7f339190e0f0da46befa1d9184c27c5)
[m[2m2026-10-01 05:24:42.090+0000[m[2m | [m[2mEthScheduler-Workers-13[m[2m | [m[32mINFO [m[2m | [m[2mPersistBlockTask[m[2m | [m[32mImported empty block #527 / 0 tx / 0 om / 0 (0.0%) gas / (0xb6950149f6d31137ac04bd477b16ae3bd1001ccd78e7945f2ba418c276680107) in 0.000s. Peers: 5
[m[2m2026-10-01 05:24:42.092+0000[m[2m | [m[2mBftProcessorExecutor-QBFT-0[m[2m | [m[32mINFO [m[2m | [m[2mQbftBesuControllerBuilder[m[2m | [m[32mImported empty block #527 / 0 tx / 0 pending / 0 (0.0%) gas / (0xb6950149f6d31137ac04bd477b16ae3bd1001ccd78e7945f2ba418c276680107)
[m[2m2026-10-01 05:24:44.074+0000[m[2m | [m[2mEthScheduler-Workers-17[m[2m | [m[32mINFO [m[2m | [m[2mPersistBlockTask[m[2m | [m[32mImported empty block #528 / 0 tx / 0 om / 0 (0.0%) gas / (0xfa4e8650e365429d9d697f8d0ffa3bd4d5c69b81ba6dad5f5541e5d0a1b27e9f) in 0.000s. Peers: 5
[m[2m2026-10-01 05:24:46.029+0000[m[2m | [m[2mEthScheduler-Workers-12[m[2m | [m[32mINFO [m[2m | [m[2mPersistBlockTask[m[2m | [m[32mImported empty block #529 / 0 tx / 0 om / 0 (0.0%) gas / (0xfa3aeb4fc4f11820ee2d3fc7c817dca4b5f9b97496c4f7288db641346a3d5b7f) in 0.000s. Peers: 5
[m[2m2026-10-01 05:24:48.084+0000[m[2m | [m[2mEthScheduler-Workers-16[m[2m | [m[32mINFO [m[2m | [m[2mPersistBlockTask[m[2m | [m[32mBlock 530 (0xe5f1a3ab25d821152cfd3b472e0076e14bb5177aef64f784ababc5795e13cb6c) is already imported
[m[2m2026-10-01 05:24:48.084+0000[m[2m | [m[2mBftProcessorExecutor-QBFT-0[m[2m | [m[32mINFO [m[2m | [m[2mQbftBesuControllerBuilder[m[2m | [m[32mImported empty block #530 / 0 tx / 0 pending / 0 (0.0%) gas / (0xe5f1a3ab25d821152cfd3b472e0076e14bb5177aef64f784ababc5795e13cb6c)
[m[2m2026-10-01 05:24:50.039+0000[m[2m | [m[2mBftProcessorExecutor-QBFT-0[m[2m | [m[32mINFO [m[2m | [m[2mQbftBesuControllerBuilder[m[2m | [m[32mProduced empty block #531 / 0 tx / 0 pending / 0 (0.0%) gas / (0x03961d3b0997b7f88124422bbb19a9685b5ccd4e54df4772a0410031ff5d5662)
[m[2m2026-10-01 05:24:52.067+0000[m[2m | [m[2mEthScheduler-Workers-15[m[2m | [m[32mINFO [m[2m | [m[2mPersistBlockTask[m[2m | [m[32mImported empty block #532 / 0 tx / 0 om / 0 (0.0%) gas / (0x669a8fa9d6c979953652f276f5223009c25693799c91df37d8b80aa9e712668a) in 0.000s. Peers: 5
[m[2m2026-10-01 05:24:54.061+0000[m[2m | [m[2mEthScheduler-Workers-14[m[2m | [m[32mINFO [m[2m | [m[2mPersistBlockTask[m[2m | [m[32mImported empty block #533 / 0 tx / 0 om / 0 (0.0%) gas / (0x274b7537461396ea79985b4dff4b86452f18396bf7e3e97ac6c7278918a83511) in 0.000s. Peers: 5
[m[2m2026-10-01 05:24:56.054+0000[m[2m | [m[2mBftProcessorExecutor-QBFT-0[m[2m | [m[32mINFO [m[2m | [m[2mQbftBesuControllerBuilder[m[2m | [m[32mImported empty block #534 / 0 tx / 0 pending / 0 (0.0%) gas / (0xba9c3bb63db4cd74374a7015f4c46e12c97cc28611eae83096507783045450ca)
[m[2m2026-10-01 05:24:56.055+0000[m[2m | [m[2mEthScheduler-Workers-10[m[2m | [m[32mINFO [m[2m | [m[2mPersistBlockTask[m[2m | [m[32mImported empty block #534 / 0 tx / 0 om / 0 (0.0%) gas / (0xba9c3bb63db4cd74374a7015f4c46e12c97cc28611eae83096507783045450ca) in 0.000s. Peers: 5
[m[2m2026-10-01 05:24:58.060+0000[m[2m | [m[2mEthScheduler-Workers-16[m[2m | [m[32mINFO [m[2m | [m[2mPersistBlockTask[m[2m | [m[32mImported empty block #535 / 0 tx / 0 om / 0 (0.0%) gas / (0x661c5b3a5f47270aee1f1d92ce86a980b1dc5c13d89219253b84fad61848cbb3) in 0.000s. Peers: 5
[m[2m2026-10-01 05:24:58.061+0000[m[2m | [m[2mBftProcessorExecutor-QBFT-0[m[2m | [m[32mINFO [m[2m | [m[2mQbftBesuControllerBuilder[m[2m | [m[32mImported empty block #535 / 0 tx / 0 pending / 0 (0.0%) gas / (0x661c5b3a5f47270aee1f1d92ce86a980b1dc5c13d89219253b84fad61848cbb3)
[m[2m2026-10-01 05:25:01.206+0000[m[2m | [m[2mBftProcessorExecutor-QBFT-0[m[2m | [m[32mINFO [m[2m | [m[2mQbftBesuControllerBuilder[m[2m | [m[32mImported empty block #536 / 0 tx / 0 pending / 0 (0.0%) gas / (0x06f6b89b9d02af57b661628799aa23825eb4e8510fb2510f4b849b9c6d1042c0)
[m[2m2026-10-01 05:25:01.193+0000[m[2m | [m[2mEthScheduler-Workers-13[m[2m | [m[32mINFO [m[2m | [m[2mPersistBlockTask[m[2m | [m[32mBlock 536 (0x06f6b89b9d02af57b661628799aa23825eb4e8510fb2510f4b849b9c6d1042c0) is already imported
[m[2m2026-10-01 05:25:03.038+0000[m[2m | [m[2mBftProcessorExecutor-QBFT-0[m[2m | [m[32mINFO [m[2m | [m[2mQbftBesuControllerBuilder[m[2m | [m[32mProduced empty block #537 / 0 tx / 0 pending / 0 (0.0%) gas / (0x105fa89b455cf47d066aa9f0d78c1f6b735de22fa12185b67ec8bd17091c17c5)
[m[2m2026-10-01 05:25:05.025+0000[m[2m | [m[2mBftProcessorExecutor-QBFT-0[m[2m | [m[32mINFO [m[2m | [m[2mQbftBesuControllerBuilder[m[2m | [m[32mImported empty block #538 / 0 tx / 0 pending / 0 (0.0%) gas / (0xda74b212abcc60b7be9bb098333c5d55f9610a85de7847551caf09113571a319)
[m[2m2026-10-01 05:25:07.024+0000[m[2m | [m[2mBftProcessorExecutor-QBFT-0[m[2m | [m[32mINFO [m[2m | [m[2mQbftBesuControllerBuilder[m[2m | [m[32mImported empty block #539 / 0 tx / 0 pending / 0 (0.0%) gas / (0xe65f7bffc117ebd0d645c565d4721ff09f0524afa41e0fa274ce7cfff9391df3)
[m[2m2026-10-01 05:25:09.039+0000[m[2m | [m[2mBftProcessorExecutor-QBFT-0[m[2m | [m[32mINFO [m[2m | [m[2mQbftBesuControllerBuilder[m[2m | [m[32mImported empty block #540 / 0 tx / 0 pending / 0 (0.0%) gas / (0xdad9742037c73760c0de27cc18c5bafd9c7de58a5b04b6d0e7efee3dd5335e2c)
[m[2m2026-10-01 05:25:11.013+0000[m[2m | [m[2mBftProcessorExecutor-QBFT-0[m[2m | [m[32mINFO [m[2m | [m[2mQbftBesuControllerBuilder[m[2m | [m[32mImported empty block #541 / 0 tx / 0 pending / 0 (0.0%) gas / (0xd65ab83a9c9684965d1dd73dc0d7d14faab21a1e92d3a3a1ef32a6db8aac1e63)
[m[2m2026-10-01 05:25:13.027+0000[m[2m | [m[2mBftProcessorExecutor-QBFT-0[m[2m | [m[32mINFO [m[2m | [m[2mQbftBesuControllerBuilder[m[2m | [m[32mImported empty block #542 / 0 tx / 0 pending / 0 (0.0%) gas / (0x1c2d5315562a4e8d289bc6df705e2505813cd80ea120e5614223d846f14d062b)
[m[2m2026-10-01 05:25:15.036+0000[m[2m | [m[2mBftProcessorExecutor-QBFT-0[m[2m | [m[32mINFO [m[2m | [m[2mQbftBesuControllerBuilder[m[2m | [m[32mProduced empty block #543 / 0 tx / 0 pending / 0 (0.0%) gas / (0x82645515ea24c5b7fd1df26200bd0eafc9e9d27729f319f4f373abe5728827d4)
[m[2m2026-10-01 05:25:17.031+0000[m[2m | [m[2mBftProcessorExecutor-QBFT-0[m[2m | [m[32mINFO [m[2m | [m[2mQbftBesuControllerBuilder[m[2m | [m[32mImported empty block #544 / 0 tx / 0 pending / 0 (0.0%) gas / (0xac042f601c3fa9cb7600f37bf042c03599990f046e676cbb77a3ca20d6fdb8b9)
[m[2m2026-10-01 05:25:19.039+0000[m[2m | [m[2mBftProcessorExecutor-QBFT-0[m[2m | [m[32mINFO [m[2m | [m[2mQbftBesuControllerBuilder[m[2m | [m[32mImported empty block #545 / 0 tx / 0 pending / 0 (0.0%) gas / (0x063be5bf35ecdd3c77851b5b2bc2fe2a2f02bfa0f6f92db4755678f5a1fbd833)
[m[2m2026-10-01 05:25:21.025+0000[m[2m | [m[2mBftProcessorExecutor-QBFT-0[m[2m | [m[32mINFO [m[2m | [m[2mQbftBesuControllerBuilder[m[2m | [m[32mImported empty block #546 / 0 tx / 0 pending / 0 (0.0%) gas / (0x6a80b372d7609fc11c0c9dbdfc587f3f4d43425b65f8c6d7e1c37b53206dd7b3)
[m[2m2026-10-01 05:25:23.032+0000[m[2m | [m[2mBftProcessorExecutor-QBFT-0[m[2m | [m[32mINFO [m[2m | [m[2mQbftBesuControllerBuilder[m[2m | [m[32mImported empty block #547 / 0 tx / 0 pending / 0 (0.0%) gas / (0x64cb530856fdf6f15a2809343a2033a2ca4d3d218a7d9b564d29c6a32e6a465d)
[m[2m2026-10-01 05:25:25.242+0000[m[2m | [m[2mEthScheduler-Workers-17[m[2m | [m[32mINFO [m[2m | [m[2mPersistBlockTask[m[2m | [m[32mImported empty block #548 / 0 tx / 0 om / 0 (0.0%) gas / (0xc22376da7474eb05032c1d86d4fad47aaaa053b0382d7719ec2db1ed7356e9b7) in 0.000s. Peers: 5
[m[2m2026-10-01 05:25:25.267+0000[m[2m | [m[2mBftProcessorExecutor-QBFT-0[m[2m | [m[32mINFO [m[2m | [m[2mQbftBesuControllerBuilder[m[2m | [m[32mImported empty block #548 / 0 tx / 0 pending / 0 (0.0%) gas / (0xc22376da7474eb05032c1d86d4fad47aaaa053b0382d7719ec2db1ed7356e9b7)
[m[2m2026-10-01 05:25:27.057+0000[m[2m | [m[2mEthScheduler-Workers-12[m[2m | [m[32mINFO [m[2m | [m[2mPersistBlockTask[m[2m | [m[32mImported empty block #549 / 0 tx / 0 om / 0 (0.0%) gas / (0x0017df4e40b7d99a5596da4ed75098193f9e3dce55bfe12a83e8f30c903cea15) in 0.000s. Peers: 5
[m[2m2026-10-01 05:25:29.072+0000[m[2m | [m[2mEthScheduler-Workers-9[m[2m | [m[32mINFO [m[2m | [m[2mPersistBlockTask[m[2m | [m[32mBlock 550 (0x01193d86795689f9f93df1432528275bda1fced9a60f9d4bf8dba17caf14fd27) is already imported
[m[2m2026-10-01 05:25:29.073+0000[m[2m | [m[2mBftProcessorExecutor-QBFT-0[m[2m | [m[32mINFO [m[2m | [m[2mQbftBesuControllerBuilder[m[2m | [m[32mImported empty block #550 / 0 tx / 0 pending / 0 (0.0%) gas / (0x01193d86795689f9f93df1432528275bda1fced9a60f9d4bf8dba17caf14fd27)
[m[2m2026-10-01 05:25:32.110+0000[m[2m | [m[2mEthScheduler-Workers-13[m[2m | [m[32mINFO [m[2m | [m[2mPersistBlockTask[m[2m | [m[32mImported empty block #551 / 0 tx / 0 om / 0 (0.0%) gas / (0x8dd5f090c9ff106eeebd728d9ff03b6574bd9c9bd3bfafe1950f590f40f0c260) in 0.000s. Peers: 5
[m[2m2026-10-01 05:25:34.021+0000[m[2m | [m[2mBftProcessorExecutor-QBFT-0[m[2m | [m[32mINFO [m[2m | [m[2mQbftBesuControllerBuilder[m[2m | [m[32mImported empty block #552 / 0 tx / 0 pending / 0 (0.0%) gas / (0x2f666b50b169b3f5283360670a697961702e3234eb616d89f2a55a64da8cf939)
[m[2m2026-10-01 05:25:36.025+0000[m[2m | [m[2mBftProcessorExecutor-QBFT-0[m[2m | [m[32mINFO [m[2m | [m[2mQbftBesuControllerBuilder[m[2m | [m[32mImported empty block #553 / 0 tx / 0 pending / 0 (0.0%) gas / (0x9e386f4fac35e6db86be67ce56723cfde002b1f47e51e9b5e1c415acf3f88499)
[m[2m2026-10-01 05:25:38.054+0000[m[2m | [m[2mBftProcessorExecutor-QBFT-0[m[2m | [m[32mINFO [m[2m | [m[2mQbftBesuControllerBuilder[m[2m | [m[32mImported empty block #554 / 0 tx / 0 pending / 0 (0.0%) gas / (0x10fb4dd7c7304aed3f5a1942f7b2c7a049be831b07eb84d0c7cd418394c30741)
[m[2m2026-10-01 05:25:38.057+0000[m[2m | [m[2mEthScheduler-Workers-14[m[2m | [m[32mINFO [m[2m | [m[2mPersistBlockTask[m[2m | [m[32mBlock 554 (0x10fb4dd7c7304aed3f5a1942f7b2c7a049be831b07eb84d0c7cd418394c30741) is already imported
[m[2m2026-10-01 05:25:40.044+0000[m[2m | [m[2mBftProcessorExecutor-QBFT-0[m[2m | [m[32mINFO [m[2m | [m[2mQbftBesuControllerBuilder[m[2m | [m[32mProduced empty block #555 / 0 tx / 0 pending / 0 (0.0%) gas / (0x6579cf4800109288f1dc65dc9484831ca60b04c0d7f9d09e2686e66149cd75ea)
[m[2m2026-10-01 05:25:42.050+0000[m[2m | [m[2mBftProcessorExecutor-QBFT-0[m[2m | [m[32mINFO [m[2m | [m[2mQbftBesuControllerBuilder[m[2m | [m[32mImported empty block #556 / 0 tx / 0 pending / 0 (0.0%) gas / (0x9f56573b67f877e7858e699f7347308d7685ec17ea6f864120af6a637a4a0f95)
[m[2m2026-10-01 05:25:44.166+0000[m[2m | [m[2mEthScheduler-Workers-10[m[2m | [m[32mINFO [m[2m | [m[2mPersistBlockTask[m[2m | [m[32mBlock 557 (0x63fabccec280f5a8568d1ff8934f4f79aa289feba802a3534205f1a274c84a5e) is already imported
[m[2m2026-10-01 05:25:44.165+0000[m[2m | [m[2mBftProcessorExecutor-QBFT-0[m[2m | [m[32mINFO [m[2m | [m[2mQbftBesuControllerBuilder[m[2m | [m[32mImported empty block #557 / 0 tx / 0 pending / 0 (0.0%) gas / (0x63fabccec280f5a8568d1ff8934f4f79aa289feba802a3534205f1a274c84a5e)
[m[2m2026-10-01 05:25:46.060+0000[m[2m | [m[2mBftProcessorExecutor-QBFT-0[m[2m | [m[32mINFO [m[2m | [m[2mQbftBesuControllerBuilder[m[2m | [m[32mImported empty block #558 / 0 tx / 0 pending / 0 (0.0%) gas / (0x9259856abca0b29b2e155744b243a100ff1a2fd226427eae68cb5a29e8aaa6e0)
[m[2m2026-10-01 05:25:46.061+0000[m[2m | [m[2mEthScheduler-Workers-16[m[2m | [m[32mINFO [m[2m | [m[2mPersistBlockTask[m[2m | [m[32mBlock 558 (0x9259856abca0b29b2e155744b243a100ff1a2fd226427eae68cb5a29e8aaa6e0) is already imported
[m[2m2026-10-01 05:25:48.041+0000[m[2m | [m[2mBftProcessorExecutor-QBFT-0[m[2m | [m[32mINFO [m[2m | [m[2mQbftBesuControllerBuilder[m[2m | [m[32mImported empty block #559 / 0 tx / 0 pending / 0 (0.0%) gas / (0xf251e5782c6702e85e4694bb1eee8d7342b48d162ecf348c6f5167aa23995931)
[m[2m2026-10-01 05:25:50.068+0000[m[2m | [m[2mEthScheduler-Workers-15[m[2m | [m[32mINFO [m[2m | [m[2mPersistBlockTask[m[2m | [m[32mImported empty block #560 / 0 tx / 0 om / 0 (0.0%) gas / (0xa571430db6d19e4c2332af6514937945337c2043462adba36632b870a843b1d5) in 0.000s. Peers: 5
[m[2m2026-10-01 05:25:52.212+0000[m[2m | [m[2mEthScheduler-Workers-17[m[2m | [m[32mINFO [m[2m | [m[2mPersistBlockTask[m[2m | [m[32mImported empty block #561 / 0 tx / 0 om / 0 (0.0%) gas / (0x9ab12c2f2f95864530a8914d19dd0ebac8e626b53450f7988a4bc4d372a9eb9a) in 0.000s. Peers: 5
[m[2m2026-10-01 05:25:54.030+0000[m[2m | [m[2mBftProcessorExecutor-QBFT-0[m[2m | [m[32mINFO [m[2m | [m[2mQbftBesuControllerBuilder[m[2m | [m[32mImported empty block #562 / 0 tx / 0 pending / 0 (0.0%) gas / (0x01018b71eda1b111a76fc013f92805d331cb6f09f619c83d7cc272b0b13e5058)
[m[2m2026-10-01 05:25:56.028+0000[m[2m | [m[2mEthScheduler-Workers-12[m[2m | [m[32mINFO [m[2m | [m[2mPersistBlockTask[m[2m | [m[32mImported empty block #563 / 0 tx / 0 om / 0 (0.0%) gas / (0x67c15e9f60768b75a57f8e62af371b873700a7213e5527a81bfe0f729ca8346d) in 0.000s. Peers: 5
[m[2m2026-10-01 05:25:56.029+0000[m[2m | [m[2mBftProcessorExecutor-QBFT-0[m[2m | [m[32mINFO [m[2m | [m[2mQbftBesuControllerBuilder[m[2m | [m[32mImported empty block #563 / 0 tx / 0 pending / 0 (0.0%) gas / (0x67c15e9f60768b75a57f8e62af371b873700a7213e5527a81bfe0f729ca8346d)
[m[2m2026-10-01 05:25:58.042+0000[m[2m | [m[2mBftProcessorExecutor-QBFT-0[m[2m | [m[32mINFO [m[2m | [m[2mQbftBesuControllerBuilder[m[2m | [m[32mImported empty block #564 / 0 tx / 0 pending / 0 (0.0%) gas / (0x81078f98489012cd6ce3d409edda05958ed153b619c6a28104f49fe02fefe43c)
[m[2m2026-10-01 05:25:58.049+0000[m[2m | [m[2mEthScheduler-Workers-9[m[2m | [m[32mINFO [m[2m | [m[2mPersistBlockTask[m[2m | [m[32mImported empty block #564 / 0 tx / 0 om / 0 (0.0%) gas / (0x81078f98489012cd6ce3d409edda05958ed153b619c6a28104f49fe02fefe43c) in 0.000s. Peers: 5
[m[2m2026-10-01 05:26:00.029+0000[m[2m | [m[2mBftProcessorExecutor-QBFT-0[m[2m | [m[32mINFO [m[2m | [m[2mQbftBesuControllerBuilder[m[2m | [m[32mImported empty block #565 / 0 tx / 0 pending / 0 (0.0%) gas / (0x7ea6dc2ea9638826060b6c14e906bd7e9d657bd7da65f7e89b92176ebebba4d0)
[m[2m2026-10-01 05:26:03.107+0000[m[2m | [m[2mBftProcessorExecutor-QBFT-0[m[2m | [m[32mINFO [m[2m | [m[2mQbftBesuControllerBuilder[m[2m | [m[32mImported empty block #566 / 0 tx / 0 pending / 0 (0.0%) gas / (0x3989a3a918280b5d9e70b84eadc6449f29935dc0bcac520418969f6077d27cf4)
[m[2m2026-10-01 05:26:04.100+0000[m[2m | [m[2mEthScheduler-Workers-13[m[2m | [m[32mINFO [m[2m | [m[2mPersistBlockTask[m[2m | [m[32mImported empty block #567 / 0 tx / 0 om / 0 (0.0%) gas / (0x46aa02915b85b8f60003edc3c48677469abd4fa963e576cd67b98a5a646fdf4e) in 0.000s. Peers: 5
[m[2m2026-10-01 05:26:04.100+0000[m[2m | [m[2mBftProcessorExecutor-QBFT-0[m[2m | [m[32mINFO [m[2m | [m[2mQbftBesuControllerBuilder[m[2m | [m[32mProduced empty block #567 / 0 tx / 0 pending / 0 (0.0%) gas / (0x46aa02915b85b8f60003edc3c48677469abd4fa963e576cd67b98a5a646fdf4e)
[m[2m2026-10-01 05:26:06.047+0000[m[2m | [m[2mEthScheduler-Workers-14[m[2m | [m[32mINFO [m[2m | [m[2mPersistBlockTask[m[2m | [m[32mBlock 568 (0xbe922500050920fd6a0bbc47a5d87480cf73385c86221631eb66761626e6b5b9) is already imported
[m[2m2026-10-01 05:26:06.047+0000[m[2m | [m[2mBftProcessorExecutor-QBFT-0[m[2m | [m[32mINFO [m[2m | [m[2mQbftBesuControllerBuilder[m[2m | [m[32mImported empty block #568 / 0 tx / 0 pending / 0 (0.0%) gas / (0xbe922500050920fd6a0bbc47a5d87480cf73385c86221631eb66761626e6b5b9)
[m[2m2026-10-01 05:26:08.052+0000[m[2m | [m[2mBftProcessorExecutor-QBFT-0[m[2m | [m[32mINFO [m[2m | [m[2mQbftBesuControllerBuilder[m[2m | [m[32mImported empty block #569 / 0 tx / 0 pending / 0 (0.0%) gas / (0xa6fadb926432f70bd48ed132b0bb298fe947c897e2b4882169414eae06c9794c)
[m[2m2026-10-01 05:26:08.055+0000[m[2m | [m[2mEthScheduler-Workers-10[m[2m | [m[32mINFO [m[2m | [m[2mPersistBlockTask[m[2m | [m[32mBlock 569 (0xa6fadb926432f70bd48ed132b0bb298fe947c897e2b4882169414eae06c9794c) is already imported
[m[2m2026-10-01 05:26:10.038+0000[m[2m | [m[2mBftProcessorExecutor-QBFT-0[m[2m | [m[32mINFO [m[2m | [m[2mQbftBesuControllerBuilder[m[2m | [m[32mImported empty block #570 / 0 tx / 0 pending / 0 (0.0%) gas / (0x50445bbf54284fa78c1f309ebb5b75da1135a407d9e99eb0d96d9b91507ec54a)
[m[2m2026-10-01 05:26:12.154+0000[m[2m | [m[2mBftProcessorExecutor-QBFT-0[m[2m | [m[32mINFO [m[2m | [m[2mQbftBesuControllerBuilder[m[2m | [m[32mImported empty block #571 / 0 tx / 0 pending / 0 (0.0%) gas / (0x250cd5f7fe63192bf7e9661874c50c254d079ac4acc468b3491efe3a885ff06a)
[m[2m2026-10-01 05:26:12.154+0000[m[2m | [m[2mEthScheduler-Workers-16[m[2m | [m[32mINFO [m[2m | [m[2mPersistBlockTask[m[2m | [m[32mBlock 571 (0x250cd5f7fe63192bf7e9661874c50c254d079ac4acc468b3491efe3a885ff06a) is already imported
[m[2m2026-10-01 05:26:14.190+0000[m[2m | [m[2mBftProcessorExecutor-QBFT-0[m[2m | [m[32mINFO [m[2m | [m[2mQbftBesuControllerBuilder[m[2m | [m[32mImported empty block #572 / 0 tx / 0 pending / 0 (0.0%) gas / (0xc33a454c75d79a46964b751865932239b12c091842e3ceb22ab4f7480cd02555)
[m[2m2026-10-01 05:26:16.251+0000[m[2m | [m[2mBftProcessorExecutor-QBFT-0[m[2m | [m[32mINFO [m[2m | [m[2mQbftBesuControllerBuilder[m[2m | [m[32mProduced empty block #573 / 0 tx / 0 pending / 0 (0.0%) gas / (0x5a37db2d87b8cca0dd1924ab4b32857cac644eb2136465db2180267c546ac7b5)
[m[2m2026-10-01 05:26:18.082+0000[m[2m | [m[2mBftProcessorExecutor-QBFT-0[m[2m | [m[32mINFO [m[2m | [m[2mQbftBesuControllerBuilder[m[2m | [m[32mImported empty block #574 / 0 tx / 0 pending / 0 (0.0%) gas / (0x9fc809ec7b905f5b6a4986a3d402b55b65f0a6a24390581bbd82fe4bea86cf19)
[m[2m2026-10-01 05:26:18.083+0000[m[2m | [m[2mEthScheduler-Workers-15[m[2m | [m[32mINFO [m[2m | [m[2mPersistBlockTask[m[2m | [m[32mBlock 574 (0x9fc809ec7b905f5b6a4986a3d402b55b65f0a6a24390581bbd82fe4bea86cf19) is already imported
[m[2m2026-10-01 05:26:20.081+0000[m[2m | [m[2mBftProcessorExecutor-QBFT-0[m[2m | [m[32mINFO [m[2m | [m[2mQbftBesuControllerBuilder[m[2m | [m[32mImported empty block #575 / 0 tx / 0 pending / 0 (0.0%) gas / (0x591df1f6d6813bfaf120fdb68bf35fb729894e1110eaaa39a28f016157a895a6)
[m[2m2026-10-01 05:26:20.081+0000[m[2m | [m[2mEthScheduler-Workers-17[m[2m | [m[32mINFO [m[2m | [m[2mPersistBlockTask[m[2m | [m[32mBlock 575 (0x591df1f6d6813bfaf120fdb68bf35fb729894e1110eaaa39a28f016157a895a6) is already imported
[m[2m2026-10-01 05:26:22.069+0000[m[2m | [m[2mBftProcessorExecutor-QBFT-0[m[2m | [m[32mINFO [m[2m | [m[2mQbftBesuControllerBuilder[m[2m | [m[32mImported empty block #576 / 0 tx / 0 pending / 0 (0.0%) gas / (0x6b5ab2e06bf55651ed775f66404fe7567a49061d31b36c4ba0fcfcbf36b79a14)
[m[2m2026-10-01 05:26:22.069+0000[m[2m | [m[2mEthScheduler-Workers-12[m[2m | [m[32mINFO [m[2m | [m[2mPersistBlockTask[m[2m | [m[32mBlock 576 (0x6b5ab2e06bf55651ed775f66404fe7567a49061d31b36c4ba0fcfcbf36b79a14) is already imported
[m[2m2026-10-01 05:26:24.121+0000[m[2m | [m[2mEthScheduler-Workers-9[m[2m | [m[32mINFO [m[2m | [m[2mPersistBlockTask[m[2m | [m[32mImported empty block #577 / 0 tx / 0 om / 0 (0.0%) gas / (0xcc659168dcfaaca626ee4b70455e303386d416ecec4f26a1ee4513a3646b5433) in 0.000s. Peers: 5
[m[2m2026-10-01 05:26:26.083+0000[m[2m | [m[2mBftProcessorExecutor-QBFT-0[m[2m | [m[32mINFO [m[2m | [m[2mQbftBesuControllerBuilder[m[2m | [m[32mImported empty block #578 / 0 tx / 0 pending / 0 (0.0%) gas / (0x271d478f14a9f457a31a979280e2545b1220034836769b553ed7b0f62026c655)
[m[2m2026-10-01 05:26:26.088+0000[m[2m | [m[2mEthScheduler-Workers-13[m[2m | [m[32mINFO [m[2m | [m[2mPersistBlockTask[m[2m | [m[32mImported empty block #578 / 0 tx / 0 om / 0 (0.0%) gas / (0x271d478f14a9f457a31a979280e2545b1220034836769b553ed7b0f62026c655) in 0.000s. Peers: 5
[m[2m2026-10-01 05:26:28.059+0000[m[2m | [m[2mEthScheduler-Workers-14[m[2m | [m[32mINFO [m[2m | [m[2mPersistBlockTask[m[2m | [m[32mBlock 579 (0xa7b9a71a42d87f43349bc348420198b195c3c4986d82bee77acd4019754a3863) is already imported
[m[2m2026-10-01 05:26:28.064+0000[m[2m | [m[2mBftProcessorExecutor-QBFT-0[m[2m | [m[32mINFO [m[2m | [m[2mQbftBesuControllerBuilder[m[2m | [m[32mProduced empty block #579 / 0 tx / 0 pending / 0 (0.0%) gas / (0xa7b9a71a42d87f43349bc348420198b195c3c4986d82bee77acd4019754a3863)
[m[2m2026-10-01 05:26:30.093+0000[m[2m | [m[2mEthScheduler-Workers-10[m[2m | [m[32mINFO [m[2m | [m[2mPersistBlockTask[m[2m | [m[32mImported empty block #580 / 0 tx / 0 om / 0 (0.0%) gas / (0x8d143622fe432c844fa9cff241b512661068da473339626aeecc2bed2ddcaf40) in 0.000s. Peers: 5
[m[2m2026-10-01 05:26:30.095+0000[m[2m | [m[2mBftProcessorExecutor-QBFT-0[m[2m | [m[32mINFO [m[2m | [m[2mQbftBesuControllerBuilder[m[2m | [m[32mImported empty block #580 / 0 tx / 0 pending / 0 (0.0%) gas / (0x8d143622fe432c844fa9cff241b512661068da473339626aeecc2bed2ddcaf40)
[m[2m2026-10-01 05:26:32.109+0000[m[2m | [m[2mBftProcessorExecutor-QBFT-0[m[2m | [m[32mINFO [m[2m | [m[2mQbftBesuControllerBuilder[m[2m | [m[32mImported empty block #581 / 0 tx / 0 pending / 0 (0.0%) gas / (0x4b8fa8f37bfbf2b5e834f9a7a7f7cdcb107cd745c448a5d2b011eaf27fc52c84)
[m[2m2026-10-01 05:26:35.116+0000[m[2m | [m[2mBftProcessorExecutor-QBFT-0[m[2m | [m[32mINFO [m[2m | [m[2mQbftBesuControllerBuilder[m[2m | [m[32mImported empty block #582 / 0 tx / 0 pending / 0 (0.0%) gas / (0x8d8c06bb590be3f5fef37660fd54816a5c4cc4d6cdbbcb62b59e9c027480b205)
[m[2m2026-10-01 05:26:37.033+0000[m[2m | [m[2mBftProcessorExecutor-QBFT-0[m[2m | [m[32mINFO [m[2m | [m[2mQbftBesuControllerBuilder[m[2m | [m[32mImported empty block #583 / 0 tx / 0 pending / 0 (0.0%) gas / (0x678487ea2a411822ca1f39459025a4b9f4eb1f80c82592d3b64819c7f057abc8)
[m[2m2026-10-01 05:26:39.060+0000[m[2m | [m[2mBftProcessorExecutor-QBFT-0[m[2m | [m[32mINFO [m[2m | [m[2mQbftBesuControllerBuilder[m[2m | [m[32mImported empty block #584 / 0 tx / 0 pending / 0 (0.0%) gas / (0x6331ca17802f9c136067d24004c3931189e7129453c33ed7739a87686729ae93)
[m[2m2026-10-01 05:26:41.029+0000[m[2m | [m[2mEthScheduler-Workers-16[m[2m | [m[32mINFO [m[2m | [m[2mPersistBlockTask[m[2m | [m[32mBlock 585 (0x5163ec9a3b5ec5f107a810a6a41cb2a4d97339f2bd51c9862a8f769ce5e380bd) is already imported
[m[2m2026-10-01 05:26:41.029+0000[m[2m | [m[2mBftProcessorExecutor-QBFT-0[m[2m | [m[32mINFO [m[2m | [m[2mQbftBesuControllerBuilder[m[2m | [m[32mProduced empty block #585 / 0 tx / 0 pending / 0 (0.0%) gas / (0x5163ec9a3b5ec5f107a810a6a41cb2a4d97339f2bd51c9862a8f769ce5e380bd)
[m[2m2026-10-01 05:26:43.066+0000[m[2m | [m[2mBftProcessorExecutor-QBFT-0[m[2m | [m[32mINFO [m[2m | [m[2mQbftBesuControllerBuilder[m[2m | [m[32mImported empty block #586 / 0 tx / 0 pending / 0 (0.0%) gas / (0x9c3ac40dd44a7bd4b44ea8b9980530fce6692d064f70f673982e2f7fc6295a82)
[m[2m2026-10-01 05:26:45.046+0000[m[2m | [m[2mEthScheduler-Workers-15[m[2m | [m[32mINFO [m[2m | [m[2mPersistBlockTask[m[2m | [m[32mImported empty block #587 / 0 tx / 0 om / 0 (0.0%) gas / (0x52d4c3cf42db95514c7065d72237d9e436ed596b63607f71b4907308a12ce375) in 0.000s. Peers: 5
[m[2m2026-10-01 05:26:45.047+0000[m[2m | [m[2mBftProcessorExecutor-QBFT-0[m[2m | [m[32mINFO [m[2m | [m[2mQbftBesuControllerBuilder[m[2m | [m[32mImported empty block #587 / 0 tx / 0 pending / 0 (0.0%) gas / (0x52d4c3cf42db95514c7065d72237d9e436ed596b63607f71b4907308a12ce375)
[m[2m2026-10-01 05:26:47.027+0000[m[2m | [m[2mBftProcessorExecutor-QBFT-0[m[2m | [m[32mINFO [m[2m | [m[2mQbftBesuControllerBuilder[m[2m | [m[32mImported empty block #588 / 0 tx / 0 pending / 0 (0.0%) gas / (0x1b0fb17ad92d703773222d5519abf21b695c7298edd378ab7065bfd26bb951e0)
[m[2m2026-10-01 05:26:49.034+0000[m[2m | [m[2mBftProcessorExecutor-QBFT-0[m[2m | [m[32mINFO [m[2m | [m[2mQbftBesuControllerBuilder[m[2m | [m[32mImported empty block #589 / 0 tx / 0 pending / 0 (0.0%) gas / (0x532409b75ad25093f1faee225c9894097bec8c172b6ef8104575d1edfc8f90d1)
[m[2m2026-10-01 05:26:51.073+0000[m[2m | [m[2mBftProcessorExecutor-QBFT-0[m[2m | [m[32mINFO [m[2m | [m[2mQbftBesuControllerBuilder[m[2m | [m[32mImported empty block #590 / 0 tx / 0 pending / 0 (0.0%) gas / (0x0f6061b6b1b4679e357156f91f9b2ced6d5c1a5df7dbbcec89a71c701d31a201)
[m[2m2026-10-01 05:26:51.074+0000[m[2m | [m[2mEthScheduler-Workers-17[m[2m | [m[32mINFO [m[2m | [m[2mPersistBlockTask[m[2m | [m[32mBlock 590 (0x0f6061b6b1b4679e357156f91f9b2ced6d5c1a5df7dbbcec89a71c701d31a201) is already imported
[m[2m2026-10-01 05:26:53.033+0000[m[2m | [m[2mEthScheduler-Workers-12[m[2m | [m[32mINFO [m[2m | [m[2mPersistBlockTask[m[2m | [m[32mBlock 591 (0xe5845e6ea5a08de24b3c30179cedeea9e6b620405dc05c5b46f89fc262c09c38) is already imported
[m[2m2026-10-01 05:26:53.033+0000[m[2m | [m[2mBftProcessorExecutor-QBFT-0[m[2m | [m[32mINFO [m[2m | [m[2mQbftBesuControllerBuilder[m[2m | [m[32mProduced empty block #591 / 0 tx / 0 pending / 0 (0.0%) gas / (0xe5845e6ea5a08de24b3c30179cedeea9e6b620405dc05c5b46f89fc262c09c38)
[m[2m2026-10-01 05:26:55.446+0000[m[2m | [m[2mBftProcessorExecutor-QBFT-0[m[2m | [m[32mINFO [m[2m | [m[2mQbftBesuControllerBuilder[m[2m | [m[32mImported block       #592 / 1 tx / 0 pending / 330,801 (1.1%) gas / (0xa554abc7cb835cc4eb42ff9b2a0eb3a7251db458cc81fea065c83b136e677a52)
[m[2m2026-10-01 05:26:57.021+0000[m[2m | [m[2mBftProcessorExecutor-QBFT-0[m[2m | [m[32mINFO [m[2m | [m[2mQbftBesuControllerBuilder[m[2m | [m[32mImported empty block #593 / 0 tx / 0 pending / 0 (0.0%) gas / (0xb8df0d64477334b6e7304ef31e08832ed21979c62e3722afa528c384ac2c41fc)
[m[2m2026-10-01 05:26:59.027+0000[m[2m | [m[2mBftProcessorExecutor-QBFT-0[m[2m | [m[32mINFO [m[2m | [m[2mQbftBesuControllerBuilder[m[2m | [m[32mImported empty block #594 / 0 tx / 0 pending / 0 (0.0%) gas / (0x88dc843c3e832d9b913150fb6ffebc12697e095085244a3506cb6cf7a9ef45e8)
[m[2m2026-10-01 05:27:01.069+0000[m[2m | [m[2mEthScheduler-Workers-17[m[2m | [m[32mINFO [m[2m | [m[2mPersistBlockTask[m[2m | [m[32mImported empty block #595 / 0 tx / 0 om / 0 (0.0%) gas / (0xe82666e3d08d16bde7429083bcc840bfd7bf2dcb335e195fa665836b3f6fa0d8) in 0.000s. Peers: 5
[m[2m2026-10-01 05:27:01.069+0000[m[2m | [m[2mBftProcessorExecutor-QBFT-0[m[2m | [m[32mINFO [m[2m | [m[2mQbftBesuControllerBuilder[m[2m | [m[32mImported empty block #595 / 0 tx / 0 pending / 0 (0.0%) gas / (0xe82666e3d08d16bde7429083bcc840bfd7bf2dcb335e195fa665836b3f6fa0d8)
[m[2m2026-10-01 05:27:03.148+0000[m[2m | [m[2mEthScheduler-Workers-16[m[2m | [m[32mINFO [m[2m | [m[2mPersistBlockTask[m[2m | [m[32mImported block #596 / 1 tx / 0 om / 315,588 (1.1%) gas / (0x918f5b532361c9b44fd6171421e6da978d6b4b16aa4380b3e9843371370cef46) in 0.000s. Peers: 5
[m[2m2026-10-01 05:27:06.127+0000[m[2m | [m[2mEthScheduler-Workers-17[m[2m | [m[32mINFO [m[2m | [m[2mPersistBlockTask[m[2m | [m[32mImported empty block #597 / 0 tx / 0 om / 0 (0.0%) gas / (0x8198f3bacfedb48b05bafcffe778b53d8748b82328a7145588c5ce2a2e97209b) in 0.000s. Peers: 5
[m[2m2026-10-01 05:27:08.028+0000[m[2m | [m[2mEthScheduler-Workers-13[m[2m | [m[32mINFO [m[2m | [m[2mPersistBlockTask[m[2m | [m[32mImported empty block #598 / 0 tx / 0 om / 0 (0.0%) gas / (0xeec1b5e4dacdf60dfbf866eae7ca78bd0c35b3e3aa1ca1492afa817622663495) in 0.000s. Peers: 5
[m[2m2026-10-01 05:27:10.182+0000[m[2m | [m[2mEthScheduler-Workers-17[m[2m | [m[32mINFO [m[2m | [m[2mPersistBlockTask[m[2m | [m[32mBlock 599 (0x111761a11df2b6514f890e94fc5cc9fe89c51325cab00231070273a1e6a61a6f) is already imported
[m[2m2026-10-01 05:27:10.182+0000[m[2m | [m[2mBftProcessorExecutor-QBFT-0[m[2m | [m[32mINFO [m[2m | [m[2mQbftBesuControllerBuilder[m[2m | [m[32mImported block       #599 / 1 tx / 0 pending / 310,500 (1.0%) gas / (0x111761a11df2b6514f890e94fc5cc9fe89c51325cab00231070273a1e6a61a6f)
[m[2m2026-10-01 05:27:12.027+0000[m[2m | [m[2mBftProcessorExecutor-QBFT-0[m[2m | [m[32mINFO [m[2m | [m[2mQbftBesuControllerBuilder[m[2m | [m[32mImported empty block #600 / 0 tx / 0 pending / 0 (0.0%) gas / (0x9aa116b16136accbffbd896ea0e6a86db1f7a345003a4bfb398c115218c46231)
[m[2m2026-10-01 05:27:14.010+0000[m[2m | [m[2mBftProcessorExecutor-QBFT-0[m[2m | [m[32mINFO [m[2m | [m[2mQbftBesuControllerBuilder[m[2m | [m[32mImported empty block #601 / 0 tx / 0 pending / 0 (0.0%) gas / (0xdacdb852965e0544d8659f5fd2d48c67a3142a71f50a08397891d825cb7cca2b)
[m[2m2026-10-01 05:27:16.042+0000[m[2m | [m[2mBftProcessorExecutor-QBFT-0[m[2m | [m[32mINFO [m[2m | [m[2mQbftBesuControllerBuilder[m[2m | [m[32mImported block       #602 / 1 tx / 0 pending / 311,193 (1.0%) gas / (0x0de81245b7f51d2525498bdb9b353b853396e873408b3fb16b9cde9942aa38d4)
[m[2m2026-10-01 05:27:18.320+0000[m[2m | [m[2mBftProcessorExecutor-QBFT-0[m[2m | [m[32mINFO [m[2m | [m[2mQbftBesuControllerBuilder[m[2m | [m[32mProduced block       #603 / 1 tx / 0 pending / 384,904 (1.3%) gas / (0x695839c8aba3bf51b94e0b9664c3e3e616acf890b5d6bafebe5f8096aef952c6)
[m[2m2026-10-01 05:27:20.009+0000[m[2m | [m[2mBftProcessorExecutor-QBFT-0[m[2m | [m[32mINFO [m[2m | [m[2mQbftBesuControllerBuilder[m[2m | [m[32mImported empty block #604 / 0 tx / 0 pending / 0 (0.0%) gas / (0x380b53387a3a34b969d0c6fec82f95626ea78738fddf8faff32f41e1be972e73)
[m[2m2026-10-01 05:27:22.034+0000[m[2m | [m[2mBftProcessorExecutor-QBFT-0[m[2m | [m[32mINFO [m[2m | [m[2mQbftBesuControllerBuilder[m[2m | [m[32mImported block       #605 / 1 tx / 1 pending / 316,245 (1.1%) gas / (0xe52d2dad1050571f63902c5693eec081817199bbfc385f95f129282f41b50e65)
[m[2m2026-10-01 05:27:24.074+0000[m[2m | [m[2mBftProcessorExecutor-QBFT-0[m[2m | [m[32mINFO [m[2m | [m[2mQbftBesuControllerBuilder[m[2m | [m[32mImported block       #606 / 1 tx / 0 pending / 340,747 (1.1%) gas / (0x758bd2bad592d00e9d6f26c969ac16010a64ce6661274e8a672413f690eec1e9)
[m[2m2026-10-01 05:27:24.079+0000[m[2m | [m[2mEthScheduler-Workers-10[m[2m | [m[32mINFO [m[2m | [m[2mPersistBlockTask[m[2m | [m[32mBlock 606 (0x758bd2bad592d00e9d6f26c969ac16010a64ce6661274e8a672413f690eec1e9) is already imported
[m[2m2026-10-01 05:27:26.021+0000[m[2m | [m[2mBftProcessorExecutor-QBFT-0[m[2m | [m[32mINFO [m[2m | [m[2mQbftBesuControllerBuilder[m[2m | [m[32mImported empty block #607 / 0 tx / 0 pending / 0 (0.0%) gas / (0xd9181d44374a6ed3be2f98c87ac3582bc6a6cc011e05ab84d1c1dabe05c0a41f)
[m[2m2026-10-01 05:27:28.041+0000[m[2m | [m[2mBftProcessorExecutor-QBFT-0[m[2m | [m[32mINFO [m[2m | [m[2mQbftBesuControllerBuilder[m[2m | [m[32mImported empty block #608 / 0 tx / 0 pending / 0 (0.0%) gas / (0xd81c4f83146a8c13e7e7e272da51980fb28a46e24aafe4bb69ddd880a6b7dc60)
[m[2m2026-10-01 05:27:28.041+0000[m[2m | [m[2mEthScheduler-Workers-17[m[2m | [m[32mINFO [m[2m | [m[2mPersistBlockTask[m[2m | [m[32mBlock 608 (0xd81c4f83146a8c13e7e7e272da51980fb28a46e24aafe4bb69ddd880a6b7dc60) is already imported
[m[2m2026-10-01 05:27:30.034+0000[m[2m | [m[2mBftProcessorExecutor-QBFT-0[m[2m | [m[32mINFO [m[2m | [m[2mQbftBesuControllerBuilder[m[2m | [m[32mProduced block       #609 / 1 tx / 0 pending / 311,301 (1.0%) gas / (0xd94d06dcaba8a2e1525a2289255042b0fa7911cc263497c4feb63381d4588147)
[m[2m2026-10-01 05:27:32.051+0000[m[2m | [m[2mBftProcessorExecutor-QBFT-0[m[2m | [m[32mINFO [m[2m | [m[2mQbftBesuControllerBuilder[m[2m | [m[32mImported block       #610 / 1 tx / 0 pending / 316,560 (1.1%) gas / (0xb7149cb64a20980c0249d7662bd8f10d45147e98e12e8258e8b08e92fd515947)
[m[2m2026-10-01 05:27:32.059+0000[m[2m | [m[2mEthScheduler-Workers-13[m[2m | [m[32mINFO [m[2m | [m[2mPersistBlockTask[m[2m | [m[32mBlock 610 (0xb7149cb64a20980c0249d7662bd8f10d45147e98e12e8258e8b08e92fd515947) is already imported
[m[2m2026-10-01 05:27:34.015+0000[m[2m | [m[2mBftProcessorExecutor-QBFT-0[m[2m | [m[32mINFO [m[2m | [m[2mQbftBesuControllerBuilder[m[2m | [m[32mImported empty block #611 / 0 tx / 0 pending / 0 (0.0%) gas / (0xaa04bcf4663b12824fcb0b11a7e2e48c4db09aca968360600a6532f38ecbee67)
[m[2m2026-10-01 05:27:37.149+0000[m[2m | [m[2mBftProcessorExecutor-QBFT-0[m[2m | [m[32mINFO [m[2m | [m[2mQbftBesuControllerBuilder[m[2m | [m[32mImported block       #612 / 1 tx / 0 pending / 365,488 (1.2%) gas / (0x7ebea3cbdaf3e77a52fef8339d1d67b9fbc9ce613dd4f81beb7cc678ff1ce685)
[m[2m2026-10-01 05:27:39.058+0000[m[2m | [m[2mBftProcessorExecutor-QBFT-0[m[2m | [m[32mINFO [m[2m | [m[2mQbftBesuControllerBuilder[m[2m | [m[32mImported block       #613 / 1 tx / 0 pending / 292,498 (1.0%) gas / (0xde15762c43c24f1675cddb53aa576baedf65b30a2d41cef212e6224c4d990287)
[m[2m2026-10-01 05:27:41.014+0000[m[2m | [m[2mBftProcessorExecutor-QBFT-0[m[2m | [m[32mINFO [m[2m | [m[2mQbftBesuControllerBuilder[m[2m | [m[32mImported empty block #614 / 0 tx / 0 pending / 0 (0.0%) gas / (0xf090ddab5359769124597113301d4879c595aec01cd20a95d2ec0e84bf544a45)
[m[2m2026-10-01 05:27:41.014+0000[m[2m | [m[2mEthScheduler-Workers-16[m[2m | [m[32mINFO [m[2m | [m[2mPersistBlockTask[m[2m | [m[32mBlock 614 (0xf090ddab5359769124597113301d4879c595aec01cd20a95d2ec0e84bf544a45) is already imported
[m[2m2026-10-01 05:27:43.010+0000[m[2m | [m[2mBftProcessorExecutor-QBFT-0[m[2m | [m[32mINFO [m[2m | [m[2mQbftBesuControllerBuilder[m[2m | [m[32mProduced empty block #615 / 0 tx / 0 pending / 0 (0.0%) gas / (0xcaa36d6c0576f9fffe1624de9002748e69a5c9bf59bb7f022617be473b5e3703)
[m[2m2026-10-01 05:27:45.046+0000[m[2m | [m[2mBftProcessorExecutor-QBFT-0[m[2m | [m[32mINFO [m[2m | [m[2mQbftBesuControllerBuilder[m[2m | [m[32mImported block       #616 / 1 tx / 0 pending / 341,344 (1.1%) gas / (0xd538360b302ea8b9319b00086eb3e3b240fb4a7581ec4fb6c4c7ef7bdab3efc7)
[m[2m2026-10-01 05:27:47.034+0000[m[2m | [m[2mBftProcessorExecutor-QBFT-0[m[2m | [m[32mINFO [m[2m | [m[2mQbftBesuControllerBuilder[m[2m | [m[32mImported block       #617 / 1 tx / 0 pending / 268,381 (0.9%) gas / (0x9c9330a91ce1cf261dbaf7d62c49029d8cb0fd82d814f079c9d88eb55db50a94)
[m[2m2026-10-01 05:27:47.035+0000[m[2m | [m[2mEthScheduler-Workers-10[m[2m | [m[32mINFO [m[2m | [m[2mPersistBlockTask[m[2m | [m[32mBlock 617 (0x9c9330a91ce1cf261dbaf7d62c49029d8cb0fd82d814f079c9d88eb55db50a94) is already imported
[m[2m2026-10-01 05:27:49.009+0000[m[2m | [m[2mBftProcessorExecutor-QBFT-0[m[2m | [m[32mINFO [m[2m | [m[2mQbftBesuControllerBuilder[m[2m | [m[32mImported empty block #618 / 0 tx / 0 pending / 0 (0.0%) gas / (0x62ed0ca44af637c8af8945f0d17aef67911dbe972d5099cca09f4623c5c7ab22)
[m[2m2026-10-01 05:27:51.033+0000[m[2m | [m[2mBftProcessorExecutor-QBFT-0[m[2m | [m[32mINFO [m[2m | [m[2mQbftBesuControllerBuilder[m[2m | [m[32mImported block       #619 / 1 tx / 0 pending / 317,169 (1.1%) gas / (0x9a10bfef6d4c79ad1c47d85d92211138e13051240a7dc6c67f660dadd9890c6d)
[m[2m2026-10-01 05:27:53.021+0000[m[2m | [m[2mBftProcessorExecutor-QBFT-0[m[2m | [m[32mINFO [m[2m | [m[2mQbftBesuControllerBuilder[m[2m | [m[32mImported block       #620 / 1 tx / 0 pending / 244,137 (0.8%) gas / (0xb6972d1c08b0b4673fb152c44802ad863fb0158da8c9a68d1f839e70cb334640)
[m[2m2026-10-01 05:27:55.010+0000[m[2m | [m[2mBftProcessorExecutor-QBFT-0[m[2m | [m[32mINFO [m[2m | [m[2mQbftBesuControllerBuilder[m[2m | [m[32mProduced empty block #621 / 0 tx / 0 pending / 0 (0.0%) gas / (0xda4fd3f6843f9ed36d2bd2557ad448c669d580a2225aca967efc3ae479af810d)
[m[2m2026-10-01 05:27:57.011+0000[m[2m | [m[2mBftProcessorExecutor-QBFT-0[m[2m | [m[32mINFO [m[2m | [m[2mQbftBesuControllerBuilder[m[2m | [m[32mImported empty block #622 / 0 tx / 0 pending / 0 (0.0%) gas / (0x394cbb533f776aabdb7b9b0c6ce55d770c368153a0aa198e7d47ca7bc575bece)
[m[2m2026-10-01 05:27:59.034+0000[m[2m | [m[2mBftProcessorExecutor-QBFT-0[m[2m | [m[32mINFO [m[2m | [m[2mQbftBesuControllerBuilder[m[2m | [m[32mImported block       #623 / 1 tx / 0 pending / 293,118 (1.0%) gas / (0x3754901c206df7af927a6a37f9535a70834ae5afe710a787c7f20f8145481a99)
[m[2m2026-10-01 05:28:01.030+0000[m[2m | [m[2mBftProcessorExecutor-QBFT-0[m[2m | [m[32mINFO [m[2m | [m[2mQbftBesuControllerBuilder[m[2m | [m[32mImported block       #624 / 1 tx / 0 pending / 220,114 (0.7%) gas / (0xa4642624e4c385de6a8e029c1e5a1fad5a119cc30152ead71c75f36524d283a5)
[m[2m2026-10-01 05:28:03.011+0000[m[2m | [m[2mBftProcessorExecutor-QBFT-0[m[2m | [m[32mINFO [m[2m | [m[2mQbftBesuControllerBuilder[m[2m | [m[32mImported empty block #625 / 0 tx / 0 pending / 0 (0.0%) gas / (0xd64a3707aeff3fad6dc3fc0e3e98a7993c2327a149648719de2b44fd63943056)
[m[2m2026-10-01 05:28:05.026+0000[m[2m | [m[2mBftProcessorExecutor-QBFT-0[m[2m | [m[32mINFO [m[2m | [m[2mQbftBesuControllerBuilder[m[2m | [m[32mImported block       #626 / 1 tx / 0 pending / 269,109 (0.9%) gas / (0xdc33ba8091754244d82f11c3aa977eb0ac59135afe0591274e519d1b1fb49dc8)
[m[2m2026-10-01 05:28:08.108+0000[m[2m | [m[2mBftProcessorExecutor-QBFT-0[m[2m | [m[32mINFO [m[2m | [m[2mQbftBesuControllerBuilder[m[2m | [m[32mProduced block       #627 / 1 tx / 0 pending / 196,132 (0.7%) gas / (0xbb8712785fbf201bf2b1b1cb6add37d9b144ce4eb03c569b4650938fb6fa3541)
[m[2m2026-10-01 05:28:08.108+0000[m[2m | [m[2mEthScheduler-Workers-12[m[2m | [m[32mINFO [m[2m | [m[2mPersistBlockTask[m[2m | [m[32mBlock 627 (0xbb8712785fbf201bf2b1b1cb6add37d9b144ce4eb03c569b4650938fb6fa3541) is already imported
[m[2m2026-10-01 05:28:10.017+0000[m[2m | [m[2mBftProcessorExecutor-QBFT-0[m[2m | [m[32mINFO [m[2m | [m[2mQbftBesuControllerBuilder[m[2m | [m[32mImported empty block #628 / 0 tx / 0 pending / 0 (0.0%) gas / (0xa3b5b0cc45d0240f0351e316272b446169ef1a1af90ab5ce01220a4302e6efc8)
[m[2m2026-10-01 05:28:12.016+0000[m[2m | [m[2mEthScheduler-Workers-9[m[2m | [m[32mINFO [m[2m | [m[2mPersistBlockTask[m[2m | [m[32mBlock 629 (0xaf4afe39c7516e2bab297452e0dd8b98d49a9eaffebe4306f4ec2e435e530e4b) is already imported
[m[2m2026-10-01 05:28:12.017+0000[m[2m | [m[2mBftProcessorExecutor-QBFT-0[m[2m | [m[32mINFO [m[2m | [m[2mQbftBesuControllerBuilder[m[2m | [m[32mImported empty block #629 / 0 tx / 0 pending / 0 (0.0%) gas / (0xaf4afe39c7516e2bab297452e0dd8b98d49a9eaffebe4306f4ec2e435e530e4b)
[m[2m2026-10-01 05:28:14.029+0000[m[2m | [m[2mBftProcessorExecutor-QBFT-0[m[2m | [m[32mINFO [m[2m | [m[2mQbftBesuControllerBuilder[m[2m | [m[32mImported block       #630 / 1 tx / 0 pending / 244,805 (0.8%) gas / (0x7f4a6cdc71f40cf2714bb39aad7ac121157baa13f14f088d2145da5fbc479c58)
[m[2m2026-10-01 05:28:16.024+0000[m[2m | [m[2mBftProcessorExecutor-QBFT-0[m[2m | [m[32mINFO [m[2m | [m[2mQbftBesuControllerBuilder[m[2m | [m[32mImported block       #631 / 1 tx / 0 pending / 75,615 (0.3%) gas / (0xf832a68c88f9dfaa4b2a5fd18f8204ea1a4170ed2e5ce5efd5e014ad412ecb85)
[m[2m2026-10-01 05:28:18.011+0000[m[2m | [m[2mBftProcessorExecutor-QBFT-0[m[2m | [m[32mINFO [m[2m | [m[2mQbftBesuControllerBuilder[m[2m | [m[32mImported empty block #632 / 0 tx / 0 pending / 0 (0.0%) gas / (0x36837ac3e27186ce204f279de491dc8d2fa48af1e19e97edce16c03dd11be491)
[m[2m2026-10-01 05:28:20.025+0000[m[2m | [m[2mBftProcessorExecutor-QBFT-0[m[2m | [m[32mINFO [m[2m | [m[2mQbftBesuControllerBuilder[m[2m | [m[32mProduced block       #633 / 1 tx / 0 pending / 220,842 (0.7%) gas / (0xe8dfde1f954c336bfa3c929342f1e99126aced6dabbf20e83ff048189f7bf4cc)
[m[2m2026-10-01 05:28:22.014+0000[m[2m | [m[2mBftProcessorExecutor-QBFT-0[m[2m | [m[32mINFO [m[2m | [m[2mQbftBesuControllerBuilder[m[2m | [m[32mImported empty block #634 / 0 tx / 0 pending / 0 (0.0%) gas / (0x5ce410b480d370b0de8e8910dc75675da8f7a6a004266c7832dff761dc1007e5)
[m[2m2026-10-01 05:28:24.386+0000[m[2m | [m[2mEthScheduler-Workers-13[m[2m | [m[32mINFO [m[2m | [m[2mPersistBlockTask[m[2m | [m[32mBlock 635 (0x146135ae9cce82882e15e5a3bdbe2a13fb9e8788e3259e843f87e32dc49b2301) is already imported
[m[2m2026-10-01 05:28:24.386+0000[m[2m | [m[2mBftProcessorExecutor-QBFT-0[m[2m | [m[32mINFO [m[2m | [m[2mQbftBesuControllerBuilder[m[2m | [m[32mImported block       #635 / 1 tx / 0 pending / 2,664,378 (8.9%) gas / (0x146135ae9cce82882e15e5a3bdbe2a13fb9e8788e3259e843f87e32dc49b2301)
[m[2m2026-10-01 05:28:26.012+0000[m[2m | [m[2mEthScheduler-Workers-10[m[2m | [m[32mINFO [m[2m | [m[2mPersistBlockTask[m[2m | [m[32mBlock 636 (0x3f188c3cd10ee1af753bb0a3e2100683358f3b78d09bb954cb49e11da9be91b9) is already imported
[m[2m2026-10-01 05:28:26.012+0000[m[2m | [m[2mBftProcessorExecutor-QBFT-0[m[2m | [m[32mINFO [m[2m | [m[2mQbftBesuControllerBuilder[m[2m | [m[32mImported empty block #636 / 0 tx / 0 pending / 0 (0.0%) gas / (0x3f188c3cd10ee1af753bb0a3e2100683358f3b78d09bb954cb49e11da9be91b9)
[m[2m2026-10-01 05:28:28.028+0000[m[2m | [m[2mBftProcessorExecutor-QBFT-0[m[2m | [m[32mINFO [m[2m | [m[2mQbftBesuControllerBuilder[m[2m | [m[32mImported block       #637 / 1 tx / 0 pending / 196,884 (0.7%) gas / (0x0028a4a56f4165d1c86292874fc2079beef1b9611aacb3dbbab0ca328a0625ce)
[m[2m2026-10-01 05:28:30.054+0000[m[2m | [m[2mBftProcessorExecutor-QBFT-0[m[2m | [m[32mINFO [m[2m | [m[2mQbftBesuControllerBuilder[m[2m | [m[32mImported block       #638 / 1 tx / 0 pending / 410,177 (1.4%) gas / (0x043ba048e2da729853ca93f4a9dd83270f343734c31a91e2dfb65c73b62c9069)
[m[2m2026-10-01 05:28:30.054+0000[m[2m | [m[2mEthScheduler-Workers-14[m[2m | [m[32mINFO [m[2m | [m[2mPersistBlockTask[m[2m | [m[32mBlock 638 (0x043ba048e2da729853ca93f4a9dd83270f343734c31a91e2dfb65c73b62c9069) is already imported
[m[2m2026-10-01 05:28:32.011+0000[m[2m | [m[2mBftProcessorExecutor-QBFT-0[m[2m | [m[32mINFO [m[2m | [m[2mQbftBesuControllerBuilder[m[2m | [m[32mProduced empty block #639 / 0 tx / 0 pending / 0 (0.0%) gas / (0xa607191e5c4e96a55b1d3556339a2accc579299152231acbad40f370f70704e2)
[m[2m2026-10-01 05:28:34.025+0000[m[2m | [m[2mBftProcessorExecutor-QBFT-0[m[2m | [m[32mINFO [m[2m | [m[2mQbftBesuControllerBuilder[m[2m | [m[32mImported block       #640 / 1 tx / 0 pending / 55,503 (0.2%) gas / (0xe8ecdc3ea4fd541c6a36c94ea3aa2421c91c2c6d894ed4ec562e6add057915e6)
[m[2m2026-10-01 05:28:34.026+0000[m[2m | [m[2mEthScheduler-Workers-12[m[2m | [m[32mINFO [m[2m | [m[2mPersistBlockTask[m[2m | [m[32mBlock 640 (0xe8ecdc3ea4fd541c6a36c94ea3aa2421c91c2c6d894ed4ec562e6add057915e6) is already imported
[m[2m2026-10-01 05:28:36.016+0000[m[2m | [m[2mBftProcessorExecutor-QBFT-0[m[2m | [m[32mINFO [m[2m | [m[2mQbftBesuControllerBuilder[m[2m | [m[32mImported empty block #641 / 0 tx / 0 pending / 0 (0.0%) gas / (0x3a50f45b3205ec8593d3a75af4cec327f9d6d40909275eede2fc9563de12fef7)
[m[2m2026-10-01 05:28:36.016+0000[m[2m | [m[2mEthScheduler-Workers-14[m[2m | [m[32mINFO [m[2m | [m[2mPersistBlockTask[m[2m | [m[32mBlock 641 (0x3a50f45b3205ec8593d3a75af4cec327f9d6d40909275eede2fc9563de12fef7) is already imported
[m[2m2026-10-01 05:28:39.101+0000[m[2m | [m[2mBftProcessorExecutor-QBFT-0[m[2m | [m[32mINFO [m[2m | [m[2mQbftBesuControllerBuilder[m[2m | [m[32mImported empty block #642 / 0 tx / 0 pending / 0 (0.0%) gas / (0xd1c9f9106578b77dbb95078f58f6086277e48b6ddcf99efa46a4b679c6f9121d)
[m[2m2026-10-01 05:28:41.012+0000[m[2m | [m[2mEthScheduler-Workers-13[m[2m | [m[32mINFO [m[2m | [m[2mPersistBlockTask[m[2m | [m[32mBlock 643 (0xddd5392ba989d1e88cdf5344f161f8ccb6bb22698410933d4aea76082800aaba) is already imported
[m[2m2026-10-01 05:28:41.012+0000[m[2m | [m[2mBftProcessorExecutor-QBFT-0[m[2m | [m[32mINFO [m[2m | [m[2mQbftBesuControllerBuilder[m[2m | [m[32mImported empty block #643 / 0 tx / 0 pending / 0 (0.0%) gas / (0xddd5392ba989d1e88cdf5344f161f8ccb6bb22698410933d4aea76082800aaba)
[m[2m2026-10-01 05:28:43.293+0000[m[2m | [m[2mEthScheduler-Workers-14[m[2m | [m[32mINFO [m[2m | [m[2mPersistBlockTask[m[2m | [m[32mBlock 644 (0x4f2901aa7ab353c6b24f1f306713f0192416182262a011e3667400bea32cef1e) is already imported
[m[2m2026-10-01 05:28:43.293+0000[m[2m | [m[2mBftProcessorExecutor-QBFT-0[m[2m | [m[32mINFO [m[2m | [m[2mQbftBesuControllerBuilder[m[2m | [m[32mImported block       #644 / 1 tx / 0 pending / 2,644,913 (8.8%) gas / (0x4f2901aa7ab353c6b24f1f306713f0192416182262a011e3667400bea32cef1e)
[m[2m2026-10-01 05:28:45.012+0000[m[2m | [m[2mBftProcessorExecutor-QBFT-0[m[2m | [m[32mINFO [m[2m | [m[2mQbftBesuControllerBuilder[m[2m | [m[32mProduced empty block #645 / 0 tx / 0 pending / 0 (0.0%) gas / (0x81729c62dc500096f7115e04206829ac3a6ba002d79e38b02a23507bc2f79a06)
[m[2m2026-10-01 05:28:47.011+0000[m[2m | [m[2mBftProcessorExecutor-QBFT-0[m[2m | [m[32mINFO [m[2m | [m[2mQbftBesuControllerBuilder[m[2m | [m[32mImported empty block #646 / 0 tx / 0 pending / 0 (0.0%) gas / (0xaa11a45d0ee77f3fdf45959a691a6c0b7982839a7cc13ae668d733aa73143dff)
[m[2m2026-10-01 05:28:49.032+0000[m[2m | [m[2mBftProcessorExecutor-QBFT-0[m[2m | [m[32mINFO [m[2m | [m[2mQbftBesuControllerBuilder[m[2m | [m[32mImported block       #647 / 1 tx / 0 pending / 402,565 (1.3%) gas / (0x6440707f691ada5f2b9e1109c1a0b25813132ed2cd21996e9339317feb84cfd5)
[m[2m2026-10-01 05:28:51.012+0000[m[2m | [m[2mBftProcessorExecutor-QBFT-0[m[2m | [m[32mINFO [m[2m | [m[2mQbftBesuControllerBuilder[m[2m | [m[32mImported empty block #648 / 0 tx / 0 pending / 0 (0.0%) gas / (0x55f996eb1cab9dbf0af8b5b17089db6796f791d402d4dd0c34322258dd2ee3e3)
[m[2m2026-10-01 05:28:53.009+0000[m[2m | [m[2mBftProcessorExecutor-QBFT-0[m[2m | [m[32mINFO [m[2m | [m[2mQbftBesuControllerBuilder[m[2m | [m[32mImported empty block #649 / 0 tx / 0 pending / 0 (0.0%) gas / (0xb95e33c98eeaf68a841dc616a7fcec3d8305b57314456eade9ccdb5f6afc9a97)
[m[2m2026-10-01 05:28:55.011+0000[m[2m | [m[2mBftProcessorExecutor-QBFT-0[m[2m | [m[32mINFO [m[2m | [m[2mQbftBesuControllerBuilder[m[2m | [m[32mImported empty block #650 / 0 tx / 0 pending / 0 (0.0%) gas / (0x54a489b941e8929440110ab7f722f238c846a2478f3cac64d0bf59af9ee588df)
[m[2m2026-10-01 05:28:57.010+0000[m[2m | [m[2mBftProcessorExecutor-QBFT-0[m[2m | [m[32mINFO [m[2m | [m[2mQbftBesuControllerBuilder[m[2m | [m[32mProduced empty block #651 / 0 tx / 0 pending / 0 (0.0%) gas / (0x3f745c934e68bab13d8da9e64a49ffbfe8882cec31a43f2c022aedaf6bfe7aad)
[m[2m2026-10-01 05:28:59.012+0000[m[2m | [m[2mBftProcessorExecutor-QBFT-0[m[2m | [m[32mINFO [m[2m | [m[2mQbftBesuControllerBuilder[m[2m | [m[32mImported empty block #652 / 0 tx / 0 pending / 0 (0.0%) gas / (0x39c53988c7bb8c4950c5edad0c6c3b7a3c9b7a2adc2b1c7ff52b0653b7897f0f)
[m[2m2026-10-01 05:28:59.012+0000[m[2m | [m[2mEthScheduler-Workers-16[m[2m | [m[32mINFO [m[2m | [m[2mPersistBlockTask[m[2m | [m[32mBlock 652 (0x39c53988c7bb8c4950c5edad0c6c3b7a3c9b7a2adc2b1c7ff52b0653b7897f0f) is already imported
[m[2m2026-10-01 05:29:01.011+0000[m[2m | [m[2mBftProcessorExecutor-QBFT-0[m[2m | [m[32mINFO [m[2m | [m[2mQbftBesuControllerBuilder[m[2m | [m[32mImported empty block #653 / 0 tx / 0 pending / 0 (0.0%) gas / (0x8e4cabe28b18719c2c6e64ec31f58a961d25cabcaca3db1cea000c00f7622bd1)
[m[2m2026-10-01 05:29:03.008+0000[m[2m | [m[2mBftProcessorExecutor-QBFT-0[m[2m | [m[32mINFO [m[2m | [m[2mQbftBesuControllerBuilder[m[2m | [m[32mImported empty block #654 / 0 tx / 0 pending / 0 (0.0%) gas / (0x9909af97f1991f81ca7960ec262856ad665236785fbfe0db89200f56f4474c7c)
[m[2m2026-10-01 05:29:05.009+0000[m[2m | [m[2mBftProcessorExecutor-QBFT-0[m[2m | [m[32mINFO [m[2m | [m[2mQbftBesuControllerBuilder[m[2m | [m[32mImported empty block #655 / 0 tx / 0 pending / 0 (0.0%) gas / (0x41cba7c4f355b01276682bc3b7473960f54b742665955f88b5fe1a45011a3515)
[m[2m2026-10-01 05:29:07.015+0000[m[2m | [m[2mBftProcessorExecutor-QBFT-0[m[2m | [m[32mINFO [m[2m | [m[2mQbftBesuControllerBuilder[m[2m | [m[32mImported empty block #656 / 0 tx / 0 pending / 0 (0.0%) gas / (0xab19e8bec39925f7748a7d9b099f0f9b2ff2ffd1920199e4ac3a655466ce96a2)
[m[2m2026-10-01 05:29:10.105+0000[m[2m | [m[2mBftProcessorExecutor-QBFT-0[m[2m | [m[32mINFO [m[2m | [m[2mQbftBesuControllerBuilder[m[2m | [m[32mProduced empty block #657 / 0 tx / 0 pending / 0 (0.0%) gas / (0x611bc26433dbb4f0cd7195cc0e7c538145fff2cc4d44b768655537f6dd384de8)
[m[2m2026-10-01 05:29:12.014+0000[m[2m | [m[2mBftProcessorExecutor-QBFT-0[m[2m | [m[32mINFO [m[2m | [m[2mQbftBesuControllerBuilder[m[2m | [m[32mImported empty block #658 / 0 tx / 0 pending / 0 (0.0%) gas / (0x91e8bee21b20b5dd0dcadebf552214d6f9a79092663bd892b56bceda2eba2d0e)
[m[2m2026-10-01 05:29:14.017+0000[m[2m | [m[2mBftProcessorExecutor-QBFT-0[m[2m | [m[32mINFO [m[2m | [m[2mQbftBesuControllerBuilder[m[2m | [m[32mImported empty block #659 / 0 tx / 0 pending / 0 (0.0%) gas / (0xc422b297da10b35f59fd42a0f4ad46c089a187a70a2d1d3c0f5803865ffe3a99)
[m[2m2026-10-01 05:29:14.018+0000[m[2m | [m[2mEthScheduler-Workers-14[m[2m | [m[32mINFO [m[2m | [m[2mPersistBlockTask[m[2m | [m[32mBlock 659 (0xc422b297da10b35f59fd42a0f4ad46c089a187a70a2d1d3c0f5803865ffe3a99) is already imported
[m[2m2026-10-01 05:29:16.018+0000[m[2m | [m[2mBftProcessorExecutor-QBFT-0[m[2m | [m[32mINFO [m[2m | [m[2mQbftBesuControllerBuilder[m[2m | [m[32mImported empty block #660 / 0 tx / 0 pending / 0 (0.0%) gas / (0x7ae02907d53a99fcfaa6a5a11e4896cae8017990f0d345668cfe47f53c123db4)
[m[2m2026-10-01 05:29:18.022+0000[m[2m | [m[2mEthScheduler-Workers-13[m[2m | [m[32mINFO [m[2m | [m[2mPersistBlockTask[m[2m | [m[32mImported empty block #661 / 0 tx / 0 om / 0 (0.0%) gas / (0x18c9bcfa218f0ffea5fe0bf4f4f498e57577361ea8ca1a12a767c8f131e8bf41) in 0.000s. Peers: 5
[m[2m2026-10-01 05:29:20.011+0000[m[2m | [m[2mBftProcessorExecutor-QBFT-0[m[2m | [m[32mINFO [m[2m | [m[2mQbftBesuControllerBuilder[m[2m | [m[32mImported empty block #662 / 0 tx / 0 pending / 0 (0.0%) gas / (0x85aabdcdd67f9d71353612f8340a9166695c21c648f95d9b005cd5ace5faeed4)
[m[2m2026-10-01 05:29:22.010+0000[m[2m | [m[2mBftProcessorExecutor-QBFT-0[m[2m | [m[32mINFO [m[2m | [m[2mQbftBesuControllerBuilder[m[2m | [m[32mProduced empty block #663 / 0 tx / 0 pending / 0 (0.0%) gas / (0x4034b3935ceef368c27812710f5a11937ffe92408bd7a50597ab70690343ba76)
[m[2m2026-10-01 05:29:24.011+0000[m[2m | [m[2mEthScheduler-Workers-17[m[2m | [m[32mINFO [m[2m | [m[2mPersistBlockTask[m[2m | [m[32mBlock 664 (0xee4f1d1cb1f7aef81ed4b2ca44e9f382c3ec5450a4f5a442426521c0c3c26cfe) is already imported
[m[2m2026-10-01 05:29:24.011+0000[m[2m | [m[2mBftProcessorExecutor-QBFT-0[m[2m | [m[32mINFO [m[2m | [m[2mQbftBesuControllerBuilder[m[2m | [m[32mImported empty block #664 / 0 tx / 0 pending / 0 (0.0%) gas / (0xee4f1d1cb1f7aef81ed4b2ca44e9f382c3ec5450a4f5a442426521c0c3c26cfe)
[m[2m2026-10-01 05:29:26.010+0000[m[2m | [m[2mBftProcessorExecutor-QBFT-0[m[2m | [m[32mINFO [m[2m | [m[2mQbftBesuControllerBuilder[m[2m | [m[32mImported empty block #665 / 0 tx / 0 pending / 0 (0.0%) gas / (0xd4ed77284115e768a608e75fb5b72818af3b3fe15d06287b5daf44718ba76a6f)
[m[2m2026-10-01 05:29:28.011+0000[m[2m | [m[2mBftProcessorExecutor-QBFT-0[m[2m | [m[32mINFO [m[2m | [m[2mQbftBesuControllerBuilder[m[2m | [m[32mImported empty block #666 / 0 tx / 0 pending / 0 (0.0%) gas / (0x78c480522a60472670b22e77ad981e7bc1002519c3e1730998fec0830e9e18af)
[m[2m2026-10-01 05:29:30.015+0000[m[2m | [m[2mEthScheduler-Workers-16[m[2m | [m[32mINFO [m[2m | [m[2mPersistBlockTask[m[2m | [m[32mBlock 667 (0xff3755bf5bfa6da626fbb4fed50fe4d6db55af749e42b3697565aa63134fa185) is already imported
[m[2m2026-10-01 05:29:30.015+0000[m[2m | [m[2mBftProcessorExecutor-QBFT-0[m[2m | [m[32mINFO [m[2m | [m[2mQbftBesuControllerBuilder[m[2m | [m[32mImported empty block #667 / 0 tx / 0 pending / 0 (0.0%) gas / (0xff3755bf5bfa6da626fbb4fed50fe4d6db55af749e42b3697565aa63134fa185)
[m[2m2026-10-01 05:29:32.010+0000[m[2m | [m[2mBftProcessorExecutor-QBFT-0[m[2m | [m[32mINFO [m[2m | [m[2mQbftBesuControllerBuilder[m[2m | [m[32mImported empty block #668 / 0 tx / 0 pending / 0 (0.0%) gas / (0x2dd7444b27dbf1fe5ee84b894f1a99625d98fd6eefe3ec1dbec3338c3964868a)
[m[2m2026-10-01 05:29:34.009+0000[m[2m | [m[2mBftProcessorExecutor-QBFT-0[m[2m | [m[32mINFO [m[2m | [m[2mQbftBesuControllerBuilder[m[2m | [m[32mProduced empty block #669 / 0 tx / 0 pending / 0 (0.0%) gas / (0x307b9ecbc9b00b8c3c79a660e81db5594cb0c234852fe60fd2d88e353bdd0f86)
[m[2m2026-10-01 05:29:36.014+0000[m[2m | [m[2mBftProcessorExecutor-QBFT-0[m[2m | [m[32mINFO [m[2m | [m[2mQbftBesuControllerBuilder[m[2m | [m[32mImported empty block #670 / 0 tx / 0 pending / 0 (0.0%) gas / (0x057837723fe0436791d41e790dbe0e0342e6cf807c29a379fee5f37a91c44b16)
[m[2m2026-10-01 05:29:38.009+0000[m[2m | [m[2mBftProcessorExecutor-QBFT-0[m[2m | [m[32mINFO [m[2m | [m[2mQbftBesuControllerBuilder[m[2m | [m[32mImported empty block #671 / 0 tx / 0 pending / 0 (0.0%) gas / (0xdfc23f4a0ae37b795328b28d39624e4cda350341ea4428afe18e012568978cc0)
[m[2m2026-10-01 05:29:41.131+0000[m[2m | [m[2mBftProcessorExecutor-QBFT-0[m[2m | [m[32mINFO [m[2m | [m[2mQbftBesuControllerBuilder[m[2m | [m[32mImported empty block #672 / 0 tx / 0 pending / 0 (0.0%) gas / (0x43374b20cbca20d9f72404896cb4ca4d11cc313451d74c71772b56b16d2ccba6)
[m[2m2026-10-01 05:29:43.012+0000[m[2m | [m[2mBftProcessorExecutor-QBFT-0[m[2m | [m[32mINFO [m[2m | [m[2mQbftBesuControllerBuilder[m[2m | [m[32mImported empty block #673 / 0 tx / 0 pending / 0 (0.0%) gas / (0x67938b714e1a27de0b91ab96df84945da36cd08505584dd86819aa29dccf5aae)
[m[2m2026-10-01 05:29:45.012+0000[m[2m | [m[2mBftProcessorExecutor-QBFT-0[m[2m | [m[32mINFO [m[2m | [m[2mQbftBesuControllerBuilder[m[2m | [m[32mImported empty block #674 / 0 tx / 0 pending / 0 (0.0%) gas / (0x42d4b4976d366b8744596fd5731d9e30adf30c9e588088ea00a7a17b5482e57c)
[m[2m2026-10-01 05:29:47.011+0000[m[2m | [m[2mBftProcessorExecutor-QBFT-0[m[2m | [m[32mINFO [m[2m | [m[2mQbftBesuControllerBuilder[m[2m | [m[32mProduced empty block #675 / 0 tx / 0 pending / 0 (0.0%) gas / (0xdce636889b71f24a57bfb5d65729fb0402b91616bb21e5af743a71b6adc2b3d0)
[m[2m2026-10-01 05:29:49.012+0000[m[2m | [m[2mBftProcessorExecutor-QBFT-0[m[2m | [m[32mINFO [m[2m | [m[2mQbftBesuControllerBuilder[m[2m | [m[32mImported empty block #676 / 0 tx / 0 pending / 0 (0.0%) gas / (0x259c12210d970eebeeb97e8f01ba0f5efda63835441206ca5b0abdb829952a7e)
[m[2m2026-10-01 05:29:49.015+0000[m[2m | [m[2mEthScheduler-Workers-18[m[2m | [m[32mINFO [m[2m | [m[2mPersistBlockTask[m[2m | [m[32mBlock 676 (0x259c12210d970eebeeb97e8f01ba0f5efda63835441206ca5b0abdb829952a7e) is already imported
[m[2m2026-10-01 05:29:51.008+0000[m[2m | [m[2mBftProcessorExecutor-QBFT-0[m[2m | [m[32mINFO [m[2m | [m[2mQbftBesuControllerBuilder[m[2m | [m[32mImported empty block #677 / 0 tx / 0 pending / 0 (0.0%) gas / (0x10d67bd71171b12c3284d23ccb2110ff36bd36d4fd2f6c2dd4c935b315e10d21)
[m[2m2026-10-01 05:29:53.008+0000[m[2m | [m[2mBftProcessorExecutor-QBFT-0[m[2m | [m[32mINFO [m[2m | [m[2mQbftBesuControllerBuilder[m[2m | [m[32mImported empty block #678 / 0 tx / 0 pending / 0 (0.0%) gas / (0x4083653388aeb74c14a4672dab828323c6ef6fd4c755da2f59d6993db6b309b9)
[m[2m2026-10-01 05:29:55.016+0000[m[2m | [m[2mBftProcessorExecutor-QBFT-0[m[2m | [m[32mINFO [m[2m | [m[2mQbftBesuControllerBuilder[m[2m | [m[32mImported empty block #679 / 0 tx / 0 pending / 0 (0.0%) gas / (0x095f4bac60e825b6d6e65499e4f2df70500a796498bc04d197f98caad8582848)
[m[2m2026-10-01 05:29:55.016+0000[m[2m | [m[2mEthScheduler-Workers-10[m[2m | [m[32mINFO [m[2m | [m[2mPersistBlockTask[m[2m | [m[32mBlock 679 (0x095f4bac60e825b6d6e65499e4f2df70500a796498bc04d197f98caad8582848) is already imported
[m[2m2026-10-01 05:29:57.015+0000[m[2m | [m[2mEthScheduler-Workers-12[m[2m | [m[32mINFO [m[2m | [m[2mPersistBlockTask[m[2m | [m[32mImported empty block #680 / 0 tx / 0 om / 0 (0.0%) gas / (0xc6ab72d26bdf184d83c4dcc99b9a73ca6dad0611a6f484daee7034540901a661) in 0.000s. Peers: 5
[m[2m2026-10-01 05:29:57.015+0000[m[2m | [m[2mBftProcessorExecutor-QBFT-0[m[2m | [m[32mINFO [m[2m | [m[2mQbftBesuControllerBuilder[m[2m | [m[32mImported empty block #680 / 0 tx / 0 pending / 0 (0.0%) gas / (0xc6ab72d26bdf184d83c4dcc99b9a73ca6dad0611a6f484daee7034540901a661)
[m[2m2026-10-01 05:29:59.010+0000[m[2m | [m[2mBftProcessorExecutor-QBFT-0[m[2m | [m[32mINFO [m[2m | [m[2mQbftBesuControllerBuilder[m[2m | [m[32mProduced empty block #681 / 0 tx / 0 pending / 0 (0.0%) gas / (0x284216a0d80503a1af462d92cadee8bebcb5d00a104481e81449a392d51b960d)
[m[2m2026-10-01 05:30:01.009+0000[m[2m | [m[2mBftProcessorExecutor-QBFT-0[m[2m | [m[32mINFO [m[2m | [m[2mQbftBesuControllerBuilder[m[2m | [m[32mImported empty block #682 / 0 tx / 0 pending / 0 (0.0%) gas / (0x3bf19aaef6425a269efd2dc0f6518f07c2d1374ce62c3aa44ecf422a5d50872a)
[m[2m2026-10-01 05:30:03.011+0000[m[2m | [m[2mBftProcessorExecutor-QBFT-0[m[2m | [m[32mINFO [m[2m | [m[2mQbftBesuControllerBuilder[m[2m | [m[32mImported empty block #683 / 0 tx / 0 pending / 0 (0.0%) gas / (0x3c2591cd50c26984820aae526a56b475b57e3a7fcc5c63114cfce644d2273d1c)
[m[2m2026-10-01 05:30:05.016+0000[m[2m | [m[2mBftProcessorExecutor-QBFT-0[m[2m | [m[32mINFO [m[2m | [m[2mQbftBesuControllerBuilder[m[2m | [m[32mImported empty block #684 / 0 tx / 0 pending / 0 (0.0%) gas / (0x55d49ba38513acdfad6c1b50b9bb3a577032484a58a79bd216ed1690c94d74e8)
[m[2m2026-10-01 05:30:07.013+0000[m[2m | [m[2mBftProcessorExecutor-QBFT-0[m[2m | [m[32mINFO [m[2m | [m[2mQbftBesuControllerBuilder[m[2m | [m[32mImported empty block #685 / 0 tx / 0 pending / 0 (0.0%) gas / (0xce6aebbcb1a516281f8c8967b06e7408b320109d4d9d91e41285da25717529cf)
[m[2m2026-10-01 05:30:07.013+0000[m[2m | [m[2mEthScheduler-Workers-9[m[2m | [m[32mINFO [m[2m | [m[2mPersistBlockTask[m[2m | [m[32mBlock 685 (0xce6aebbcb1a516281f8c8967b06e7408b320109d4d9d91e41285da25717529cf) is already imported
[m[2m2026-10-01 05:30:09.012+0000[m[2m | [m[2mBftProcessorExecutor-QBFT-0[m[2m | [m[32mINFO [m[2m | [m[2mQbftBesuControllerBuilder[m[2m | [m[32mImported empty block #686 / 0 tx / 0 pending / 0 (0.0%) gas / (0x2135c4e9b4946f31ab16285ac5089388127c07e65f17297e0f84e818926e05bc)
[m[2m2026-10-01 05:30:09.020+0000[m[2m | [m[2mEthScheduler-Workers-14[m[2m | [m[32mINFO [m[2m | [m[2mPersistBlockTask[m[2m | [m[32mBlock 686 (0x2135c4e9b4946f31ab16285ac5089388127c07e65f17297e0f84e818926e05bc) is already imported
[m[2m2026-10-01 05:30:12.094+0000[m[2m | [m[2mBftProcessorExecutor-QBFT-0[m[2m | [m[32mINFO [m[2m | [m[2mQbftBesuControllerBuilder[m[2m | [m[32mProduced empty block #687 / 0 tx / 0 pending / 0 (0.0%) gas / (0xab76b7512d6ceec66440e7b79f8b72416fd57fce011a2cdadd0650400f619523)
[m[2m2026-10-01 05:30:14.010+0000[m[2m | [m[2mBftProcessorExecutor-QBFT-0[m[2m | [m[32mINFO [m[2m | [m[2mQbftBesuControllerBuilder[m[2m | [m[32mImported empty block #688 / 0 tx / 0 pending / 0 (0.0%) gas / (0xf824e3c5518543eaa62dd7718c71c610a479e4ad89ab13d2fda0aa9c6b29a323)
[m[2m2026-10-01 05:30:16.012+0000[m[2m | [m[2mBftProcessorExecutor-QBFT-0[m[2m | [m[32mINFO [m[2m | [m[2mQbftBesuControllerBuilder[m[2m | [m[32mImported empty block #689 / 0 tx / 0 pending / 0 (0.0%) gas / (0x5c5df24adff2bd35ef4a68b5627af1871c4124f7354e66a8d8041037c1a204cc)
[m[2m2026-10-01 05:30:18.015+0000[m[2m | [m[2mBftProcessorExecutor-QBFT-0[m[2m | [m[32mINFO [m[2m | [m[2mQbftBesuControllerBuilder[m[2m | [m[32mImported empty block #690 / 0 tx / 0 pending / 0 (0.0%) gas / (0x973cf0734ff3c84e80da77b1ca9086a51de7caa907b4a79dc882258f5ee4166d)
[m[2m2026-10-01 05:30:18.015+0000[m[2m | [m[2mEthScheduler-Workers-13[m[2m | [m[32mINFO [m[2m | [m[2mPersistBlockTask[m[2m | [m[32mBlock 690 (0x973cf0734ff3c84e80da77b1ca9086a51de7caa907b4a79dc882258f5ee4166d) is already imported
[m[2m2026-10-01 05:30:20.010+0000[m[2m | [m[2mEthScheduler-Workers-17[m[2m | [m[32mINFO [m[2m | [m[2mPersistBlockTask[m[2m | [m[32mBlock 691 (0xf4e89cac3296b24223f7a223b92dfc4e2216c804f50cccf9607aa290452061a9) is already imported
[m[2m2026-10-01 05:30:20.010+0000[m[2m | [m[2mBftProcessorExecutor-QBFT-0[m[2m | [m[32mINFO [m[2m | [m[2mQbftBesuControllerBuilder[m[2m | [m[32mImported empty block #691 / 0 tx / 0 pending / 0 (0.0%) gas / (0xf4e89cac3296b24223f7a223b92dfc4e2216c804f50cccf9607aa290452061a9)
[m[2m2026-10-01 05:30:22.012+0000[m[2m | [m[2mBftProcessorExecutor-QBFT-0[m[2m | [m[32mINFO [m[2m | [m[2mQbftBesuControllerBuilder[m[2m | [m[32mImported empty block #692 / 0 tx / 0 pending / 0 (0.0%) gas / (0xe5ccd94ef62c828358f8feba4c463c61bd5efa1286f30b010c39865983805d6d)
[m[2m2026-10-01 05:30:24.011+0000[m[2m | [m[2mBftProcessorExecutor-QBFT-0[m[2m | [m[32mINFO [m[2m | [m[2mQbftBesuControllerBuilder[m[2m | [m[32mProduced empty block #693 / 0 tx / 0 pending / 0 (0.0%) gas / (0xcc0b5f91e46f05c43ae88e6cca41c7448eacee2fa88ae2a2cfa668dfcecfedb0)
[m[2m2026-10-01 05:30:26.012+0000[m[2m | [m[2mEthScheduler-Workers-16[m[2m | [m[32mINFO [m[2m | [m[2mPersistBlockTask[m[2m | [m[32mBlock 694 (0xba1e9074de18613939a0585c45df2935c82f0d975d9d8539a189c94342aa7dce) is already imported
[m[2m2026-10-01 05:30:26.012+0000[m[2m | [m[2mBftProcessorExecutor-QBFT-0[m[2m | [m[32mINFO [m[2m | [m[2mQbftBesuControllerBuilder[m[2m | [m[32mImported empty block #694 / 0 tx / 0 pending / 0 (0.0%) gas / (0xba1e9074de18613939a0585c45df2935c82f0d975d9d8539a189c94342aa7dce)
[m[2m2026-10-01 05:30:28.011+0000[m[2m | [m[2mBftProcessorExecutor-QBFT-0[m[2m | [m[32mINFO [m[2m | [m[2mQbftBesuControllerBuilder[m[2m | [m[32mImported empty block #695 / 0 tx / 0 pending / 0 (0.0%) gas / (0x37b5ff51be17d19946acc584bb92dcd5b3f8b4f9f2b5d1fca2918d61e3500557)
[m[2m2026-10-01 05:30:30.008+0000[m[2m | [m[2mBftProcessorExecutor-QBFT-0[m[2m | [m[32mINFO [m[2m | [m[2mQbftBesuControllerBuilder[m[2m | [m[32mImported empty block #696 / 0 tx / 0 pending / 0 (0.0%) gas / (0xba97defa337411fde8680ecb13d008a9c4aa6122cf05b63f08175549e93ff485)
[m[2m2026-10-01 05:30:32.008+0000[m[2m | [m[2mBftProcessorExecutor-QBFT-0[m[2m | [m[32mINFO [m[2m | [m[2mQbftBesuControllerBuilder[m[2m | [m[32mImported empty block #697 / 0 tx / 0 pending / 0 (0.0%) gas / (0xe80bc3fa150a5930b350d8931ad626e598bee28d5bd78cc25cb4c7b053059626)
[m[2m2026-10-01 05:30:34.010+0000[m[2m | [m[2mBftProcessorExecutor-QBFT-0[m[2m | [m[32mINFO [m[2m | [m[2mQbftBesuControllerBuilder[m[2m | [m[32mImported empty block #698 / 0 tx / 0 pending / 0 (0.0%) gas / (0xef2268b0c8af440d9587a452343c2d5c1c3ba208a3f7df0c39cd66f7f16a742c)
[m[2m2026-10-01 05:30:36.011+0000[m[2m | [m[2mBftProcessorExecutor-QBFT-0[m[2m | [m[32mINFO [m[2m | [m[2mQbftBesuControllerBuilder[m[2m | [m[32mProduced empty block #699 / 0 tx / 0 pending / 0 (0.0%) gas / (0xbfa933090ca2efeeec4151627f949d0096d1235083ed7a65d80a0827bcea717a)
[m[2m2026-10-01 05:30:38.011+0000[m[2m | [m[2mBftProcessorExecutor-QBFT-0[m[2m | [m[32mINFO [m[2m | [m[2mQbftBesuControllerBuilder[m[2m | [m[32mImported empty block #700 / 0 tx / 0 pending / 0 (0.0%) gas / (0x7bce2504fbb5ee2fe5676dac4b9007e317297a44d6ebe3c3cf7d6c9abbea9d92)
[m[2m2026-10-01 05:30:40.010+0000[m[2m | [m[2mBftProcessorExecutor-QBFT-0[m[2m | [m[32mINFO [m[2m | [m[2mQbftBesuControllerBuilder[m[2m | [m[32mImported empty block #701 / 0 tx / 0 pending / 0 (0.0%) gas / (0x316c86f5f6c5312d09b679e897744b1f0006a26a3c3cfb64ffd216a402e89bac)
[m[2m2026-10-01 05:30:43.108+0000[m[2m | [m[2mBftProcessorExecutor-QBFT-0[m[2m | [m[32mINFO [m[2m | [m[2mQbftBesuControllerBuilder[m[2m | [m[32mImported empty block #702 / 0 tx / 0 pending / 0 (0.0%) gas / (0x50d60e45342d87761feb5e5b3270d9fb9ac6badd709da4ffe114c473a4cc5abf)
[m[2m2026-10-01 05:30:45.009+0000[m[2m | [m[2mBftProcessorExecutor-QBFT-0[m[2m | [m[32mINFO [m[2m | [m[2mQbftBesuControllerBuilder[m[2m | [m[32mImported empty block #703 / 0 tx / 0 pending / 0 (0.0%) gas / (0xbaf315f706647288da40de6bb5cd5bc97249584a868f25bb21cfd47807e91fb2)
[m[2m2026-10-01 05:30:47.010+0000[m[2m | [m[2mBftProcessorExecutor-QBFT-0[m[2m | [m[32mINFO [m[2m | [m[2mQbftBesuControllerBuilder[m[2m | [m[32mImported empty block #704 / 0 tx / 0 pending / 0 (0.0%) gas / (0x9576dc5c1c5df7b110e0a059c073272037885ccda1e10679124ee23ea4cbfb86)
[m[2m2026-10-01 05:30:49.014+0000[m[2m | [m[2mBftProcessorExecutor-QBFT-0[m[2m | [m[32mINFO [m[2m | [m[2mQbftBesuControllerBuilder[m[2m | [m[32mProduced empty block #705 / 0 tx / 0 pending / 0 (0.0%) gas / (0x0a5e1787ab3867da8b6b8f4521c257f1fba0e90a86f34735de6a6a68fed2d87d)
[m[2m2026-10-01 05:30:49.014+0000[m[2m | [m[2mEthScheduler-Workers-18[m[2m | [m[32mINFO [m[2m | [m[2mPersistBlockTask[m[2m | [m[32mBlock 705 (0x0a5e1787ab3867da8b6b8f4521c257f1fba0e90a86f34735de6a6a68fed2d87d) is already imported
[m[2m2026-10-01 05:30:51.016+0000[m[2m | [m[2mBftProcessorExecutor-QBFT-0[m[2m | [m[32mINFO [m[2m | [m[2mQbftBesuControllerBuilder[m[2m | [m[32mImported empty block #706 / 0 tx / 0 pending / 0 (0.0%) gas / (0xe7dffe471fd97afeced59fdd03472059e986a53ccc26274885ecfb294cbb0b12)
[m[2m2026-10-01 05:30:51.020+0000[m[2m | [m[2mEthScheduler-Workers-10[m[2m | [m[32mINFO [m[2m | [m[2mPersistBlockTask[m[2m | [m[32mBlock 706 (0xe7dffe471fd97afeced59fdd03472059e986a53ccc26274885ecfb294cbb0b12) is already imported
[m[2m2026-10-01 05:30:53.008+0000[m[2m | [m[2mBftProcessorExecutor-QBFT-0[m[2m | [m[32mINFO [m[2m | [m[2mQbftBesuControllerBuilder[m[2m | [m[32mImported empty block #707 / 0 tx / 0 pending / 0 (0.0%) gas / (0x9f79bfff4f6e1580e2545bc0e859a917255bb157d3a666ab64f1cf7eaab3f064)
[m[2m2026-10-01 05:30:55.009+0000[m[2m | [m[2mBftProcessorExecutor-QBFT-0[m[2m | [m[32mINFO [m[2m | [m[2mQbftBesuControllerBuilder[m[2m | [m[32mImported empty block #708 / 0 tx / 0 pending / 0 (0.0%) gas / (0xfe0dba16a5523c1b1acc4ae53706d6b0f3c539d3108ae7b8d8833a498af2db7f)
[m[2m2026-10-01 05:30:57.009+0000[m[2m | [m[2mBftProcessorExecutor-QBFT-0[m[2m | [m[32mINFO [m[2m | [m[2mQbftBesuControllerBuilder[m[2m | [m[32mImported empty block #709 / 0 tx / 0 pending / 0 (0.0%) gas / (0x735f493a8b1b80712ed816b9bba3bae6ece3d1ee2df6af23c4476b36f0c2fa4a)
[m[2m2026-10-01 05:30:59.009+0000[m[2m | [m[2mBftProcessorExecutor-QBFT-0[m[2m | [m[32mINFO [m[2m | [m[2mQbftBesuControllerBuilder[m[2m | [m[32mImported empty block #710 / 0 tx / 0 pending / 0 (0.0%) gas / (0x41d4b6355a28798f1e8622c72df62e548812baabd55cc308ae8aac16b3fe40c4)
[m[2m2026-10-01 05:31:01.015+0000[m[2m | [m[2mBftProcessorExecutor-QBFT-0[m[2m | [m[32mINFO [m[2m | [m[2mQbftBesuControllerBuilder[m[2m | [m[32mProduced empty block #711 / 0 tx / 0 pending / 0 (0.0%) gas / (0x339f5ab8c28e170789d89c0c64905d291b5abb45b455e28b4ac357b0602fa048)
[m[2m2026-10-01 05:31:01.016+0000[m[2m | [m[2mEthScheduler-Workers-12[m[2m | [m[32mINFO [m[2m | [m[2mPersistBlockTask[m[2m | [m[32mBlock 711 (0x339f5ab8c28e170789d89c0c64905d291b5abb45b455e28b4ac357b0602fa048) is already imported
[m[2m2026-10-01 05:31:03.013+0000[m[2m | [m[2mBftProcessorExecutor-QBFT-0[m[2m | [m[32mINFO [m[2m | [m[2mQbftBesuControllerBuilder[m[2m | [m[32mImported empty block #712 / 0 tx / 0 pending / 0 (0.0%) gas / (0x0eeccc41e89e2bcfc711b32cc6871f488c70a3d97947b46c0746a0482f5c640c)
[m[2m2026-10-01 05:31:05.051+0000[m[2m | [m[2mEthScheduler-Workers-10[m[2m | [m[32mINFO [m[2m | [m[2mPersistBlockTask[m[2m | [m[32mBlock 713 (0x14957c8b7646fc8234a1282e459a01a0241b2e952fdac0d36cc0f983fafa9b3e) is already imported
[m[2m2026-10-01 05:31:05.051+0000[m[2m | [m[2mBftProcessorExecutor-QBFT-0[m[2m | [m[32mINFO [m[2m | [m[2mQbftBesuControllerBuilder[m[2m | [m[32mImported block       #713 / 1 tx / 0 pending / 187,200 (0.6%) gas / (0x14957c8b7646fc8234a1282e459a01a0241b2e952fdac0d36cc0f983fafa9b3e)
[m[2m2026-10-01 05:31:07.012+0000[m[2m | [m[2mBftProcessorExecutor-QBFT-0[m[2m | [m[32mINFO [m[2m | [m[2mQbftBesuControllerBuilder[m[2m | [m[32mImported empty block #714 / 0 tx / 0 pending / 0 (0.0%) gas / (0xcf8b3128a7298d5ca1ab1c1b775ac2f8a147a675c8f00bb27d022f9af80376f3)
[m[2m2026-10-01 05:31:07.012+0000[m[2m | [m[2mEthScheduler-Workers-12[m[2m | [m[32mINFO [m[2m | [m[2mPersistBlockTask[m[2m | [m[32mBlock 714 (0xcf8b3128a7298d5ca1ab1c1b775ac2f8a147a675c8f00bb27d022f9af80376f3) is already imported
[m[2m2026-10-01 05:31:09.011+0000[m[2m | [m[2mBftProcessorExecutor-QBFT-0[m[2m | [m[32mINFO [m[2m | [m[2mQbftBesuControllerBuilder[m[2m | [m[32mImported empty block #715 / 0 tx / 0 pending / 0 (0.0%) gas / (0x526b5fd0e72eef78de9d7c500dc080bfcad5227576ba53238fcae8df9a8095c9)
[m[2m2026-10-01 05:31:11.008+0000[m[2m | [m[2mBftProcessorExecutor-QBFT-0[m[2m | [m[32mINFO [m[2m | [m[2mQbftBesuControllerBuilder[m[2m | [m[32mImported empty block #716 / 0 tx / 0 pending / 0 (0.0%) gas / (0x2e39db42390825360e498eabc18af7f9ae039d9e00feabf5fd23c9b220968297)
[m[2m2026-10-01 05:31:13.501+0000[m[2m | [m[2mBftProcessorExecutor-QBFT-0[m[2m | [m[32mINFO [m[2m | [m[2mQbftBesuControllerBuilder[m[2m | [m[32mProduced empty block #717 / 0 tx / 0 pending / 0 (0.0%) gas / (0x0b79611864b0a905fe3d94256a500959f85c2ea91a2af939cd488483e2178fa8)
[m[2m2026-10-01 05:31:15.629+0000[m[2m | [m[2mBftProcessorExecutor-QBFT-0[m[2m | [m[32mINFO [m[2m | [m[2mQbftBesuControllerBuilder[m[2m | [m[32mImported empty block #718 / 0 tx / 0 pending / 0 (0.0%) gas / (0x8590fd9d03aa420153c7ca71d75c430255556c2e49a4822b1b62b06693b3065d)
[m[2m2026-10-01 05:31:18.013+0000[m[2m | [m[2mEthScheduler-Workers-14[m[2m | [m[32mINFO [m[2m | [m[2mPersistBlockTask[m[2m | [m[32mImported empty block #719 / 0 tx / 0 om / 0 (0.0%) gas / (0x87e9521ff2e756a1f677e6215c6d54257466b8a4f70fb2a7589b612bc5978aa6) in 0.000s. Peers: 5
[m[2m2026-10-01 05:31:18.013+0000[m[2m | [m[2mBftProcessorExecutor-QBFT-0[m[2m | [m[32mINFO [m[2m | [m[2mQbftBesuControllerBuilder[m[2m | [m[32mImported empty block #719 / 0 tx / 0 pending / 0 (0.0%) gas / (0x87e9521ff2e756a1f677e6215c6d54257466b8a4f70fb2a7589b612bc5978aa6)
[m[2m2026-10-01 05:31:20.012+0000[m[2m | [m[2mBftProcessorExecutor-QBFT-0[m[2m | [m[32mINFO [m[2m | [m[2mQbftBesuControllerBuilder[m[2m | [m[32mImported empty block #720 / 0 tx / 0 pending / 0 (0.0%) gas / (0x3cfd1619d3b85ac7022c508d1c05abd3bffdc28021820522c994295e062ff891)
[m[2m2026-10-01 05:31:20.012+0000[m[2m | [m[2mEthScheduler-Workers-18[m[2m | [m[32mINFO [m[2m | [m[2mPersistBlockTask[m[2m | [m[32mBlock 720 (0x3cfd1619d3b85ac7022c508d1c05abd3bffdc28021820522c994295e062ff891) is already imported
